time,St1,St2,St3,St4,St5,St6
1/1/2004,0.10695,0.4743,0.10695,0.4743,0.10695,0.4743
1/2/2004,0.11718,0.4743,0.11718,0.4743,0.11718,0.4743
1/3/2004,0.19251,0.4743,0.19251,0.4743,0.19251,0.4743
1/4/2004,0.09951,0.4743,0.09951,0.4743,0.09951,0.4743
1/5/2004,0.13578,0.4743,0.13578,0.4743,0.13578,0.4743
1/6/2004,0.11904,0.44733,0.11904,0.44733,0.11904,0.44733
1/7/2004,0.0651,0.44733,0.0651,0.44733,0.0651,0.44733
1/8/2004,0.12648,0.44733,0.12648,0.44733,0.12648,0.44733
1/9/2004,0.36549,0.44733,0.36549,0.44733,0.36549,0.44733
1/10/2004,0.27156,0.44733,0.27156,0.44733,0.27156,0.44733
1/11/2004,14.01231,0.42129,14.01231,0.42129,14.01231,0.42129
1/12/2004,2.14179,0.44733,2.14179,0.44733,2.14179,0.44733
1/13/2004,0.75144,0.42129,0.75144,0.42129,0.75144,0.42129
1/14/2004,0.46128,0.44733,0.46128,0.44733,0.46128,0.44733
1/15/2004,0.3069,0.50034,0.3069,0.50034,0.3069,0.50034
1/16/2004,0.21018,0.50034,0.21018,0.50034,0.21018,0.50034
1/17/2004,0.1674,0.4743,0.1674,0.4743,0.1674,0.4743
1/18/2004,0.1209,0.44733,0.1209,0.44733,0.1209,0.44733
1/19/2004,0.09579,0.44733,0.09579,0.44733,0.09579,0.44733
1/20/2004,0.14415,0.42129,0.14415,0.42129,0.14415,0.42129
1/21/2004,0.27156,0.42129,0.27156,0.42129,0.27156,0.42129
1/22/2004,0.82677,0.42129,0.82677,0.42129,0.82677,0.42129
1/23/2004,0.63333,0.42129,0.63333,0.42129,0.63333,0.42129
1/24/2004,0.64356,0.42129,0.64356,0.42129,0.64356,0.42129
1/25/2004,0.85839,0.44733,0.85839,0.44733,0.85839,0.44733
1/26/2004,0.44733,0.4743,0.44733,0.4743,0.44733,0.4743
1/27/2004,0.51987,0.4743,0.51987,0.4743,0.51987,0.4743
1/28/2004,0.47802,0.44733,0.47802,0.44733,0.47802,0.44733
1/29/2004,0.22134,0.42129,0.22134,0.42129,0.22134,0.42129
1/30/2004,0.1767,0.39525,0.1767,0.39525,0.1767,0.39525
1/31/2004,0.1302,0.39525,0.1302,0.39525,0.1302,0.39525
2/1/2004,0.09579,0.39525,0.09579,0.39525,0.09579,0.39525
2/2/2004,0.08091,0.36828,0.08091,0.36828,0.08091,0.36828
2/3/2004,0.08091,0.36828,0.08091,0.36828,0.08091,0.36828
2/4/2004,0.04743,0.39525,0.04743,0.39525,0.04743,0.39525
2/5/2004,0.03627,0.42129,0.03627,0.42129,0.03627,0.42129
2/6/2004,0.02046,0.39525,0.02046,0.39525,0.02046,0.39525
2/7/2004,0.02511,0.39525,0.02511,0.39525,0.02511,0.39525
2/8/2004,0.07626,0.36828,0.07626,0.36828,0.07626,0.36828
2/9/2004,0.11718,0.36828,0.11718,0.36828,0.11718,0.36828
2/10/2004,0.11067,0.36828,0.11067,0.36828,0.11067,0.36828
2/11/2004,0.07347,0.36828,0.07347,0.36828,0.07347,0.36828
2/12/2004,1.02393,0.36828,1.02393,0.36828,1.02393,0.36828
2/13/2004,1.14483,0.36828,1.14483,0.36828,1.14483,0.36828
2/14/2004,1.06392,0.36828,1.06392,0.36828,1.06392,0.36828
2/15/2004,0.51243,0.34224,0.51243,0.34224,0.51243,0.34224
2/16/2004,0.2604,0.34224,0.2604,0.34224,0.2604,0.34224
2/17/2004,0.26691,0.34224,0.26691,0.34224,0.26691,0.34224
2/18/2004,0.23901,0.34224,0.23901,0.34224,0.23901,0.34224
2/19/2004,0.14601,0.36828,0.14601,0.36828,0.14601,0.36828
2/20/2004,0.2232,0.36828,0.2232,0.36828,0.2232,0.36828
2/21/2004,0.17298,0.36828,0.17298,0.36828,0.17298,0.36828
2/22/2004,0.3255,0.36828,0.3255,0.36828,0.3255,0.36828
2/23/2004,3.16851,0.39525,3.16851,0.39525,3.16851,0.39525
2/24/2004,0.46593,0.42129,0.46593,0.42129,0.46593,0.42129
2/25/2004,0.37944,0.42129,0.37944,0.42129,0.37944,0.42129
2/26/2004,0.32085,0.39525,0.32085,0.39525,0.32085,0.39525
2/27/2004,1.74747,0.39525,1.74747,0.39525,1.74747,0.39525
2/28/2004,0.83142,0.44733,0.83142,0.44733,0.83142,0.44733
2/29/2004,0.88071,0.44733,0.88071,0.44733,0.88071,0.44733
3/1/2004,2.34453,0.44733,2.34453,0.44733,2.34453,0.44733
3/2/2004,0.89466,0.44733,0.89466,0.44733,0.89466,0.44733
3/3/2004,0.70773,0.42129,0.70773,0.42129,0.70773,0.42129
3/4/2004,1.2648,0.55335,1.2648,0.55335,1.2648,0.55335
3/5/2004,0.8649,0.92163,0.8649,0.92163,0.8649,0.92163
3/6/2004,3.63816,1.42197,3.63816,1.42197,3.63816,1.42197
3/7/2004,3.22152,1.65912,3.22152,1.65912,3.22152,1.65912
3/8/2004,2.03484,1.68516,2.03484,1.68516,2.03484,1.68516
3/9/2004,1.39779,1.47498,1.39779,1.47498,1.39779,1.47498
3/10/2004,0.88815,1.23783,0.88815,1.23783,0.88815,1.23783
3/11/2004,0.62031,1.13274,0.62031,1.13274,0.62031,1.13274
3/12/2004,0.81282,1.10577,0.81282,1.10577,0.81282,1.10577
3/13/2004,2.46822,1.13274,2.46822,1.13274,2.46822,1.13274
3/14/2004,2.30733,1.10577,2.30733,1.10577,2.30733,1.10577
3/15/2004,1.97997,1.10577,1.97997,1.10577,1.97997,1.10577
3/16/2004,1.47033,1.07973,1.47033,1.07973,1.47033,1.07973
3/17/2004,1.06671,1.05369,1.06671,1.05369,1.06671,1.05369
3/18/2004,0.75795,1.00068,0.75795,1.00068,0.75795,1.00068
3/19/2004,0.59613,0.94767,0.59613,0.94767,0.59613,0.94767
3/20/2004,0.52545,0.92163,0.52545,0.92163,0.52545,0.92163
3/21/2004,0.47058,0.86862,0.47058,0.86862,0.47058,0.86862
3/22/2004,0.42408,0.84258,0.42408,0.84258,0.42408,0.84258
3/23/2004,0.37665,0.81654,0.37665,0.81654,0.37665,0.81654
3/24/2004,0.83142,0.7905,0.83142,0.7905,0.83142,0.7905
3/25/2004,0.63147,0.73749,0.63147,0.73749,0.63147,0.73749
3/26/2004,0.38223,0.68448,0.38223,0.68448,0.38223,0.68448
3/27/2004,0.34875,0.65844,0.34875,0.65844,0.34875,0.65844
3/28/2004,0.34503,0.6324,0.34503,0.6324,0.34503,0.6324
3/29/2004,0.28644,0.57939,0.28644,0.57939,0.28644,0.57939
3/30/2004,0.22878,0.55335,0.22878,0.55335,0.22878,0.55335
3/31/2004,0.39804,0.55335,0.39804,0.55335,0.39804,0.55335
4/1/2004,2.23851,0.57939,2.23851,0.57939,2.23851,0.57939
4/2/2004,0.73284,0.89559,0.73284,0.89559,0.73284,0.89559
4/3/2004,0.3906,1.23783,0.3906,1.23783,0.3906,1.23783
4/4/2004,0.30504,1.42197,0.30504,1.42197,0.30504,1.42197
4/5/2004,0.23343,1.31688,0.23343,1.31688,0.23343,1.31688
4/6/2004,0.21018,1.21179,0.21018,1.21179,0.21018,1.21179
4/7/2004,0.186,1.10577,0.186,1.10577,0.186,1.10577
4/8/2004,0.22599,1.07973,0.22599,1.07973,0.22599,1.07973
4/9/2004,0.25017,1.07973,0.25017,1.07973,0.25017,1.07973
4/10/2004,0.1767,1.07973,0.1767,1.07973,0.1767,1.07973
4/11/2004,0.13299,1.10577,0.13299,1.10577,0.13299,1.10577
4/12/2004,0.09858,1.26387,0.09858,1.26387,0.09858,1.26387
4/13/2004,0.08928,1.21179,0.08928,1.21179,0.08928,1.21179
4/14/2004,0.10695,1.15878,0.10695,1.15878,0.10695,1.15878
4/15/2004,0.06231,1.10577,0.06231,1.10577,0.06231,1.10577
4/16/2004,0.05487,1.07973,0.05487,1.07973,0.05487,1.07973
4/17/2004,0.02139,1.05369,0.02139,1.05369,0.02139,1.05369
4/18/2004,0.03627,1.02672,0.03627,1.02672,0.03627,1.02672
4/19/2004,0.04464,0.94767,0.04464,0.94767,0.04464,0.94767
4/20/2004,0.04092,0.92163,0.04092,0.92163,0.04092,0.92163
4/21/2004,0.12927,0.89559,0.12927,0.89559,0.12927,0.89559
4/22/2004,0.14787,0.86862,0.14787,0.86862,0.14787,0.86862
4/23/2004,0.13485,0.84258,0.13485,0.84258,0.13485,0.84258
4/24/2004,0.15438,0.7905,0.15438,0.7905,0.15438,0.7905
4/25/2004,0.14508,0.76353,0.14508,0.76353,0.14508,0.76353
4/26/2004,0.14973,0.68448,0.14973,0.68448,0.14973,0.68448
4/27/2004,0.12741,0.6324,0.12741,0.6324,0.12741,0.6324
4/28/2004,0.12555,0.60543,0.12555,0.60543,0.12555,0.60543
4/29/2004,0.13206,0.60543,0.13206,0.60543,0.13206,0.60543
4/30/2004,0.09765,0.6324,0.09765,0.6324,0.09765,0.6324
5/1/2004,0.07533,0.73749,0.07533,0.73749,0.07533,0.73749
5/2/2004,0.07719,0.81654,0.07719,0.81654,0.07719,0.81654
5/3/2004,0.10881,0.81654,0.10881,0.81654,0.10881,0.81654
5/4/2004,0.10602,0.81654,0.10602,0.81654,0.10602,0.81654
5/5/2004,0.08556,0.76353,0.08556,0.76353,0.08556,0.76353
5/6/2004,0.07068,0.68448,0.07068,0.68448,0.07068,0.68448
5/7/2004,0.06789,0.65844,0.06789,0.65844,0.06789,0.65844
5/8/2004,0.04185,0.65844,0.04185,0.65844,0.04185,0.65844
5/9/2004,0.04836,0.65844,0.04836,0.65844,0.04836,0.65844
5/10/2004,0.04743,0.65844,0.04743,0.65844,0.04743,0.65844
5/11/2004,0.02604,0.6324,0.02604,0.6324,0.02604,0.6324
5/12/2004,0.04464,0.60543,0.04464,0.60543,0.04464,0.60543
5/13/2004,0.03534,0.60543,0.03534,0.60543,0.03534,0.60543
5/14/2004,0.0558,0.60543,0.0558,0.60543,0.0558,0.60543
5/15/2004,0.03999,0.55335,0.03999,0.55335,0.03999,0.55335
5/16/2004,0.02232,0.55335,0.02232,0.55335,0.02232,0.55335
5/17/2004,0.05115,0.52638,0.05115,0.52638,0.05115,0.52638
5/18/2004,0.05859,0.52638,0.05859,0.52638,0.05859,0.52638
5/19/2004,0.05952,0.50034,0.05952,0.50034,0.05952,0.50034
5/20/2004,0.07533,0.50034,0.07533,0.50034,0.07533,0.50034
5/21/2004,0.06231,0.50034,0.06231,0.50034,0.06231,0.50034
5/22/2004,0.08556,0.50034,0.08556,0.50034,0.08556,0.50034
5/23/2004,0.07626,0.50034,0.07626,0.50034,0.07626,0.50034
5/24/2004,0.0837,0.50034,0.0837,0.50034,0.0837,0.50034
5/25/2004,0.07998,0.50034,0.07998,0.50034,0.07998,0.50034
5/26/2004,0.10509,0.52638,0.10509,0.52638,0.10509,0.52638
5/27/2004,0.05952,0.52638,0.05952,0.52638,0.05952,0.52638
5/28/2004,0.02511,0.50034,0.02511,0.50034,0.02511,0.50034
5/29/2004,0.02976,0.50034,0.02976,0.50034,0.02976,0.50034
5/30/2004,0.03627,0.50034,0.03627,0.50034,0.03627,0.50034
5/31/2004,0.03627,0.4743,0.03627,0.4743,0.03627,0.4743
6/1/2004,0.02976,0.4743,0.02976,0.4743,0.02976,0.4743
6/2/2004,0.0465,0.4743,0.0465,0.4743,0.0465,0.4743
6/3/2004,0.0279,0.4743,0.0279,0.4743,0.0279,0.4743
6/4/2004,0.03534,0.50034,0.03534,0.50034,0.03534,0.50034
6/5/2004,0.03255,0.57939,0.03255,0.57939,0.03255,0.57939
6/6/2004,0.05673,0.52638,0.05673,0.52638,0.05673,0.52638
6/7/2004,0.06603,0.55335,0.06603,0.55335,0.06603,0.55335
6/8/2004,0.05859,0.55335,0.05859,0.55335,0.05859,0.55335
6/9/2004,0.06231,0.65844,0.06231,0.65844,0.06231,0.65844
6/10/2004,0.05766,0.71145,0.05766,0.71145,0.05766,0.71145
6/11/2004,0.0372,0.71145,0.0372,0.71145,0.0372,0.71145
6/12/2004,0.04929,0.71145,0.04929,0.71145,0.04929,0.71145
6/13/2004,0.05673,0.71145,0.05673,0.71145,0.05673,0.71145
6/14/2004,0.0651,0.57939,0.0651,0.57939,0.0651,0.57939
6/15/2004,0.07719,0.60543,0.07719,0.60543,0.07719,0.60543
6/16/2004,0.06324,0.57939,0.06324,0.57939,0.06324,0.57939
6/17/2004,0.06882,0.52638,0.06882,0.52638,0.06882,0.52638
6/18/2004,0.05673,0.44733,0.05673,0.44733,0.05673,0.44733
6/19/2004,0.05766,0.44733,0.05766,0.44733,0.05766,0.44733
6/20/2004,0.06324,0.4743,0.06324,0.4743,0.06324,0.4743
6/21/2004,0.09579,0.4743,0.09579,0.4743,0.09579,0.4743
6/22/2004,0.07905,0.50034,0.07905,0.50034,0.07905,0.50034
6/23/2004,0.0837,0.55335,0.0837,0.55335,0.0837,0.55335
6/24/2004,0.07812,0.57939,0.07812,0.57939,0.07812,0.57939
6/25/2004,0.06324,0.6324,0.06324,0.6324,0.06324,0.6324
6/26/2004,0.06045,0.60543,0.06045,0.60543,0.06045,0.60543
6/27/2004,0.06231,0.60543,0.06231,0.60543,0.06231,0.60543
6/28/2004,0.07347,0.71145,0.07347,0.71145,0.07347,0.71145
6/29/2004,0.07812,0.7905,0.07812,0.7905,0.07812,0.7905
6/30/2004,0.07347,0.65844,0.07347,0.65844,0.07347,0.65844
7/1/2004,0.0651,0.50034,0.0651,0.50034,0.0651,0.50034
7/2/2004,0.06789,0.44733,0.06789,0.44733,0.06789,0.44733
7/3/2004,0.07068,0.44733,0.07068,0.44733,0.07068,0.44733
7/4/2004,0.0837,0.42129,0.0837,0.42129,0.0837,0.42129
7/5/2004,0.07254,0.42129,0.07254,0.42129,0.07254,0.42129
7/6/2004,0.05487,0.42129,0.05487,0.42129,0.05487,0.42129
7/7/2004,0.04464,0.39525,0.04464,0.39525,0.04464,0.39525
7/8/2004,0.04836,0.44733,0.04836,0.44733,0.04836,0.44733
7/9/2004,0.03627,0.52638,0.03627,0.52638,0.03627,0.52638
7/10/2004,0.03069,0.60543,0.03069,0.60543,0.03069,0.60543
7/11/2004,0.0279,0.55335,0.0279,0.55335,0.0279,0.55335
7/12/2004,0.03069,0.60543,0.03069,0.60543,0.03069,0.60543
7/13/2004,0.01395,0.73749,0.01395,0.73749,0.01395,0.73749
7/14/2004,0.01023,0.71145,0.01023,0.71145,0.01023,0.71145
7/15/2004,0.0093,0.57939,0.0093,0.57939,0.0093,0.57939
7/16/2004,0.00465,0.57939,0.00465,0.57939,0.00465,0.57939
7/17/2004,0.00279,0.50034,0.00279,0.50034,0.00279,0.50034
7/18/2004,0.00465,0.4743,0.00465,0.4743,0.00465,0.4743
7/19/2004,0.01488,0.44733,0.01488,0.44733,0.01488,0.44733
7/20/2004,0.00744,0.44733,0.00744,0.44733,0.00744,0.44733
7/21/2004,0.01023,0.44733,0.01023,0.44733,0.01023,0.44733
7/22/2004,0.00651,0.57939,0.00651,0.57939,0.00651,0.57939
7/23/2004,0.01023,0.84258,0.01023,0.84258,0.01023,0.84258
7/24/2004,0.00744,0.94767,0.00744,0.94767,0.00744,0.94767
7/25/2004,0.0186,0.7905,0.0186,0.7905,0.0186,0.7905
7/26/2004,0.01209,0.73749,0.01209,0.73749,0.01209,0.73749
7/27/2004,0.01302,0.71145,0.01302,0.71145,0.01302,0.71145
7/28/2004,0.05673,0.6324,0.05673,0.6324,0.05673,0.6324
7/29/2004,0.09021,0.60543,0.09021,0.60543,0.09021,0.60543
7/30/2004,0.08835,0.52638,0.08835,0.52638,0.08835,0.52638
7/31/2004,0.06138,0.44733,0.06138,0.44733,0.06138,0.44733
8/1/2004,0.04743,0.42129,0.04743,0.42129,0.04743,0.42129
8/2/2004,0.04557,0.28923,0.04557,0.28923,0.04557,0.28923
8/3/2004,0.05022,0.23157,0.05022,0.23157,0.05022,0.23157
8/4/2004,0.05022,0.28923,0.05022,0.28923,0.05022,0.28923
8/5/2004,0.05115,0.42129,0.05115,0.42129,0.05115,0.42129
8/6/2004,0.05301,0.44733,0.05301,0.44733,0.05301,0.44733
8/7/2004,0.04278,0.44733,0.04278,0.44733,0.04278,0.44733
8/8/2004,0.02976,0.50034,0.02976,0.50034,0.02976,0.50034
8/9/2004,0.02604,0.4743,0.02604,0.4743,0.02604,0.4743
8/10/2004,0.02046,0.50034,0.02046,0.50034,0.02046,0.50034
8/11/2004,0.03813,0.50034,0.03813,0.50034,0.03813,0.50034
8/12/2004,0.04092,0.4743,0.04092,0.4743,0.04092,0.4743
8/13/2004,0.05115,0.84258,0.05115,0.84258,0.05115,0.84258
8/14/2004,0.04464,1.05369,0.04464,1.05369,0.04464,1.05369
8/15/2004,0.04185,1.07973,0.04185,1.07973,0.04185,1.07973
8/16/2004,0.06138,1.29549,0.06138,1.29549,0.06138,1.29549
8/17/2004,0.06789,1.95393,0.06789,1.95393,0.06789,1.95393
8/18/2004,0.06975,1.86186,0.06975,1.86186,0.06975,1.86186
8/19/2004,0.07998,1.89069,0.07998,1.89069,0.07998,1.89069
8/20/2004,0.08463,1.31967,0.08463,1.31967,0.08463,1.31967
8/21/2004,0.06789,1.00905,0.06789,1.00905,0.06789,1.00905
8/22/2004,0.07626,0.81654,0.07626,0.81654,0.07626,0.81654
8/23/2004,0.07998,0.63705,0.07998,0.63705,0.07998,0.63705
8/24/2004,0.07533,0.55335,0.07533,0.55335,0.07533,0.55335
8/25/2004,0.0744,0.53754,0.0744,0.53754,0.0744,0.53754
8/26/2004,0.07533,0.50313,0.07533,0.50313,0.07533,0.50313
8/27/2004,0.07347,0.45291,0.07347,0.45291,0.07347,0.45291
8/28/2004,0.08277,0.48732,0.08277,0.48732,0.08277,0.48732
8/29/2004,0.0837,0.48174,0.0837,0.48174,0.0837,0.48174
8/30/2004,0.12927,0.47151,0.12927,0.47151,0.12927,0.47151
8/31/2004,0.12648,0.46872,0.12648,0.46872,0.12648,0.46872
9/1/2004,0.11811,0.51057,0.11811,0.51057,0.11811,0.51057
9/2/2004,0.11811,0.56079,0.11811,0.56079,0.11811,0.56079
9/3/2004,0.10509,0.49011,0.10509,0.49011,0.10509,0.49011
9/4/2004,0.10881,0.52638,0.10881,0.52638,0.10881,0.52638
9/5/2004,0.11811,0.60264,0.11811,0.60264,0.11811,0.60264
9/6/2004,0.12741,0.55521,0.12741,0.55521,0.12741,0.55521
9/7/2004,0.23157,0.50313,0.23157,0.50313,0.23157,0.50313
9/8/2004,0.32922,0.48453,0.32922,0.48453,0.32922,0.48453
9/9/2004,0.22413,0.47709,0.22413,0.47709,0.22413,0.47709
9/10/2004,0.1488,0.49476,0.1488,0.49476,0.1488,0.49476
9/11/2004,0.11253,0.52917,0.11253,0.52917,0.11253,0.52917
9/12/2004,0.07812,0.4743,0.07812,0.4743,0.07812,0.4743
9/13/2004,0.08184,0.47151,0.08184,0.47151,0.08184,0.47151
9/14/2004,0.06789,0.47709,0.06789,0.47709,0.06789,0.47709
9/15/2004,0.04557,0.47151,0.04557,0.47151,0.04557,0.47151
9/16/2004,0.02604,0.47151,0.02604,0.47151,0.02604,0.47151
9/17/2004,0.02883,0.46314,0.02883,0.46314,0.02883,0.46314
9/18/2004,0.01209,0.52638,0.01209,0.52638,0.01209,0.52638
9/19/2004,0.00186,0.73749,0.00186,0.73749,0.00186,0.73749
9/20/2004,0.00279,0.74772,0.00279,0.74772,0.00279,0.74772
9/21/2004,0.00744,0.63426,0.00744,0.63426,0.00744,0.63426
9/22/2004,0.00558,0.44268,0.00558,0.44268,0.00558,0.44268
9/23/2004,0.00372,0.39246,0.00372,0.39246,0.00372,0.39246
9/24/2004,0.00279,0.49011,0.00279,0.49011,0.00279,0.49011
9/25/2004,0.00651,0.70866,0.00651,0.70866,0.00651,0.70866
9/26/2004,0.00186,0.93465,0.00186,0.93465,0.00186,0.93465
9/27/2004,0.00093,0.81654,0.00093,0.81654,0.00093,0.81654
9/28/2004,0.00093,0.71145,0.00093,0.71145,0.00093,0.71145
9/29/2004,0.05022,0.55521,0.05022,0.55521,0.05022,0.55521
9/30/2004,0.08835,0.50592,0.08835,0.50592,0.08835,0.50592
10/1/2004,0.08277,0.48732,0.08277,0.48732,0.08277,0.48732
10/2/2004,0.09207,0.46872,0.09207,0.46872,0.09207,0.46872
10/3/2004,0.10044,0.46314,0.10044,0.46314,0.10044,0.46314
10/4/2004,0.10509,0.44733,0.10509,0.44733,0.10509,0.44733
10/5/2004,0.10416,0.43989,0.10416,0.43989,0.10416,0.43989
10/6/2004,0.09021,0.43989,0.09021,0.43989,0.09021,0.43989
10/7/2004,0.06696,0.43989,0.06696,0.43989,0.06696,0.43989
10/8/2004,0.05487,0.43431,0.05487,0.43431,0.05487,0.43431
10/9/2004,0.06696,0.42966,0.06696,0.42966,0.06696,0.42966
10/10/2004,0.06882,0.43431,0.06882,0.43431,0.06882,0.43431
10/11/2004,0.05115,0.46593,0.05115,0.46593,0.05115,0.46593
10/12/2004,0.03906,0.4743,0.03906,0.4743,0.03906,0.4743
10/13/2004,0.02511,0.46593,0.02511,0.46593,0.02511,0.46593
10/14/2004,0.02697,0.45849,0.02697,0.45849,0.02697,0.45849
10/15/2004,0.03441,0.46314,0.03441,0.46314,0.03441,0.46314
10/16/2004,0.03441,0.45849,0.03441,0.45849,0.03441,0.45849
10/17/2004,0.03069,0.45849,0.03069,0.45849,0.03069,0.45849
10/18/2004,0.03069,0.46593,0.03069,0.46593,0.03069,0.46593
10/19/2004,0.02976,0.47151,0.02976,0.47151,0.02976,0.47151
10/20/2004,0.03441,0.46872,0.03441,0.46872,0.03441,0.46872
10/21/2004,0.04185,0.47895,0.04185,0.47895,0.04185,0.47895
10/22/2004,0.21111,0.52638,0.21111,0.52638,0.21111,0.52638
10/23/2004,0.10881,0.52638,0.10881,0.52638,0.10881,0.52638
10/24/2004,0.06882,0.51615,0.06882,0.51615,0.06882,0.51615
10/25/2004,0.05859,0.51336,0.05859,0.51336,0.05859,0.51336
10/26/2004,0.02697,0.54777,0.02697,0.54777,0.02697,0.54777
10/27/2004,0.03069,0.62403,0.03069,0.62403,0.03069,0.62403
10/28/2004,0.04464,0.55056,0.04464,0.55056,0.04464,0.55056
10/29/2004,0.03441,0.51615,0.03441,0.51615,0.03441,0.51615
10/30/2004,0.0186,0.50592,0.0186,0.50592,0.0186,0.50592
10/31/2004,0.03999,0.50592,0.03999,0.50592,0.03999,0.50592
11/1/2004,0.04557,0.50592,0.04557,0.50592,0.04557,0.50592
11/2/2004,0.0372,0.51057,0.0372,0.51057,0.0372,0.51057
11/3/2004,0.02604,0.51057,0.02604,0.51057,0.02604,0.51057
11/4/2004,0.02325,0.50592,0.02325,0.50592,0.02325,0.50592
11/5/2004,0.01767,0.50592,0.01767,0.50592,0.01767,0.50592
11/6/2004,0.02418,0.50592,0.02418,0.50592,0.02418,0.50592
11/7/2004,0.01767,0.53196,0.01767,0.53196,0.01767,0.53196
11/8/2004,0.05301,0.64542,0.05301,0.64542,0.05301,0.64542
11/9/2004,0.12369,0.61101,0.12369,0.61101,0.12369,0.61101
11/10/2004,0.10974,0.54777,0.10974,0.54777,0.10974,0.54777
11/11/2004,0.0651,0.48174,0.0651,0.48174,0.0651,0.48174
11/12/2004,0.04743,0.44733,0.04743,0.44733,0.04743,0.44733
11/13/2004,0.03906,0.4557,0.03906,0.4557,0.03906,0.4557
11/14/2004,0.03069,0.4371,0.03069,0.4371,0.03069,0.4371
11/15/2004,2.18364,0.42408,2.18364,0.42408,2.18364,0.42408
11/16/2004,0.53475,0.4557,0.53475,0.4557,0.53475,0.4557
11/17/2004,0.26877,0.45849,0.26877,0.45849,0.26877,0.45849
11/18/2004,0.15903,0.44268,0.15903,0.44268,0.15903,0.44268
11/19/2004,0.10044,0.42129,0.10044,0.42129,0.10044,0.42129
11/20/2004,0.68262,0.41385,0.68262,0.41385,0.68262,0.41385
11/21/2004,6.31563,0.4185,6.31563,0.4185,6.31563,0.4185
11/22/2004,1.40895,0.58683,1.40895,0.58683,1.40895,0.58683
11/23/2004,2.66724,0.88443,2.66724,0.88443,2.66724,0.88443
11/24/2004,4.37379,0.82677,4.37379,0.82677,4.37379,0.82677
11/25/2004,2.08692,0.74028,2.08692,0.74028,2.08692,0.74028
11/26/2004,0.70866,0.62403,0.70866,0.62403,0.70866,0.62403
11/27/2004,0.68913,0.55335,0.68913,0.55335,0.68913,0.55335
11/28/2004,0.50499,0.52638,0.50499,0.52638,0.50499,0.52638
11/29/2004,0.38037,0.51057,0.38037,0.51057,0.38037,0.51057
11/30/2004,0.37386,0.50313,0.37386,0.50313,0.37386,0.50313
12/1/2004,2.87835,0.48732,2.87835,0.48732,2.87835,0.48732
12/2/2004,1.70655,0.46872,1.70655,0.46872,1.70655,0.46872
12/3/2004,0.65472,0.45849,0.65472,0.45849,0.65472,0.45849
12/4/2004,0.51243,0.47151,0.51243,0.47151,0.51243,0.47151
12/5/2004,0.34968,0.558,0.34968,0.558,0.34968,0.558
12/6/2004,1.767,0.70029,1.767,0.70029,1.767,0.70029
12/7/2004,0.744,0.76074,0.744,0.76074,0.744,0.76074
12/8/2004,0.3906,0.66867,0.3906,0.66867,0.3906,0.66867
12/9/2004,0.32085,0.59799,0.32085,0.59799,0.32085,0.59799
12/10/2004,0.26226,0.56358,0.26226,0.56358,0.26226,0.56358
12/11/2004,0.18042,0.52917,0.18042,0.52917,0.18042,0.52917
12/12/2004,0.15717,0.52638,0.15717,0.52638,0.15717,0.52638
12/13/2004,0.12834,0.50871,0.12834,0.50871,0.12834,0.50871
12/14/2004,0.09486,0.50592,0.09486,0.50592,0.09486,0.50592
12/15/2004,1.90464,0.50592,1.90464,0.50592,1.90464,0.50592
12/16/2004,0.87978,0.49476,0.87978,0.49476,0.87978,0.49476
12/17/2004,0.49569,0.48453,0.49569,0.48453,0.49569,0.48453
12/18/2004,7.48185,0.48732,7.48185,0.48732,7.48185,0.48732
12/19/2004,18.85668,0.48732,18.85668,0.48732,18.85668,0.48732
12/20/2004,3.37125,0.4929,3.37125,0.4929,3.37125,0.4929
12/21/2004,1.60518,0.49755,1.60518,0.49755,1.60518,0.49755
12/22/2004,0.98673,0.49755,0.98673,0.49755,0.98673,0.49755
12/23/2004,8.43696,0.49755,8.43696,0.49755,8.43696,0.49755
12/24/2004,47.96475,0.49011,47.96475,0.49011,47.96475,0.49011
12/25/2004,28.29804,0.46593,28.29804,0.46593,28.29804,0.46593
12/26/2004,8.02311,0.45012,8.02311,0.45012,8.02311,0.45012
12/27/2004,3.99993,0.45012,3.99993,0.45012,3.99993,0.45012
12/28/2004,5.44329,0.46593,5.44329,0.46593,5.44329,0.46593
12/29/2004,12.3876,0.49755,12.3876,0.49755,12.3876,0.49755
12/30/2004,3.49494,0.6324,3.49494,0.6324,3.49494,0.6324
12/31/2004,2.15202,1.33548,2.15202,1.33548,2.15202,1.33548
1/1/2005,7.99614,1.17459,7.99614,1.17459,7.99614,1.17459
1/2/2005,5.24706,0.96906,5.24706,0.96906,5.24706,0.96906
1/3/2005,13.06836,1.07136,13.06836,1.07136,13.06836,1.07136
1/4/2005,5.83761,15.35337,5.83761,15.35337,5.83761,15.35337
1/5/2005,2.71653,8.08449,2.71653,8.08449,2.71653,8.08449
1/6/2005,8.32071,4.26591,8.32071,4.26591,8.32071,4.26591
1/7/2005,3.85671,3.00204,3.85671,3.00204,3.85671,3.00204
1/8/2005,4.5384,2.48031,4.5384,2.48031,4.5384,2.48031
1/9/2005,13.80771,2.22828,13.80771,2.22828,13.80771,2.22828
1/10/2005,8.21841,2.03577,8.21841,2.03577,8.21841,2.03577
1/11/2005,4.76253,1.87488,4.76253,1.87488,4.76253,1.87488
1/12/2005,3.04854,1.8693,3.04854,1.8693,3.04854,1.8693
1/13/2005,5.31309,1.88511,5.31309,1.88511,5.31309,1.88511
1/14/2005,10.13514,1.71957,10.13514,1.71957,10.13514,1.71957
1/15/2005,6.13149,1.54566,6.13149,1.54566,6.13149,1.54566
1/16/2005,8.59785,1.25643,8.59785,1.25643,8.59785,1.25643
1/17/2005,7.8027,1.10856,7.8027,1.10856,7.8027,1.10856
1/18/2005,11.07723,1.08531,11.07723,1.08531,11.07723,1.08531
1/19/2005,11.88447,1.02486,11.88447,1.02486,11.88447,1.02486
1/20/2005,12.33087,0.93,12.33087,0.93,12.33087,0.93
1/21/2005,13.73517,0.88443,13.73517,0.88443,13.73517,0.88443
1/22/2005,18.93945,0.86397,18.93945,0.86397,18.93945,0.86397
1/23/2005,10.05981,0.82398,10.05981,0.82398,10.05981,0.82398
1/24/2005,16.97901,0.81096,16.97901,0.81096,16.97901,0.81096
1/25/2005,15.69654,0.80073,15.69654,0.80073,15.69654,0.80073
1/26/2005,9.98169,0.82398,9.98169,0.82398,9.98169,0.82398
1/27/2005,9.83568,0.91884,9.83568,0.91884,9.83568,0.91884
1/28/2005,10.33044,2.87091,10.33044,2.87091,10.33044,2.87091
1/29/2005,8.4072,2.6598,8.4072,2.6598,8.4072,2.6598
1/30/2005,14.96091,2.32035,14.96091,2.32035,14.96091,2.32035
1/31/2005,26.15811,2.10924,26.15811,2.10924,26.15811,2.10924
2/1/2005,18.2652,1.97253,18.2652,1.97253,18.2652,1.97253
2/2/2005,9.89985,1.82745,9.89985,1.82745,9.89985,1.82745
2/3/2005,6.87921,1.70097,6.87921,1.70097,6.87921,1.70097
2/4/2005,5.54373,1.60146,5.54373,1.60146,5.54373,1.60146
2/5/2005,4.68069,1.53822,4.68069,1.53822,4.68069,1.53822
2/6/2005,4.31148,1.4322,4.31148,1.4322,4.31148,1.4322
2/7/2005,3.89949,1.31409,3.89949,1.31409,3.89949,1.31409
2/8/2005,2.85789,1.27968,2.85789,1.27968,2.85789,1.27968
2/9/2005,26.32272,1.3299,26.32272,1.3299,26.32272,1.3299
2/10/2005,13.60776,1.30851,13.60776,1.30851,13.60776,1.30851
2/11/2005,10.96284,12.50943,10.96284,12.50943,10.96284,12.50943
2/12/2005,38.0184,182.76267,38.0184,182.76267,38.0184,182.76267
2/13/2005,12.78099,67.67982,12.78099,67.67982,12.78099,67.67982
2/14/2005,6.87456,14.35269,6.87456,14.35269,6.87456,14.35269
2/15/2005,15.79884,6.21519,15.79884,6.21519,15.79884,6.21519
2/16/2005,7.96266,4.58211,7.96266,4.58211,7.96266,4.58211
2/17/2005,4.8825,3.89763,4.8825,3.89763,4.8825,3.89763
2/18/2005,4.00737,3.71349,4.00737,3.71349,4.00737,3.71349
2/19/2005,4.96806,13.32504,4.96806,13.32504,4.96806,13.32504
2/20/2005,3.96831,42.66189,3.96831,42.66189,3.96831,42.66189
2/21/2005,20.77713,19.67229,20.77713,19.67229,20.77713,19.67229
2/22/2005,24.34368,7.32096,24.34368,7.32096,24.34368,7.32096
2/23/2005,9.30186,5.42469,9.30186,5.42469,9.30186,5.42469
2/24/2005,6.3426,4.58211,6.3426,4.58211,6.3426,4.58211
2/25/2005,5.37168,4.16082,5.37168,4.16082,5.37168,4.16082
2/26/2005,8.10495,4.26591,8.10495,4.26591,8.10495,4.26591
2/27/2005,68.05089,4.13478,68.05089,4.13478,68.05089,4.13478
2/28/2005,33.41862,3.50238,33.41862,3.50238,33.41862,3.50238
3/1/2005,19.80714,3.00204,19.80714,3.00204,19.80714,3.00204
3/2/2005,14.75166,2.71281,14.75166,2.71281,14.75166,2.71281
3/3/2005,9.95658,2.5575,9.95658,2.5575,9.95658,2.5575
3/4/2005,17.91366,2.44404,17.91366,2.44404,17.91366,2.44404
3/5/2005,16.65723,2.34639,16.65723,2.34639,16.65723,2.34639
3/6/2005,11.41203,2.30175,11.41203,2.30175,11.41203,2.30175
3/7/2005,7.48185,2.30175,7.48185,2.30175,7.48185,2.30175
3/8/2005,6.29052,2.23851,6.29052,2.23851,6.29052,2.23851
3/9/2005,5.75391,2.14923,5.75391,2.14923,5.75391,2.14923
3/10/2005,5.0871,2.07297,5.0871,2.07297,5.0871,2.07297
3/11/2005,12.66474,2.00415,12.66474,2.00415,12.66474,2.00415
3/12/2005,12.75867,1.94091,12.75867,1.94091,12.75867,1.94091
3/13/2005,7.75899,1.90092,7.75899,1.90092,7.75899,1.90092
3/14/2005,6.43374,1.87488,6.43374,1.87488,6.43374,1.87488
3/15/2005,6.31563,1.80885,6.31563,1.80885,6.31563,1.80885
3/16/2005,9.78732,1.73817,9.78732,1.73817,9.78732,1.73817
3/17/2005,48.67713,1.69353,48.67713,1.69353,48.67713,1.69353
3/18/2005,15.88812,1.65912,15.88812,1.65912,15.88812,1.65912
3/19/2005,9.16794,1.6275,9.16794,1.6275,9.16794,1.6275
3/20/2005,7.3656,1.62471,7.3656,1.62471,7.3656,1.62471
3/21/2005,8.22213,1.64889,8.22213,1.64889,8.22213,1.64889
3/22/2005,51.16953,1.63308,51.16953,1.63308,51.16953,1.63308
3/23/2005,25.67637,1.58007,25.67637,1.58007,25.67637,1.58007
3/24/2005,17.38821,1.54845,17.38821,1.54845,17.38821,1.54845
3/25/2005,13.1688,1.50381,13.1688,1.50381,13.1688,1.50381
3/26/2005,10.47087,1.47963,10.47087,1.47963,10.47087,1.47963
3/27/2005,22.29024,1.42197,22.29024,1.42197,22.29024,1.42197
3/28/2005,13.29342,1.3671,13.29342,1.3671,13.29342,1.3671
3/29/2005,15.46218,1.32432,15.46218,1.32432,15.46218,1.32432
3/30/2005,11.65941,1.28247,11.65941,1.28247,11.65941,1.28247
3/31/2005,7.35537,1.08252,7.35537,1.08252,7.35537,1.08252
4/1/2005,6.08778,0.9114,6.08778,0.9114,6.08778,0.9114
4/2/2005,7.01499,0.88443,7.01499,0.88443,7.01499,0.88443
4/3/2005,7.58043,0.94581,7.58043,0.94581,7.58043,0.94581
4/4/2005,6.45048,1.0137,6.45048,1.0137,6.45048,1.0137
4/5/2005,5.55396,0.99324,5.55396,0.99324,5.55396,0.99324
4/6/2005,4.84716,0.93,4.84716,0.93,4.84716,0.93
4/7/2005,4.54398,0.92163,4.54398,0.92163,4.54398,0.92163
4/8/2005,4.35054,0.92163,4.35054,0.92163,4.35054,0.92163
4/9/2005,4.22964,0.90303,4.22964,0.90303,4.22964,0.90303
4/10/2005,4.07526,0.94302,4.07526,0.94302,4.07526,0.94302
4/11/2005,3.96087,0.92163,3.96087,0.92163,3.96087,0.92163
4/12/2005,3.83067,0.89559,3.83067,0.89559,3.83067,0.89559
4/13/2005,2.88207,0.86676,2.88207,0.86676,2.88207,0.86676
4/14/2005,2.04321,0.85839,2.04321,0.85839,2.04321,0.85839
4/15/2005,2.01252,0.83979,2.01252,0.83979,2.01252,0.83979
4/16/2005,1.97997,0.837,1.97997,0.837,1.97997,0.837
4/17/2005,1.94091,0.86397,1.94091,0.86397,1.94091,0.86397
4/18/2005,1.8321,0.81933,1.8321,0.81933,1.8321,0.81933
4/19/2005,1.75026,0.80817,1.75026,0.80817,1.75026,0.80817
4/20/2005,1.77072,0.80538,1.77072,0.80538,1.77072,0.80538
4/21/2005,1.81071,0.77655,1.81071,0.77655,1.81071,0.77655
4/22/2005,1.57821,0.76353,1.57821,0.76353,1.57821,0.76353
4/23/2005,1.19412,0.7533,1.19412,0.7533,1.19412,0.7533
4/24/2005,1.0695,0.96906,1.0695,0.96906,1.0695,0.96906
4/25/2005,0.96906,1.07415,0.96906,1.07415,0.96906,1.07415
4/26/2005,0.92814,1.04811,0.92814,1.04811,0.92814,1.04811
4/27/2005,0.95046,0.94302,0.95046,0.94302,0.95046,0.94302
4/28/2005,0.94116,0.92442,0.94116,0.92442,0.94116,0.92442
4/29/2005,0.87141,0.92442,0.87141,0.92442,0.87141,0.92442
4/30/2005,0.83142,0.97464,0.83142,0.97464,0.83142,0.97464
5/1/2005,0.79794,0.8742,0.79794,0.8742,0.79794,0.8742
5/2/2005,0.75609,0.81654,0.75609,0.81654,0.75609,0.81654
5/3/2005,0.74028,0.80817,0.74028,0.80817,0.74028,0.80817
5/4/2005,0.70308,0.76911,0.70308,0.76911,0.70308,0.76911
5/5/2005,0.7161,0.74028,0.7161,0.74028,0.7161,0.74028
5/6/2005,0.75981,0.71331,0.75981,0.71331,0.75981,0.71331
5/7/2005,0.66588,0.71145,0.66588,0.71145,0.66588,0.71145
5/8/2005,0.58776,0.70587,0.58776,0.70587,0.58776,0.70587
5/9/2005,0.56451,0.69564,0.56451,0.69564,0.56451,0.69564
5/10/2005,0.53289,0.70029,0.53289,0.70029,0.53289,0.70029
5/11/2005,0.49104,0.66123,0.49104,0.66123,0.49104,0.66123
5/12/2005,0.49941,0.65565,0.49941,0.65565,0.49941,0.65565
5/13/2005,0.48453,0.69006,0.48453,0.69006,0.48453,0.69006
5/14/2005,0.46872,0.65565,0.46872,0.65565,0.46872,0.65565
5/15/2005,0.45756,0.64263,0.45756,0.64263,0.45756,0.64263
5/16/2005,0.44082,0.6324,0.44082,0.6324,0.44082,0.6324
5/17/2005,0.4278,0.6138,0.4278,0.6138,0.4278,0.6138
5/18/2005,0.39246,0.60543,0.39246,0.60543,0.39246,0.60543
5/19/2005,0.35805,0.59799,0.35805,0.59799,0.35805,0.59799
5/20/2005,0.35526,0.56637,0.35526,0.56637,0.35526,0.56637
5/21/2005,0.37107,0.54219,0.37107,0.54219,0.37107,0.54219
5/22/2005,0.37572,0.51894,0.37572,0.51894,0.37572,0.51894
5/23/2005,0.35805,0.50871,0.35805,0.50871,0.35805,0.50871
5/24/2005,0.34596,0.49476,0.34596,0.49476,0.34596,0.49476
5/25/2005,0.34038,0.48732,0.34038,0.48732,0.34038,0.48732
5/26/2005,0.34689,0.48174,0.34689,0.48174,0.34689,0.48174
5/27/2005,0.34596,0.48453,0.34596,0.48453,0.34596,0.48453
5/28/2005,0.35619,0.53754,0.35619,0.53754,0.35619,0.53754
5/29/2005,0.34782,0.82119,0.34782,0.82119,0.34782,0.82119
5/30/2005,0.29667,0.78213,0.29667,0.78213,0.29667,0.78213
5/31/2005,0.26319,0.67146,0.26319,0.67146,0.26319,0.67146
6/1/2005,0.26877,0.61659,0.26877,0.61659,0.26877,0.61659
6/2/2005,0.24924,0.5766,0.24924,0.5766,0.24924,0.5766
6/3/2005,0.23157,0.56637,0.23157,0.56637,0.23157,0.56637
6/4/2005,0.23529,0.54498,0.23529,0.54498,0.23529,0.54498
6/5/2005,0.22413,0.53754,0.22413,0.53754,0.22413,0.53754
6/6/2005,0.21204,0.53196,0.21204,0.53196,0.21204,0.53196
6/7/2005,0.20646,0.51894,0.20646,0.51894,0.20646,0.51894
6/8/2005,0.19902,0.50871,0.19902,0.50871,0.19902,0.50871
6/9/2005,0.18135,0.50592,0.18135,0.50592,0.18135,0.50592
6/10/2005,0.19437,0.50034,0.19437,0.50034,0.19437,0.50034
6/11/2005,0.19623,0.50313,0.19623,0.50313,0.19623,0.50313
6/12/2005,0.19995,0.50313,0.19995,0.50313,0.19995,0.50313
6/13/2005,0.20739,0.50034,0.20739,0.50034,0.20739,0.50034
6/14/2005,0.16926,0.48453,0.16926,0.48453,0.16926,0.48453
6/15/2005,0.16833,0.46872,0.16833,0.46872,0.16833,0.46872
6/16/2005,0.16461,0.45012,0.16461,0.45012,0.16461,0.45012
6/17/2005,0.16182,0.43152,0.16182,0.43152,0.16182,0.43152
6/18/2005,0.15531,0.42687,0.15531,0.42687,0.15531,0.42687
6/19/2005,0.15996,0.44547,0.15996,0.44547,0.15996,0.44547
6/20/2005,0.1488,0.45291,0.1488,0.45291,0.1488,0.45291
6/21/2005,0.16647,0.43152,0.16647,0.43152,0.16647,0.43152
6/22/2005,0.18228,0.42129,0.18228,0.42129,0.18228,0.42129
6/23/2005,0.21762,0.44733,0.21762,0.44733,0.21762,0.44733
6/24/2005,0.25389,0.50871,0.25389,0.50871,0.25389,0.50871
6/25/2005,0.25947,0.57381,0.25947,0.57381,0.25947,0.57381
6/26/2005,0.24738,0.52452,0.24738,0.52452,0.24738,0.52452
6/27/2005,0.22041,0.49755,0.22041,0.49755,0.22041,0.49755
6/28/2005,0.2139,0.49011,0.2139,0.49011,0.2139,0.49011
6/29/2005,0.20088,0.48174,0.20088,0.48174,0.20088,0.48174
6/30/2005,0.1767,0.44733,0.1767,0.44733,0.1767,0.44733
7/1/2005,0.16461,0.42966,0.16461,0.42966,0.16461,0.42966
7/2/2005,0.15903,0.42408,0.15903,0.42408,0.15903,0.42408
7/3/2005,0.16368,0.39246,0.16368,0.39246,0.16368,0.39246
7/4/2005,0.16089,0.37665,0.16089,0.37665,0.16089,0.37665
7/5/2005,0.15903,0.35805,0.15903,0.35805,0.15903,0.35805
7/6/2005,0.14973,0.35805,0.14973,0.35805,0.14973,0.35805
7/7/2005,0.16182,0.42687,0.16182,0.42687,0.16182,0.42687
7/8/2005,0.14973,0.44547,0.14973,0.44547,0.14973,0.44547
7/9/2005,0.16275,0.44268,0.16275,0.44268,0.16275,0.44268
7/10/2005,0.15252,0.43431,0.15252,0.43431,0.15252,0.43431
7/11/2005,0.14508,0.42687,0.14508,0.42687,0.14508,0.42687
7/12/2005,0.13857,0.41571,0.13857,0.41571,0.13857,0.41571
7/13/2005,0.13578,0.42129,0.13578,0.42129,0.13578,0.42129
7/14/2005,0.13485,0.45291,0.13485,0.45291,0.13485,0.45291
7/15/2005,0.13764,0.47151,0.13764,0.47151,0.13764,0.47151
7/16/2005,0.14322,0.46128,0.14322,0.46128,0.14322,0.46128
7/17/2005,0.1488,0.4743,0.1488,0.4743,0.1488,0.4743
7/18/2005,0.14415,0.52638,0.14415,0.52638,0.14415,0.52638
7/19/2005,0.1395,0.62124,0.1395,0.62124,0.1395,0.62124
7/20/2005,0.12462,0.59241,0.12462,0.59241,0.12462,0.59241
7/21/2005,0.1209,0.56358,0.1209,0.56358,0.1209,0.56358
7/22/2005,0.10695,0.54777,0.10695,0.54777,0.10695,0.54777
7/23/2005,0.10137,0.66402,0.10137,0.66402,0.10137,0.66402
7/24/2005,0.10323,0.77655,0.10323,0.77655,0.10323,0.77655
7/25/2005,0.10044,1.00347,0.10044,1.00347,0.10044,1.00347
7/26/2005,0.09114,0.95604,0.09114,0.95604,0.09114,0.95604
7/27/2005,0.09207,0.92442,0.09207,0.92442,0.09207,0.92442
7/28/2005,0.09114,0.86118,0.09114,0.86118,0.09114,0.86118
7/29/2005,0.07998,0.76353,0.07998,0.76353,0.07998,0.76353
7/30/2005,0.07998,0.61845,0.07998,0.61845,0.07998,0.61845
7/31/2005,0.07719,0.65565,0.07719,0.65565,0.07719,0.65565
8/1/2005,0.08091,0.62403,0.08091,0.62403,0.08091,0.62403
8/2/2005,0.07905,0.5394,0.07905,0.5394,0.07905,0.5394
8/3/2005,0.09207,0.54777,0.09207,0.54777,0.09207,0.54777
8/4/2005,0.08928,0.76353,0.08928,0.76353,0.08928,0.76353
8/5/2005,0.08928,0.80817,0.08928,0.80817,0.08928,0.80817
8/6/2005,0.09114,0.77469,0.09114,0.77469,0.09114,0.77469
8/7/2005,0.10788,0.71889,0.10788,0.71889,0.10788,0.71889
8/8/2005,0.10137,1.00068,0.10137,1.00068,0.10137,1.00068
8/9/2005,0.10044,0.96627,0.10044,0.96627,0.10044,0.96627
8/10/2005,0.51615,0.84258,0.51615,0.84258,0.51615,0.84258
8/11/2005,1.90278,0.72912,1.90278,0.72912,1.90278,0.72912
8/12/2005,1.14111,0.63705,1.14111,0.63705,1.14111,0.63705
8/13/2005,0.55149,0.72726,0.55149,0.72726,0.55149,0.72726
8/14/2005,0.39246,0.68448,0.39246,0.68448,0.39246,0.68448
8/15/2005,0.26691,2.03298,0.26691,2.03298,0.26691,2.03298
8/16/2005,0.23901,1.49079,0.23901,1.49079,0.23901,1.49079
8/17/2005,0.21018,0.87978,0.21018,0.87978,0.21018,0.87978
8/18/2005,0.22692,0.68448,0.22692,0.68448,0.22692,0.68448
8/19/2005,0.17298,0.60822,0.17298,0.60822,0.17298,0.60822
8/20/2005,0.1488,0.56916,0.1488,0.56916,0.1488,0.56916
8/21/2005,0.15438,0.62961,0.15438,0.62961,0.15438,0.62961
8/22/2005,0.14229,0.60822,0.14229,0.60822,0.14229,0.60822
8/23/2005,0.14043,0.66588,0.14043,0.66588,0.14043,0.66588
8/24/2005,0.12462,0.72447,0.12462,0.72447,0.12462,0.72447
8/25/2005,0.10509,0.61659,0.10509,0.61659,0.10509,0.61659
8/26/2005,0.10323,0.558,0.10323,0.558,0.10323,0.558
8/27/2005,0.10137,0.4929,0.10137,0.4929,0.10137,0.4929
8/28/2005,0.10416,0.45012,0.10416,0.45012,0.10416,0.45012
8/29/2005,0.10509,0.42966,0.10509,0.42966,0.10509,0.42966
8/30/2005,0.09951,0.42129,0.09951,0.42129,0.09951,0.42129
8/31/2005,0.10323,0.40548,0.10323,0.40548,0.10323,0.40548
9/1/2005,0.09021,0.41106,0.09021,0.41106,0.09021,0.41106
9/2/2005,0.08928,0.48732,0.08928,0.48732,0.08928,0.48732
9/3/2005,0.09114,0.60078,0.09114,0.60078,0.09114,0.60078
9/4/2005,0.09486,0.72168,0.09486,0.72168,0.09486,0.72168
9/5/2005,0.07719,0.92721,0.07719,0.92721,0.07719,0.92721
9/6/2005,0.05766,0.70308,0.05766,0.70308,0.05766,0.70308
9/7/2005,0.06324,0.62961,0.06324,0.62961,0.06324,0.62961
9/8/2005,0.10044,0.7533,0.10044,0.7533,0.10044,0.7533
9/9/2005,0.12927,0.66123,0.12927,0.66123,0.12927,0.66123
9/10/2005,0.14601,0.60822,0.14601,0.60822,0.14601,0.60822
9/11/2005,0.13485,0.89838,0.13485,0.89838,0.13485,0.89838
9/12/2005,0.12276,0.67704,0.12276,0.67704,0.12276,0.67704
9/13/2005,0.09207,0.53475,0.09207,0.53475,0.09207,0.53475
9/14/2005,0.09393,0.45012,0.09393,0.45012,0.09393,0.45012
9/15/2005,0.10044,0.40548,0.10044,0.40548,0.10044,0.40548
9/16/2005,0.093,0.38409,0.093,0.38409,0.093,0.38409
9/17/2005,0.08556,0.43989,0.08556,0.43989,0.08556,0.43989
9/18/2005,0.08556,0.44268,0.08556,0.44268,0.08556,0.44268
9/19/2005,0.09672,0.44547,0.09672,0.44547,0.09672,0.44547
9/20/2005,0.09672,0.45291,0.09672,0.45291,0.09672,0.45291
9/21/2005,0.08184,0.43152,0.08184,0.43152,0.08184,0.43152
9/22/2005,0.06882,0.4185,0.06882,0.4185,0.06882,0.4185
9/23/2005,0.05766,0.43431,0.05766,0.43431,0.05766,0.43431
9/24/2005,0.06138,0.4743,0.06138,0.4743,0.06138,0.4743
9/25/2005,0.05859,0.46128,0.05859,0.46128,0.05859,0.46128
9/26/2005,0.06603,0.4557,0.06603,0.4557,0.06603,0.4557
9/27/2005,0.05766,0.45291,0.05766,0.45291,0.05766,0.45291
9/28/2005,0.05115,0.45012,0.05115,0.45012,0.05115,0.45012
9/29/2005,0.05115,0.45849,0.05115,0.45849,0.05115,0.45849
9/30/2005,0.04836,0.46128,0.04836,0.46128,0.04836,0.46128
10/1/2005,0.04371,0.4743,0.04371,0.4743,0.04371,0.4743
10/2/2005,0.03162,0.47895,0.03162,0.47895,0.03162,0.47895
10/3/2005,0.03441,0.47709,0.03441,0.47709,0.03441,0.47709
10/4/2005,0.04092,0.4929,0.04092,0.4929,0.04092,0.4929
10/5/2005,0.0465,0.4743,0.0465,0.4743,0.0465,0.4743
10/6/2005,0.05208,0.42687,0.05208,0.42687,0.05208,0.42687
10/7/2005,0.06696,0.42966,0.06696,0.42966,0.06696,0.42966
10/8/2005,0.07719,0.45849,0.07719,0.45849,0.07719,0.45849
10/9/2005,0.09207,0.50592,0.09207,0.50592,0.09207,0.50592
10/10/2005,0.1116,0.51336,0.1116,0.51336,0.1116,0.51336
10/11/2005,0.10695,0.49011,0.10695,0.49011,0.10695,0.49011
10/12/2005,0.08835,0.42129,0.08835,0.42129,0.08835,0.42129
10/13/2005,0.0651,0.3999,0.0651,0.3999,0.0651,0.3999
10/14/2005,0.0558,0.39246,0.0558,0.39246,0.0558,0.39246
10/15/2005,0.06138,0.40827,0.06138,0.40827,0.06138,0.40827
10/16/2005,0.0837,0.42687,0.0837,0.42687,0.0837,0.42687
10/17/2005,0.09858,0.42408,0.09858,0.42408,0.09858,0.42408
10/18/2005,0.09858,0.42966,0.09858,0.42966,0.09858,0.42966
10/19/2005,0.85188,0.44733,0.85188,0.44733,0.85188,0.44733
10/20/2005,0.89931,0.43989,0.89931,0.43989,0.89931,0.43989
10/21/2005,0.47523,0.42687,0.47523,0.42687,0.47523,0.42687
10/22/2005,0.24924,0.4185,0.24924,0.4185,0.24924,0.4185
10/23/2005,0.21204,0.41106,0.21204,0.41106,0.21204,0.41106
10/24/2005,0.16089,0.40827,0.16089,0.40827,0.16089,0.40827
10/25/2005,0.11439,0.42129,0.11439,0.42129,0.11439,0.42129
10/26/2005,0.09393,0.42966,0.09393,0.42966,0.09393,0.42966
10/27/2005,0.09579,0.42966,0.09579,0.42966,0.09579,0.42966
10/28/2005,0.08463,0.43152,0.08463,0.43152,0.08463,0.43152
10/29/2005,0.08835,0.4371,0.08835,0.4371,0.08835,0.4371
10/30/2005,0.10044,0.43152,0.10044,0.43152,0.10044,0.43152
10/31/2005,0.10137,0.42687,0.10137,0.42687,0.10137,0.42687
11/1/2005,0.11811,0.42408,0.11811,0.42408,0.11811,0.42408
11/2/2005,0.10323,0.43152,0.10323,0.43152,0.10323,0.43152
11/3/2005,0.0837,0.50592,0.0837,0.50592,0.0837,0.50592
11/4/2005,0.08277,0.47709,0.08277,0.47709,0.08277,0.47709
11/5/2005,2.24688,0.46314,2.24688,0.46314,2.24688,0.46314
11/6/2005,6.7518,0.45849,6.7518,0.45849,6.7518,0.45849
11/7/2005,14.68656,0.45849,14.68656,0.45849,14.68656,0.45849
11/8/2005,3.36288,0.45849,3.36288,0.45849,3.36288,0.45849
11/9/2005,1.78374,0.46872,1.78374,0.46872,1.78374,0.46872
11/10/2005,1.21365,0.46128,1.21365,0.46128,1.21365,0.46128
11/11/2005,0.96255,0.46593,0.96255,0.46593,0.96255,0.46593
11/12/2005,3.64839,0.4743,3.64839,0.4743,3.64839,0.4743
11/13/2005,4.49097,0.48453,4.49097,0.48453,4.49097,0.48453
11/14/2005,13.96488,0.48732,13.96488,0.48732,13.96488,0.48732
11/15/2005,4.1292,0.49011,4.1292,0.49011,4.1292,0.49011
11/16/2005,2.45055,0.49476,2.45055,0.49476,2.45055,0.49476
11/17/2005,1.70841,0.52452,1.70841,0.52452,1.70841,0.52452
11/18/2005,1.36338,0.52638,1.36338,0.52638,1.36338,0.52638
11/19/2005,1.74933,0.52452,1.74933,0.52452,1.74933,0.52452
11/20/2005,1.64703,0.52452,1.64703,0.52452,1.64703,0.52452
11/21/2005,1.13553,0.52638,1.13553,0.52638,1.13553,0.52638
11/22/2005,1.03509,0.53196,1.03509,0.53196,1.03509,0.53196
11/23/2005,0.95139,0.50871,0.95139,0.50871,0.95139,0.50871
11/24/2005,0.65472,0.50313,0.65472,0.50313,0.65472,0.50313
11/25/2005,0.61659,0.49476,0.61659,0.49476,0.61659,0.49476
11/26/2005,2.36592,0.49755,2.36592,0.49755,2.36592,0.49755
11/27/2005,4.01574,0.48732,4.01574,0.48732,4.01574,0.48732
11/28/2005,1.76607,0.49755,1.76607,0.49755,1.76607,0.49755
11/29/2005,1.09182,0.49755,1.09182,0.49755,1.09182,0.49755
11/30/2005,0.66681,0.4929,0.66681,0.4929,0.66681,0.4929
12/1/2005,0.59427,0.49011,0.59427,0.49011,0.59427,0.49011
12/2/2005,0.71796,0.49755,0.71796,0.49755,0.71796,0.49755
12/3/2005,0.62403,0.4929,0.62403,0.4929,0.62403,0.4929
12/4/2005,0.47337,0.4929,0.47337,0.4929,0.47337,0.4929
12/5/2005,0.39339,0.48732,0.39339,0.48732,0.39339,0.48732
12/6/2005,0.33294,0.48174,0.33294,0.48174,0.33294,0.48174
12/7/2005,0.32922,0.46872,0.32922,0.46872,0.32922,0.46872
12/8/2005,0.38781,0.46128,0.38781,0.46128,0.38781,0.46128
12/9/2005,0.38037,0.46128,0.38037,0.46128,0.38037,0.46128
12/10/2005,0.33015,0.46593,0.33015,0.46593,0.33015,0.46593
12/11/2005,0.32457,0.47895,0.32457,0.47895,0.32457,0.47895
12/12/2005,0.27249,0.48732,0.27249,0.48732,0.27249,0.48732
12/13/2005,0.24831,0.50313,0.24831,0.50313,0.24831,0.50313
12/14/2005,0.20739,0.50871,0.20739,0.50871,0.20739,0.50871
12/15/2005,0.13764,0.50313,0.13764,0.50313,0.13764,0.50313
12/16/2005,0.11253,0.49755,0.11253,0.49755,0.11253,0.49755
12/17/2005,0.09021,0.50313,0.09021,0.50313,0.09021,0.50313
12/18/2005,0.07812,0.50871,0.07812,0.50871,0.07812,0.50871
12/19/2005,0.1116,0.49755,0.1116,0.49755,0.1116,0.49755
12/20/2005,0.12555,0.50313,0.12555,0.50313,0.12555,0.50313
12/21/2005,0.12183,0.49755,0.12183,0.49755,0.12183,0.49755
12/22/2005,0.13299,0.49011,0.13299,0.49011,0.13299,0.49011
12/23/2005,0.2232,0.49011,0.2232,0.49011,0.2232,0.49011
12/24/2005,0.26691,0.47895,0.26691,0.47895,0.26691,0.47895
12/25/2005,0.14694,0.47151,0.14694,0.47151,0.14694,0.47151
12/26/2005,0.11346,0.45849,0.11346,0.45849,0.11346,0.45849
12/27/2005,0.11253,0.44547,0.11253,0.44547,0.11253,0.44547
12/28/2005,0.12369,0.43989,0.12369,0.43989,0.12369,0.43989
12/29/2005,0.15066,0.43152,0.15066,0.43152,0.15066,0.43152
12/30/2005,0.1581,0.43152,0.1581,0.43152,0.1581,0.43152
12/31/2005,0.15903,0.43152,0.15903,0.43152,0.15903,0.43152
1/1/2006,0.14787,0.43152,0.14787,0.43152,0.14787,0.43152
1/2/2006,1.62285,0.42966,1.62285,0.42966,1.62285,0.42966
1/3/2006,1.95765,0.42966,1.95765,0.42966,1.95765,0.42966
1/4/2006,5.5521,0.42129,5.5521,0.42129,5.5521,0.42129
1/5/2006,6.06081,0.42129,6.06081,0.42129,6.06081,0.42129
1/6/2006,1.88139,0.45291,1.88139,0.45291,1.88139,0.45291
1/7/2006,1.07322,0.5394,1.07322,0.5394,1.07322,0.5394
1/8/2006,1.37175,0.58683,1.37175,0.58683,1.37175,0.58683
1/9/2006,41.99973,0.60543,41.99973,0.60543,41.99973,0.60543
1/10/2006,20.89803,0.60078,20.89803,0.60078,20.89803,0.60078
1/11/2006,15.86487,0.56916,15.86487,0.56916,15.86487,0.56916
1/12/2006,11.20185,0.56079,11.20185,0.56079,11.20185,0.56079
1/13/2006,8.49555,0.56637,8.49555,0.56637,8.49555,0.56637
1/14/2006,9.98727,0.56358,9.98727,0.56358,9.98727,0.56358
1/15/2006,6.01896,0.5766,6.01896,0.5766,6.01896,0.5766
1/16/2006,4.45377,0.57381,4.45377,0.57381,4.45377,0.57381
1/17/2006,3.61305,0.58218,3.61305,0.58218,3.61305,0.58218
1/18/2006,2.98995,0.5766,2.98995,0.5766,2.98995,0.5766
1/19/2006,2.79558,0.57381,2.79558,0.57381,2.79558,0.57381
1/20/2006,3.17595,0.57939,3.17595,0.57939,3.17595,0.57939
1/21/2006,2.63934,0.58497,2.63934,0.58497,2.63934,0.58497
1/22/2006,2.30175,0.58497,2.30175,0.58497,2.30175,0.58497
1/23/2006,2.05437,0.58218,2.05437,0.58218,2.05437,0.58218
1/24/2006,12.41736,0.59799,12.41736,0.59799,12.41736,0.59799
1/25/2006,8.00172,0.65286,8.00172,0.65286,8.00172,0.65286
1/26/2006,6.55557,0.68169,6.55557,0.68169,6.55557,0.68169
1/27/2006,44.3703,0.66402,44.3703,0.66402,44.3703,0.66402
1/28/2006,26.14788,0.6324,26.14788,0.6324,26.14788,0.6324
1/29/2006,12.57546,0.62682,12.57546,0.62682,12.57546,0.62682
1/30/2006,9.63201,0.62682,9.63201,0.62682,9.63201,0.62682
1/31/2006,45.73554,0.63426,45.73554,0.63426,45.73554,0.63426
2/1/2006,45.21102,0.62682,45.21102,0.62682,45.21102,0.62682
2/2/2006,18.0327,0.62403,18.0327,0.62403,18.0327,0.62403
2/3/2006,13.07859,0.61845,13.07859,0.61845,13.07859,0.61845
2/4/2006,21.297,0.60822,21.297,0.60822,21.297,0.60822
2/5/2006,13.30365,0.62124,13.30365,0.62124,13.30365,0.62124
2/6/2006,9.54738,0.62124,9.54738,0.62124,9.54738,0.62124
2/7/2006,7.87896,0.60264,7.87896,0.60264,7.87896,0.60264
2/8/2006,7.04103,0.60078,7.04103,0.60078,7.04103,0.60078
2/9/2006,10.73499,0.61101,10.73499,0.61101,10.73499,0.61101
2/10/2006,34.03056,0.60543,34.03056,0.60543,34.03056,0.60543
2/11/2006,19.04175,0.57102,19.04175,0.57102,19.04175,0.57102
2/12/2006,12.34203,0.55521,12.34203,0.55521,12.34203,0.55521
2/13/2006,9.486,0.55056,9.486,0.55056,9.486,0.55056
2/14/2006,16.69908,0.54498,16.69908,0.54498,16.69908,0.54498
2/15/2006,13.6803,0.54777,13.6803,0.54777,13.6803,0.54777
2/16/2006,13.4013,0.55521,13.4013,0.55521,13.4013,0.55521
2/17/2006,11.12001,0.5952,11.12001,0.5952,11.12001,0.5952
2/18/2006,9.09354,0.61659,9.09354,0.61659,9.09354,0.61659
2/19/2006,7.97754,0.60264,7.97754,0.60264,7.97754,0.60264
2/20/2006,7.23261,0.58683,7.23261,0.58683,7.23261,0.58683
2/21/2006,7.2447,0.58497,7.2447,0.58497,7.2447,0.58497
2/22/2006,15.55704,0.58497,15.55704,0.58497,15.55704,0.58497
2/23/2006,10.74708,0.58497,10.74708,0.58497,10.74708,0.58497
2/24/2006,8.38302,0.5952,8.38302,0.5952,8.38302,0.5952
2/25/2006,7.8492,0.58497,7.8492,0.58497,7.8492,0.58497
2/26/2006,27.07602,0.5766,27.07602,0.5766,27.07602,0.5766
2/27/2006,29.574,0.57102,29.574,0.57102,29.574,0.57102
2/28/2006,27.81165,0.57102,27.81165,0.57102,27.81165,0.57102
3/1/2006,16.05645,0.58218,16.05645,0.58218,16.05645,0.58218
3/2/2006,17.85507,0.60078,17.85507,0.60078,17.85507,0.60078
3/3/2006,85.69392,0.58962,85.69392,0.58962,85.69392,0.58962
3/4/2006,29.30802,0.58218,29.30802,0.58218,29.30802,0.58218
3/5/2006,16.18944,0.56916,16.18944,0.56916,16.18944,0.56916
3/6/2006,12.68055,0.56637,12.68055,0.56637,12.68055,0.56637
3/7/2006,10.33602,0.56916,10.33602,0.56916,10.33602,0.56916
3/8/2006,8.6862,0.5766,8.6862,0.5766,8.6862,0.5766
3/9/2006,7.44186,0.57939,7.44186,0.57939,7.44186,0.57939
3/10/2006,6.59184,0.58683,6.59184,0.58683,6.59184,0.58683
3/11/2006,7.19913,0.68448,7.19913,0.68448,7.19913,0.68448
3/12/2006,6.28494,0.76074,6.28494,0.76074,6.28494,0.76074
3/13/2006,5.74368,0.6324,5.74368,0.6324,5.74368,0.6324
3/14/2006,5.67486,0.558,5.67486,0.558,5.67486,0.558
3/15/2006,5.07594,0.51336,5.07594,0.51336,5.07594,0.51336
3/16/2006,4.78299,0.47709,4.78299,0.47709,4.78299,0.47709
3/17/2006,50.16606,0.51057,50.16606,0.51057,50.16606,0.51057
3/18/2006,34.52625,0.56916,34.52625,0.56916,34.52625,0.56916
3/19/2006,18.19731,0.5952,18.19731,0.5952,18.19731,0.5952
3/20/2006,14.64564,0.61659,14.64564,0.61659,14.64564,0.61659
3/21/2006,76.72128,0.61659,76.72128,0.61659,76.72128,0.61659
3/22/2006,53.90373,0.60543,53.90373,0.60543,53.90373,0.60543
3/23/2006,30.22128,0.6138,30.22128,0.6138,30.22128,0.6138
3/24/2006,21.07566,0.60822,21.07566,0.60822,21.07566,0.60822
3/25/2006,16.5168,0.61101,16.5168,0.61101,16.5168,0.61101
3/26/2006,13.6524,0.61101,13.6524,0.61101,13.6524,0.61101
3/27/2006,12.34854,0.6138,12.34854,0.6138,12.34854,0.6138
3/28/2006,15.61935,0.63426,15.61935,0.63426,15.61935,0.63426
3/29/2006,13.38177,0.65844,13.38177,0.65844,13.38177,0.65844
3/30/2006,10.49877,0.63705,10.49877,0.63705,10.49877,0.63705
3/31/2006,8.62389,0.62124,8.62389,0.62124,8.62389,0.62124
4/1/2006,7.48557,0.61659,7.48557,0.61659,7.48557,0.61659
4/2/2006,6.74715,0.61659,6.74715,0.61659,6.74715,0.61659
4/3/2006,6.30168,0.60264,6.30168,0.60264,6.30168,0.60264
4/4/2006,6.28122,0.58497,6.28122,0.58497,6.28122,0.58497
4/5/2006,6.3612,0.61659,6.3612,0.61659,6.3612,0.61659
4/6/2006,5.90643,0.65007,5.90643,0.65007,5.90643,0.65007
4/7/2006,5.29449,0.62682,5.29449,0.62682,5.29449,0.62682
4/8/2006,4.68162,0.6138,4.68162,0.6138,4.68162,0.6138
4/9/2006,4.2501,0.60822,4.2501,0.60822,4.2501,0.60822
4/10/2006,3.94785,0.61659,3.94785,0.61659,3.94785,0.61659
4/11/2006,3.29406,0.62682,3.29406,0.62682,3.29406,0.62682
4/12/2006,3.08109,0.6138,3.08109,0.6138,3.08109,0.6138
4/13/2006,2.63655,0.60543,2.63655,0.60543,2.63655,0.60543
4/14/2006,2.38359,0.60264,2.38359,0.60264,2.38359,0.60264
4/15/2006,1.90092,0.60078,1.90092,0.60078,1.90092,0.60078
4/16/2006,1.44336,0.59799,1.44336,0.59799,1.44336,0.59799
4/17/2006,1.09926,0.58962,1.09926,0.58962,1.09926,0.58962
4/18/2006,7.31817,0.58497,7.31817,0.58497,7.31817,0.58497
4/19/2006,7.86594,0.5766,7.86594,0.5766,7.86594,0.5766
4/20/2006,5.26752,0.56079,5.26752,0.56079,5.26752,0.56079
4/21/2006,4.28637,0.558,4.28637,0.558,4.28637,0.558
4/22/2006,3.78045,0.56358,3.78045,0.56358,3.78045,0.56358
4/23/2006,3.90135,0.54498,3.90135,0.54498,3.90135,0.54498
4/24/2006,11.29485,0.54219,11.29485,0.54219,11.29485,0.54219
4/25/2006,6.37422,0.54498,6.37422,0.54498,6.37422,0.54498
4/26/2006,4.61745,0.5394,4.61745,0.5394,4.61745,0.5394
4/27/2006,4.02132,0.52917,4.02132,0.52917,4.02132,0.52917
4/28/2006,3.68931,0.54219,3.68931,0.54219,3.68931,0.54219
4/29/2006,3.45681,0.58962,3.45681,0.58962,3.45681,0.58962
4/30/2006,3.25593,0.56916,3.25593,0.56916,3.25593,0.56916
5/1/2006,3.24756,0.54219,3.24756,0.54219,3.24756,0.54219
5/2/2006,4.01109,0.52452,4.01109,0.52452,4.01109,0.52452
5/3/2006,3.65955,0.51057,3.65955,0.51057,3.65955,0.51057
5/4/2006,3.29034,0.50592,3.29034,0.50592,3.29034,0.50592
5/5/2006,3.05877,0.50592,3.05877,0.50592,3.05877,0.50592
5/6/2006,2.92392,0.52173,2.92392,0.52173,2.92392,0.52173
5/7/2006,2.73048,0.52452,2.73048,0.52452,2.73048,0.52452
5/8/2006,2.5575,0.50871,2.5575,0.50871,2.5575,0.50871
5/9/2006,2.51472,0.48174,2.51472,0.48174,2.51472,0.48174
5/10/2006,2.48961,0.4929,2.48961,0.4929,2.48961,0.4929
5/11/2006,2.44125,0.49476,2.44125,0.49476,2.44125,0.49476
5/12/2006,2.3715,0.48732,2.3715,0.48732,2.3715,0.48732
5/13/2006,2.36964,0.48174,2.36964,0.48174,2.36964,0.48174
5/14/2006,2.28036,0.48453,2.28036,0.48453,2.28036,0.48453
5/15/2006,2.22363,0.48174,2.22363,0.48174,2.22363,0.48174
5/16/2006,2.19294,0.50313,2.19294,0.50313,2.19294,0.50313
5/17/2006,2.15853,0.54777,2.15853,0.54777,2.15853,0.54777
5/18/2006,2.16411,0.53475,2.16411,0.53475,2.16411,0.53475
5/19/2006,2.11668,0.52917,2.11668,0.52917,2.11668,0.52917
5/20/2006,1.98834,0.50871,1.98834,0.50871,1.98834,0.50871
5/21/2006,1.91208,0.48453,1.91208,0.48453,1.91208,0.48453
5/22/2006,1.85442,0.46872,1.85442,0.46872,1.85442,0.46872
5/23/2006,1.83675,0.46593,1.83675,0.46593,1.83675,0.46593
5/24/2006,1.88697,0.47709,1.88697,0.47709,1.88697,0.47709
5/25/2006,4.08735,0.47151,4.08735,0.47151,4.08735,0.47151
5/26/2006,2.93229,0.46128,2.93229,0.46128,2.93229,0.46128
5/27/2006,2.22363,0.46314,2.22363,0.46314,2.22363,0.46314
5/28/2006,1.93347,0.49476,1.93347,0.49476,1.93347,0.49476
5/29/2006,1.87023,0.55056,1.87023,0.55056,1.87023,0.55056
5/30/2006,1.77816,0.52917,1.77816,0.52917,1.77816,0.52917
5/31/2006,1.11321,0.51336,1.11321,0.51336,1.11321,0.51336
6/1/2006,0.94581,0.50871,0.94581,0.50871,0.94581,0.50871
6/2/2006,0.89838,0.59799,0.89838,0.59799,0.89838,0.59799
6/3/2006,0.85932,0.63705,0.85932,0.63705,0.85932,0.63705
6/4/2006,0.83514,0.66123,0.83514,0.66123,0.83514,0.66123
6/5/2006,0.83328,0.66402,0.83328,0.66402,0.83328,0.66402
6/6/2006,0.77004,0.67146,0.77004,0.67146,0.77004,0.67146
6/7/2006,0.74958,0.67983,0.74958,0.67983,0.74958,0.67983
6/8/2006,0.7347,0.7161,0.7347,0.7161,0.7347,0.7161
6/9/2006,0.73563,0.71145,0.73563,0.71145,0.73563,0.71145
6/10/2006,0.74121,0.69564,0.74121,0.69564,0.74121,0.69564
6/11/2006,0.74493,0.64821,0.74493,0.64821,0.74493,0.64821
6/12/2006,0.7161,0.62403,0.7161,0.62403,0.7161,0.62403
6/13/2006,0.67797,0.61101,0.67797,0.61101,0.67797,0.61101
6/14/2006,0.65286,0.59799,0.65286,0.59799,0.65286,0.59799
6/15/2006,0.60171,0.64821,0.60171,0.64821,0.60171,0.64821
6/16/2006,0.57288,0.70029,0.57288,0.70029,0.57288,0.70029
6/17/2006,0.57753,0.70587,0.57753,0.70587,0.57753,0.70587
6/18/2006,0.59148,0.68448,0.59148,0.68448,0.59148,0.68448
6/19/2006,0.59799,0.68448,0.59799,0.68448,0.59799,0.68448
6/20/2006,0.58776,0.67146,0.58776,0.67146,0.58776,0.67146
6/21/2006,0.57474,0.67704,0.57474,0.67704,0.57474,0.67704
6/22/2006,0.55614,0.69285,0.55614,0.69285,0.55614,0.69285
6/23/2006,0.54684,0.74307,0.54684,0.74307,0.54684,0.74307
6/24/2006,0.53754,0.72912,0.53754,0.72912,0.53754,0.72912
6/25/2006,0.52266,0.78492,0.52266,0.78492,0.52266,0.78492
6/26/2006,0.51243,0.81375,0.51243,0.81375,0.51243,0.81375
6/27/2006,0.50778,0.87699,0.50778,0.87699,0.50778,0.87699
6/28/2006,0.49755,0.82398,0.49755,0.82398,0.49755,0.82398
6/29/2006,0.49011,0.78771,0.49011,0.78771,0.49011,0.78771
6/30/2006,0.46686,0.81654,0.46686,0.81654,0.46686,0.81654
7/1/2006,0.47244,0.78492,0.47244,0.78492,0.47244,0.78492
7/2/2006,0.49848,0.8742,0.49848,0.8742,0.49848,0.8742
7/3/2006,0.50313,0.82956,0.50313,0.82956,0.50313,0.82956
7/4/2006,0.48639,0.93744,0.48639,0.93744,0.48639,0.93744
7/5/2006,0.46872,0.90303,0.46872,0.90303,0.46872,0.90303
7/6/2006,0.46407,0.75051,0.46407,0.75051,0.46407,0.75051
7/7/2006,0.44826,1.07136,0.44826,1.07136,0.44826,1.07136
7/8/2006,0.43152,1.20342,0.43152,1.20342,0.43152,1.20342
7/9/2006,0.43152,0.77469,0.43152,0.77469,0.43152,0.77469
7/10/2006,0.41013,0.63426,0.41013,0.63426,0.41013,0.63426
7/11/2006,0.3999,0.58218,0.3999,0.58218,0.3999,0.58218
7/12/2006,0.39804,0.58683,0.39804,0.58683,0.39804,0.58683
7/13/2006,0.39618,0.67983,0.39618,0.67983,0.39618,0.67983
7/14/2006,0.39618,0.76074,0.39618,0.76074,0.39618,0.76074
7/15/2006,0.39897,0.70587,0.39897,0.70587,0.39897,0.70587
7/16/2006,0.42315,0.7161,0.42315,0.7161,0.42315,0.7161
7/17/2006,0.42966,0.74493,0.42966,0.74493,0.42966,0.74493
7/18/2006,0.41757,0.7347,0.41757,0.7347,0.41757,0.7347
7/19/2006,0.42036,0.79515,0.42036,0.79515,0.42036,0.79515
7/20/2006,0.41943,0.78492,0.41943,0.78492,0.41943,0.78492
7/21/2006,0.3906,0.74493,0.3906,0.74493,0.3906,0.74493
7/22/2006,0.38874,0.72168,0.38874,0.72168,0.38874,0.72168
7/23/2006,0.38595,0.71889,0.38595,0.71889,0.38595,0.71889
7/24/2006,0.35619,0.74772,0.35619,0.74772,0.35619,0.74772
7/25/2006,0.31992,0.72912,0.31992,0.72912,0.31992,0.72912
7/26/2006,0.31062,0.71331,0.31062,0.71331,0.31062,0.71331
7/27/2006,0.2883,0.81096,0.2883,0.81096,0.2883,0.81096
7/28/2006,0.28458,1.13274,0.28458,1.13274,0.28458,1.13274
7/29/2006,0.29295,1.4694,0.29295,1.4694,0.29295,1.4694
7/30/2006,0.29109,3.95064,0.29109,3.95064,0.29109,3.95064
7/31/2006,0.27156,2.14365,0.27156,2.14365,0.27156,2.14365
8/1/2006,0.27714,1.95393,0.27714,1.95393,0.27714,1.95393
8/2/2006,0.31062,3.47634,0.31062,3.47634,0.31062,3.47634
8/3/2006,0.42129,2.05902,0.42129,2.05902,0.42129,2.05902
8/4/2006,0.43338,3.66048,0.43338,3.66048,0.43338,3.66048
8/5/2006,0.35712,17.43378,0.35712,17.43378,0.35712,17.43378
8/6/2006,0.29295,10.66524,0.29295,10.66524,0.29295,10.66524
8/7/2006,0.26319,5.0034,0.26319,5.0034,0.26319,5.0034
8/8/2006,0.25668,3.10713,0.25668,3.10713,0.25668,3.10713
8/9/2006,0.25203,8.21655,0.25203,8.21655,0.25203,8.21655
8/10/2006,0.2511,8.92707,0.2511,8.92707,0.2511,8.92707
8/11/2006,0.25389,8.08449,0.25389,8.08449,0.25389,8.08449
8/12/2006,0.23808,7.21587,0.23808,7.21587,0.23808,7.21587
8/13/2006,0.26505,6.42537,0.26505,6.42537,0.26505,6.42537
8/14/2006,0.2697,13.7733,0.2697,13.7733,0.2697,13.7733
8/15/2006,0.28551,9.42741,0.28551,9.42741,0.28551,9.42741
8/16/2006,1.78932,5.24055,1.78932,5.24055,1.78932,5.24055
8/17/2006,1.90185,3.02808,1.90185,3.02808,1.90185,3.02808
8/18/2006,0.90675,12.64056,0.90675,12.64056,0.90675,12.64056
8/19/2006,0.61287,6.03105,0.61287,6.03105,0.61287,6.03105
8/20/2006,0.50313,20.67297,0.50313,20.67297,0.50313,20.67297
8/21/2006,0.45291,4.60815,0.45291,4.60815,0.45291,4.60815
8/22/2006,0.42873,7.03173,0.42873,7.03173,0.42873,7.03173
8/23/2006,0.41013,5.08245,0.41013,5.08245,0.41013,5.08245
8/24/2006,0.40548,12.00816,0.40548,12.00816,0.40548,12.00816
8/25/2006,0.51057,10.24395,0.51057,10.24395,0.51057,10.24395
8/26/2006,0.86025,3.50238,0.86025,3.50238,0.86025,3.50238
8/27/2006,0.72168,2.30919,0.72168,2.30919,0.72168,2.30919
8/28/2006,0.57939,1.88325,0.57939,1.88325,0.57939,1.88325
8/29/2006,0.55056,1.70376,0.55056,1.70376,0.55056,1.70376
8/30/2006,0.48825,1.64052,0.48825,1.64052,0.48825,1.64052
8/31/2006,0.39432,1.40895,0.39432,1.40895,0.39432,1.40895
9/1/2006,0.33015,2.17527,0.33015,2.17527,0.33015,2.17527
9/2/2006,0.36084,1.4322,0.36084,1.4322,0.36084,1.4322
9/3/2006,0.372,1.73817,0.372,1.73817,0.372,1.73817
9/4/2006,0.3441,2.30175,0.3441,2.30175,0.3441,2.30175
9/5/2006,0.33852,1.92231,0.33852,1.92231,0.33852,1.92231
9/6/2006,0.3255,1.60332,0.3255,1.60332,0.3255,1.60332
9/7/2006,0.32178,1.32711,0.32178,1.32711,0.32178,1.32711
9/8/2006,0.30318,1.02486,0.30318,1.02486,0.30318,1.02486
9/9/2006,0.28551,0.91419,0.28551,0.91419,0.28551,0.91419
9/10/2006,0.28179,0.837,0.28179,0.837,0.28179,0.837
9/11/2006,0.28458,0.71331,0.28458,0.71331,0.28458,0.71331
9/12/2006,0.25761,0.64821,0.25761,0.64821,0.25761,0.64821
9/13/2006,0.25389,0.65844,0.25389,0.65844,0.25389,0.65844
9/14/2006,0.24459,1.36152,0.24459,1.36152,0.24459,1.36152
9/15/2006,0.23157,1.10298,0.23157,1.10298,0.23157,1.10298
9/16/2006,0.22506,0.75888,0.22506,0.75888,0.22506,0.75888
9/17/2006,0.23064,0.63426,0.23064,0.63426,0.23064,0.63426
9/18/2006,0.25668,0.56916,0.25668,0.56916,0.25668,0.56916
9/19/2006,0.3069,0.53475,0.3069,0.53475,0.3069,0.53475
9/20/2006,0.29481,0.52452,0.29481,0.52452,0.29481,0.52452
9/21/2006,0.25761,0.55056,0.25761,0.55056,0.25761,0.55056
9/22/2006,0.23343,0.57381,0.23343,0.57381,0.23343,0.57381
9/23/2006,0.22971,0.56079,0.22971,0.56079,0.22971,0.56079
9/24/2006,0.23343,0.55056,0.23343,0.55056,0.23343,0.55056
9/25/2006,0.23436,0.53754,0.23436,0.53754,0.23436,0.53754
9/26/2006,0.22785,0.54219,0.22785,0.54219,0.22785,0.54219
9/27/2006,0.2325,0.5394,0.2325,0.5394,0.2325,0.5394
9/28/2006,0.24273,0.54219,0.24273,0.54219,0.24273,0.54219
9/29/2006,0.26133,0.53475,0.26133,0.53475,0.26133,0.53475
9/30/2006,0.26784,0.51894,0.26784,0.51894,0.26784,0.51894
10/1/2006,0.26691,0.49011,0.26691,0.49011,0.26691,0.49011
10/2/2006,0.26877,0.48174,0.26877,0.48174,0.26877,0.48174
10/3/2006,0.3813,0.48174,0.3813,0.48174,0.3813,0.48174
10/4/2006,0.72075,0.47895,0.72075,0.47895,0.72075,0.47895
10/5/2006,0.65193,0.47895,0.65193,0.47895,0.65193,0.47895
10/6/2006,0.52638,0.52638,0.52638,0.52638,0.52638,0.52638
10/7/2006,0.37107,0.58683,0.37107,0.58683,0.37107,0.58683
10/8/2006,0.30411,0.5766,0.30411,0.5766,0.30411,0.5766
10/9/2006,0.26784,0.7719,0.26784,0.7719,0.26784,0.7719
10/10/2006,0.23715,1.29549,0.23715,1.29549,0.23715,1.29549
10/11/2006,0.22599,0.96906,0.22599,0.96906,0.22599,0.96906
10/12/2006,0.31062,0.7719,0.31062,0.7719,0.31062,0.7719
10/13/2006,0.31899,0.66402,0.31899,0.66402,0.31899,0.66402
10/14/2006,0.33945,0.64542,0.33945,0.64542,0.33945,0.64542
10/15/2006,0.34782,0.66588,0.34782,0.66588,0.34782,0.66588
10/16/2006,0.465,0.66123,0.465,0.66123,0.465,0.66123
10/17/2006,0.27621,0.63705,0.27621,0.63705,0.27621,0.63705
10/18/2006,0.23436,0.61659,0.23436,0.61659,0.23436,0.61659
10/19/2006,0.27156,0.61101,0.27156,0.61101,0.27156,0.61101
10/20/2006,0.47895,0.60822,0.47895,0.60822,0.47895,0.60822
10/21/2006,0.57474,0.60264,0.57474,0.60264,0.57474,0.60264
10/22/2006,0.47895,0.59241,0.47895,0.59241,0.47895,0.59241
10/23/2006,0.34503,0.59241,0.34503,0.59241,0.34503,0.59241
10/24/2006,0.28365,0.60264,0.28365,0.60264,0.28365,0.60264
10/25/2006,0.22692,0.62124,0.22692,0.62124,0.22692,0.62124
10/26/2006,0.20646,0.60078,0.20646,0.60078,0.20646,0.60078
10/27/2006,0.24459,0.58962,0.24459,0.58962,0.24459,0.58962
10/28/2006,0.2418,0.60078,0.2418,0.60078,0.2418,0.60078
10/29/2006,0.20181,0.61659,0.20181,0.61659,0.20181,0.61659
10/30/2006,0.21018,0.6324,0.21018,0.6324,0.21018,0.6324
10/31/2006,0.22506,0.62682,0.22506,0.62682,0.22506,0.62682
11/1/2006,0.19809,0.62403,0.19809,0.62403,0.19809,0.62403
11/2/2006,0.21576,0.62682,0.21576,0.62682,0.21576,0.62682
11/3/2006,0.24831,0.65007,0.24831,0.65007,0.24831,0.65007
11/4/2006,0.19437,0.63426,0.19437,0.63426,0.19437,0.63426
11/5/2006,0.14508,0.60543,0.14508,0.60543,0.14508,0.60543
11/6/2006,0.12276,0.59241,0.12276,0.59241,0.12276,0.59241
11/7/2006,0.12462,0.58497,0.12462,0.58497,0.12462,0.58497
11/8/2006,0.11811,0.5766,0.11811,0.5766,0.11811,0.5766
11/9/2006,0.09765,0.56637,0.09765,0.56637,0.09765,0.56637
11/10/2006,0.10602,0.56916,0.10602,0.56916,0.10602,0.56916
11/11/2006,0.11067,0.57102,0.11067,0.57102,0.11067,0.57102
11/12/2006,0.09951,0.5766,0.09951,0.5766,0.09951,0.5766
11/13/2006,0.28179,0.58218,0.28179,0.58218,0.28179,0.58218
11/14/2006,0.44082,0.57939,0.44082,0.57939,0.44082,0.57939
11/15/2006,0.38595,0.55056,0.38595,0.55056,0.38595,0.55056
11/16/2006,0.29574,0.52638,0.29574,0.52638,0.29574,0.52638
11/17/2006,0.23064,0.52452,0.23064,0.52452,0.23064,0.52452
11/18/2006,0.67611,0.52452,0.67611,0.52452,0.67611,0.52452
11/19/2006,1.07415,0.51894,1.07415,0.51894,1.07415,0.51894
11/20/2006,0.74307,0.51336,0.74307,0.51336,0.74307,0.51336
11/21/2006,0.69192,0.52452,0.69192,0.52452,0.69192,0.52452
11/22/2006,1.80513,0.52452,1.80513,0.52452,1.80513,0.52452
11/23/2006,1.64145,0.52173,1.64145,0.52173,1.64145,0.52173
11/24/2006,1.24341,0.52452,1.24341,0.52452,1.24341,0.52452
11/25/2006,0.62403,0.52452,0.62403,0.52452,0.62403,0.52452
11/26/2006,0.44919,0.52638,0.44919,0.52638,0.44919,0.52638
11/27/2006,0.36921,0.53196,0.36921,0.53196,0.36921,0.53196
11/28/2006,0.49848,0.53475,0.49848,0.53475,0.49848,0.53475
11/29/2006,0.40734,0.5394,0.40734,0.5394,0.40734,0.5394
11/30/2006,0.35526,0.55335,0.35526,0.55335,0.35526,0.55335
12/1/2006,0.41664,0.56916,0.41664,0.56916,0.41664,0.56916
12/2/2006,1.45359,0.56358,1.45359,0.56358,1.45359,0.56358
12/3/2006,1.20342,0.56637,1.20342,0.56637,1.20342,0.56637
12/4/2006,0.61008,0.56916,0.61008,0.56916,0.61008,0.56916
12/5/2006,0.37014,0.56358,0.37014,0.56358,0.37014,0.56358
12/6/2006,0.23622,0.53475,0.23622,0.53475,0.23622,0.53475
12/7/2006,0.20367,0.50313,0.20367,0.50313,0.20367,0.50313
12/8/2006,0.17019,0.50592,0.17019,0.50592,0.17019,0.50592
12/9/2006,0.59985,0.51615,0.59985,0.51615,0.59985,0.51615
12/10/2006,2.9946,0.52173,2.9946,0.52173,2.9946,0.52173
12/11/2006,2.07018,0.51894,2.07018,0.51894,2.07018,0.51894
12/12/2006,1.26666,0.51057,1.26666,0.51057,1.26666,0.51057
12/13/2006,0.80724,0.50871,0.80724,0.50871,0.80724,0.50871
12/14/2006,0.57846,0.50871,0.57846,0.50871,0.57846,0.50871
12/15/2006,0.50499,0.51057,0.50499,0.51057,0.50499,0.51057
12/16/2006,5.6544,0.51615,5.6544,0.51615,5.6544,0.51615
12/17/2006,5.76321,0.51615,5.76321,0.51615,5.76321,0.51615
12/18/2006,2.88021,0.51615,2.88021,0.51615,2.88021,0.51615
12/19/2006,1.58658,0.51615,1.58658,0.51615,1.58658,0.51615
12/20/2006,2.7528,0.51336,2.7528,0.51336,2.7528,0.51336
12/21/2006,3.22896,0.51057,3.22896,0.51057,3.22896,0.51057
12/22/2006,15.52542,0.51615,15.52542,0.51615,15.52542,0.51615
12/23/2006,28.38639,0.50592,28.38639,0.50592,28.38639,0.50592
12/24/2006,20.13729,0.50592,20.13729,0.50592,20.13729,0.50592
12/25/2006,18.10152,0.50592,18.10152,0.50592,18.10152,0.50592
12/26/2006,6.33981,0.50313,6.33981,0.50313,6.33981,0.50313
12/27/2006,4.82205,0.50592,4.82205,0.50592,4.82205,0.50592
12/28/2006,3.88368,0.54219,3.88368,0.54219,3.88368,0.54219
12/29/2006,4.84158,0.5394,4.84158,0.5394,4.84158,0.5394
12/30/2006,3.43728,0.53196,3.43728,0.53196,3.43728,0.53196
12/31/2006,2.96484,0.52173,2.96484,0.52173,2.96484,0.52173
1/1/2007,2.63004,0.52917,2.63004,0.52917,2.63004,0.52917
1/2/2007,2.59377,0.54498,2.59377,0.54498,2.59377,0.54498
1/3/2007,2.38545,0.57381,2.38545,0.57381,2.38545,0.57381
1/4/2007,2.10645,0.6138,2.10645,0.6138,2.10645,0.6138
1/5/2007,1.96881,0.63984,1.96881,0.63984,1.96881,0.63984
1/6/2007,1.79304,0.65844,1.79304,0.65844,1.79304,0.65844
1/7/2007,1.73259,0.65565,1.73259,0.65565,1.73259,0.65565
1/8/2007,1.77258,0.63984,1.77258,0.63984,1.77258,0.63984
1/9/2007,1.86837,0.64263,1.86837,0.64263,1.86837,0.64263
1/10/2007,1.84698,0.64542,1.84698,0.64542,1.84698,0.64542
1/11/2007,1.60983,0.66867,1.60983,0.66867,1.60983,0.66867
1/12/2007,0.75423,0.66867,0.75423,0.66867,0.75423,0.66867
1/13/2007,0.56544,0.67704,0.56544,0.67704,0.56544,0.67704
1/14/2007,0.62217,0.67425,0.62217,0.67425,0.62217,0.67425
1/15/2007,0.77097,0.67425,0.77097,0.67425,0.77097,0.67425
1/16/2007,0.66588,0.65844,0.66588,0.65844,0.66588,0.65844
1/17/2007,1.00347,0.64542,1.00347,0.64542,1.00347,0.64542
1/18/2007,1.19133,0.66123,1.19133,0.66123,1.19133,0.66123
1/19/2007,0.99696,0.78213,0.99696,0.78213,0.99696,0.78213
1/20/2007,1.14483,0.85095,1.14483,0.85095,1.14483,0.85095
1/21/2007,0.72726,0.77934,0.72726,0.77934,0.72726,0.77934
1/22/2007,0.5394,0.83235,0.5394,0.83235,0.5394,0.83235
1/23/2007,0.4557,0.75609,0.4557,0.75609,0.4557,0.75609
1/24/2007,0.41478,0.66867,0.41478,0.66867,0.41478,0.66867
1/25/2007,0.38502,0.61659,0.38502,0.61659,0.38502,0.61659
1/26/2007,0.34038,0.58683,0.34038,0.58683,0.34038,0.58683
1/27/2007,0.73935,0.56079,0.73935,0.56079,0.73935,0.56079
1/28/2007,23.62665,0.54777,23.62665,0.54777,23.62665,0.54777
1/29/2007,3.48285,0.5394,3.48285,0.5394,3.48285,0.5394
1/30/2007,11.76543,0.5394,11.76543,0.5394,11.76543,0.5394
1/31/2007,49.61457,0.5766,49.61457,0.5766,49.61457,0.5766
2/1/2007,9.20886,0.59241,9.20886,0.59241,9.20886,0.59241
2/2/2007,26.3283,0.59799,26.3283,0.59799,26.3283,0.59799
2/3/2007,11.5785,0.57102,11.5785,0.57102,11.5785,0.57102
2/4/2007,5.90457,0.55521,5.90457,0.55521,5.90457,0.55521
2/5/2007,4.38681,0.54777,4.38681,0.54777,4.38681,0.54777
2/6/2007,5.46096,0.5394,5.46096,0.5394,5.46096,0.5394
2/7/2007,4.34031,0.5394,4.34031,0.5394,4.34031,0.5394
2/8/2007,15.02601,0.53754,15.02601,0.53754,15.02601,0.53754
2/9/2007,6.52023,0.54498,6.52023,0.54498,6.52023,0.54498
2/10/2007,4.19337,0.59799,4.19337,0.59799,4.19337,0.59799
2/11/2007,3.43914,0.62124,3.43914,0.62124,3.43914,0.62124
2/12/2007,2.96484,0.80538,2.96484,0.80538,2.96484,0.80538
2/13/2007,2.67096,2.42265,2.67096,2.42265,2.67096,2.42265
2/14/2007,2.32407,2.1669,2.32407,2.1669,2.32407,2.1669
2/15/2007,1.48986,1.8879,1.48986,1.8879,1.48986,1.8879
2/16/2007,1.30944,1.68051,1.30944,1.68051,1.30944,1.68051
2/17/2007,1.1532,1.36152,1.1532,1.36152,1.1532,1.36152
2/18/2007,1.04346,1.05369,1.04346,1.05369,1.04346,1.05369
2/19/2007,0.98301,0.95046,0.98301,0.95046,0.98301,0.95046
2/20/2007,0.85374,0.92442,0.85374,0.92442,0.85374,0.92442
2/21/2007,0.70773,0.86862,0.70773,0.86862,0.70773,0.86862
2/22/2007,0.65565,0.95046,0.65565,0.95046,0.65565,0.95046
2/23/2007,0.60171,0.92442,0.60171,0.92442,0.60171,0.92442
2/24/2007,0.57009,0.94023,0.57009,0.94023,0.57009,0.94023
2/25/2007,0.55242,0.94581,0.55242,0.94581,0.55242,0.94581
2/26/2007,0.53661,0.94767,0.53661,0.94767,0.53661,0.94767
2/27/2007,0.5301,0.90303,0.5301,0.90303,0.5301,0.90303
2/28/2007,0.48174,0.82398,0.48174,0.82398,0.48174,0.82398
3/1/2007,0.46128,0.79236,0.46128,0.79236,0.46128,0.79236
3/2/2007,0.62682,0.75888,0.62682,0.75888,0.62682,0.75888
3/3/2007,0.72447,0.71145,0.72447,0.71145,0.72447,0.71145
3/4/2007,0.77562,0.68727,0.77562,0.68727,0.77562,0.68727
3/5/2007,2.4087,0.69285,2.4087,0.69285,2.4087,0.69285
3/6/2007,1.51683,0.74493,1.51683,0.74493,1.51683,0.74493
3/7/2007,0.81375,0.74028,0.81375,0.74028,0.81375,0.74028
3/8/2007,0.5952,0.72447,0.5952,0.72447,0.5952,0.72447
3/9/2007,0.50127,0.70308,0.50127,0.70308,0.50127,0.70308
3/10/2007,0.49662,0.70587,0.49662,0.70587,0.49662,0.70587
3/11/2007,0.46407,0.72168,0.46407,0.72168,0.46407,0.72168
3/12/2007,0.43152,0.72726,0.43152,0.72726,0.43152,0.72726
3/13/2007,0.39432,0.74307,0.39432,0.74307,0.39432,0.74307
3/14/2007,0.37944,0.7533,0.37944,0.7533,0.37944,0.7533
3/15/2007,0.35712,0.76074,0.35712,0.76074,0.35712,0.76074
3/16/2007,0.32364,0.75888,0.32364,0.75888,0.32364,0.75888
3/17/2007,0.29295,0.75888,0.29295,0.75888,0.29295,0.75888
3/18/2007,0.23715,0.74772,0.23715,0.74772,0.23715,0.74772
3/19/2007,0.23529,0.72912,0.23529,0.72912,0.23529,0.72912
3/20/2007,0.2232,0.72447,0.2232,0.72447,0.2232,0.72447
3/21/2007,0.21762,0.74028,0.21762,0.74028,0.21762,0.74028
3/22/2007,0.22413,0.89838,0.22413,0.89838,0.22413,0.89838
3/23/2007,0.20925,0.99789,0.20925,0.99789,0.20925,0.99789
3/24/2007,0.1953,1.3113,0.1953,1.3113,0.1953,1.3113
3/25/2007,0.17949,1.8693,0.17949,1.8693,0.17949,1.8693
3/26/2007,0.14043,1.76142,0.14043,1.76142,0.14043,1.76142
3/27/2007,0.16182,1.65912,0.16182,1.65912,0.16182,1.65912
3/28/2007,0.18042,1.47498,0.18042,1.47498,0.18042,1.47498
3/29/2007,0.18228,1.20063,0.18228,1.20063,0.18228,1.20063
3/30/2007,0.24738,1.0695,0.24738,1.0695,0.24738,1.0695
3/31/2007,0.38874,0.9951,0.38874,0.9951,0.38874,0.9951
4/1/2007,0.34503,0.93186,0.34503,0.93186,0.34503,0.93186
4/2/2007,0.2883,0.86676,0.2883,0.86676,0.2883,0.86676
4/3/2007,0.27249,0.80817,0.27249,0.80817,0.27249,0.80817
4/4/2007,0.20367,0.82677,0.20367,0.82677,0.20367,0.82677
4/5/2007,0.15996,0.94302,0.15996,0.94302,0.15996,0.94302
4/6/2007,0.14694,0.94302,0.14694,0.94302,0.14694,0.94302
4/7/2007,0.17112,0.92721,0.17112,0.92721,0.17112,0.92721
4/8/2007,0.38223,0.92442,0.38223,0.92442,0.38223,0.92442
4/9/2007,0.40362,0.91605,0.40362,0.91605,0.40362,0.91605
4/10/2007,0.33666,0.88722,0.33666,0.88722,0.33666,0.88722
4/11/2007,0.24645,0.87141,0.24645,0.87141,0.24645,0.87141
4/12/2007,0.20181,0.86862,0.20181,0.86862,0.20181,0.86862
4/13/2007,0.15624,0.95325,0.15624,0.95325,0.15624,0.95325
4/14/2007,0.15996,0.97464,0.15996,0.97464,0.15996,0.97464
4/15/2007,0.18228,0.90024,0.18228,0.90024,0.18228,0.90024
4/16/2007,0.21018,0.86676,0.21018,0.86676,0.21018,0.86676
4/17/2007,0.18414,0.85839,0.18414,0.85839,0.18414,0.85839
4/18/2007,0.14415,0.84537,0.14415,0.84537,0.14415,0.84537
4/19/2007,0.13485,0.81933,0.13485,0.81933,0.13485,0.81933
4/20/2007,0.13671,0.7905,0.13671,0.7905,0.13671,0.7905
4/21/2007,0.13392,0.7905,0.13392,0.7905,0.13392,0.7905
4/22/2007,0.11904,0.80817,0.11904,0.80817,0.11904,0.80817
4/23/2007,0.1023,0.79515,0.1023,0.79515,0.1023,0.79515
4/24/2007,0.093,0.79236,0.093,0.79236,0.093,0.79236
4/25/2007,0.08091,0.78492,0.08091,0.78492,0.08091,0.78492
4/26/2007,0.0744,0.76353,0.0744,0.76353,0.0744,0.76353
4/27/2007,0.07161,0.78771,0.07161,0.78771,0.07161,0.78771
4/28/2007,0.05952,0.82677,0.05952,0.82677,0.05952,0.82677
4/29/2007,0.05115,0.82677,0.05115,0.82677,0.05115,0.82677
4/30/2007,0.05115,0.83235,0.05115,0.83235,0.05115,0.83235
5/1/2007,0.05301,0.81096,0.05301,0.81096,0.05301,0.81096
5/2/2007,0.05766,0.76911,0.05766,0.76911,0.05766,0.76911
5/3/2007,0.0558,0.81096,0.0558,0.81096,0.0558,0.81096
5/4/2007,0.05673,0.88257,0.05673,0.88257,0.05673,0.88257
5/5/2007,0.05301,0.87978,0.05301,0.87978,0.05301,0.87978
5/6/2007,0.04464,0.87978,0.04464,0.87978,0.04464,0.87978
5/7/2007,0.04185,0.87141,0.04185,0.87141,0.04185,0.87141
5/8/2007,0.0372,0.84816,0.0372,0.84816,0.0372,0.84816
5/9/2007,0.03441,0.90861,0.03441,0.90861,0.03441,0.90861
5/10/2007,0.02976,0.82677,0.02976,0.82677,0.02976,0.82677
5/11/2007,0.02604,0.79236,0.02604,0.79236,0.02604,0.79236
5/12/2007,0.02883,0.77469,0.02883,0.77469,0.02883,0.77469
5/13/2007,0.03069,0.75609,0.03069,0.75609,0.03069,0.75609
5/14/2007,0.02883,0.74307,0.02883,0.74307,0.02883,0.74307
5/15/2007,0.02418,0.72912,0.02418,0.72912,0.02418,0.72912
5/16/2007,0.03255,0.73749,0.03255,0.73749,0.03255,0.73749
5/17/2007,0.03813,0.81654,0.03813,0.81654,0.03813,0.81654
5/18/2007,0.03813,0.87978,0.03813,0.87978,0.03813,0.87978
5/19/2007,0.03441,0.75888,0.03441,0.75888,0.03441,0.75888
5/20/2007,0.02697,0.71145,0.02697,0.71145,0.02697,0.71145
5/21/2007,0.01767,0.68727,0.01767,0.68727,0.01767,0.68727
5/22/2007,0.0186,0.67146,0.0186,0.67146,0.0186,0.67146
5/23/2007,0.0186,0.71331,0.0186,0.71331,0.0186,0.71331
5/24/2007,0.01581,0.74307,0.01581,0.74307,0.01581,0.74307
5/25/2007,0.01674,0.74307,0.01674,0.74307,0.01674,0.74307
5/26/2007,0.01767,0.74493,0.01767,0.74493,0.01767,0.74493
5/27/2007,0.02418,0.74028,0.02418,0.74028,0.02418,0.74028
5/28/2007,0.02697,0.74028,0.02697,0.74028,0.02697,0.74028
5/29/2007,0.02139,0.71331,0.02139,0.71331,0.02139,0.71331
5/30/2007,0.02604,0.6975,0.02604,0.6975,0.02604,0.6975
5/31/2007,0.03255,0.66123,0.03255,0.66123,0.03255,0.66123
6/1/2007,0.03348,0.67983,0.03348,0.67983,0.03348,0.67983
6/2/2007,0.02883,0.69006,0.02883,0.69006,0.02883,0.69006
6/3/2007,0.02604,0.73191,0.02604,0.73191,0.02604,0.73191
6/4/2007,0.03162,0.73191,0.03162,0.73191,0.03162,0.73191
6/5/2007,0.03441,0.73749,0.03441,0.73749,0.03441,0.73749
6/6/2007,0.03534,0.72447,0.03534,0.72447,0.03534,0.72447
6/7/2007,0.03906,0.72912,0.03906,0.72912,0.03906,0.72912
6/8/2007,0.04371,0.74028,0.04371,0.74028,0.04371,0.74028
6/9/2007,0.04836,0.76353,0.04836,0.76353,0.04836,0.76353
6/10/2007,0.05301,0.7533,0.05301,0.7533,0.05301,0.7533
6/11/2007,0.04743,0.84258,0.04743,0.84258,0.04743,0.84258
6/12/2007,0.04371,0.95325,0.04371,0.95325,0.04371,0.95325
6/13/2007,0.04371,0.86397,0.04371,0.86397,0.04371,0.86397
6/14/2007,0.04464,0.80073,0.04464,0.80073,0.04464,0.80073
6/15/2007,0.04185,0.77934,0.04185,0.77934,0.04185,0.77934
6/16/2007,0.03627,0.72168,0.03627,0.72168,0.03627,0.72168
6/17/2007,0.03069,0.61845,0.03069,0.61845,0.03069,0.61845
6/18/2007,0.02697,0.62403,0.02697,0.62403,0.02697,0.62403
6/19/2007,0.02697,0.61845,0.02697,0.61845,0.02697,0.61845
6/20/2007,0.02511,0.64263,0.02511,0.64263,0.02511,0.64263
6/21/2007,0.02418,0.68169,0.02418,0.68169,0.02418,0.68169
6/22/2007,0.0279,0.68169,0.0279,0.68169,0.0279,0.68169
6/23/2007,0.02418,0.66588,0.02418,0.66588,0.02418,0.66588
6/24/2007,0.02325,0.67146,0.02325,0.67146,0.02325,0.67146
6/25/2007,0.02418,0.66123,0.02418,0.66123,0.02418,0.66123
6/26/2007,0.02511,0.65844,0.02511,0.65844,0.02511,0.65844
6/27/2007,0.04185,0.65844,0.04185,0.65844,0.04185,0.65844
6/28/2007,0.06603,0.68448,0.06603,0.68448,0.06603,0.68448
6/29/2007,0.06975,0.68169,0.06975,0.68169,0.06975,0.68169
6/30/2007,0.10602,0.70866,0.10602,0.70866,0.10602,0.70866
7/1/2007,0.08928,0.69564,0.08928,0.69564,0.08928,0.69564
7/2/2007,0.07905,0.6975,0.07905,0.6975,0.07905,0.6975
7/3/2007,0.07812,0.6975,0.07812,0.6975,0.07812,0.6975
7/4/2007,0.07254,0.70866,0.07254,0.70866,0.07254,0.70866
7/5/2007,0.06696,0.74772,0.06696,0.74772,0.06696,0.74772
7/6/2007,0.06045,0.78213,0.06045,0.78213,0.06045,0.78213
7/7/2007,0.04464,0.8556,0.04464,0.8556,0.04464,0.8556
7/8/2007,0.03906,0.86118,0.03906,0.86118,0.03906,0.86118
7/9/2007,0.03348,0.76632,0.03348,0.76632,0.03348,0.76632
7/10/2007,0.02511,0.7347,0.02511,0.7347,0.02511,0.7347
7/11/2007,0.02046,0.70866,0.02046,0.70866,0.02046,0.70866
7/12/2007,0.02511,0.70587,0.02511,0.70587,0.02511,0.70587
7/13/2007,0.0279,0.70587,0.0279,0.70587,0.0279,0.70587
7/14/2007,0.02697,0.77934,0.02697,0.77934,0.02697,0.77934
7/15/2007,0.02325,0.69006,0.02325,0.69006,0.02325,0.69006
7/16/2007,0.02325,0.66402,0.02325,0.66402,0.02325,0.66402
7/17/2007,0.02604,0.65565,0.02604,0.65565,0.02604,0.65565
7/18/2007,0.02883,0.59799,0.02883,0.59799,0.02883,0.59799
7/19/2007,0.02697,0.61101,0.02697,0.61101,0.02697,0.61101
7/20/2007,0.03162,0.64263,0.03162,0.64263,0.03162,0.64263
7/21/2007,0.02976,0.68169,0.02976,0.68169,0.02976,0.68169
7/22/2007,0.0279,0.7347,0.0279,0.7347,0.0279,0.7347
7/23/2007,0.02139,1.41918,0.02139,1.41918,0.02139,1.41918
7/24/2007,0.01767,1.11879,0.01767,1.11879,0.01767,1.11879
7/25/2007,0.01767,0.6324,0.01767,0.6324,0.01767,0.6324
7/26/2007,0.02232,1.25085,0.02232,1.25085,0.02232,1.25085
7/27/2007,0.01302,1.49079,0.01302,1.49079,0.01302,1.49079
7/28/2007,0.01674,3.16014,0.01674,3.16014,0.01674,3.16014
7/29/2007,0.01767,1.76142,0.01767,1.76142,0.01767,1.76142
7/30/2007,0.01488,1.08252,0.01488,1.08252,0.01488,1.08252
7/31/2007,0.01302,1.08996,0.01302,1.08996,0.01302,1.08996
8/1/2007,0.01023,1.76979,0.01023,1.76979,0.01023,1.76979
8/2/2007,0.0093,2.21991,0.0093,2.21991,0.0093,2.21991
8/3/2007,0.00837,6.68856,0.00837,6.68856,0.00837,6.68856
8/4/2007,0.00837,3.18618,0.00837,3.18618,0.00837,3.18618
8/5/2007,0.00744,10.98144,0.00744,10.98144,0.00744,10.98144
8/6/2007,0.00744,4.02876,0.00744,4.02876,0.00744,4.02876
8/7/2007,0.00651,8.00544,0.00651,8.00544,0.00651,8.00544
8/8/2007,0.00651,2.92299,0.00651,2.92299,0.00651,2.92299
8/9/2007,0.00744,1.86465,0.00744,1.86465,0.00744,1.86465
8/10/2007,0.00744,1.61727,0.00744,1.61727,0.00744,1.61727
8/11/2007,0.00558,1.75956,0.00558,1.75956,0.00558,1.75956
8/12/2007,0.06231,1.39314,0.06231,1.39314,0.06231,1.39314
8/13/2007,0.20274,0.85281,0.20274,0.85281,0.20274,0.85281
8/14/2007,0.09765,0.80073,0.09765,0.80073,0.09765,0.80073
8/15/2007,0.05766,0.68448,0.05766,0.68448,0.05766,0.68448
8/16/2007,0.03441,0.72447,0.03441,0.72447,0.03441,0.72447
8/17/2007,0.03348,0.87699,0.03348,0.87699,0.03348,0.87699
8/18/2007,0.0372,0.83235,0.0372,0.83235,0.0372,0.83235
8/19/2007,0.03999,0.7347,0.03999,0.7347,0.03999,0.7347
8/20/2007,0.03999,0.70866,0.03999,0.70866,0.03999,0.70866
8/21/2007,0.04743,0.74028,0.04743,0.74028,0.04743,0.74028
8/22/2007,0.04557,0.76353,0.04557,0.76353,0.04557,0.76353
8/23/2007,0.03069,0.79794,0.03069,0.79794,0.03069,0.79794
8/24/2007,0.02325,0.79794,0.02325,0.79794,0.02325,0.79794
8/25/2007,0.03255,0.94302,0.03255,0.94302,0.03255,0.94302
8/26/2007,0.04278,1.05834,0.04278,1.05834,0.04278,1.05834
8/27/2007,0.04092,1.20063,0.04092,1.20063,0.04092,1.20063
8/28/2007,0.04464,1.15041,0.04464,1.15041,0.04464,1.15041
8/29/2007,0.03348,1.00905,0.03348,1.00905,0.03348,1.00905
8/30/2007,0.03255,1.12716,0.03255,1.12716,0.03255,1.12716
8/31/2007,0.0279,1.00905,0.0279,1.00905,0.0279,1.00905
9/1/2007,0.01767,0.9951,0.01767,0.9951,0.01767,0.9951
9/2/2007,0.01488,1.07694,0.01488,1.07694,0.01488,1.07694
9/3/2007,0.01302,1.17459,0.01302,1.17459,0.01302,1.17459
9/4/2007,0.01023,1.15599,0.01023,1.15599,0.01023,1.15599
9/5/2007,0.00744,1.14576,0.00744,1.14576,0.00744,1.14576
9/6/2007,0.00744,1.06392,0.00744,1.06392,0.00744,1.06392
9/7/2007,0.00651,1.00626,0.00651,1.00626,0.00651,1.00626
9/8/2007,0.00558,0.99045,0.00558,0.99045,0.00558,0.99045
9/9/2007,0.00465,0.87699,0.00465,0.87699,0.00465,0.87699
9/10/2007,0.00372,0.90303,0.00372,0.90303,0.00372,0.90303
9/11/2007,0.00558,0.95325,0.00558,0.95325,0.00558,0.95325
9/12/2007,0.00465,1.07973,0.00465,1.07973,0.00465,1.07973
9/13/2007,0.00279,0.97743,0.00279,0.97743,0.00279,0.97743
9/14/2007,0.00279,0.88257,0.00279,0.88257,0.00279,0.88257
9/15/2007,0.00279,0.62403,0.00279,0.62403,0.00279,0.62403
9/16/2007,0.00279,0.60264,0.00279,0.60264,0.00279,0.60264
9/17/2007,0.00558,0.64821,0.00558,0.64821,0.00558,0.64821
9/18/2007,0.00651,0.68727,0.00651,0.68727,0.00651,0.68727
9/19/2007,0.00651,0.70308,0.00651,0.70308,0.00651,0.70308
9/20/2007,0.00558,0.76353,0.00558,0.76353,0.00558,0.76353
9/21/2007,0.00744,0.66588,0.00744,0.66588,0.00744,0.66588
9/22/2007,0.02604,0.65286,0.02604,0.65286,0.02604,0.65286
9/23/2007,0.03255,0.80073,0.03255,0.80073,0.03255,0.80073
9/24/2007,0.02976,0.81654,0.02976,0.81654,0.02976,0.81654
9/25/2007,0.0372,0.79515,0.0372,0.79515,0.0372,0.79515
9/26/2007,0.04557,0.65844,0.04557,0.65844,0.04557,0.65844
9/27/2007,0.0558,0.50592,0.0558,0.50592,0.0558,0.50592
9/28/2007,0.0744,0.47151,0.0744,0.47151,0.0744,0.47151
9/29/2007,0.06696,0.4557,0.06696,0.4557,0.06696,0.4557
9/30/2007,0.07347,0.4557,0.07347,0.4557,0.07347,0.4557
10/1/2007,0.24645,0.50034,0.24645,0.50034,0.24645,0.50034
10/2/2007,1.73073,0.55335,1.73073,0.55335,1.73073,0.55335
10/3/2007,0.85374,0.6138,0.85374,0.6138,0.85374,0.6138
10/4/2007,0.33201,0.54498,0.33201,0.54498,0.33201,0.54498
10/5/2007,0.5115,0.57939,0.5115,0.57939,0.5115,0.57939
10/6/2007,6.28494,0.5766,6.28494,0.5766,6.28494,0.5766
10/7/2007,4.63326,0.57102,4.63326,0.57102,4.63326,0.57102
10/8/2007,1.92975,0.56916,1.92975,0.56916,1.92975,0.56916
10/9/2007,17.70999,0.56079,17.70999,0.56079,17.70999,0.56079
10/10/2007,12.36342,0.5766,12.36342,0.5766,12.36342,0.5766
10/11/2007,4.62954,0.58497,4.62954,0.58497,4.62954,0.58497
10/12/2007,2.85324,0.5766,2.85324,0.5766,2.85324,0.5766
10/13/2007,1.98462,0.5766,1.98462,0.5766,1.98462,0.5766
10/14/2007,1.96137,0.59799,1.96137,0.59799,1.96137,0.59799
10/15/2007,1.01277,0.60822,1.01277,0.60822,1.01277,0.60822
10/16/2007,0.77004,0.60822,0.77004,0.60822,0.77004,0.60822
10/17/2007,0.69471,0.61101,0.69471,0.61101,0.69471,0.61101
10/18/2007,2.5947,0.60822,2.5947,0.60822,2.5947,0.60822
10/19/2007,3.31638,0.60822,3.31638,0.60822,3.31638,0.60822
10/20/2007,2.71839,0.60822,2.71839,0.60822,2.71839,0.60822
10/21/2007,1.93905,0.59799,1.93905,0.59799,1.93905,0.59799
10/22/2007,1.38198,0.60078,1.38198,0.60078,1.38198,0.60078
10/23/2007,1.08159,0.62682,1.08159,0.62682,1.08159,0.62682
10/24/2007,0.90954,0.63984,0.90954,0.63984,0.90954,0.63984
10/25/2007,0.70401,0.6324,0.70401,0.6324,0.70401,0.6324
10/26/2007,0.651,0.60078,0.651,0.60078,0.651,0.60078
10/27/2007,0.6417,0.62682,0.6417,0.62682,0.6417,0.62682
10/28/2007,0.58218,0.62961,0.58218,0.62961,0.58218,0.62961
10/29/2007,0.4743,0.62682,0.4743,0.62682,0.4743,0.62682
10/30/2007,0.40362,0.6324,0.40362,0.6324,0.40362,0.6324
10/31/2007,0.35898,0.64263,0.35898,0.64263,0.35898,0.64263
11/1/2007,0.38409,0.64542,0.38409,0.64542,0.38409,0.64542
11/2/2007,1.21551,0.65007,1.21551,0.65007,1.21551,0.65007
11/3/2007,0.92907,0.64542,0.92907,0.64542,0.92907,0.64542
11/4/2007,0.52545,0.65565,0.52545,0.65565,0.52545,0.65565
11/5/2007,0.41757,0.65286,0.41757,0.65286,0.41757,0.65286
11/6/2007,16.59864,0.65007,16.59864,0.65007,16.59864,0.65007
11/7/2007,27.62565,0.65565,27.62565,0.65565,27.62565,0.65565
11/8/2007,10.1463,0.68727,10.1463,0.68727,10.1463,0.68727
11/9/2007,7.20192,0.65565,7.20192,0.65565,7.20192,0.65565
11/10/2007,5.51211,0.67146,5.51211,0.67146,5.51211,0.67146
11/11/2007,4.22127,0.68448,4.22127,0.68448,4.22127,0.68448
11/12/2007,3.37683,0.68727,3.37683,0.68727,3.37683,0.68727
11/13/2007,2.7342,0.69285,2.7342,0.69285,2.7342,0.69285
11/14/2007,2.24037,0.69006,2.24037,0.69006,2.24037,0.69006
11/15/2007,1.94277,0.68727,1.94277,0.68727,1.94277,0.68727
11/16/2007,1.79397,0.67425,1.79397,0.67425,1.79397,0.67425
11/17/2007,1.79304,0.6975,1.79304,0.6975,1.79304,0.6975
11/18/2007,1.71399,0.6975,1.71399,0.6975,1.71399,0.6975
11/19/2007,1.63401,0.6975,1.63401,0.6975,1.63401,0.6975
11/20/2007,1.51032,0.69564,1.51032,0.69564,1.51032,0.69564
11/21/2007,1.43127,0.68169,1.43127,0.68169,1.43127,0.68169
11/22/2007,11.4204,0.67704,11.4204,0.67704,11.4204,0.67704
11/23/2007,11.4018,0.67704,11.4018,0.67704,11.4018,0.67704
11/24/2007,5.38842,0.68448,5.38842,0.68448,5.38842,0.68448
11/25/2007,6.53976,0.68448,6.53976,0.68448,6.53976,0.68448
11/26/2007,4.20081,0.69564,4.20081,0.69564,4.20081,0.69564
11/27/2007,3.38334,0.69564,3.38334,0.69564,3.38334,0.69564
11/28/2007,3.04296,0.69006,3.04296,0.69006,3.04296,0.69006
11/29/2007,2.88114,0.69285,2.88114,0.69285,2.88114,0.69285
11/30/2007,3.05319,0.80352,3.05319,0.80352,3.05319,0.80352
12/1/2007,4.09014,1.82001,4.09014,1.82001,4.09014,1.82001
12/2/2007,3.50331,1.25643,3.50331,1.25643,3.50331,1.25643
12/3/2007,3.08109,1.1532,3.08109,1.1532,3.08109,1.1532
12/4/2007,2.98065,1.11135,2.98065,1.11135,2.98065,1.11135
12/5/2007,3.47913,0.90861,3.47913,0.90861,3.47913,0.90861
12/6/2007,3.20385,0.70587,3.20385,0.70587,3.20385,0.70587
12/7/2007,6.55557,0.64542,6.55557,0.64542,6.55557,0.64542
12/8/2007,8.13936,0.73749,8.13936,0.73749,8.13936,0.73749
12/9/2007,8.53926,2.73885,8.53926,2.73885,8.53926,2.73885
12/10/2007,5.6079,2.76489,5.6079,2.76489,5.6079,2.76489
12/11/2007,4.41843,2.45427,4.41843,2.45427,4.41843,2.45427
12/12/2007,11.86401,2.56215,11.86401,2.56215,11.86401,2.56215
12/13/2007,7.91151,2.48868,7.91151,2.48868,7.91151,2.48868
12/14/2007,4.81647,2.1018,4.81647,2.1018,4.81647,2.1018
12/15/2007,4.35147,1.8228,4.35147,1.8228,4.35147,1.8228
12/16/2007,3.83904,1.59588,3.83904,1.59588,3.83904,1.59588
12/17/2007,6.58905,1.18203,6.58905,1.18203,6.58905,1.18203
12/18/2007,7.06149,1.0323,7.06149,1.0323,7.06149,1.0323
12/19/2007,5.07501,0.90861,5.07501,0.90861,5.07501,0.90861
12/20/2007,3.90786,0.83514,3.90786,0.83514,3.90786,0.83514
12/21/2007,3.55353,0.79794,3.55353,0.79794,3.55353,0.79794
12/22/2007,3.28941,0.80073,3.28941,0.80073,3.28941,0.80073
12/23/2007,3.11178,0.79236,3.11178,0.79236,3.11178,0.79236
12/24/2007,2.99832,0.75051,2.99832,0.75051,2.99832,0.75051
12/25/2007,3.40473,0.73191,3.40473,0.73191,3.40473,0.73191
12/26/2007,3.42519,0.72168,3.42519,0.72168,3.42519,0.72168
12/27/2007,3.02436,0.71331,3.02436,0.71331,3.02436,0.71331
12/28/2007,3.03552,0.70029,3.03552,0.70029,3.03552,0.70029
12/29/2007,2.80488,0.69564,2.80488,0.69564,2.80488,0.69564
12/30/2007,2.00787,0.72447,2.00787,0.72447,2.00787,0.72447
12/31/2007,1.10856,0.72168,1.10856,0.72168,1.10856,0.72168
1/1/2008,0.95046,0.71331,0.95046,0.71331,0.95046,0.71331
1/2/2008,0.87048,0.70587,0.87048,0.70587,0.87048,0.70587
1/3/2008,1.23411,0.71145,1.23411,0.71145,1.23411,0.71145
1/4/2008,2.27106,0.74772,2.27106,0.74772,2.27106,0.74772
1/5/2008,5.10012,0.82119,5.10012,0.82119,5.10012,0.82119
1/6/2008,16.10667,0.87699,16.10667,0.87699,16.10667,0.87699
1/7/2008,5.46189,32.3919,5.46189,32.3919,5.46189,32.3919
1/8/2008,2.69793,56.61933,2.69793,56.61933,2.69793,56.61933
1/9/2008,2.06832,12.69357,2.06832,12.69357,2.06832,12.69357
1/10/2008,1.97718,6.79458,1.97718,6.79458,1.97718,6.79458
1/11/2008,1.80513,5.03037,1.80513,5.03037,1.80513,5.03037
1/12/2008,1.60332,4.00272,1.60332,4.00272,1.60332,4.00272
1/13/2008,1.43313,3.31824,1.43313,3.31824,1.43313,3.31824
1/14/2008,1.44057,2.79186,1.44057,2.79186,1.44057,2.79186
1/15/2008,35.05077,2.49891,35.05077,2.49891,35.05077,2.49891
1/16/2008,14.45499,2.29338,14.45499,2.29338,14.45499,2.29338
1/17/2008,35.42184,2.11482,35.42184,2.11482,35.42184,2.11482
1/18/2008,15.23061,2.14365,15.23061,2.14365,15.23061,2.14365
1/19/2008,9.26931,1.86186,9.26931,1.86186,9.26931,1.86186
1/20/2008,7.41303,1.8228,7.41303,1.8228,7.41303,1.8228
1/21/2008,12.1458,2.03856,12.1458,2.03856,12.1458,2.03856
1/22/2008,9.06471,1.77537,9.06471,1.77537,9.06471,1.77537
1/23/2008,6.04035,1.83861,6.04035,1.83861,6.04035,1.83861
1/24/2008,5.1801,1.69818,5.1801,1.69818,5.1801,1.69818
1/25/2008,5.28333,1.69818,5.28333,1.69818,5.28333,1.69818
1/26/2008,4.43982,1.65075,4.43982,1.65075,4.43982,1.65075
1/27/2008,3.8223,1.66935,3.8223,1.66935,3.8223,1.66935
1/28/2008,4.89738,150.37077,4.89738,150.37077,4.89738,150.37077
1/29/2008,26.96535,52.93281,26.96535,52.93281,26.96535,52.93281
1/30/2008,9.12981,23.41182,9.12981,23.41182,9.12981,23.41182
1/31/2008,6.00315,12.90375,6.00315,12.90375,6.00315,12.90375
2/1/2008,4.66674,7.8213,4.66674,7.8213,4.66674,7.8213
2/2/2008,3.88182,5.29356,3.88182,5.29356,3.88182,5.29356
2/3/2008,3.41124,4.05573,3.41124,4.05573,3.41124,4.05573
2/4/2008,3.14433,3.47634,3.14433,3.47634,3.14433,3.47634
2/5/2008,3.10713,8.84802,3.10713,8.84802,3.10713,8.84802
2/6/2008,15.24177,5.60883,15.24177,5.60883,15.24177,5.60883
2/7/2008,6.5937,3.63444,6.5937,3.63444,6.5937,3.63444
2/8/2008,3.84276,3.05505,3.84276,3.05505,3.84276,3.05505
2/9/2008,6.1659,2.87091,6.1659,2.87091,6.1659,2.87091
2/10/2008,4.26777,2.68584,4.26777,2.68584,4.26777,2.68584
2/11/2008,3.50889,2.63376,3.50889,2.63376,3.50889,2.63376
2/12/2008,3.23454,2.68584,3.23454,2.68584,3.23454,2.68584
2/13/2008,43.98156,2.76489,43.98156,2.76489,43.98156,2.76489
2/14/2008,23.30208,2.76489,23.30208,2.76489,23.30208,2.76489
2/15/2008,12.23322,2.84394,12.23322,2.84394,12.23322,2.84394
2/16/2008,10.47738,3.81858,10.47738,3.81858,10.47738,3.81858
2/17/2008,8.76153,5.92503,8.76153,5.92503,8.76153,5.92503
2/18/2008,6.71925,8.37465,6.71925,8.37465,6.71925,8.37465
2/19/2008,5.39028,6.34632,5.39028,6.34632,5.39028,6.34632
2/20/2008,6.02454,5.29356,6.02454,5.29356,6.02454,5.29356
2/21/2008,5.27961,4.89831,5.27961,4.89831,5.27961,4.89831
2/22/2008,4.19988,4.87227,4.19988,4.87227,4.19988,4.87227
2/23/2008,3.74976,4.39797,3.74976,4.39797,3.74976,4.39797
2/24/2008,3.58794,5.53071,3.58794,5.53071,3.58794,5.53071
2/25/2008,3.4224,4.5291,3.4224,4.5291,3.4224,4.5291
2/26/2008,3.71349,4.02876,3.71349,4.02876,3.71349,4.02876
2/27/2008,6.31191,3.60747,6.31191,3.60747,6.31191,3.60747
2/28/2008,4.1943,3.23919,4.1943,3.23919,4.1943,3.23919
2/29/2008,3.30243,3.05505,3.30243,3.05505,3.30243,3.05505
3/1/2008,3.02343,2.976,3.02343,2.976,3.02343,2.976
3/2/2008,2.87091,3.10713,2.87091,3.10713,2.87091,3.10713
3/3/2008,2.72118,3.10713,2.72118,3.10713,2.72118,3.10713
3/4/2008,2.62725,2.79186,2.62725,2.79186,2.62725,2.79186
3/5/2008,1.66935,2.47566,1.66935,2.47566,1.66935,2.47566
3/6/2008,0.72354,2.28036,0.72354,2.28036,0.72354,2.28036
3/7/2008,0.6231,2.1204,0.6231,2.1204,0.6231,2.1204
3/8/2008,0.58683,1.99578,0.58683,1.99578,0.58683,1.99578
3/9/2008,0.5859,1.94835,0.5859,1.94835,0.5859,1.94835
3/10/2008,0.55056,1.89627,0.55056,1.89627,0.55056,1.89627
3/11/2008,0.50127,1.83024,0.50127,1.83024,0.50127,1.83024
3/12/2008,0.47337,1.78002,0.47337,1.78002,0.47337,1.78002
3/13/2008,15.04647,1.75677,15.04647,1.75677,15.04647,1.75677
3/14/2008,5.50374,1.74375,5.50374,1.74375,5.50374,1.74375
3/15/2008,3.29685,1.74561,3.29685,1.74561,3.29685,1.74561
3/16/2008,9.49902,1.75398,9.49902,1.75398,9.49902,1.75398
3/17/2008,5.9799,1.74561,5.9799,1.74561,5.9799,1.74561
3/18/2008,5.23032,1.71957,5.23032,1.71957,5.23032,1.71957
3/19/2008,5.10105,1.6647,5.10105,1.6647,5.10105,1.6647
3/20/2008,3.26058,1.6089,3.26058,1.6089,3.26058,1.6089
3/21/2008,2.4645,1.53543,2.4645,1.53543,2.4645,1.53543
3/22/2008,2.12877,1.44615,2.12877,1.44615,2.12877,1.44615
3/23/2008,1.92882,1.33548,1.92882,1.33548,1.92882,1.33548
3/24/2008,1.70562,1.27503,1.70562,1.27503,1.70562,1.27503
3/25/2008,1.51962,1.24341,1.51962,1.24341,1.51962,1.24341
3/26/2008,1.52055,1.22202,1.52055,1.22202,1.52055,1.22202
3/27/2008,49.1784,1.21923,49.1784,1.21923,49.1784,1.21923
3/28/2008,12.72984,1.22202,12.72984,1.22202,12.72984,1.22202
3/29/2008,9.9045,1.21365,9.9045,1.21365,9.9045,1.21365
3/30/2008,6.94524,1.18761,6.94524,1.18761,6.94524,1.18761
3/31/2008,38.77728,1.16436,38.77728,1.16436,38.77728,1.16436
4/1/2008,25.9749,1.1718,25.9749,1.1718,25.9749,1.1718
4/2/2008,14.61402,1.20063,14.61402,1.20063,14.61402,1.20063
4/3/2008,12.32715,1.20621,12.32715,1.20621,12.32715,1.20621
4/4/2008,8.54763,1.18203,8.54763,1.18203,8.54763,1.18203
4/5/2008,6.62811,1.17459,6.62811,1.17459,6.62811,1.17459
4/6/2008,8.37093,1.16901,8.37093,1.16901,8.37093,1.16901
4/7/2008,6.02454,1.16436,6.02454,1.16436,6.02454,1.16436
4/8/2008,4.77927,1.1532,4.77927,1.1532,4.77927,1.1532
4/9/2008,4.30962,1.15599,4.30962,1.15599,4.30962,1.15599
4/10/2008,4.02318,1.14855,4.02318,1.14855,4.02318,1.14855
4/11/2008,3.81765,1.13274,3.81765,1.13274,3.81765,1.13274
4/12/2008,3.72372,1.11879,3.72372,1.11879,3.72372,1.11879
4/13/2008,17.44587,1.10856,17.44587,1.10856,17.44587,1.10856
4/14/2008,46.40421,1.10112,46.40421,1.10112,46.40421,1.10112
4/15/2008,16.00995,1.08717,16.00995,1.08717,16.00995,1.08717
4/16/2008,9.17538,1.07415,9.17538,1.07415,9.17538,1.07415
4/17/2008,7.03824,1.06113,7.03824,1.06113,7.03824,1.06113
4/18/2008,6.01617,1.05369,6.01617,1.05369,6.01617,1.05369
4/19/2008,5.32518,1.0509,5.32518,1.0509,5.32518,1.0509
4/20/2008,4.86204,1.03788,4.86204,1.03788,4.86204,1.03788
4/21/2008,25.27089,1.02486,25.27089,1.02486,25.27089,1.02486
4/22/2008,17.67186,1.01091,17.67186,1.01091,17.67186,1.01091
4/23/2008,9.71571,1.00626,9.71571,1.00626,9.71571,1.00626
4/24/2008,7.5144,0.9951,7.5144,0.9951,7.5144,0.9951
4/25/2008,6.47373,0.98208,6.47373,0.98208,6.47373,0.98208
4/26/2008,5.76414,0.96162,5.76414,0.96162,5.76414,0.96162
4/27/2008,5.20428,0.95604,5.20428,0.95604,5.20428,0.95604
4/28/2008,4.92528,0.94767,4.92528,0.94767,4.92528,0.94767
4/29/2008,6.65787,0.94767,6.65787,0.94767,6.65787,0.94767
4/30/2008,6.09708,0.94302,6.09708,0.94302,6.09708,0.94302
5/1/2008,5.12988,0.92442,5.12988,0.92442,5.12988,0.92442
5/2/2008,4.69929,0.92163,4.69929,0.92163,4.69929,0.92163
5/3/2008,4.48446,0.92163,4.48446,0.92163,4.48446,0.92163
5/4/2008,4.43424,0.91419,4.43424,0.91419,4.43424,0.91419
5/5/2008,4.61094,0.90303,4.61094,0.90303,4.61094,0.90303
5/6/2008,4.42494,0.89001,4.42494,0.89001,4.42494,0.89001
5/7/2008,4.06689,0.89559,4.06689,0.89559,4.06689,0.89559
5/8/2008,3.86229,0.88722,3.86229,0.88722,3.86229,0.88722
5/9/2008,3.14526,0.8742,3.14526,0.8742,3.14526,0.8742
5/10/2008,1.98648,0.8556,1.98648,0.8556,1.98648,0.8556
5/11/2008,1.80048,0.82956,1.80048,0.82956,1.80048,0.82956
5/12/2008,1.65354,0.81375,1.65354,0.81375,1.65354,0.81375
5/13/2008,1.48986,0.83514,1.48986,0.83514,1.48986,0.83514
5/14/2008,1.42848,0.86676,1.42848,0.86676,1.42848,0.86676
5/15/2008,1.40895,0.79794,1.40895,0.79794,1.40895,0.79794
5/16/2008,1.40709,0.77934,1.40709,0.77934,1.40709,0.77934
5/17/2008,1.34757,0.75609,1.34757,0.75609,1.34757,0.75609
5/18/2008,1.28061,0.73749,1.28061,0.73749,1.28061,0.73749
5/19/2008,1.26294,0.72912,1.26294,0.72912,1.26294,0.72912
5/20/2008,1.23411,0.74028,1.23411,0.74028,1.23411,0.74028
5/21/2008,1.18575,0.80352,1.18575,0.80352,1.18575,0.80352
5/22/2008,1.11321,0.82956,1.11321,0.82956,1.11321,0.82956
5/23/2008,1.04811,0.96906,1.04811,0.96906,1.04811,0.96906
5/24/2008,0.99882,1.07415,0.99882,1.07415,0.99882,1.07415
5/25/2008,0.9672,0.96627,0.9672,0.96627,0.9672,0.96627
5/26/2008,1.02021,0.91605,1.02021,0.91605,1.02021,0.91605
5/27/2008,1.13925,0.88443,1.13925,0.88443,1.13925,0.88443
5/28/2008,1.17552,0.84537,1.17552,0.84537,1.17552,0.84537
5/29/2008,1.04811,0.80073,1.04811,0.80073,1.04811,0.80073
5/30/2008,0.92256,0.78771,0.92256,0.78771,0.92256,0.78771
5/31/2008,0.88908,0.78771,0.88908,0.78771,0.88908,0.78771
6/1/2008,0.85467,0.75888,0.85467,0.75888,0.85467,0.75888
6/2/2008,0.81282,0.73191,0.81282,0.73191,0.81282,0.73191
6/3/2008,0.81561,0.71331,0.81561,0.71331,0.81561,0.71331
6/4/2008,0.90582,0.7347,0.90582,0.7347,0.90582,0.7347
6/5/2008,1.4415,0.71145,1.4415,0.71145,1.4415,0.71145
6/6/2008,1.29735,0.72447,1.29735,0.72447,1.29735,0.72447
6/7/2008,1.04532,0.72447,1.04532,0.72447,1.04532,0.72447
6/8/2008,0.9207,0.7347,0.9207,0.7347,0.9207,0.7347
6/9/2008,0.85653,0.72726,0.85653,0.72726,0.85653,0.72726
6/10/2008,0.94581,0.71331,0.94581,0.71331,0.94581,0.71331
6/11/2008,0.97743,0.71331,0.97743,0.71331,0.97743,0.71331
6/12/2008,0.88815,0.71331,0.88815,0.71331,0.88815,0.71331
6/13/2008,0.78306,0.74772,0.78306,0.74772,0.78306,0.74772
6/14/2008,0.7161,0.83514,0.7161,0.83514,0.7161,0.83514
6/15/2008,0.67518,0.87699,0.67518,0.87699,0.67518,0.87699
6/16/2008,0.63984,0.89001,0.63984,0.89001,0.63984,0.89001
6/17/2008,0.60543,0.88257,0.60543,0.88257,0.60543,0.88257
6/18/2008,0.60915,0.84816,0.60915,0.84816,0.60915,0.84816
6/19/2008,0.64263,0.82119,0.64263,0.82119,0.64263,0.82119
6/20/2008,0.64728,0.81096,0.64728,0.81096,0.64728,0.81096
6/21/2008,0.61752,0.81933,0.61752,0.81933,0.61752,0.81933
6/22/2008,0.60636,0.85839,0.60636,0.85839,0.60636,0.85839
6/23/2008,0.59241,0.86397,0.59241,0.86397,0.59241,0.86397
6/24/2008,0.55986,0.837,0.55986,0.837,0.55986,0.837
6/25/2008,0.55614,0.82398,0.55614,0.82398,0.55614,0.82398
6/26/2008,0.54591,0.84258,0.54591,0.84258,0.54591,0.84258
6/27/2008,0.52545,0.8556,0.52545,0.8556,0.52545,0.8556
6/28/2008,0.52266,0.91605,0.52266,0.91605,0.52266,0.91605
6/29/2008,0.51522,0.95046,0.51522,0.95046,0.51522,0.95046
6/30/2008,0.51336,0.96348,0.51336,0.96348,0.51336,0.96348
7/1/2008,0.50406,0.94767,0.50406,0.94767,0.50406,0.94767
7/2/2008,0.49197,0.93465,0.49197,0.93465,0.49197,0.93465
7/3/2008,0.46872,0.95604,0.46872,0.95604,0.46872,0.95604
7/4/2008,0.44454,0.90861,0.44454,0.90861,0.44454,0.90861
7/5/2008,0.41478,0.90303,0.41478,0.90303,0.41478,0.90303
7/6/2008,0.39153,0.93465,0.39153,0.93465,0.39153,0.93465
7/7/2008,0.38223,1.01928,0.38223,1.01928,0.38223,1.01928
7/8/2008,0.35805,0.97743,0.35805,0.97743,0.35805,0.97743
7/9/2008,0.34968,1.00068,0.34968,1.00068,0.34968,1.00068
7/10/2008,0.3069,0.93744,0.3069,0.93744,0.3069,0.93744
7/11/2008,0.31341,0.98487,0.31341,0.98487,0.31341,0.98487
7/12/2008,0.32271,1.15878,0.32271,1.15878,0.32271,1.15878
7/13/2008,0.33945,1.04811,0.33945,1.04811,0.33945,1.04811
7/14/2008,0.35526,1.18017,0.35526,1.18017,0.35526,1.18017
7/15/2008,0.3813,0.83514,0.3813,0.83514,0.3813,0.83514
7/16/2008,0.34689,0.72726,0.34689,0.72726,0.34689,0.72726
7/17/2008,0.35526,0.72726,0.35526,0.72726,0.35526,0.72726
7/18/2008,0.36642,0.73749,0.36642,0.73749,0.36642,0.73749
7/19/2008,0.37107,2.05437,0.37107,2.05437,0.37107,2.05437
7/20/2008,0.35991,2.00136,0.35991,2.00136,0.35991,2.00136
7/21/2008,0.36921,0.97464,0.36921,0.97464,0.36921,0.97464
7/22/2008,0.3534,0.60543,0.3534,0.60543,0.3534,0.60543
7/23/2008,0.33108,0.81654,0.33108,0.81654,0.33108,0.81654
7/24/2008,0.31806,0.89559,0.31806,0.89559,0.31806,0.89559
7/25/2008,0.31899,0.81654,0.31899,0.81654,0.31899,0.81654
7/26/2008,0.30969,2.73885,0.30969,2.73885,0.30969,2.73885
7/27/2008,0.30132,3.05505,0.30132,3.05505,0.30132,3.05505
7/28/2008,0.31062,2.05437,0.31062,2.05437,0.31062,2.05437
7/29/2008,0.29946,1.23225,0.29946,1.23225,0.29946,1.23225
7/30/2008,0.29853,0.84258,0.29853,0.84258,0.29853,0.84258
7/31/2008,0.28644,0.75051,0.28644,0.75051,0.28644,0.75051
8/1/2008,0.27528,0.69006,0.27528,0.69006,0.27528,0.69006
8/2/2008,0.24087,1.25085,0.24087,1.25085,0.24087,1.25085
8/3/2008,0.23808,1.03788,0.23808,1.03788,0.23808,1.03788
8/4/2008,0.2604,0.80817,0.2604,0.80817,0.2604,0.80817
8/5/2008,0.26877,0.78492,0.26877,0.78492,0.26877,0.78492
8/6/2008,0.2604,0.64542,0.2604,0.64542,0.2604,0.64542
8/7/2008,0.23994,0.5952,0.23994,0.5952,0.23994,0.5952
8/8/2008,0.23808,0.66867,0.23808,0.66867,0.23808,0.66867
8/9/2008,0.22878,0.87978,0.22878,0.87978,0.22878,0.87978
8/10/2008,0.21576,0.99324,0.21576,0.99324,0.21576,0.99324
8/11/2008,0.22134,0.96627,0.22134,0.96627,0.22134,0.96627
8/12/2008,0.21855,1.00626,0.21855,1.00626,0.21855,1.00626
8/13/2008,0.20553,0.98487,0.20553,0.98487,0.20553,0.98487
8/14/2008,0.19437,1.07136,0.19437,1.07136,0.19437,1.07136
8/15/2008,0.19344,1.10298,0.19344,1.10298,0.19344,1.10298
8/16/2008,0.19623,1.29828,0.19623,1.29828,0.19623,1.29828
8/17/2008,0.19065,1.75677,0.19065,1.75677,0.19065,1.75677
8/18/2008,0.20181,1.74096,0.20181,1.74096,0.20181,1.74096
8/19/2008,0.21204,1.59309,0.21204,1.59309,0.21204,1.59309
8/20/2008,0.21018,1.24806,0.21018,1.24806,0.21018,1.24806
8/21/2008,0.20646,0.96627,0.20646,0.96627,0.20646,0.96627
8/22/2008,0.20553,0.79236,0.20553,0.79236,0.20553,0.79236
8/23/2008,0.19809,0.67425,0.19809,0.67425,0.19809,0.67425
8/24/2008,0.19995,0.58683,0.19995,0.58683,0.19995,0.58683
8/25/2008,0.19437,0.56916,0.19437,0.56916,0.19437,0.56916
8/26/2008,0.17763,0.65565,0.17763,0.65565,0.17763,0.65565
8/27/2008,0.15903,0.8928,0.15903,0.8928,0.15903,0.8928
8/28/2008,0.13206,0.89559,0.13206,0.89559,0.13206,0.89559
8/29/2008,0.11997,0.83514,0.11997,0.83514,0.11997,0.83514
8/30/2008,0.11718,0.82956,0.11718,0.82956,0.11718,0.82956
8/31/2008,0.12927,1.0323,0.12927,1.0323,0.12927,1.0323
9/1/2008,0.1116,5.24055,0.1116,5.24055,0.1116,5.24055
9/2/2008,0.10416,2.84394,0.10416,2.84394,0.10416,2.84394
9/3/2008,0.10044,19.64532,0.10044,19.64532,0.10044,19.64532
9/4/2008,0.09765,4.39797,0.09765,4.39797,0.09765,4.39797
9/5/2008,0.08649,2.79186,0.08649,2.79186,0.08649,2.79186
9/6/2008,0.07068,1.98834,0.07068,1.98834,0.07068,1.98834
9/7/2008,0.06603,1.72515,0.06603,1.72515,0.06603,1.72515
9/8/2008,0.06789,1.49544,0.06789,1.49544,0.06789,1.49544
9/9/2008,0.06882,1.32711,0.06882,1.32711,0.06882,1.32711
9/10/2008,0.08184,1.61448,0.08184,1.61448,0.08184,1.61448
9/11/2008,0.08556,1.23783,0.08556,1.23783,0.08556,1.23783
9/12/2008,0.08463,1.09833,0.08463,1.09833,0.08463,1.09833
9/13/2008,0.08742,0.93465,0.08742,0.93465,0.08742,0.93465
9/14/2008,0.09765,0.81654,0.09765,0.81654,0.09765,0.81654
9/15/2008,0.10416,0.70866,0.10416,0.70866,0.10416,0.70866
9/16/2008,0.093,0.66123,0.093,0.66123,0.093,0.66123
9/17/2008,0.05859,0.64821,0.05859,0.64821,0.05859,0.64821
9/18/2008,0.03813,0.66402,0.03813,0.66402,0.03813,0.66402
9/19/2008,0.03069,0.65844,0.03069,0.65844,0.03069,0.65844
9/20/2008,0.04743,0.66123,0.04743,0.66123,0.04743,0.66123
9/21/2008,0.27528,0.67146,0.27528,0.67146,0.27528,0.67146
9/22/2008,0.46779,0.65007,0.46779,0.65007,0.46779,0.65007
9/23/2008,0.29016,0.65007,0.29016,0.65007,0.29016,0.65007
9/24/2008,0.2232,0.63984,0.2232,0.63984,0.2232,0.63984
9/25/2008,0.17763,0.62682,0.17763,0.62682,0.17763,0.62682
9/26/2008,0.14136,0.62682,0.14136,0.62682,0.14136,0.62682
9/27/2008,0.11532,0.64542,0.11532,0.64542,0.11532,0.64542
9/28/2008,0.10044,0.66402,0.10044,0.66402,0.10044,0.66402
9/29/2008,0.09021,0.65844,0.09021,0.65844,0.09021,0.65844
9/30/2008,0.08556,0.64263,0.08556,0.64263,0.08556,0.64263
10/1/2008,0.0837,0.64263,0.0837,0.64263,0.0837,0.64263
10/2/2008,0.09021,0.64821,0.09021,0.64821,0.09021,0.64821
10/3/2008,0.07719,0.66402,0.07719,0.66402,0.07719,0.66402
10/4/2008,0.06138,0.68448,0.06138,0.68448,0.06138,0.68448
10/5/2008,0.05859,0.79236,0.05859,0.79236,0.05859,0.79236
10/6/2008,0.05487,0.8556,0.05487,0.8556,0.05487,0.8556
10/7/2008,0.0651,0.76353,0.0651,0.76353,0.0651,0.76353
10/8/2008,0.0744,0.69285,0.0744,0.69285,0.0744,0.69285
10/9/2008,0.08091,0.66867,0.08091,0.66867,0.08091,0.66867
10/10/2008,0.07905,0.66402,0.07905,0.66402,0.07905,0.66402
10/11/2008,0.07161,0.7533,0.07161,0.7533,0.07161,0.7533
10/12/2008,0.06231,0.78492,0.06231,0.78492,0.06231,0.78492
10/13/2008,0.05394,0.70029,0.05394,0.70029,0.05394,0.70029
10/14/2008,0.0465,0.72726,0.0465,0.72726,0.0465,0.72726
10/15/2008,0.04185,0.72726,0.04185,0.72726,0.04185,0.72726
10/16/2008,0.03906,0.72912,0.03906,0.72912,0.03906,0.72912
10/17/2008,0.0372,0.69285,0.0372,0.69285,0.0372,0.69285
10/18/2008,0.03627,0.65007,0.03627,0.65007,0.03627,0.65007
10/19/2008,0.03255,0.64263,0.03255,0.64263,0.03255,0.64263
10/20/2008,0.21948,0.63705,0.21948,0.63705,0.21948,0.63705
10/21/2008,0.82491,0.63705,0.82491,0.63705,0.82491,0.63705
10/22/2008,0.82026,0.62682,0.82026,0.62682,0.82026,0.62682
10/23/2008,0.8556,0.61101,0.8556,0.61101,0.8556,0.61101
10/24/2008,0.86955,0.63984,0.86955,0.63984,0.86955,0.63984
10/25/2008,0.87327,0.64542,0.87327,0.64542,0.87327,0.64542
10/26/2008,0.85002,0.61845,0.85002,0.61845,0.85002,0.61845
10/27/2008,0.83328,0.63984,0.83328,0.63984,0.83328,0.63984
10/28/2008,0.82398,0.66123,0.82398,0.66123,0.82398,0.66123
10/29/2008,0.42687,0.69006,0.42687,0.69006,0.42687,0.69006
10/30/2008,0.15438,0.70029,0.15438,0.70029,0.15438,0.70029
10/31/2008,0.1116,0.70308,0.1116,0.70308,0.1116,0.70308
11/1/2008,0.10044,0.7161,0.10044,0.7161,0.10044,0.7161
11/2/2008,0.06975,0.76911,0.06975,0.76911,0.06975,0.76911
11/3/2008,0.04464,0.80073,0.04464,0.80073,0.04464,0.80073
11/4/2008,0.0279,0.81375,0.0279,0.81375,0.0279,0.81375
11/5/2008,0.01488,0.81654,0.01488,0.81654,0.01488,0.81654
11/6/2008,0.01023,0.81654,0.01023,0.81654,0.01023,0.81654
11/7/2008,0.01116,0.81933,0.01116,0.81933,0.01116,0.81933
11/8/2008,0.02139,0.837,0.02139,0.837,0.02139,0.837
11/9/2008,0.19716,0.87699,0.19716,0.87699,0.19716,0.87699
11/10/2008,0.27063,0.9114,0.27063,0.9114,0.27063,0.9114
11/11/2008,0.25017,0.90861,0.25017,0.90861,0.25017,0.90861
11/12/2008,6.52953,0.88257,6.52953,0.88257,6.52953,0.88257
11/13/2008,2.47938,0.97929,2.47938,0.97929,2.47938,0.97929
11/14/2008,2.09064,0.97185,2.09064,0.97185,2.09064,0.97185
11/15/2008,1.5252,0.93186,1.5252,0.93186,1.5252,0.93186
11/16/2008,0.81096,0.92442,0.81096,0.92442,0.81096,0.92442
11/17/2008,0.49755,0.9114,0.49755,0.9114,0.49755,0.9114
11/18/2008,0.34689,0.89838,0.34689,0.89838,0.34689,0.89838
11/19/2008,0.14601,0.88257,0.14601,0.88257,0.14601,0.88257
11/20/2008,0.39897,0.88257,0.39897,0.88257,0.39897,0.88257
11/21/2008,0.32457,0.87699,0.32457,0.87699,0.32457,0.87699
11/22/2008,0.30597,0.76074,0.30597,0.76074,0.30597,0.76074
11/23/2008,0.18693,0.73749,0.18693,0.73749,0.18693,0.73749
11/24/2008,0.11439,0.7719,0.11439,0.7719,0.11439,0.7719
11/25/2008,0.14229,0.80073,0.14229,0.80073,0.14229,0.80073
11/26/2008,3.5247,0.88722,3.5247,0.88722,3.5247,0.88722
11/27/2008,0.92721,0.99324,0.92721,0.99324,0.92721,0.99324
11/28/2008,0.45105,1.06392,0.45105,1.06392,0.45105,1.06392
11/29/2008,0.50406,0.9951,0.50406,0.9951,0.50406,0.9951
11/30/2008,0.43989,0.95325,0.43989,0.95325,0.43989,0.95325
12/1/2008,0.29016,0.92721,0.29016,0.92721,0.29016,0.92721
12/2/2008,0.17856,0.89838,0.17856,0.89838,0.17856,0.89838
12/3/2008,0.24924,0.84816,0.24924,0.84816,0.24924,0.84816
12/4/2008,12.71775,0.77934,12.71775,0.77934,12.71775,0.77934
12/5/2008,5.22381,0.7719,5.22381,0.7719,5.22381,0.7719
12/6/2008,3.10434,0.75609,3.10434,0.75609,3.10434,0.75609
12/7/2008,1.74468,0.75609,1.74468,0.75609,1.74468,0.75609
12/8/2008,1.0416,0.78492,1.0416,0.78492,1.0416,0.78492
12/9/2008,0.71052,0.82677,0.71052,0.82677,0.71052,0.82677
12/10/2008,4.82577,0.76911,4.82577,0.76911,4.82577,0.76911
12/11/2008,1.11507,0.72912,1.11507,0.72912,1.11507,0.72912
12/12/2008,0.63054,0.71145,0.63054,0.71145,0.63054,0.71145
12/13/2008,35.40882,0.69285,35.40882,0.69285,35.40882,0.69285
12/14/2008,25.43922,0.65007,25.43922,0.65007,25.43922,0.65007
12/15/2008,11.0391,0.65565,11.0391,0.65565,11.0391,0.65565
12/16/2008,5.61534,0.65286,5.61534,0.65286,5.61534,0.65286
12/17/2008,4.38867,0.61659,4.38867,0.61659,4.38867,0.61659
12/18/2008,2.79465,0.61845,2.79465,0.61845,2.79465,0.61845
12/19/2008,1.97811,0.63984,1.97811,0.63984,1.97811,0.63984
12/20/2008,1.53915,0.62961,1.53915,0.62961,1.53915,0.62961
12/21/2008,1.25829,0.60543,1.25829,0.60543,1.25829,0.60543
12/22/2008,0.98394,0.58962,0.98394,0.58962,0.98394,0.58962
12/23/2008,0.8091,0.62124,0.8091,0.62124,0.8091,0.62124
12/24/2008,0.72633,0.64821,0.72633,0.64821,0.72633,0.64821
12/25/2008,0.61287,0.67425,0.61287,0.67425,0.61287,0.67425
12/26/2008,0.49848,0.68448,0.49848,0.68448,0.49848,0.68448
12/27/2008,0.54684,0.7161,0.54684,0.7161,0.54684,0.7161
12/28/2008,0.558,0.75051,0.558,0.75051,0.558,0.75051
12/29/2008,0.41385,0.68169,0.41385,0.68169,0.41385,0.68169
12/30/2008,0.39711,0.65007,0.39711,0.65007,0.39711,0.65007
12/31/2008,0.39525,0.58683,0.39525,0.58683,0.39525,0.58683
1/1/2009,0.38595,0.52917,0.38595,0.52917,0.38595,0.52917
1/2/2009,0.36921,0.50592,0.36921,0.50592,0.36921,0.50592
1/3/2009,0.55893,0.52638,0.55893,0.52638,0.55893,0.52638
1/4/2009,0.6324,0.54777,0.6324,0.54777,0.6324,0.54777
1/5/2009,0.47895,0.58497,0.47895,0.58497,0.47895,0.58497
1/6/2009,0.36549,0.58683,0.36549,0.58683,0.36549,0.58683
1/7/2009,0.34596,0.54777,0.34596,0.54777,0.34596,0.54777
1/8/2009,0.2511,0.52638,0.2511,0.52638,0.2511,0.52638
1/9/2009,0.20367,0.50871,0.20367,0.50871,0.20367,0.50871
1/10/2009,0.68727,0.60078,0.68727,0.60078,0.68727,0.60078
1/11/2009,36.27279,0.6138,36.27279,0.6138,36.27279,0.6138
1/12/2009,9.63852,0.59241,9.63852,0.59241,9.63852,0.59241
1/13/2009,8.09193,0.60264,8.09193,0.60264,8.09193,0.60264
1/14/2009,6.4821,0.63984,6.4821,0.63984,6.4821,0.63984
1/15/2009,3.91251,0.64542,3.91251,0.64542,3.91251,0.64542
1/16/2009,2.52774,0.64542,2.52774,0.64542,2.52774,0.64542
1/17/2009,2.19294,0.65007,2.19294,0.65007,2.19294,0.65007
1/18/2009,3.4224,0.64821,3.4224,0.64821,3.4224,0.64821
1/19/2009,2.55936,0.64821,2.55936,0.64821,2.55936,0.64821
1/20/2009,1.9251,0.64542,1.9251,0.64542,1.9251,0.64542
1/21/2009,1.88511,0.64542,1.88511,0.64542,1.88511,0.64542
1/22/2009,8.25747,0.66867,8.25747,0.66867,8.25747,0.66867
1/23/2009,3.81021,0.7533,3.81021,0.7533,3.81021,0.7533
1/24/2009,2.1297,0.79794,2.1297,0.79794,2.1297,0.79794
1/25/2009,1.67493,0.92163,1.67493,0.92163,1.67493,0.92163
1/26/2009,1.45173,1.3299,1.45173,1.3299,1.45173,1.3299
1/27/2009,1.57449,1.30665,1.57449,1.30665,1.57449,1.30665
1/28/2009,7.44465,1.05648,7.44465,1.05648,7.44465,1.05648
1/29/2009,53.98278,0.93744,53.98278,0.93744,53.98278,0.93744
1/30/2009,65.15673,0.85095,65.15673,0.85095,65.15673,0.85095
1/31/2009,47.7369,0.76911,47.7369,0.76911,47.7369,0.76911
2/1/2009,22.45857,0.6975,22.45857,0.6975,22.45857,0.6975
2/2/2009,14.34246,0.64263,14.34246,0.64263,14.34246,0.64263
2/3/2009,10.67826,0.59799,10.67826,0.59799,10.67826,0.59799
2/4/2009,8.12541,0.55521,8.12541,0.55521,8.12541,0.55521
2/5/2009,7.25586,0.52638,7.25586,0.52638,7.25586,0.52638
2/6/2009,6.59649,0.51894,6.59649,0.51894,6.59649,0.51894
2/7/2009,5.78925,0.50871,5.78925,0.50871,5.78925,0.50871
2/8/2009,5.07966,0.54498,5.07966,0.54498,5.07966,0.54498
2/9/2009,4.63233,0.5394,4.63233,0.5394,4.63233,0.5394
2/10/2009,5.96316,0.558,5.96316,0.558,5.96316,0.558
2/11/2009,81.5889,0.58962,81.5889,0.58962,81.5889,0.58962
2/12/2009,68.11041,0.56916,68.11041,0.56916,68.11041,0.56916
2/13/2009,40.80003,0.52917,40.80003,0.52917,40.80003,0.52917
2/14/2009,21.20679,0.52638,21.20679,0.52638,21.20679,0.52638
2/15/2009,20.42187,0.51615,20.42187,0.51615,20.42187,0.51615
2/16/2009,67.87047,0.51615,67.87047,0.51615,67.87047,0.51615
2/17/2009,40.59078,0.51336,40.59078,0.51336,40.59078,0.51336
2/18/2009,19.9299,0.51894,19.9299,0.51894,19.9299,0.51894
2/19/2009,12.7596,0.51336,12.7596,0.51336,12.7596,0.51336
2/20/2009,9.61341,0.50592,9.61341,0.50592,9.61341,0.50592
2/21/2009,8.46951,0.50313,8.46951,0.50313,8.46951,0.50313
2/22/2009,7.39071,0.50313,7.39071,0.50313,7.39071,0.50313
2/23/2009,9.71664,0.49755,9.71664,0.49755,9.71664,0.49755
2/24/2009,7.35165,0.50313,7.35165,0.50313,7.35165,0.50313
2/25/2009,6.28122,0.49755,6.28122,0.49755,6.28122,0.49755
2/26/2009,10.90239,0.50034,10.90239,0.50034,10.90239,0.50034
2/27/2009,34.56159,0.53196,34.56159,0.53196,34.56159,0.53196
2/28/2009,13.31946,0.56358,13.31946,0.56358,13.31946,0.56358
3/1/2009,13.00977,0.56637,13.00977,0.56637,13.00977,0.56637
3/2/2009,10.79916,0.56079,10.79916,0.56079,10.79916,0.56079
3/3/2009,8.37279,0.56358,8.37279,0.56358,8.37279,0.56358
3/4/2009,7.03452,0.56637,7.03452,0.56637,7.03452,0.56637
3/5/2009,7.94313,0.55335,7.94313,0.55335,7.94313,0.55335
3/6/2009,6.05244,0.55056,6.05244,0.55056,6.05244,0.55056
3/7/2009,5.56233,0.54777,5.56233,0.54777,5.56233,0.54777
3/8/2009,5.20428,0.55521,5.20428,0.55521,5.20428,0.55521
3/9/2009,8.75688,0.60078,8.75688,0.60078,8.75688,0.60078
3/10/2009,16.17363,0.6138,16.17363,0.6138,16.17363,0.6138
3/11/2009,9.29349,0.59799,9.29349,0.59799,9.29349,0.59799
3/12/2009,8.71317,0.56637,8.71317,0.56637,8.71317,0.56637
3/13/2009,8.88429,0.56358,8.88429,0.56358,8.88429,0.56358
3/14/2009,11.05026,0.56079,11.05026,0.56079,11.05026,0.56079
3/15/2009,9.49995,0.55056,9.49995,0.55056,9.49995,0.55056
3/16/2009,7.46046,0.53475,7.46046,0.53475,7.46046,0.53475
3/17/2009,6.54441,0.51336,6.54441,0.51336,6.54441,0.51336
3/18/2009,9.86544,0.49755,9.86544,0.49755,9.86544,0.49755
3/19/2009,21.10821,0.48732,21.10821,0.48732,21.10821,0.48732
3/20/2009,14.05974,0.48732,14.05974,0.48732,14.05974,0.48732
3/21/2009,13.62915,0.48732,13.62915,0.48732,13.62915,0.48732
3/22/2009,10.10259,0.47151,10.10259,0.47151,10.10259,0.47151
3/23/2009,7.83339,0.46128,7.83339,0.46128,7.83339,0.46128
3/24/2009,6.64206,0.45849,6.64206,0.45849,6.64206,0.45849
3/25/2009,5.89155,0.45012,5.89155,0.45012,5.89155,0.45012
3/26/2009,5.27868,0.45012,5.27868,0.45012,5.27868,0.45012
3/27/2009,4.83786,0.45291,4.83786,0.45291,4.83786,0.45291
3/28/2009,4.49748,0.45012,4.49748,0.45012,4.49748,0.45012
3/29/2009,4.23336,0.4929,4.23336,0.4929,4.23336,0.4929
3/30/2009,4.05201,0.54498,4.05201,0.54498,4.05201,0.54498
3/31/2009,3.91716,0.55335,3.91716,0.55335,3.91716,0.55335
4/1/2009,3.77487,0.56637,3.77487,0.56637,3.77487,0.56637
4/2/2009,3.68745,0.56916,3.68745,0.56916,3.68745,0.56916
4/3/2009,3.5991,0.56637,3.5991,0.56637,3.5991,0.56637
4/4/2009,3.53307,0.56358,3.53307,0.56358,3.53307,0.56358
4/5/2009,3.44937,0.56079,3.44937,0.56079,3.44937,0.56079
4/6/2009,3.36474,0.57102,3.36474,0.57102,3.36474,0.57102
4/7/2009,15.30315,0.56637,15.30315,0.56637,15.30315,0.56637
4/8/2009,9.70176,0.56916,9.70176,0.56916,9.70176,0.56916
4/9/2009,5.67858,0.56916,5.67858,0.56916,5.67858,0.56916
4/10/2009,4.12641,0.56079,4.12641,0.56079,4.12641,0.56079
4/11/2009,2.48124,0.60822,2.48124,0.60822,2.48124,0.60822
4/12/2009,2.16132,0.66123,2.16132,0.66123,2.16132,0.66123
4/13/2009,1.93626,0.65007,1.93626,0.65007,1.93626,0.65007
4/14/2009,1.78467,0.61101,1.78467,0.61101,1.78467,0.61101
4/15/2009,1.74282,0.58497,1.74282,0.58497,1.74282,0.58497
4/16/2009,1.60797,0.55056,1.60797,0.55056,1.60797,0.55056
4/17/2009,1.45917,0.58683,1.45917,0.58683,1.45917,0.58683
4/18/2009,1.38663,0.60543,1.38663,0.60543,1.38663,0.60543
4/19/2009,1.30572,0.60543,1.30572,0.60543,1.30572,0.60543
4/20/2009,1.22109,0.58962,1.22109,0.58962,1.22109,0.58962
4/21/2009,1.15971,0.58962,1.15971,0.58962,1.15971,0.58962
4/22/2009,1.28526,0.5766,1.28526,0.5766,1.28526,0.5766
4/23/2009,1.34292,0.57381,1.34292,0.57381,1.34292,0.57381
4/24/2009,1.22295,0.57939,1.22295,0.57939,1.22295,0.57939
4/25/2009,1.11321,0.5766,1.11321,0.5766,1.11321,0.5766
4/26/2009,1.04067,0.57102,1.04067,0.57102,1.04067,0.57102
4/27/2009,0.95046,0.54498,0.95046,0.54498,0.95046,0.54498
4/28/2009,0.88536,0.58962,0.88536,0.58962,0.88536,0.58962
4/29/2009,0.86211,0.558,0.86211,0.558,0.86211,0.558
4/30/2009,0.8184,0.55335,0.8184,0.55335,0.8184,0.55335
5/1/2009,0.78306,0.54219,0.78306,0.54219,0.78306,0.54219
5/2/2009,0.75516,0.56637,0.75516,0.56637,0.75516,0.56637
5/3/2009,0.75702,0.58962,0.75702,0.58962,0.75702,0.58962
5/4/2009,0.80724,0.57939,0.80724,0.57939,0.80724,0.57939
5/5/2009,0.86397,0.56916,0.86397,0.56916,0.86397,0.56916
5/6/2009,0.95511,0.55521,0.95511,0.55521,0.95511,0.55521
5/7/2009,0.83607,0.58683,0.83607,0.58683,0.83607,0.58683
5/8/2009,0.77004,0.50592,0.77004,0.50592,0.77004,0.50592
5/9/2009,0.7161,0.48453,0.7161,0.48453,0.7161,0.48453
5/10/2009,0.6975,0.4743,0.6975,0.4743,0.6975,0.4743
5/11/2009,0.68727,0.46314,0.68727,0.46314,0.68727,0.46314
5/12/2009,0.66867,0.4557,0.66867,0.4557,0.66867,0.4557
5/13/2009,0.63798,0.49476,0.63798,0.49476,0.63798,0.49476
5/14/2009,0.64077,0.50871,0.64077,0.50871,0.64077,0.50871
5/15/2009,0.58776,0.61845,0.58776,0.61845,0.58776,0.61845
5/16/2009,0.56823,0.46872,0.56823,0.46872,0.56823,0.46872
5/17/2009,0.57474,0.44268,0.57474,0.44268,0.57474,0.44268
5/18/2009,0.50964,0.44268,0.50964,0.44268,0.50964,0.44268
5/19/2009,0.48825,0.43431,0.48825,0.43431,0.48825,0.43431
5/20/2009,0.44547,0.49011,0.44547,0.49011,0.44547,0.49011
5/21/2009,0.45105,0.56637,0.45105,0.56637,0.45105,0.56637
5/22/2009,0.48546,0.7161,0.48546,0.7161,0.48546,0.7161
5/23/2009,0.49104,0.7347,0.49104,0.7347,0.49104,0.7347
5/24/2009,0.48825,0.70308,0.48825,0.70308,0.48825,0.70308
5/25/2009,0.50034,0.67425,0.50034,0.67425,0.50034,0.67425
5/26/2009,0.49569,0.63426,0.49569,0.63426,0.49569,0.63426
5/27/2009,0.47616,0.57381,0.47616,0.57381,0.47616,0.57381
5/28/2009,0.48732,0.55056,0.48732,0.55056,0.48732,0.55056
5/29/2009,0.47988,0.50871,0.47988,0.50871,0.47988,0.50871
5/30/2009,0.48174,0.48732,0.48174,0.48732,0.48174,0.48732
5/31/2009,0.45198,0.49011,0.45198,0.49011,0.45198,0.49011
6/1/2009,0.42036,0.4743,0.42036,0.4743,0.42036,0.4743
6/2/2009,0.39525,0.45849,0.39525,0.45849,0.39525,0.45849
6/3/2009,0.38502,0.41571,0.38502,0.41571,0.38502,0.41571
6/4/2009,0.38967,0.41106,0.38967,0.41106,0.38967,0.41106
6/5/2009,0.40362,0.39246,0.40362,0.39246,0.40362,0.39246
6/6/2009,0.40176,0.39246,0.40176,0.39246,0.40176,0.39246
6/7/2009,0.38223,0.42408,0.38223,0.42408,0.38223,0.42408
6/8/2009,1.13739,0.47895,1.13739,0.47895,1.13739,0.47895
6/9/2009,5.01177,0.44733,5.01177,0.44733,5.01177,0.44733
6/10/2009,1.98183,0.57381,1.98183,0.57381,1.98183,0.57381
6/11/2009,1.23411,0.5394,1.23411,0.5394,1.23411,0.5394
6/12/2009,0.98022,0.49755,0.98022,0.49755,0.98022,0.49755
6/13/2009,0.80073,0.36642,0.80073,0.36642,0.80073,0.36642
6/14/2009,0.69192,0.29202,0.69192,0.29202,0.69192,0.29202
6/15/2009,0.61938,0.28737,0.61938,0.28737,0.61938,0.28737
6/16/2009,0.57939,0.33201,0.57939,0.33201,0.57939,0.33201
6/17/2009,0.55428,0.37386,0.55428,0.37386,0.55428,0.37386
6/18/2009,0.54591,0.48174,0.54591,0.48174,0.54591,0.48174
6/19/2009,0.55056,0.51615,0.55056,0.51615,0.55056,0.51615
6/20/2009,0.55335,0.56358,0.55335,0.56358,0.55335,0.56358
6/21/2009,0.56823,0.58497,0.56823,0.58497,0.56823,0.58497
6/22/2009,0.57009,0.56358,0.57009,0.56358,0.57009,0.56358
6/23/2009,0.5301,0.57102,0.5301,0.57102,0.5301,0.57102
6/24/2009,0.49476,0.65844,0.49476,0.65844,0.49476,0.65844
6/25/2009,0.44919,0.72447,0.44919,0.72447,0.44919,0.72447
6/26/2009,0.40548,0.7161,0.40548,0.7161,0.40548,0.7161
6/27/2009,0.37665,0.63984,0.37665,0.63984,0.37665,0.63984
6/28/2009,0.37572,0.57939,0.37572,0.57939,0.37572,0.57939
6/29/2009,0.39711,0.59241,0.39711,0.59241,0.39711,0.59241
6/30/2009,0.3813,0.55056,0.3813,0.55056,0.3813,0.55056
7/1/2009,0.39897,0.67146,0.39897,0.67146,0.39897,0.67146
7/2/2009,0.42036,0.54498,0.42036,0.54498,0.42036,0.54498
7/3/2009,0.41757,0.51615,0.41757,0.51615,0.41757,0.51615
7/4/2009,0.42036,0.44733,0.42036,0.44733,0.42036,0.44733
7/5/2009,0.43059,0.52638,0.43059,0.52638,0.43059,0.52638
7/6/2009,0.45663,0.4929,0.45663,0.4929,0.45663,0.4929
7/7/2009,0.4743,0.35061,0.4743,0.35061,0.4743,0.35061
7/8/2009,0.46314,0.27156,0.46314,0.27156,0.46314,0.27156
7/9/2009,0.43803,0.22692,0.43803,0.22692,0.43803,0.22692
7/10/2009,0.4278,0.19251,0.4278,0.19251,0.4278,0.19251
7/11/2009,0.40176,0.1767,0.40176,0.1767,0.40176,0.1767
7/12/2009,0.39246,0.23064,0.39246,0.23064,0.39246,0.23064
7/13/2009,0.37851,0.29202,0.37851,0.29202,0.37851,0.29202
7/14/2009,0.36921,0.33945,0.36921,0.33945,0.36921,0.33945
7/15/2009,0.36642,0.38409,0.36642,0.38409,0.36642,0.38409
7/16/2009,0.36177,0.38409,0.36177,0.38409,0.36177,0.38409
7/17/2009,0.35991,0.36828,0.35991,0.36828,0.35991,0.36828
7/18/2009,0.35526,0.35805,0.35526,0.35805,0.35526,0.35805
7/19/2009,0.35898,0.41385,0.35898,0.41385,0.35898,0.41385
7/20/2009,0.36921,0.33945,0.36921,0.33945,0.36921,0.33945
7/21/2009,0.37107,0.32922,0.37107,0.32922,0.37107,0.32922
7/22/2009,0.37665,0.31899,0.37665,0.31899,0.37665,0.31899
7/23/2009,0.37665,0.32922,0.37665,0.32922,0.37665,0.32922
7/24/2009,0.37851,0.558,0.37851,0.558,0.37851,0.558
7/25/2009,0.37572,0.45849,0.37572,0.45849,0.37572,0.45849
7/26/2009,0.36735,0.40548,0.36735,0.40548,0.36735,0.40548
7/27/2009,0.37851,0.38223,0.37851,0.38223,0.37851,0.38223
7/28/2009,0.37386,0.39246,0.37386,0.39246,0.37386,0.39246
7/29/2009,0.35805,0.36828,0.35805,0.36828,0.35805,0.36828
7/30/2009,0.35619,0.31062,0.35619,0.31062,0.35619,0.31062
7/31/2009,0.36642,0.35061,0.36642,0.35061,0.36642,0.35061
8/1/2009,0.39246,0.40827,0.39246,0.40827,0.39246,0.40827
8/2/2009,4.40541,0.41106,4.40541,0.41106,4.40541,0.41106
8/3/2009,6.50163,0.45012,6.50163,0.45012,6.50163,0.45012
8/4/2009,2.62818,0.44547,2.62818,0.44547,2.62818,0.44547
8/5/2009,1.58193,0.40269,1.58193,0.40269,1.58193,0.40269
8/6/2009,1.13925,0.35805,1.13925,0.35805,1.13925,0.35805
8/7/2009,0.87606,0.34503,0.87606,0.34503,0.87606,0.34503
8/8/2009,0.77562,0.33201,0.77562,0.33201,0.77562,0.33201
8/9/2009,0.7068,0.32922,0.7068,0.32922,0.7068,0.32922
8/10/2009,0.64914,0.31899,0.64914,0.31899,0.64914,0.31899
8/11/2009,0.60822,0.3162,0.60822,0.3162,0.60822,0.3162
8/12/2009,0.56823,0.32922,0.56823,0.32922,0.56823,0.32922
8/13/2009,0.53661,0.41106,0.53661,0.41106,0.53661,0.41106
8/14/2009,0.50313,0.52173,0.50313,0.52173,0.50313,0.52173
8/15/2009,0.45849,0.49476,0.45849,0.49476,0.45849,0.49476
8/16/2009,0.45663,0.45291,0.45663,0.45291,0.45663,0.45291
8/17/2009,0.45291,0.42966,0.45291,0.42966,0.45291,0.42966
8/18/2009,0.45012,0.40827,0.45012,0.40827,0.45012,0.40827
8/19/2009,0.42594,0.38967,0.42594,0.38967,0.42594,0.38967
8/20/2009,0.40455,0.39246,0.40455,0.39246,0.40455,0.39246
8/21/2009,0.39246,0.44268,0.39246,0.44268,0.39246,0.44268
8/22/2009,0.37944,0.51894,0.37944,0.51894,0.37944,0.51894
8/23/2009,0.3627,0.61101,0.3627,0.61101,0.3627,0.61101
8/24/2009,0.35805,0.68448,0.35805,0.68448,0.35805,0.68448
8/25/2009,0.35991,0.72447,0.35991,0.72447,0.35991,0.72447
8/26/2009,0.36363,0.82119,0.36363,0.82119,0.36363,0.82119
8/27/2009,0.36921,0.57102,0.36921,0.57102,0.36921,0.57102
8/28/2009,0.36549,0.45849,0.36549,0.45849,0.36549,0.45849
8/29/2009,0.36642,0.4557,0.36642,0.4557,0.36642,0.4557
8/30/2009,0.36456,0.45849,0.36456,0.45849,0.36456,0.45849
8/31/2009,0.35061,0.47895,0.35061,0.47895,0.35061,0.47895
9/1/2009,0.33852,0.44733,0.33852,0.44733,0.33852,0.44733
9/2/2009,0.31992,0.43989,0.31992,0.43989,0.31992,0.43989
9/3/2009,0.29853,0.42408,0.29853,0.42408,0.29853,0.42408
9/4/2009,0.279,0.48174,0.279,0.48174,0.279,0.48174
9/5/2009,0.28458,0.56916,0.28458,0.56916,0.28458,0.56916
9/6/2009,0.26412,0.57381,0.26412,0.57381,0.26412,0.57381
9/7/2009,0.25575,0.60822,0.25575,0.60822,0.25575,0.60822
9/8/2009,0.23064,0.58962,0.23064,0.58962,0.23064,0.58962
9/9/2009,0.21576,0.54219,0.21576,0.54219,0.21576,0.54219
9/10/2009,0.23994,0.47895,0.23994,0.47895,0.23994,0.47895
9/11/2009,0.28644,0.54777,0.28644,0.54777,0.28644,0.54777
9/12/2009,0.36177,0.56079,0.36177,0.56079,0.36177,0.56079
9/13/2009,0.34131,0.5766,0.34131,0.5766,0.34131,0.5766
9/14/2009,0.34596,0.53754,0.34596,0.53754,0.34596,0.53754
9/15/2009,0.27621,0.49011,0.27621,0.49011,0.27621,0.49011
9/16/2009,0.27528,0.45012,0.27528,0.45012,0.27528,0.45012
9/17/2009,0.2604,0.45291,0.2604,0.45291,0.2604,0.45291
9/18/2009,0.25947,0.50592,0.25947,0.50592,0.25947,0.50592
9/19/2009,0.279,0.58962,0.279,0.58962,0.279,0.58962
9/20/2009,0.28644,0.82956,0.28644,0.82956,0.28644,0.82956
9/21/2009,0.28551,0.86397,0.28551,0.86397,0.28551,0.86397
9/22/2009,0.26505,0.60543,0.26505,0.60543,0.26505,0.60543
9/23/2009,0.26784,0.48174,0.26784,0.48174,0.26784,0.48174
9/24/2009,0.32736,0.43989,0.32736,0.43989,0.32736,0.43989
9/25/2009,0.34596,0.42966,0.34596,0.42966,0.34596,0.42966
9/26/2009,0.28737,0.43152,0.28737,0.43152,0.28737,0.43152
9/27/2009,0.25761,0.42408,0.25761,0.42408,0.25761,0.42408
9/28/2009,0.23529,0.41106,0.23529,0.41106,0.23529,0.41106
9/29/2009,0.23343,0.40548,0.23343,0.40548,0.23343,0.40548
9/30/2009,0.26505,0.40827,0.26505,0.40827,0.26505,0.40827
10/1/2009,0.30969,0.39525,0.30969,0.39525,0.30969,0.39525
10/2/2009,0.42036,0.39804,0.42036,0.39804,0.42036,0.39804
10/3/2009,0.55242,0.40827,0.55242,0.40827,0.55242,0.40827
10/4/2009,1.1346,0.4371,1.1346,0.4371,1.1346,0.4371
10/5/2009,0.77469,0.43152,0.77469,0.43152,0.77469,0.43152
10/6/2009,0.53661,0.43989,0.53661,0.43989,0.53661,0.43989
10/7/2009,0.53754,0.44733,0.53754,0.44733,0.53754,0.44733
10/8/2009,0.45198,0.43152,0.45198,0.43152,0.45198,0.43152
10/9/2009,0.35619,0.42687,0.35619,0.42687,0.35619,0.42687
10/10/2009,0.29481,0.42408,0.29481,0.42408,0.29481,0.42408
10/11/2009,0.27714,0.4185,0.27714,0.4185,0.27714,0.4185
10/12/2009,0.26784,0.42408,0.26784,0.42408,0.26784,0.42408
10/13/2009,0.27993,0.42408,0.27993,0.42408,0.27993,0.42408
10/14/2009,0.26877,0.4185,0.26877,0.4185,0.26877,0.4185
10/15/2009,0.27435,0.41385,0.27435,0.41385,0.27435,0.41385
10/16/2009,0.24738,0.40548,0.24738,0.40548,0.24738,0.40548
10/17/2009,0.23436,0.39804,0.23436,0.39804,0.23436,0.39804
10/18/2009,0.29853,0.39804,0.29853,0.39804,0.29853,0.39804
10/19/2009,0.465,0.41385,0.465,0.41385,0.465,0.41385
10/20/2009,0.37386,0.41106,0.37386,0.41106,0.37386,0.41106
10/21/2009,0.31434,0.41571,0.31434,0.41571,0.31434,0.41571
10/22/2009,0.26412,0.42408,0.26412,0.42408,0.26412,0.42408
10/23/2009,0.23808,0.42408,0.23808,0.42408,0.23808,0.42408
10/24/2009,0.22134,0.41385,0.22134,0.41385,0.22134,0.41385
10/25/2009,0.20646,0.41571,0.20646,0.41571,0.20646,0.41571
10/26/2009,0.19251,0.41385,0.19251,0.41385,0.19251,0.41385
10/27/2009,0.18786,0.42966,0.18786,0.42966,0.18786,0.42966
10/28/2009,0.19809,0.38688,0.19809,0.38688,0.19809,0.38688
10/29/2009,0.81561,0.38409,0.81561,0.38409,0.81561,0.38409
10/30/2009,2.97228,0.40548,2.97228,0.40548,2.97228,0.40548
10/31/2009,2.19108,0.42408,2.19108,0.42408,2.19108,0.42408
11/1/2009,1.34571,0.43152,1.34571,0.43152,1.34571,0.43152
11/2/2009,1.02207,0.42687,1.02207,0.42687,1.02207,0.42687
11/3/2009,1.11879,0.41571,1.11879,0.41571,1.11879,0.41571
11/4/2009,0.80724,0.39804,0.80724,0.39804,0.80724,0.39804
11/5/2009,0.72726,0.35526,0.72726,0.35526,0.72726,0.35526
11/6/2009,1.17552,0.3348,1.17552,0.3348,1.17552,0.3348
11/7/2009,0.72261,0.3348,0.72261,0.3348,0.72261,0.3348
11/8/2009,0.59241,0.33201,0.59241,0.33201,0.59241,0.33201
11/9/2009,0.43059,0.32922,0.43059,0.32922,0.43059,0.32922
11/10/2009,0.40548,0.3348,0.40548,0.3348,0.40548,0.3348
11/11/2009,0.38316,0.3348,0.38316,0.3348,0.38316,0.3348
11/12/2009,0.35247,0.34224,0.35247,0.34224,0.35247,0.34224
11/13/2009,0.30876,0.34782,0.30876,0.34782,0.30876,0.34782
11/14/2009,0.26598,0.35061,0.26598,0.35061,0.26598,0.35061
11/15/2009,0.23436,0.35247,0.23436,0.35247,0.23436,0.35247
11/16/2009,0.22413,0.35247,0.22413,0.35247,0.22413,0.35247
11/17/2009,0.24831,0.36363,0.24831,0.36363,0.24831,0.36363
11/18/2009,0.34782,0.36828,0.34782,0.36828,0.34782,0.36828
11/19/2009,0.55521,0.36084,0.55521,0.36084,0.55521,0.36084
11/20/2009,0.68448,0.33666,0.68448,0.33666,0.68448,0.33666
11/21/2009,2.82255,0.34503,2.82255,0.34503,2.82255,0.34503
11/22/2009,4.14129,0.35247,4.14129,0.35247,4.14129,0.35247
11/23/2009,2.39754,0.36642,2.39754,0.36642,2.39754,0.36642
11/24/2009,1.63029,0.37665,1.63029,0.37665,1.63029,0.37665
11/25/2009,2.66724,0.36642,2.66724,0.36642,2.66724,0.36642
11/26/2009,2.23944,0.34224,2.23944,0.34224,2.23944,0.34224
11/27/2009,5.39865,0.33945,5.39865,0.33945,5.39865,0.33945
11/28/2009,2.2041,0.33945,2.2041,0.33945,2.2041,0.33945
11/29/2009,1.48521,0.34782,1.48521,0.34782,1.48521,0.34782
11/30/2009,1.2183,0.36363,1.2183,0.36363,1.2183,0.36363
12/1/2009,0.90675,0.36828,0.90675,0.36828,0.90675,0.36828
12/2/2009,1.03602,0.35805,1.03602,0.35805,1.03602,0.35805
12/3/2009,1.36617,0.34224,1.36617,0.34224,1.36617,0.34224
12/4/2009,0.9021,0.33666,0.9021,0.33666,0.9021,0.33666
12/5/2009,0.70215,0.34503,0.70215,0.34503,0.70215,0.34503
12/6/2009,0.64542,0.33945,0.64542,0.33945,0.64542,0.33945
12/7/2009,0.72354,0.33945,0.72354,0.33945,0.72354,0.33945
12/8/2009,0.85746,0.39804,0.85746,0.39804,0.85746,0.39804
12/9/2009,0.90117,0.41571,0.90117,0.41571,0.90117,0.41571
12/10/2009,0.60264,0.41385,0.60264,0.41385,0.60264,0.41385
12/11/2009,0.60636,0.39804,0.60636,0.39804,0.60636,0.39804
12/12/2009,2.69886,0.37944,2.69886,0.37944,2.69886,0.37944
12/13/2009,1.71585,0.36828,1.71585,0.36828,1.71585,0.36828
12/14/2009,2.1948,0.37665,2.1948,0.37665,2.1948,0.37665
12/15/2009,2.69607,0.37386,2.69607,0.37386,2.69607,0.37386
12/16/2009,1.92045,0.36828,1.92045,0.36828,1.92045,0.36828
12/17/2009,1.40337,0.36084,1.40337,0.36084,1.40337,0.36084
12/18/2009,1.07322,0.35247,1.07322,0.35247,1.07322,0.35247
12/19/2009,0.84351,0.35061,0.84351,0.35061,0.84351,0.35061
12/20/2009,0.93465,0.35061,0.93465,0.35061,0.93465,0.35061
12/21/2009,11.23812,0.35061,11.23812,0.35061,11.23812,0.35061
12/22/2009,2.74536,0.35526,2.74536,0.35526,2.74536,0.35526
12/23/2009,1.56798,0.38223,1.56798,0.38223,1.56798,0.38223
12/24/2009,1.2369,0.37944,1.2369,0.37944,1.2369,0.37944
12/25/2009,1.06764,0.36828,1.06764,0.36828,1.06764,0.36828
12/26/2009,1.33548,0.35805,1.33548,0.35805,1.33548,0.35805
12/27/2009,1.67121,0.34782,1.67121,0.34782,1.67121,0.34782
12/28/2009,1.52892,0.34503,1.52892,0.34503,1.52892,0.34503
12/29/2009,1.10391,0.34782,1.10391,0.34782,1.10391,0.34782
12/30/2009,0.98115,0.35061,0.98115,0.35061,0.98115,0.35061
12/31/2009,1.12251,0.35061,1.12251,0.35061,1.12251,0.35061
1/1/2010,0.84723,0.35805,0.84723,0.35805,0.84723,0.35805
1/2/2010,7.02336,0.35805,7.02336,0.35805,7.02336,0.35805
1/3/2010,5.73531,0.35061,5.73531,0.35061,5.73531,0.35061
1/4/2010,3.43821,0.34782,3.43821,0.34782,3.43821,0.34782
1/5/2010,2.68212,0.35247,2.68212,0.35247,2.68212,0.35247
1/6/2010,2.32035,0.35247,2.32035,0.35247,2.32035,0.35247
1/7/2010,2.32221,0.35247,2.32221,0.35247,2.32221,0.35247
1/8/2010,3.34986,0.35061,3.34986,0.35061,3.34986,0.35061
1/9/2010,6.08034,0.35247,6.08034,0.35247,6.08034,0.35247
1/10/2010,2.62353,0.35526,2.62353,0.35526,2.62353,0.35526
1/11/2010,2.86998,0.34503,2.86998,0.34503,2.86998,0.34503
1/12/2010,35.17446,0.33666,35.17446,0.33666,35.17446,0.33666
1/13/2010,6.83829,0.33666,6.83829,0.33666,6.83829,0.33666
1/14/2010,7.93848,0.33945,7.93848,0.33945,7.93848,0.33945
1/15/2010,3.23919,0.33945,3.23919,0.33945,3.23919,0.33945
1/16/2010,8.37465,0.34224,8.37465,0.34224,8.37465,0.34224
1/17/2010,3.86694,0.34782,3.86694,0.34782,3.86694,0.34782
1/18/2010,2.94903,0.35247,2.94903,0.35247,2.94903,0.35247
1/19/2010,2.50914,0.37107,2.50914,0.37107,2.50914,0.37107
1/20/2010,2.33337,0.42129,2.33337,0.42129,2.33337,0.42129
1/21/2010,5.30193,0.52917,5.30193,0.52917,5.30193,0.52917
1/22/2010,5.27682,62.67642,5.27682,62.67642,5.27682,62.67642
1/23/2010,4.80531,20.35677,4.80531,20.35677,4.80531,20.35677
1/24/2010,4.2222,8.92707,4.2222,8.92707,4.2222,8.92707
1/25/2010,37.66035,5.05641,37.66035,5.05641,37.66035,5.05641
1/26/2010,13.68588,3.4503,13.68588,3.4503,13.68588,3.4503
1/27/2010,81.46335,3.2922,81.46335,3.2922,81.46335,3.2922
1/28/2010,45.68439,25.9656,45.68439,25.9656,45.68439,25.9656
1/29/2010,22.83708,30.54864,22.83708,30.54864,22.83708,30.54864
1/30/2010,16.54098,21.56763,16.54098,21.56763,16.54098,21.56763
1/31/2010,12.93258,17.82903,12.93258,17.82903,12.93258,17.82903
2/1/2010,9.93891,13.21995,9.93891,13.21995,9.93891,13.21995
2/2/2010,7.7748,8.79594,7.7748,8.79594,7.7748,8.79594
2/3/2010,6.47187,8.00544,6.47187,8.00544,6.47187,8.00544
2/4/2010,6.28494,15.40545,6.28494,15.40545,6.28494,15.40545
2/5/2010,7.53672,11.03445,7.53672,11.03445,7.53672,11.03445
2/6/2010,6.00036,7.47906,6.00036,7.47906,6.00036,7.47906
2/7/2010,4.78485,6.29424,4.78485,6.29424,4.78485,6.29424
2/8/2010,4.06689,8.63784,4.06689,8.63784,4.06689,8.63784
2/9/2010,3.5619,6.45234,3.5619,6.45234,3.5619,6.45234
2/10/2010,3.14898,5.03037,3.14898,5.03037,3.14898,5.03037
2/11/2010,2.83092,4.5291,2.83092,4.5291,2.83092,4.5291
2/12/2010,2.59656,4.42401,2.59656,4.42401,2.59656,4.42401
2/13/2010,2.48217,4.00272,2.48217,4.00272,2.48217,4.00272
2/14/2010,2.64492,3.76557,2.64492,3.76557,2.64492,3.76557
2/15/2010,2.42358,4.31892,2.42358,4.31892,2.42358,4.31892
2/16/2010,2.49333,5.03037,2.49333,5.03037,2.49333,5.03037
2/17/2010,3.1806,4.81926,3.1806,4.81926,3.1806,4.81926
2/18/2010,2.83743,5.05641,2.83743,5.05641,2.83743,5.05641
2/19/2010,2.42172,5.3196,2.42172,5.3196,2.42172,5.3196
2/20/2010,2.22456,5.6358,2.22456,5.6358,2.22456,5.6358
2/21/2010,2.06925,5.952,2.06925,5.952,2.06925,5.952
2/22/2010,1.93812,8.16354,1.93812,8.16354,1.93812,8.16354
2/23/2010,1.85442,13.27296,1.85442,13.27296,1.85442,13.27296
2/24/2010,1.78281,10.9554,1.78281,10.9554,1.78281,10.9554
2/25/2010,1.72608,12.16626,1.72608,12.16626,1.72608,12.16626
2/26/2010,1.7112,18.98688,1.7112,18.98688,1.7112,18.98688
2/27/2010,1.81257,15.19527,1.81257,15.19527,1.81257,15.19527
2/28/2010,1.71864,13.43106,1.71864,13.43106,1.71864,13.43106
3/1/2010,1.63308,13.06185,1.63308,13.06185,1.63308,13.06185
3/2/2010,1.59123,13.00977,1.59123,13.00977,1.59123,13.00977
3/3/2010,2.87556,13.03581,2.87556,13.03581,2.87556,13.03581
3/4/2010,2.17527,13.11486,2.17527,13.11486,2.17527,13.11486
3/5/2010,2.67468,13.43106,2.67468,13.43106,2.67468,13.43106
3/6/2010,2.8551,13.9314,2.8551,13.9314,2.8551,13.9314
3/7/2010,1.26387,18.38145,1.26387,18.38145,1.26387,18.38145
3/8/2010,0.88629,11.48178,0.88629,11.48178,0.88629,11.48178
3/9/2010,0.72261,9.55947,0.72261,9.55947,0.72261,9.55947
3/10/2010,0.63798,8.53275,0.63798,8.53275,0.63798,8.53275
3/11/2010,0.58497,7.95336,0.58497,7.95336,0.58497,7.95336
3/12/2010,0.55149,7.37397,0.55149,7.37397,0.55149,7.37397
3/13/2010,0.52173,7.11078,0.52173,7.11078,0.52173,7.11078
3/14/2010,0.51057,6.89967,0.51057,6.89967,0.51057,6.89967
3/15/2010,0.47058,6.84666,0.47058,6.84666,0.47058,6.84666
3/16/2010,0.5022,6.58347,0.5022,6.58347,0.5022,6.58347
3/17/2010,0.90303,6.1101,0.90303,6.1101,0.90303,6.1101
3/18/2010,2.92206,6.32028,2.92206,6.32028,2.92206,6.32028
3/19/2010,1.70376,6.89967,1.70376,6.89967,1.70376,6.89967
3/20/2010,0.94116,7.13682,0.94116,7.13682,0.94116,7.13682
3/21/2010,0.83514,6.97872,0.83514,6.97872,0.83514,6.97872
3/22/2010,0.64635,7.24191,0.64635,7.24191,0.64635,7.24191
3/23/2010,1.06578,7.32096,1.06578,7.32096,1.06578,7.32096
3/24/2010,2.51286,7.61112,2.51286,7.61112,2.51286,7.61112
3/25/2010,1.92789,7.47906,1.92789,7.47906,1.92789,7.47906
3/26/2010,1.13367,6.87363,1.13367,6.87363,1.13367,6.87363
3/27/2010,0.78027,6.74157,0.78027,6.74157,0.78027,6.74157
3/28/2010,0.67332,6.84666,0.67332,6.84666,0.67332,6.84666
3/29/2010,0.63426,8.00544,0.63426,8.00544,0.63426,8.00544
3/30/2010,0.5952,9.61248,0.5952,9.61248,0.5952,9.61248
3/31/2010,0.68448,4.13478,0.68448,4.13478,0.68448,4.13478
4/1/2010,0.87141,2.92299,0.87141,2.92299,0.87141,2.92299
4/2/2010,1.25736,2.87091,1.25736,2.87091,1.25736,2.87091
4/3/2010,1.13925,2.5389,1.13925,2.5389,1.13925,2.5389
4/4/2010,1.09926,2.32314,1.09926,2.32314,1.09926,2.32314
4/5/2010,5.26938,2.23014,5.26938,2.23014,5.26938,2.23014
4/6/2010,4.02969,2.23572,4.02969,2.23572,4.02969,2.23572
4/7/2010,2.47287,2.19108,2.47287,2.19108,2.47287,2.19108
4/8/2010,1.99392,2.03577,1.99392,2.03577,1.99392,2.03577
4/9/2010,2.01438,1.95951,2.01438,1.95951,2.01438,1.95951
4/10/2010,1.63215,1.89069,1.63215,1.89069,1.63215,1.89069
4/11/2010,1.34013,1.83861,1.34013,1.83861,1.34013,1.83861
4/12/2010,1.17459,1.82745,1.17459,1.82745,1.17459,1.82745
4/13/2010,1.03881,1.80141,1.03881,1.80141,1.03881,1.80141
4/14/2010,0.88722,1.81722,0.88722,1.81722,0.88722,1.81722
4/15/2010,0.79887,1.7856,0.79887,1.7856,0.79887,1.7856
4/16/2010,0.75702,1.75677,0.75702,1.75677,0.75702,1.75677
4/17/2010,1.40058,1.74561,1.40058,1.74561,1.40058,1.74561
4/18/2010,1.00068,1.74375,1.00068,1.74375,1.00068,1.74375
4/19/2010,0.82863,1.74096,0.82863,1.74096,0.82863,1.74096
4/20/2010,0.74958,1.73538,0.74958,1.73538,0.74958,1.73538
4/21/2010,0.94953,1.71213,0.94953,1.71213,0.94953,1.71213
4/22/2010,0.82119,1.69353,0.82119,1.69353,0.82119,1.69353
4/23/2010,0.32643,1.68516,0.32643,1.68516,0.32643,1.68516
4/24/2010,0.20925,1.65075,0.20925,1.65075,0.20925,1.65075
4/25/2010,0.1302,1.57728,0.1302,1.57728,0.1302,1.57728
4/26/2010,0.08184,1.43499,0.08184,1.43499,0.08184,1.43499
4/27/2010,0.1302,1.23783,0.1302,1.23783,0.1302,1.23783
4/28/2010,0.15624,1.1346,0.15624,1.1346,0.15624,1.1346
4/29/2010,0.06882,1.05648,0.06882,1.05648,0.06882,1.05648
4/30/2010,0.00279,1.01091,0.00279,1.01091,0.00279,1.01091
5/1/2010,0,1.0137,0,1.0137,0,1.0137
5/2/2010,0,1.0509,0,1.0509,0,1.0509
5/3/2010,0.00651,1.09833,0.00651,1.09833,0.00651,1.09833
5/4/2010,0,1.0509,0,1.0509,0,1.0509
5/5/2010,0.03813,0.96627,0.03813,0.96627,0.03813,0.96627
5/6/2010,0.29574,0.91419,0.29574,0.91419,0.29574,0.91419
5/7/2010,0.37386,0.94302,0.37386,0.94302,0.37386,0.94302
5/8/2010,0.39897,0.91419,0.39897,0.91419,0.39897,0.91419
5/9/2010,0.41664,0.78213,0.41664,0.78213,0.41664,0.78213
5/10/2010,0.43431,0.78492,0.43431,0.78492,0.43431,0.78492
5/11/2010,0.41106,0.78213,0.41106,0.78213,0.41106,0.78213
5/12/2010,0.3906,0.77934,0.3906,0.77934,0.3906,0.77934
5/13/2010,0.3906,0.76353,0.3906,0.76353,0.3906,0.76353
5/14/2010,0.37107,0.72726,0.37107,0.72726,0.37107,0.72726
5/15/2010,0.37386,0.70308,0.37386,0.70308,0.37386,0.70308
5/16/2010,0.36363,0.68727,0.36363,0.68727,0.36363,0.68727
5/17/2010,0.34782,0.67983,0.34782,0.67983,0.34782,0.67983
5/18/2010,0.34131,0.69285,0.34131,0.69285,0.34131,0.69285
5/19/2010,0.33573,0.67425,0.33573,0.67425,0.33573,0.67425
5/20/2010,0.32271,0.64542,0.32271,0.64542,0.32271,0.64542
5/21/2010,0.31992,0.65844,0.31992,0.65844,0.31992,0.65844
5/22/2010,0.31434,0.61659,0.31434,0.61659,0.31434,0.61659
5/23/2010,0.3069,0.59799,0.3069,0.59799,0.3069,0.59799
5/24/2010,0.30876,0.61845,0.30876,0.61845,0.30876,0.61845
5/25/2010,0.30132,0.61101,0.30132,0.61101,0.30132,0.61101
5/26/2010,0.2883,0.56916,0.2883,0.56916,0.2883,0.56916
5/27/2010,0.28551,0.63426,0.28551,0.63426,0.28551,0.63426
5/28/2010,0.28086,0.67983,0.28086,0.67983,0.28086,0.67983
5/29/2010,0.26598,0.65286,0.26598,0.65286,0.26598,0.65286
5/30/2010,0.26598,0.64263,0.26598,0.64263,0.26598,0.64263
5/31/2010,0.25482,0.65007,0.25482,0.65007,0.25482,0.65007
6/1/2010,0.2604,0.63426,0.2604,0.63426,0.2604,0.63426
6/2/2010,0.24273,0.60543,0.24273,0.60543,0.24273,0.60543
6/3/2010,0.23343,0.58683,0.23343,0.58683,0.23343,0.58683
6/4/2010,0.24645,0.56358,0.24645,0.56358,0.24645,0.56358
6/5/2010,0.23436,0.55521,0.23436,0.55521,0.23436,0.55521
6/6/2010,0.22785,0.54777,0.22785,0.54777,0.22785,0.54777
6/7/2010,0.24459,0.53196,0.24459,0.53196,0.24459,0.53196
6/8/2010,0.24645,0.50313,0.24645,0.50313,0.24645,0.50313
6/9/2010,0.23529,0.4929,0.23529,0.4929,0.23529,0.4929
6/10/2010,0.23529,0.49476,0.23529,0.49476,0.23529,0.49476
6/11/2010,0.23994,0.52917,0.23994,0.52917,0.23994,0.52917
6/12/2010,0.25761,0.52452,0.25761,0.52452,0.25761,0.52452
6/13/2010,0.25668,0.54777,0.25668,0.54777,0.25668,0.54777
6/14/2010,0.24459,0.55335,0.24459,0.55335,0.24459,0.55335
6/15/2010,0.23529,0.55335,0.23529,0.55335,0.23529,0.55335
6/16/2010,0.24087,0.56358,0.24087,0.56358,0.24087,0.56358
6/17/2010,0.23901,0.57102,0.23901,0.57102,0.23901,0.57102
6/18/2010,0.22227,0.54777,0.22227,0.54777,0.22227,0.54777
6/19/2010,0.20646,0.5394,0.20646,0.5394,0.20646,0.5394
6/20/2010,0.21762,0.5394,0.21762,0.5394,0.21762,0.5394
6/21/2010,0.22599,0.54777,0.22599,0.54777,0.22599,0.54777
6/22/2010,0.21855,0.58497,0.21855,0.58497,0.21855,0.58497
6/23/2010,0.22599,0.62961,0.22599,0.62961,0.22599,0.62961
6/24/2010,0.20832,0.68448,0.20832,0.68448,0.20832,0.68448
6/25/2010,0.19344,0.75051,0.19344,0.75051,0.19344,0.75051
6/26/2010,0.20367,0.75609,0.20367,0.75609,0.20367,0.75609
6/27/2010,0.21669,0.7161,0.21669,0.7161,0.21669,0.7161
6/28/2010,0.22134,0.70029,0.22134,0.70029,0.22134,0.70029
6/29/2010,0.21855,0.80817,0.21855,0.80817,0.21855,0.80817
6/30/2010,0.22506,0.81375,0.22506,0.81375,0.22506,0.81375
7/1/2010,0.22134,0.65565,0.22134,0.65565,0.22134,0.65565
7/2/2010,0.24552,0.71331,0.24552,0.71331,0.24552,0.71331
7/3/2010,0.21948,0.81933,0.21948,0.81933,0.21948,0.81933
7/4/2010,0.24924,0.87141,0.24924,0.87141,0.24924,0.87141
7/5/2010,0.26133,0.88722,0.26133,0.88722,0.26133,0.88722
7/6/2010,0.2604,0.77655,0.2604,0.77655,0.2604,0.77655
7/7/2010,0.22878,0.50313,0.22878,0.50313,0.22878,0.50313
7/8/2010,0.22878,0.60078,0.22878,0.60078,0.22878,0.60078
7/9/2010,0.24831,0.7161,0.24831,0.7161,0.24831,0.7161
7/10/2010,0.2976,0.7719,0.2976,0.7719,0.2976,0.7719
7/11/2010,0.23715,0.70029,0.23715,0.70029,0.23715,0.70029
7/12/2010,0.19437,0.67704,0.19437,0.67704,0.19437,0.67704
7/13/2010,0.18972,1.24341,0.18972,1.24341,0.18972,1.24341
7/14/2010,0.2139,1.51125,0.2139,1.51125,0.2139,1.51125
7/15/2010,0.20553,0.75051,0.20553,0.75051,0.20553,0.75051
7/16/2010,0.20553,0.6138,0.20553,0.6138,0.20553,0.6138
7/17/2010,0.19623,0.58962,0.19623,0.58962,0.19623,0.58962
7/18/2010,0.20274,0.60543,0.20274,0.60543,0.20274,0.60543
7/19/2010,0.20088,0.56916,0.20088,0.56916,0.20088,0.56916
7/20/2010,0.20088,0.52638,0.20088,0.52638,0.20088,0.52638
7/21/2010,0.19716,0.5766,0.19716,0.5766,0.19716,0.5766
7/22/2010,0.18972,0.72912,0.18972,0.72912,0.18972,0.72912
7/23/2010,0.18786,0.71889,0.18786,0.71889,0.18786,0.71889
7/24/2010,0.17019,0.68448,0.17019,0.68448,0.17019,0.68448
7/25/2010,0.18042,1.11135,0.18042,1.11135,0.18042,1.11135
7/26/2010,0.18135,2.1855,0.18135,2.1855,0.18135,2.1855
7/27/2010,0.18879,0.97743,0.18879,0.97743,0.18879,0.97743
7/28/2010,0.19158,0.93186,0.19158,0.93186,0.19158,0.93186
7/29/2010,0.18693,2.20131,0.18693,2.20131,0.18693,2.20131
7/30/2010,0.18507,1.68237,0.18507,1.68237,0.18507,1.68237
7/31/2010,0.17577,2.32035,0.17577,2.32035,0.17577,2.32035
8/1/2010,0.17205,8.26863,0.17205,8.26863,0.17205,8.26863
8/2/2010,0.19344,3.2922,0.19344,3.2922,0.19344,3.2922
8/3/2010,0.18879,1.8879,0.18879,1.8879,0.18879,1.8879
8/4/2010,0.17949,1.30665,0.17949,1.30665,0.17949,1.30665
8/5/2010,0.16647,0.82398,0.16647,0.82398,0.16647,0.82398
8/6/2010,0.15531,0.67146,0.15531,0.67146,0.15531,0.67146
8/7/2010,0.16182,0.72168,0.16182,0.72168,0.16182,0.72168
8/8/2010,0.16461,0.7719,0.16461,0.7719,0.16461,0.7719
8/9/2010,0.16554,0.60264,0.16554,0.60264,0.16554,0.60264
8/10/2010,0.16461,0.37944,0.16461,0.37944,0.16461,0.37944
8/11/2010,0.1767,0.35526,0.1767,0.35526,0.1767,0.35526
8/12/2010,0.16833,0.35061,0.16833,0.35061,0.16833,0.35061
8/13/2010,0.14694,0.33945,0.14694,0.33945,0.14694,0.33945
8/14/2010,0.14973,0.39804,0.14973,0.39804,0.14973,0.39804
8/15/2010,0.15159,0.44268,0.15159,0.44268,0.15159,0.44268
8/16/2010,0.15066,0.47709,0.15066,0.47709,0.15066,0.47709
8/17/2010,0.15252,0.81096,0.15252,0.81096,0.15252,0.81096
8/18/2010,0.14136,0.74028,0.14136,0.74028,0.14136,0.74028
8/19/2010,0.12834,0.61659,0.12834,0.61659,0.12834,0.61659
8/20/2010,0.12741,0.4743,0.12741,0.4743,0.12741,0.4743
8/21/2010,0.14322,0.41106,0.14322,0.41106,0.14322,0.41106
8/22/2010,0.15903,0.4743,0.15903,0.4743,0.15903,0.4743
8/23/2010,0.16182,0.4743,0.16182,0.4743,0.16182,0.4743
8/24/2010,0.15717,0.9114,0.15717,0.9114,0.15717,0.9114
8/25/2010,0.15159,1.5066,0.15159,1.5066,0.15159,1.5066
8/26/2010,0.14508,0.74028,0.14508,0.74028,0.14508,0.74028
8/27/2010,0.16368,0.4929,0.16368,0.4929,0.16368,0.4929
8/28/2010,0.15996,0.42687,0.15996,0.42687,0.15996,0.42687
8/29/2010,0.15624,0.45291,0.15624,0.45291,0.15624,0.45291
8/30/2010,0.16926,0.41571,0.16926,0.41571,0.16926,0.41571
8/31/2010,0.16554,0.39525,0.16554,0.39525,0.16554,0.39525
9/1/2010,0.16089,0.36828,0.16089,0.36828,0.16089,0.36828
9/2/2010,0.12927,0.33945,0.12927,0.33945,0.12927,0.33945
9/3/2010,0.11532,0.3348,0.11532,0.3348,0.11532,0.3348
9/4/2010,0.10416,0.38688,0.10416,0.38688,0.10416,0.38688
9/5/2010,0.10974,0.4557,0.10974,0.4557,0.10974,0.4557
9/6/2010,0.12648,0.38223,0.12648,0.38223,0.12648,0.38223
9/7/2010,0.12927,0.46128,0.12927,0.46128,0.12927,0.46128
9/8/2010,0.13764,0.6975,0.13764,0.6975,0.13764,0.6975
9/9/2010,0.12927,0.65565,0.12927,0.65565,0.12927,0.65565
9/10/2010,0.12741,0.55056,0.12741,0.55056,0.12741,0.55056
9/11/2010,0.12648,0.49011,0.12648,0.49011,0.12648,0.49011
9/12/2010,0.12555,0.44733,0.12555,0.44733,0.12555,0.44733
9/13/2010,0.12462,0.4371,0.12462,0.4371,0.12462,0.4371
9/14/2010,0.12369,0.4371,0.12369,0.4371,0.12369,0.4371
9/15/2010,0.1209,0.41571,0.1209,0.41571,0.1209,0.41571
9/16/2010,0.08835,0.39804,0.08835,0.39804,0.08835,0.39804
9/17/2010,0.07719,0.39246,0.07719,0.39246,0.07719,0.39246
9/18/2010,0.093,0.42687,0.093,0.42687,0.093,0.42687
9/19/2010,0.10137,0.38409,0.10137,0.38409,0.10137,0.38409
9/20/2010,0.09672,0.4185,0.09672,0.4185,0.09672,0.4185
9/21/2010,0.09207,0.60543,0.09207,0.60543,0.09207,0.60543
9/22/2010,0.09021,0.68727,0.09021,0.68727,0.09021,0.68727
9/23/2010,0.08091,0.69006,0.08091,0.69006,0.08091,0.69006
9/24/2010,0.07347,0.55056,0.07347,0.55056,0.07347,0.55056
9/25/2010,0.08277,0.48453,0.08277,0.48453,0.08277,0.48453
9/26/2010,0.09114,0.53196,0.09114,0.53196,0.09114,0.53196
9/27/2010,0.09579,0.4929,0.09579,0.4929,0.09579,0.4929
9/28/2010,0.10602,0.47895,0.10602,0.47895,0.10602,0.47895
9/29/2010,0.10044,0.50592,0.10044,0.50592,0.10044,0.50592
9/30/2010,0.10044,0.47895,0.10044,0.47895,0.10044,0.47895
10/1/2010,0.09858,0.4185,0.09858,0.4185,0.09858,0.4185
10/2/2010,0.0837,0.35526,0.0837,0.35526,0.0837,0.35526
10/3/2010,0.07719,0.32643,0.07719,0.32643,0.07719,0.32643
10/4/2010,0.07998,0.39246,0.07998,0.39246,0.07998,0.39246
10/5/2010,0.07998,0.46314,0.07998,0.46314,0.07998,0.46314
10/6/2010,0.09672,0.64263,0.09672,0.64263,0.09672,0.64263
10/7/2010,0.10881,0.6324,0.10881,0.6324,0.10881,0.6324
10/8/2010,0.10323,0.62124,0.10323,0.62124,0.10323,0.62124
10/9/2010,0.09393,0.60078,0.09393,0.60078,0.09393,0.60078
10/10/2010,0.09579,0.57939,0.09579,0.57939,0.09579,0.57939
10/11/2010,0.08742,0.58683,0.08742,0.58683,0.08742,0.58683
10/12/2010,0.07068,0.58497,0.07068,0.58497,0.07068,0.58497
10/13/2010,0.06324,0.57939,0.06324,0.57939,0.06324,0.57939
10/14/2010,0.06975,0.57102,0.06975,0.57102,0.06975,0.57102
10/15/2010,0.06696,0.60543,0.06696,0.60543,0.06696,0.60543
10/16/2010,0.06789,0.60264,0.06789,0.60264,0.06789,0.60264
10/17/2010,0.06231,0.61101,0.06231,0.61101,0.06231,0.61101
10/18/2010,0.06045,0.61101,0.06045,0.61101,0.06045,0.61101
10/19/2010,0.05487,0.61101,0.05487,0.61101,0.05487,0.61101
10/20/2010,0.05394,0.6138,0.05394,0.6138,0.05394,0.6138
10/21/2010,0.04929,0.63705,0.04929,0.63705,0.04929,0.63705
10/22/2010,0.04557,0.66867,0.04557,0.66867,0.04557,0.66867
10/23/2010,0.29946,0.66588,0.29946,0.66588,0.29946,0.66588
10/24/2010,1.91022,0.63705,1.91022,0.63705,1.91022,0.63705
10/25/2010,0.44268,0.62682,0.44268,0.62682,0.44268,0.62682
10/26/2010,0.25296,0.62124,0.25296,0.62124,0.25296,0.62124
10/27/2010,0.19623,0.62682,0.19623,0.62682,0.19623,0.62682
10/28/2010,0.22785,0.62682,0.22785,0.62682,0.22785,0.62682
10/29/2010,0.17856,0.62403,0.17856,0.62403,0.17856,0.62403
10/30/2010,0.19437,0.62682,0.19437,0.62682,0.19437,0.62682
10/31/2010,0.16833,0.61845,0.16833,0.61845,0.16833,0.61845
11/1/2010,0.15066,0.61659,0.15066,0.61659,0.15066,0.61659
11/2/2010,0.14043,0.62403,0.14043,0.62403,0.14043,0.62403
11/3/2010,0.12741,0.64263,0.12741,0.64263,0.12741,0.64263
11/4/2010,0.11718,0.63984,0.11718,0.63984,0.11718,0.63984
11/5/2010,0.10602,0.64263,0.10602,0.64263,0.10602,0.64263
11/6/2010,0.09393,0.64263,0.09393,0.64263,0.09393,0.64263
11/7/2010,0.0837,0.64542,0.0837,0.64542,0.0837,0.64542
11/8/2010,0.09858,0.64542,0.09858,0.64542,0.09858,0.64542
11/9/2010,0.09858,0.64821,0.09858,0.64821,0.09858,0.64821
11/10/2010,0.10509,0.64821,0.10509,0.64821,0.10509,0.64821
11/11/2010,0.72447,0.64821,0.72447,0.64821,0.72447,0.64821
11/12/2010,0.46686,0.64821,0.46686,0.64821,0.46686,0.64821
11/13/2010,0.24831,0.65286,0.24831,0.65286,0.24831,0.65286
11/14/2010,0.15996,0.66402,0.15996,0.66402,0.15996,0.66402
11/15/2010,0.13299,0.66123,0.13299,0.66123,0.13299,0.66123
11/16/2010,1.10484,0.66402,1.10484,0.66402,1.10484,0.66402
11/17/2010,1.18668,0.65844,1.18668,0.65844,1.18668,0.65844
11/18/2010,0.26598,0.65565,0.26598,0.65565,0.26598,0.65565
11/19/2010,0.19995,0.66402,0.19995,0.66402,0.19995,0.66402
11/20/2010,0.15159,0.67146,0.15159,0.67146,0.15159,0.67146
11/21/2010,0.12462,0.67704,0.12462,0.67704,0.12462,0.67704
11/22/2010,0.13299,0.68169,0.13299,0.68169,0.13299,0.68169
11/23/2010,0.18693,0.68169,0.18693,0.68169,0.18693,0.68169
11/24/2010,0.24831,0.6975,0.24831,0.6975,0.24831,0.6975
11/25/2010,0.35991,0.68169,0.35991,0.68169,0.35991,0.68169
11/26/2010,0.33759,0.65286,0.33759,0.65286,0.33759,0.65286
11/27/2010,0.27342,0.64821,0.27342,0.64821,0.27342,0.64821
11/28/2010,0.21297,0.64821,0.21297,0.64821,0.21297,0.64821
11/29/2010,0.15531,0.64263,0.15531,0.64263,0.15531,0.64263
11/30/2010,0.12927,0.64542,0.12927,0.64542,0.12927,0.64542
12/1/2010,0.11718,0.63426,0.11718,0.63426,0.11718,0.63426
12/2/2010,0.1023,0.66402,0.1023,0.66402,0.1023,0.66402
12/3/2010,0.08649,0.69006,0.08649,0.69006,0.08649,0.69006
12/4/2010,0.08556,0.69006,0.08556,0.69006,0.08556,0.69006
12/5/2010,0.07905,0.68169,0.07905,0.68169,0.07905,0.68169
12/6/2010,0.06882,0.67146,0.06882,0.67146,0.06882,0.67146
12/7/2010,0.0651,0.65286,0.0651,0.65286,0.0651,0.65286
12/8/2010,0.07254,0.67425,0.07254,0.67425,0.07254,0.67425
12/9/2010,0.07998,0.70587,0.07998,0.70587,0.07998,0.70587
12/10/2010,0.06789,0.72912,0.06789,0.72912,0.06789,0.72912
12/11/2010,0.23808,0.70308,0.23808,0.70308,0.23808,0.70308
12/12/2010,4.63977,0.69006,4.63977,0.69006,4.63977,0.69006
12/13/2010,5.26845,0.67425,5.26845,0.67425,5.26845,0.67425
12/14/2010,2.41893,0.68169,2.41893,0.68169,2.41893,0.68169
12/15/2010,1.24713,0.6975,1.24713,0.6975,1.24713,0.6975
12/16/2010,10.79358,0.71331,10.79358,0.71331,10.79358,0.71331
12/17/2010,7.72458,0.76353,7.72458,0.76353,7.72458,0.76353
12/18/2010,3.45867,0.76074,3.45867,0.76074,3.45867,0.76074
12/19/2010,23.11794,0.7347,23.11794,0.7347,23.11794,0.7347
12/20/2010,17.0655,0.72168,17.0655,0.72168,17.0655,0.72168
12/21/2010,5.8311,0.71331,5.8311,0.71331,5.8311,0.71331
12/22/2010,3.51261,0.71331,3.51261,0.71331,3.51261,0.71331
12/23/2010,2.97042,0.74772,2.97042,0.74772,2.97042,0.74772
12/24/2010,2.65794,0.74307,2.65794,0.74307,2.65794,0.74307
12/25/2010,2.85696,0.70029,2.85696,0.70029,2.85696,0.70029
12/26/2010,2.63469,0.68169,2.63469,0.68169,2.63469,0.68169
12/27/2010,1.65633,0.67704,1.65633,0.67704,1.65633,0.67704
12/28/2010,1.24434,0.66867,1.24434,0.66867,1.24434,0.66867
12/29/2010,6.32772,0.66867,6.32772,0.66867,6.32772,0.66867
12/30/2010,3.89763,0.78771,3.89763,0.78771,3.89763,0.78771
12/31/2010,39.55755,0.78213,39.55755,0.78213,39.55755,0.78213
