station_id,mask,AWC_rootzone_storage_mm
410024,q_lt_q20,44350
410026,q_lt_q20,41450
410033,q_lt_q20,43600
410038,q_lt_q20,42250
410044,q_lt_q20,40550
410047,q_lt_q20,40150
410057,q_lt_q20,42700
410061,q_lt_q20,43700
410062,q_lt_q20,43850
410088,q_lt_q20,46800
410141,q_lt_q20,43750
410156,q_lt_q20,40750
410705,q_lt_q20,43800
410713,q_lt_q20,43150
410730,q_lt_q20,47750
410731,q_lt_q20,44300
410734,q_lt_q20,44400
410761,q_lt_q20,43250
411003,q_lt_q20,44250
10500000,q_lt_q20,46150
11400000,q_lt_q20,51800
12370000,q_lt_q20,42200
12500000,q_lt_q20,42750
12520000,q_lt_q20,41550
12700000,q_lt_q20,44450
13150000,q_lt_q20,
13470000,q_lt_q20,40750
13600002,q_lt_q20,41600
13710001,q_lt_q20,43500
13750000,q_lt_q20,44850
13870000,q_lt_q20,44900
13880000,q_lt_q20,
14100000,q_lt_q20,
14110000,q_lt_q20,48300
14230000,q_lt_q20,43000
14250000,q_lt_q20,
14280001,q_lt_q20,
14310000,q_lt_q20,42400
14330000,q_lt_q20,44150
14350000,q_lt_q20,43300
14440000,q_lt_q20,42900
14515000,q_lt_q20,
14526000,q_lt_q20,40350
14680001,q_lt_q20,42500
15130000,q_lt_q20,40700
15400000,q_lt_q20,
15700000,q_lt_q20,42550
15800000,q_lt_q20,44550
15910000,q_lt_q20,42300
15930000,q_lt_q20,42150
17050001,q_lt_q20,43600
17090000,q_lt_q20,40850
17200000,q_lt_q20,41800
17345000,q_lt_q20,43200
17350000,q_lt_q20,43750
18200000,q_lt_q20,40400
18850000,q_lt_q20,
19150000,q_lt_q20,43200
20200000,q_lt_q20,42000
20250000,q_lt_q20,43550
21500000,q_lt_q20,42450
21750000,q_lt_q20,41650
22050001,q_lt_q20,
22680000,q_lt_q20,39450
22700000,q_lt_q20,39650
22850000,q_lt_q20,40150
22900000,q_lt_q20,40100
23100000,q_lt_q20,
23150000,q_lt_q20,40250
23220000,q_lt_q20,39850
23230000,q_lt_q20,39400
23250000,q_lt_q20,39700
23300000,q_lt_q20,39600
23600000,q_lt_q20,
23700000,q_lt_q20,43000
23710000,q_lt_q20,
24050000,q_lt_q20,41350
24200000,q_lt_q20,40650
24500000,q_lt_q20,40000
24700000,q_lt_q20,42400
24750000,q_lt_q20,40350
24780000,q_lt_q20,40950
24800000,q_lt_q20,41100
24850000,q_lt_q20,
24900000,q_lt_q20,42550
24950000,q_lt_q20,42650
25100000,q_lt_q20,42250
25130000,q_lt_q20,40700
25200000,q_lt_q20,44550
25700000,q_lt_q20,40600
25950000,q_lt_q20,41000
26040000,q_lt_q20,43700
26050000,q_lt_q20,41100
26100000,q_lt_q20,40950
26200000,q_lt_q20,44900
26300000,q_lt_q20,
26350000,q_lt_q20,
26720000,q_lt_q20,41150
27500000,q_lt_q20,
27550000,q_lt_q20,40300
28150000,q_lt_q20,40000
28300000,q_lt_q20,42500
28850000,q_lt_q20,42250
29050000,q_lt_q20,41900
29100000,q_lt_q20,43150
30080000,q_lt_q20,42450
30400000,q_lt_q20,42100
31490000,q_lt_q20,44500
31520000,q_lt_q20,41150
31600000,q_lt_q20,40700
31680000,q_lt_q20,42550
31700000,q_lt_q20,47700
32400000,q_lt_q20,40850
32550000,q_lt_q20,40150
32620000,q_lt_q20,44850
32830000,q_lt_q20,40050
33025000,q_lt_q20,40400
33170000,q_lt_q20,40500
33190000,q_lt_q20,
33205000,q_lt_q20,40400
33215000,q_lt_q20,40850
33250000,q_lt_q20,39300
33260000,q_lt_q20,40450
33270000,q_lt_q20,39450
33281000,q_lt_q20,38050
33286000,q_lt_q20,39750
33290000,q_lt_q20,39800
33321000,q_lt_q20,40950
33330000,q_lt_q20,39400
33380000,q_lt_q20,39650
33450000,q_lt_q20,39450
33460000,q_lt_q20,40150
33480000,q_lt_q20,40500
33520000,q_lt_q20,41100
33530000,q_lt_q20,39700
33550000,q_lt_q20,39000
33620000,q_lt_q20,39300
33630000,q_lt_q20,39000
33680000,q_lt_q20,39800
33730000,q_lt_q20,39450
33760000,q_lt_q20,43100
33780000,q_lt_q20,39950
34020000,q_lt_q20,39950
34060000,q_lt_q20,41100
34070000,q_lt_q20,40250
34090000,q_lt_q20,40300
34130000,q_lt_q20,38450
34170000,q_lt_q20,40950
34251000,q_lt_q20,39100
34311000,q_lt_q20,
34571000,q_lt_q20,38400
34660000,q_lt_q20,39400
34690000,q_lt_q20,
34730000,q_lt_q20,38300
34750000,q_lt_q20,41100
34770000,q_lt_q20,38900
34789000,q_lt_q20,40350
34879500,q_lt_q20,41750
34930000,q_lt_q20,38400
34940000,q_lt_q20,38950
34980000,q_lt_q20,39300
35235000,q_lt_q20,38650
35240000,q_lt_q20,38550
35258000,q_lt_q20,38950
35260000,q_lt_q20,37550
35263000,q_lt_q20,39400
35740000,q_lt_q20,40700
35830000,q_lt_q20,38400
36020000,q_lt_q20,38400
36045000,q_lt_q20,39250
36125000,q_lt_q20,41200
36130000,q_lt_q20,38050
36160000,q_lt_q20,38400
36210000,q_lt_q20,40000
36250000,q_lt_q20,40400
36290000,q_lt_q20,38400
36320000,q_lt_q20,38700
36390000,q_lt_q20,40200
36580000,q_lt_q20,38000
37220000,q_lt_q20,39950
37380000,q_lt_q20,38700
37410000,q_lt_q20,40850
37470000,q_lt_q20,37400
37710150,q_lt_q20,38400
38790000,q_lt_q20,39900
38830000,q_lt_q20,39400
38860000,q_lt_q20,38650
39084010,q_lt_q20,39950
39140000,q_lt_q20,40500
39150000,q_lt_q20,42850
39170000,q_lt_q20,42000
39360000,q_lt_q20,42750
39480000,q_lt_q20,41550
39540000,q_lt_q20,39700
39560000,q_lt_q20,43850
39580000,q_lt_q20,40500
39760000,q_lt_q20,39950
39770000,q_lt_q20,42150
39870000,q_lt_q20,41900
40025000,q_lt_q20,42750
40037000,q_lt_q20,43050
40040000,q_lt_q20,43950
40050000,q_lt_q20,45750
40053000,q_lt_q20,44450
40060001,q_lt_q20,43750
40100000,q_lt_q20,42400
40150000,q_lt_q20,43750
40170000,q_lt_q20,44800
40185000,q_lt_q20,43750
40330000,q_lt_q20,44200
40500000,q_lt_q20,41950
40549998,q_lt_q20,45100
40579995,q_lt_q20,44650
40680000,q_lt_q20,43000
40710000,q_lt_q20,43050
40740000,q_lt_q20,45050
40800001,q_lt_q20,44200
40810350,q_lt_q20,45450
40810800,q_lt_q20,44450
40811100,q_lt_q20,44200
40822995,q_lt_q20,43400
40823500,q_lt_q20,43900
40850000,q_lt_q20,43250
40975000,q_lt_q20,42750
41050000,q_lt_q20,43200
41135000,q_lt_q20,41350
41199998,q_lt_q20,44550
41260000,q_lt_q20,44950
41300000,q_lt_q20,43650
41380000,q_lt_q20,43250
41410000,q_lt_q20,42950
41440005,q_lt_q20,44950
41539998,q_lt_q20,44550
41650002,q_lt_q20,41950
41685000,q_lt_q20,42200
41780002,q_lt_q20,44850
41818000,q_lt_q20,42600
41890000,q_lt_q20,42100
41990000,q_lt_q20,43850
42089998,q_lt_q20,40850
42100000,q_lt_q20,41000
42187000,q_lt_q20,42000
42210000,q_lt_q20,
42250000,q_lt_q20,41650
42255000,q_lt_q20,42650
42257000,q_lt_q20,41950
42290000,q_lt_q20,43000
42395000,q_lt_q20,43450
42440000,q_lt_q20,42300
42490000,q_lt_q20,42000
42540000,q_lt_q20,41700
42546000,q_lt_q20,41650
42690001,q_lt_q20,
42750000,q_lt_q20,41350
42840000,q_lt_q20,41950
42930000,q_lt_q20,
43200000,q_lt_q20,
43300000,q_lt_q20,41000
43670000,q_lt_q20,39950
43675000,q_lt_q20,42300
43880000,q_lt_q20,39850
44200000,q_lt_q20,41450
44250000,q_lt_q20,40100
44290002,q_lt_q20,43150
44500000,q_lt_q20,
44540000,q_lt_q20,40650
44670000,q_lt_q20,39900
45131000,q_lt_q20,40500
45170001,q_lt_q20,40950
45210000,q_lt_q20,40700
45220000,q_lt_q20,41250
45260000,q_lt_q20,39850
45298000,q_lt_q20,
45480000,q_lt_q20,
45590000,q_lt_q20,41000
45770000,q_lt_q20,40850
45840000,q_lt_q20,40400
45880000,q_lt_q20,40450
45910001,q_lt_q20,40400
45960001,q_lt_q20,40450
46035000,q_lt_q20,42650
46105000,q_lt_q20,39250
46360000,q_lt_q20,41850
46455000,q_lt_q20,41250
46570000,q_lt_q20,40000
46610000,q_lt_q20,40200
46650000,q_lt_q20,39700
46770000,q_lt_q20,38700
46830000,q_lt_q20,38450
46902000,q_lt_q20,41350
47480000,q_lt_q20,39700
48020000,q_lt_q20,
48290000,q_lt_q20,
49330000,q_lt_q20,
49370000,q_lt_q20,
49705000,q_lt_q20,43900
50040000,q_lt_q20,42450
50146000,q_lt_q20,39350
50150000,q_lt_q20,40400
50191000,q_lt_q20,41700
50250000,q_lt_q20,40350
50330000,q_lt_q20,41000
50380000,q_lt_q20,38950
50420000,q_lt_q20,42350
50430000,q_lt_q20,38700
50465000,q_lt_q20,39700
50540000,q_lt_q20,40450
50595000,q_lt_q20,41850
50620000,q_lt_q20,40550
50660000,q_lt_q20,40800
50720000,q_lt_q20,43550
50730000,q_lt_q20,42000
50740000,q_lt_q20,40400
50755000,q_lt_q20,41050
50785000,q_lt_q20,40850
50795000,q_lt_q20,42550
51060100,q_lt_q20,42450
51120000,q_lt_q20,42150
51140000,q_lt_q20,43450
51170000,q_lt_q20,42500
51230000,q_lt_q20,41250
51240000,q_lt_q20,40950
51280000,q_lt_q20,40400
51330000,q_lt_q20,40350
51350000,q_lt_q20,41050
51430000,q_lt_q20,40000
51440000,q_lt_q20,40000
51460000,q_lt_q20,40850
51560000,q_lt_q20,41850
51820000,q_lt_q20,41100
51840000,q_lt_q20,44150
51870000,q_lt_q20,41100
52050000,q_lt_q20,40850
52370000,q_lt_q20,39950
52404000,q_lt_q20,41050
52405000,q_lt_q20,40700
52570000,q_lt_q20,41600
52680000,q_lt_q20,43600
52695000,q_lt_q20,43000
52760000,q_lt_q20,42650
52790000,q_lt_q20,41500
52831000,q_lt_q20,
53125000,q_lt_q20,42100
53140000,q_lt_q20,41000
53160000,q_lt_q20,42000
53540001,q_lt_q20,41250
53620000,q_lt_q20,41900
53630000,q_lt_q20,43450
53650000,q_lt_q20,41600
53780000,q_lt_q20,41850
53880000,q_lt_q20,44450
53950000,q_lt_q20,41550
54010005,q_lt_q20,42400
54110002,q_lt_q20,41700
54150000,q_lt_q20,43000
54165000,q_lt_q20,42600
54195000,q_lt_q20,42200
54230000,q_lt_q20,42650
54260000,q_lt_q20,43650
54300000,q_lt_q20,42550
54390000,q_lt_q20,42400
54485000,q_lt_q20,42350
54500000,q_lt_q20,40000
54580000,q_lt_q20,42050
54590000,q_lt_q20,42050
54710000,q_lt_q20,43050
54730005,q_lt_q20,43200
54770000,q_lt_q20,43950
54780000,q_lt_q20,47000
54950000,q_lt_q20,42700
55330000,q_lt_q20,42950
55340000,q_lt_q20,40450
55360000,q_lt_q20,43000
55370000,q_lt_q20,42000
55380000,q_lt_q20,42200
55460000,q_lt_q20,42200
55520001,q_lt_q20,43300
55560000,q_lt_q20,44150
55610000,q_lt_q20,43600
55630000,q_lt_q20,42750
55660000,q_lt_q20,43150
55699998,q_lt_q20,43300
55790000,q_lt_q20,42100
55895000,q_lt_q20,42350
55900000,q_lt_q20,43700
55920000,q_lt_q20,43050
55960000,q_lt_q20,42350
56028000,q_lt_q20,44100
56055000,q_lt_q20,43500
56065000,q_lt_q20,44400
56075000,q_lt_q20,43400
56085000,q_lt_q20,44200
56090000,q_lt_q20,44550
56110005,q_lt_q20,43750
56240000,q_lt_q20,44850
56335001,q_lt_q20,44250
56415000,q_lt_q20,44050
56425000,q_lt_q20,43350
56460000,q_lt_q20,43950
56484998,q_lt_q20,42800
56500000,q_lt_q20,43300
56510000,q_lt_q20,42850
56539000,q_lt_q20,45300
56570000,q_lt_q20,43550
56610000,q_lt_q20,45100
56640000,q_lt_q20,45350
56659998,q_lt_q20,43750
56696000,q_lt_q20,44150
56719998,q_lt_q20,45200
56750000,q_lt_q20,44050
56775000,q_lt_q20,45100
56787000,q_lt_q20,44450
56800000,q_lt_q20,45000
56825000,q_lt_q20,
56845000,q_lt_q20,45500
56846000,q_lt_q20,44150
56850000,q_lt_q20,46900
56860000,q_lt_q20,43900
56870000,q_lt_q20,42650
56891900,q_lt_q20,42550
56915500,q_lt_q20,41600
56920000,q_lt_q20,
56940002,q_lt_q20,42150
56960005,q_lt_q20,44250
56976000,q_lt_q20,45000
56978000,q_lt_q20,43800
56983000,q_lt_q20,43200
56988500,q_lt_q20,42900
56989001,q_lt_q20,42950
56990000,q_lt_q20,43050
56990990,q_lt_q20,43600
56991500,q_lt_q20,42350
56992000,q_lt_q20,42700
56993551,q_lt_q20,43750
56994500,q_lt_q20,
56994510,q_lt_q20,45000
56995500,q_lt_q20,43250
57040008,q_lt_q20,46300
57130000,q_lt_q20,44050
57170000,q_lt_q20,45100
57250000,q_lt_q20,43850
57300000,q_lt_q20,42100
57320000,q_lt_q20,43850
57350000,q_lt_q20,43900
57360000,q_lt_q20,42350
57370000,q_lt_q20,44450
57400000,q_lt_q20,42150
57420000,q_lt_q20,44650
57450000,q_lt_q20,43050
57460000,q_lt_q20,42950
57476500,q_lt_q20,43900
57490000,q_lt_q20,42750
57550000,q_lt_q20,43600
57580000,q_lt_q20,43500
57650000,q_lt_q20,42500
57700000,q_lt_q20,42600
57720000,q_lt_q20,44650
57740000,q_lt_q20,42800
57770000,q_lt_q20,41050
57830000,q_lt_q20,41850
57880000,q_lt_q20,42000
57930000,q_lt_q20,43250
58030000,q_lt_q20,46150
58040000,q_lt_q20,44100
58060000,q_lt_q20,45700
58096000,q_lt_q20,46350
58099000,q_lt_q20,46350
58142200,q_lt_q20,44950
58183000,q_lt_q20,44900
58204000,q_lt_q20,44000
58218000,q_lt_q20,42900
58220000,q_lt_q20,43050
58235100,q_lt_q20,44250
58258000,q_lt_q20,44400
58270000,q_lt_q20,44000
58300000,q_lt_q20,44750
58305001,q_lt_q20,43350
58380001,q_lt_q20,43100
58405000,q_lt_q20,45550
58420000,q_lt_q20,45700
58425000,q_lt_q20,45250
58434000,q_lt_q20,45000
58440000,q_lt_q20,43900
58470000,q_lt_q20,44850
58480500,q_lt_q20,43700
58500000,q_lt_q20,45850
58516500,q_lt_q20,44850
58520000,q_lt_q20,43800
58530000,q_lt_q20,46400
58535000,q_lt_q20,45250
58542000,q_lt_q20,44350
58550001,q_lt_q20,44600
58560000,q_lt_q20,42600
58573000,q_lt_q20,44200
58585000,q_lt_q20,43900
58610000,q_lt_q20,44200
58620000,q_lt_q20,43600
58630002,q_lt_q20,43950
58645000,q_lt_q20,43650
58648001,q_lt_q20,44250
58658000,q_lt_q20,42500
58670002,q_lt_q20,41600
58710000,q_lt_q20,44100
58720000,q_lt_q20,43450
58730001,q_lt_q20,43250
58735000,q_lt_q20,42050
58736000,q_lt_q20,43250
58750000,q_lt_q20,44050
58755000,q_lt_q20,42450
58765001,q_lt_q20,44200
58770000,q_lt_q20,42050
58795000,q_lt_q20,43000
58825000,q_lt_q20,46700
58827000,q_lt_q20,45650
58846000,q_lt_q20,43750
58850000,q_lt_q20,43000
58870000,q_lt_q20,42400
58880001,q_lt_q20,43200
58910000,q_lt_q20,42650
58916000,q_lt_q20,43200
58917000,q_lt_q20,43300
58920000,q_lt_q20,42850
58930000,q_lt_q20,42650
58934000,q_lt_q20,42550
58940000,q_lt_q20,42450
58960000,q_lt_q20,41350
58974000,q_lt_q20,45700
59100000,q_lt_q20,41950
59120000,q_lt_q20,44300
59125000,q_lt_q20,46550
59181000,q_lt_q20,41750
59240000,q_lt_q20,39950
59355000,q_lt_q20,47400
60010000,q_lt_q20,44700
60011000,q_lt_q20,43000
60100000,q_lt_q20,43200
60110000,q_lt_q20,41950
60130000,q_lt_q20,44450
60145000,q_lt_q20,43650
60220000,q_lt_q20,43850
60250000,q_lt_q20,43600
60265000,q_lt_q20,42600
60381000,q_lt_q20,43850
60435000,q_lt_q20,43600
60435100,q_lt_q20,42350
60435200,q_lt_q20,43750
60435300,q_lt_q20,42050
60436000,q_lt_q20,43550
60471200,q_lt_q20,42700
60473000,q_lt_q20,41800
60476100,q_lt_q20,42950
60477400,q_lt_q20,42000
60477600,q_lt_q20,44550
60478500,q_lt_q20,44750
60478600,q_lt_q20,42400
60490000,q_lt_q20,42800
60500000,q_lt_q20,41650
60615000,q_lt_q20,44350
60635000,q_lt_q20,42800
60640000,q_lt_q20,41600
60642000,q_lt_q20,42000
60650000,q_lt_q20,42600
60653000,q_lt_q20,44750
60654000,q_lt_q20,42100
60665000,q_lt_q20,41100
60680000,q_lt_q20,44000
60715000,q_lt_q20,43300
60750000,q_lt_q20,41550
60765000,q_lt_q20,43000
60772000,q_lt_q20,41700
60774000,q_lt_q20,44650
60778000,q_lt_q20,42400
60781000,q_lt_q20,43300
60790000,q_lt_q20,43200
60798000,q_lt_q20,41850
60810000,q_lt_q20,44050
60850000,q_lt_q20,43150
60855000,q_lt_q20,43600
60910000,q_lt_q20,41300
60925001,q_lt_q20,40450
60930000,q_lt_q20,44050
60940000,q_lt_q20,43700
60950000,q_lt_q20,41750
60960000,q_lt_q20,41100
60968000,q_lt_q20,42800
60970000,q_lt_q20,42150
61009000,q_lt_q20,44950
61012000,q_lt_q20,43600
61014000,q_lt_q20,46250
61024000,q_lt_q20,43000
61031000,q_lt_q20,44000
61045000,q_lt_q20,43500
61052000,q_lt_q20,43950
61060000,q_lt_q20,45100
61075000,q_lt_q20,43050
61078000,q_lt_q20,43150
61085000,q_lt_q20,45850
61090000,q_lt_q20,43950
61100000,q_lt_q20,44050
61105000,q_lt_q20,43400
61107000,q_lt_q20,42200
61115000,q_lt_q20,45150
61122000,q_lt_q20,43500
61135000,q_lt_q20,43900
61173000,q_lt_q20,43500
61175000,q_lt_q20,44200
61250000,q_lt_q20,48800
61267000,q_lt_q20,46100
61271000,q_lt_q20,44500
61280000,q_lt_q20,45800
61285000,q_lt_q20,44900
61295000,q_lt_q20,44350
61305000,q_lt_q20,44300
61320000,q_lt_q20,43550
61343000,q_lt_q20,45350
61350000,q_lt_q20,43800
61370000,q_lt_q20,45700
61390000,q_lt_q20,44350
61410000,q_lt_q20,44400
61460000,q_lt_q20,43150
61473000,q_lt_q20,44200
61500000,q_lt_q20,45100
61510000,q_lt_q20,45900
61520000,q_lt_q20,42850
61537000,q_lt_q20,45150
61565000,q_lt_q20,45250
61610000,q_lt_q20,42600
61700000,q_lt_q20,45600
61770000,q_lt_q20,42350
61815000,q_lt_q20,42250
61826000,q_lt_q20,42600
61830000,q_lt_q20,44350
61886000,q_lt_q20,43700
61902000,q_lt_q20,42250
61910000,q_lt_q20,43350
61912000,q_lt_q20,41300
61915000,q_lt_q20,44150
61953001,q_lt_q20,40950
61956001,q_lt_q20,41250
62420000,q_lt_q20,42650
62477100,q_lt_q20,43200
62490000,q_lt_q20,42800
62600000,q_lt_q20,44150
62615000,q_lt_q20,40800
62622000,q_lt_q20,43800
62625000,q_lt_q20,42850
62670000,q_lt_q20,45050
62715000,q_lt_q20,42250
62760005,q_lt_q20,45600
62760150,q_lt_q20,44150
62767500,q_lt_q20,44750
63250000,q_lt_q20,40100
63350100,q_lt_q20,40900
63790000,q_lt_q20,40850
63950010,q_lt_q20,42150
63950100,q_lt_q20,42300
63955000,q_lt_q20,41100
63970000,q_lt_q20,41450
64040000,q_lt_q20,45150
64065000,q_lt_q20,43800
64075000,q_lt_q20,44100
64231000,q_lt_q20,44450
64315000,q_lt_q20,44200
64327000,q_lt_q20,43250
64360000,q_lt_q20,44350
64362000,q_lt_q20,43650
64370000,q_lt_q20,44850
64380000,q_lt_q20,43950
64382000,q_lt_q20,45000
64442800,q_lt_q20,45550
64447000,q_lt_q20,45100
64453000,q_lt_q20,44950
64465000,q_lt_q20,
64477600,q_lt_q20,46250
64501000,q_lt_q20,43950
64504210,q_lt_q20,47100
64504550,q_lt_q20,45450
64506000,q_lt_q20,46000
64507000,q_lt_q20,43650
64508500,q_lt_q20,44250
64550000,q_lt_q20,43900
64575003,q_lt_q20,43700
64613000,q_lt_q20,43000
64613800,q_lt_q20,43750
64614000,q_lt_q20,42000
64617000,q_lt_q20,40700
64618000,q_lt_q20,40300
64619950,q_lt_q20,45500
64620000,q_lt_q20,46400
64625000,q_lt_q20,43950
64645000,q_lt_q20,45200
64652000,q_lt_q20,43850
64655000,q_lt_q20,44400
64659000,q_lt_q20,45750
64660500,q_lt_q20,
64671000,q_lt_q20,46200
64673000,q_lt_q20,46300
64675002,q_lt_q20,
64682000,q_lt_q20,44700
64685000,q_lt_q20,
64693000,q_lt_q20,
64700000,q_lt_q20,44350
64717000,q_lt_q20,42000
64723000,q_lt_q20,40400
64764000,q_lt_q20,46950
64767000,q_lt_q20,46550
64771500,q_lt_q20,47250
64773000,q_lt_q20,45500
64775000,q_lt_q20,46850
64776100,q_lt_q20,47450
64785000,q_lt_q20,47250
64795000,q_lt_q20,
64799500,q_lt_q20,44600
64810000,q_lt_q20,42150
64815000,q_lt_q20,44950
64820000,q_lt_q20,45950
64830000,q_lt_q20,
64843000,q_lt_q20,
65006075,q_lt_q20,45700
65009000,q_lt_q20,47150
65010000,q_lt_q20,46850
65015400,q_lt_q20,47150
65021000,q_lt_q20,45550
65021250,q_lt_q20,46150
65021770,q_lt_q20,47000
65024000,q_lt_q20,46100
65025000,q_lt_q20,45400
65027000,q_lt_q20,46300
65060000,q_lt_q20,43400
65095000,q_lt_q20,46450
65100000,q_lt_q20,46300
65135000,q_lt_q20,45800
65136550,q_lt_q20,46650
65180000,q_lt_q20,46000
65220000,q_lt_q20,45950
65310000,q_lt_q20,
65809000,q_lt_q20,49300
65815050,q_lt_q20,48600
65855000,q_lt_q20,46650
65925000,q_lt_q20,46850
65945000,q_lt_q20,47650
65948000,q_lt_q20,48000
65960000,q_lt_q20,46700
65979000,q_lt_q20,46600
65986000,q_lt_q20,
65987000,q_lt_q20,45900
65993000,q_lt_q20,47450
66006000,q_lt_q20,39600
66160000,q_lt_q20,41250
66260001,q_lt_q20,40450
67100000,q_lt_q20,41000
70100000,q_lt_q20,47250
70200000,q_lt_q20,46450
70300000,q_lt_q20,47200
70500000,q_lt_q20,46650
71200000,q_lt_q20,46850
71250000,q_lt_q20,46900
71300000,q_lt_q20,46000
71350001,q_lt_q20,46300
71383000,q_lt_q20,44500
71498000,q_lt_q20,46150
71550000,q_lt_q20,46650
72430000,q_lt_q20,46600
72630000,q_lt_q20,46750
72680000,q_lt_q20,46550
72715000,q_lt_q20,47050
72810000,q_lt_q20,46750
72849000,q_lt_q20,46700
72870000,q_lt_q20,46800
73300000,q_lt_q20,47150
73330000,q_lt_q20,46650
73350000,q_lt_q20,46200
73550000,q_lt_q20,
73600000,q_lt_q20,48050
73690001,q_lt_q20,47700
73765000,q_lt_q20,46250
73770000,q_lt_q20,46250
73780000,q_lt_q20,46300
73820000,q_lt_q20,47000
73900000,q_lt_q20,46200
73960000,q_lt_q20,
74100000,q_lt_q20,
74205000,q_lt_q20,47100
74270000,q_lt_q20,47450
74295000,q_lt_q20,45950
74320000,q_lt_q20,45950
74370000,q_lt_q20,46000
74460000,q_lt_q20,46700
74470000,q_lt_q20,46250
74700000,q_lt_q20,45350
74750000,q_lt_q20,45150
74800000,q_lt_q20,
74880000,q_lt_q20,45600
74900000,q_lt_q20,45300
75200000,q_lt_q20,45500
75205000,q_lt_q20,45600
75230000,q_lt_q20,45600
75295000,q_lt_q20,46300
75320000,q_lt_q20,45750
75450000,q_lt_q20,45450
75500000,q_lt_q20,44300
75550000,q_lt_q20,45350
75600000,q_lt_q20,45150
75700000,q_lt_q20,45050
75780000,q_lt_q20,44700
76085000,q_lt_q20,45400
76100000,q_lt_q20,43350
76300000,q_lt_q20,41350
76310000,q_lt_q20,42250
76460000,q_lt_q20,45100
76750000,q_lt_q20,42050
77150000,q_lt_q20,45550
81019300,q_lt_q20,45200
81019350,q_lt_q20,45650
81102000,q_lt_q20,46250
81107000,q_lt_q20,45150
81120000,q_lt_q20,44800
81125000,q_lt_q20,44500
81135000,q_lt_q20,43750
81140000,q_lt_q20,43700
81200000,q_lt_q20,46250
81335000,q_lt_q20,45150
81585000,q_lt_q20,44800
81683000,q_lt_q20,44500
82270050,q_lt_q20,45450
82320000,q_lt_q20,45400
82350000,q_lt_q20,45750
82770000,q_lt_q20,47150
83029900,q_lt_q20,43750
83050000,q_lt_q20,43750
83105000,q_lt_q20,44000
83250000,q_lt_q20,43800
83300200,q_lt_q20,45900
83345000,q_lt_q20,43400
83440000,q_lt_q20,44200
83520000,q_lt_q20,
83675000,q_lt_q20,44700
83690000,q_lt_q20,46950
83800002,q_lt_q20,45300
83892990,q_lt_q20,44200
83892998,q_lt_q20,43500
84071000,q_lt_q20,44100
84095000,q_lt_q20,43350
84095500,q_lt_q20,42450
84150100,q_lt_q20,45600
84249998,q_lt_q20,43500
84300000,q_lt_q20,43700
84520000,q_lt_q20,44350
84520010,q_lt_q20,44500
84551000,q_lt_q20,44650
84559800,q_lt_q20,44100
84560000,q_lt_q20,45200
84580000,q_lt_q20,44400
84598002,q_lt_q20,43400
84600000,q_lt_q20,43700
84949000,q_lt_q20,45150
84949800,q_lt_q20,47450
84950000,q_lt_q20,45950
85400000,q_lt_q20,42900
85438000,q_lt_q20,42550
85470000,q_lt_q20,41900
85480000,q_lt_q20,41100
85600000,q_lt_q20,41900
85610000,q_lt_q20,43650
85623000,q_lt_q20,41900
85642000,q_lt_q20,42650
85900000,q_lt_q20,41600
86100000,q_lt_q20,47450
86160000,q_lt_q20,48050
86410000,q_lt_q20,44250
86420000,q_lt_q20,46150
86480000,q_lt_q20,46800
86500000,q_lt_q20,45550
86510000,q_lt_q20,44900
86560000,q_lt_q20,45050
86580000,q_lt_q20,44250
86700000,q_lt_q20,44100
86745000,q_lt_q20,43950
87160000,q_lt_q20,43900
87170000,q_lt_q20,41200
87270000,q_lt_q20,42950
87380000,q_lt_q20,41750
87382000,q_lt_q20,42500
87399000,q_lt_q20,42900
88750000,q_lt_q20,40850
88850000,q_lt_q20,41650
01AD002,q_lt_q20,44300
01AD003,q_lt_q20,46500
01AD015,q_lt_q20,44400
01AE001,q_lt_q20,47100
01AF002,q_lt_q20,
01AF007,q_lt_q20,45650
01AF009,q_lt_q20,47350
01AG003,q_lt_q20,46050
01AH002,q_lt_q20,46950
01AJ003,q_lt_q20,44350
01AJ004,q_lt_q20,44800
01AJ010,q_lt_q20,44500
01AK001,q_lt_q20,44100
01AK006,q_lt_q20,43750
01AK007,q_lt_q20,43300
01AL002,q_lt_q20,44150
01AL004,q_lt_q20,45250
01AM001,q_lt_q20,43200
01AN002,q_lt_q20,44300
01AP002,q_lt_q20,42200
01AP004,q_lt_q20,45300
01AP006,q_lt_q20,43400
01AQ001,q_lt_q20,43600
01AQ002,q_lt_q20,43500
01AR004,q_lt_q20,42700
01AR005,q_lt_q20,41500
01AR006,q_lt_q20,43000
01AR011,q_lt_q20,42750
01BC001,q_lt_q20,46050
01BD008,q_lt_q20,46400
01BD009,q_lt_q20,47650
01BE001,q_lt_q20,46350
01BF004,q_lt_q20,46000
01BG005,q_lt_q20,46750
01BG008,q_lt_q20,46000
01BG009,q_lt_q20,45350
01BH005,q_lt_q20,46100
01BH010,q_lt_q20,44900
01BJ003,q_lt_q20,44100
01BJ007,q_lt_q20,46950
01BJ010,q_lt_q20,42850
01BJ012,q_lt_q20,44650
01BL002,q_lt_q20,42400
01BL003,q_lt_q20,43750
01BO001,q_lt_q20,43300
01BP001,q_lt_q20,43000
01BP002,q_lt_q20,45700
01BQ001,q_lt_q20,43250
01BS001,q_lt_q20,42450
01BU002,q_lt_q20,43500
01BU009,q_lt_q20,46400
01BV006,q_lt_q20,48850
01CA003,q_lt_q20,42200
01CB018,q_lt_q20,41600
01CC002,q_lt_q20,42650
01DC007,q_lt_q20,40200
01DD005,q_lt_q20,40000
01DG003,q_lt_q20,41650
01DG043,q_lt_q20,40850
01DH002,q_lt_q20,40350
01DH004,q_lt_q20,41250
01DH006,q_lt_q20,40500
01DJ005,q_lt_q20,41400
01DL001,q_lt_q20,45000
01DN004,q_lt_q20,41550
01DP004,q_lt_q20,41650
01DR001,q_lt_q20,41250
01EA003,q_lt_q20,43150
01EC001,q_lt_q20,42900
01ED005,q_lt_q20,43600
01ED007,q_lt_q20,42900
01ED013,q_lt_q20,41800
01EE005,q_lt_q20,43000
01EF001,q_lt_q20,41450
01EJ001,q_lt_q20,41900
01EJ004,q_lt_q20,41300
01FA001,q_lt_q20,42750
01FB001,q_lt_q20,43650
01FB003,q_lt_q20,44450
01FF001,q_lt_q20,43550
01FG001,q_lt_q20,43950
02AB006,q_lt_q20,48450
02AB014,q_lt_q20,46600
02AB017,q_lt_q20,46850
02AB019,q_lt_q20,42850
02AB020,q_lt_q20,46100
02AB021,q_lt_q20,48250
02AB022,q_lt_q20,46700
02AB023,q_lt_q20,48200
02AB024,q_lt_q20,46800
02AC001,q_lt_q20,47500
02AC002,q_lt_q20,49150
02AD010,q_lt_q20,50350
02AE001,q_lt_q20,46900
02BA005,q_lt_q20,50350
02BB003,q_lt_q20,50650
02BB004,q_lt_q20,50150
02BC006,q_lt_q20,49450
02BC008,q_lt_q20,49000
02BD002,q_lt_q20,49100
02BF002,q_lt_q20,47000
02BF004,q_lt_q20,41350
02CA002,q_lt_q20,42400
02CA007,q_lt_q20,44550
02CA008,q_lt_q20,
02CB003,q_lt_q20,49150
02CC010,q_lt_q20,47450
02CD001,q_lt_q20,43000
02CD006,q_lt_q20,47850
02CE007,q_lt_q20,44150
02CF005,q_lt_q20,44600
02CF007,q_lt_q20,44350
02CF008,q_lt_q20,44300
02CF010,q_lt_q20,46800
02CF011,q_lt_q20,46800
02CF012,q_lt_q20,45000
02CF013,q_lt_q20,45800
02CF014,q_lt_q20,47200
02CG003,q_lt_q20,45850
02DB005,q_lt_q20,44350
02DB007,q_lt_q20,45550
02DB008,q_lt_q20,45850
02DC004,q_lt_q20,45050
02DC012,q_lt_q20,47850
02DC013,q_lt_q20,46750
02DD010,q_lt_q20,43750
02DD012,q_lt_q20,44000
02DD013,q_lt_q20,42750
02DD014,q_lt_q20,44150
02DD015,q_lt_q20,44750
02DD017,q_lt_q20,45000
02DD020,q_lt_q20,44350
02DD024,q_lt_q20,44750
02DD026,q_lt_q20,46250
02DD027,q_lt_q20,44050
02DD029,q_lt_q20,43250
02DD030,q_lt_q20,
02DD031,q_lt_q20,46750
02EA005,q_lt_q20,44450
02EA010,q_lt_q20,45050
02EA018,q_lt_q20,44400
02EA021,q_lt_q20,44250
02EB004,q_lt_q20,43750
02EB008,q_lt_q20,43300
02EB013,q_lt_q20,45350
02EB014,q_lt_q20,44350
02EC002,q_lt_q20,43000
02EC003,q_lt_q20,43650
02EC009,q_lt_q20,42800
02EC010,q_lt_q20,41650
02EC011,q_lt_q20,45450
02EC014,q_lt_q20,43250
02EC019,q_lt_q20,43150
02EC022,q_lt_q20,44150
02ED003,q_lt_q20,43050
02ED010,q_lt_q20,42500
02ED014,q_lt_q20,42050
02ED015,q_lt_q20,42700
02ED024,q_lt_q20,44000
02ED026,q_lt_q20,42650
02ED027,q_lt_q20,42450
02ED029,q_lt_q20,43850
02ED030,q_lt_q20,42450
02ED032,q_lt_q20,42750
02ED100,q_lt_q20,42700
02ED101,q_lt_q20,42200
02ED102,q_lt_q20,42450
02FA004,q_lt_q20,43950
02FB007,q_lt_q20,43900
02FB009,q_lt_q20,43700
02FB010,q_lt_q20,44800
02FB012,q_lt_q20,43800
02FB013,q_lt_q20,44000
02FB014,q_lt_q20,44400
02FC001,q_lt_q20,43700
02FC002,q_lt_q20,43750
02FC011,q_lt_q20,43500
02FC012,q_lt_q20,43350
02FC015,q_lt_q20,44000
02FC016,q_lt_q20,44300
02FC017,q_lt_q20,43600
02FC020,q_lt_q20,44650
02FC021,q_lt_q20,44300
02FD002,q_lt_q20,43300
02FE002,q_lt_q20,43250
02FE003,q_lt_q20,44350
02FE005,q_lt_q20,43100
02FE007,q_lt_q20,42900
02FE008,q_lt_q20,43250
02FE009,q_lt_q20,43300
02FE010,q_lt_q20,43100
02FE011,q_lt_q20,47650
02FE013,q_lt_q20,43350
02FE014,q_lt_q20,42150
02FE016,q_lt_q20,42800
02FE017,q_lt_q20,43900
02FF002,q_lt_q20,43350
02FF004,q_lt_q20,41550
02FF007,q_lt_q20,42450
02FF008,q_lt_q20,41950
02FF009,q_lt_q20,42500
02FF011,q_lt_q20,43750
02FF013,q_lt_q20,43000
02FF014,q_lt_q20,43200
02FF015,q_lt_q20,42200
02GA003,q_lt_q20,42650
02GA005,q_lt_q20,43050
02GA006,q_lt_q20,43150
02GA010,q_lt_q20,41850
02GA014,q_lt_q20,43550
02GA015,q_lt_q20,43000
02GA016,q_lt_q20,42400
02GA018,q_lt_q20,43100
02GA023,q_lt_q20,42350
02GA024,q_lt_q20,43050
02GA028,q_lt_q20,43400
02GA029,q_lt_q20,42300
02GA030,q_lt_q20,42850
02GA031,q_lt_q20,42700
02GA034,q_lt_q20,42800
02GA038,q_lt_q20,43050
02GA039,q_lt_q20,43850
02GA040,q_lt_q20,42550
02GA041,q_lt_q20,49900
02GA042,q_lt_q20,44150
02GA043,q_lt_q20,42650
02GA044,q_lt_q20,42700
02GA046,q_lt_q20,42900
02GA047,q_lt_q20,41900
02GA048,q_lt_q20,42750
02GB001,q_lt_q20,41550
02GB006,q_lt_q20,42950
02GB007,q_lt_q20,41100
02GB008,q_lt_q20,42100
02GB010,q_lt_q20,42500
02GC002,q_lt_q20,42200
02GC006,q_lt_q20,42550
02GC007,q_lt_q20,42000
02GC010,q_lt_q20,42300
02GC011,q_lt_q20,41800
02GC017,q_lt_q20,41850
02GC018,q_lt_q20,41450
02GC021,q_lt_q20,41250
02GC026,q_lt_q20,42050
02GC029,q_lt_q20,42350
02GC030,q_lt_q20,42000
02GC031,q_lt_q20,42200
02GC036,q_lt_q20,41800
02GD001,q_lt_q20,42700
02GD003,q_lt_q20,42150
02GD004,q_lt_q20,43600
02GD005,q_lt_q20,42800
02GD008,q_lt_q20,42300
02GD009,q_lt_q20,44600
02GD010,q_lt_q20,42750
02GD011,q_lt_q20,42250
02GD014,q_lt_q20,43300
02GD015,q_lt_q20,43050
02GD016,q_lt_q20,42750
02GD018,q_lt_q20,43150
02GD019,q_lt_q20,43150
02GD021,q_lt_q20,42850
02GD026,q_lt_q20,43650
02GD027,q_lt_q20,43000
02GD028,q_lt_q20,42650
02GE002,q_lt_q20,42400
02GE003,q_lt_q20,41800
02GE005,q_lt_q20,41900
02GE006,q_lt_q20,42050
02GE008,q_lt_q20,42100
02GG002,q_lt_q20,42100
02GG003,q_lt_q20,42400
02GG005,q_lt_q20,41350
02GG009,q_lt_q20,41150
02GG013,q_lt_q20,41550
02GH002,q_lt_q20,41050
02GH003,q_lt_q20,40350
02GH011,q_lt_q20,40700
02GH015,q_lt_q20,
02GH016,q_lt_q20,40900
02HA003,q_lt_q20,42700
02HA006,q_lt_q20,41500
02HA007,q_lt_q20,43000
02HA013,q_lt_q20,
02HA014,q_lt_q20,41600
02HA019,q_lt_q20,42950
02HA020,q_lt_q20,42700
02HA024,q_lt_q20,42950
02HA030,q_lt_q20,41600
02HA031,q_lt_q20,41800
02HB001,q_lt_q20,42600
02HB004,q_lt_q20,42600
02HB005,q_lt_q20,41450
02HB007,q_lt_q20,41600
02HB008,q_lt_q20,41550
02HB011,q_lt_q20,40750
02HB013,q_lt_q20,42950
02HB015,q_lt_q20,42750
02HB018,q_lt_q20,41950
02HB020,q_lt_q20,43300
02HB021,q_lt_q20,41550
02HB022,q_lt_q20,42800
02HB023,q_lt_q20,42700
02HB024,q_lt_q20,42350
02HB025,q_lt_q20,42300
02HB027,q_lt_q20,41450
02HB028,q_lt_q20,41850
02HB029,q_lt_q20,42100
02HB030,q_lt_q20,41800
02HB031,q_lt_q20,43350
02HB032,q_lt_q20,42400
02HB033,q_lt_q20,41950
02HC003,q_lt_q20,42600
02HC005,q_lt_q20,43150
02HC009,q_lt_q20,44200
02HC013,q_lt_q20,41950
02HC017,q_lt_q20,42200
02HC018,q_lt_q20,41950
02HC019,q_lt_q20,40800
02HC022,q_lt_q20,43350
02HC023,q_lt_q20,42700
02HC024,q_lt_q20,42550
02HC025,q_lt_q20,43500
02HC027,q_lt_q20,42600
02HC028,q_lt_q20,41650
02HC030,q_lt_q20,41550
02HC031,q_lt_q20,42300
02HC032,q_lt_q20,42350
02HC033,q_lt_q20,41200
02HC038,q_lt_q20,41750
02HC047,q_lt_q20,41550
02HC049,q_lt_q20,42650
02HC053,q_lt_q20,42150
02HC054,q_lt_q20,42250
02HC055,q_lt_q20,41150
02HC056,q_lt_q20,42700
02HC058,q_lt_q20,43300
02HC059,q_lt_q20,41900
02HD003,q_lt_q20,41900
02HD004,q_lt_q20,41600
02HD006,q_lt_q20,41300
02HD008,q_lt_q20,42450
02HD009,q_lt_q20,41950
02HD021,q_lt_q20,43600
02HD023,q_lt_q20,41750
02HE002,q_lt_q20,42900
02HF002,q_lt_q20,43300
02HF003,q_lt_q20,43050
02HF005,q_lt_q20,42700
02HG001,q_lt_q20,44650
02HG003,q_lt_q20,42950
02HH003,q_lt_q20,42650
02HJ001,q_lt_q20,43750
02HJ003,q_lt_q20,43300
02HJ006,q_lt_q20,43300
02HJ007,q_lt_q20,42900
02HK003,q_lt_q20,42700
02HK005,q_lt_q20,43150
02HK006,q_lt_q20,43150
02HK007,q_lt_q20,43300
02HK008,q_lt_q20,42700
02HK009,q_lt_q20,42450
02HK010,q_lt_q20,43050
02HK011,q_lt_q20,42600
02HK015,q_lt_q20,44250
02HK016,q_lt_q20,42200
02HK017,q_lt_q20,42900
02HL001,q_lt_q20,42000
02HL003,q_lt_q20,41100
02HL004,q_lt_q20,42250
02HL005,q_lt_q20,42400
02HL007,q_lt_q20,43050
02HL008,q_lt_q20,43050
02HM002,q_lt_q20,43100
02HM003,q_lt_q20,42750
02HM004,q_lt_q20,43450
02HM005,q_lt_q20,43200
02HM006,q_lt_q20,43650
02HM007,q_lt_q20,43650
02HM009,q_lt_q20,42800
02HM010,q_lt_q20,42200
02HM011,q_lt_q20,43200
02JA006,q_lt_q20,49300
02JB009,q_lt_q20,
02JB013,q_lt_q20,50350
02JC008,q_lt_q20,50050
02JE020,q_lt_q20,48500
02JE029,q_lt_q20,48250
02KA015,q_lt_q20,45100
02KB001,q_lt_q20,42550
02KC009,q_lt_q20,43450
02KC015,q_lt_q20,43800
02KC018,q_lt_q20,42250
02KD002,q_lt_q20,42400
02KD004,q_lt_q20,41800
02KF001,q_lt_q20,44450
02KF005,q_lt_q20,43600
02KF006,q_lt_q20,45100
02KF010,q_lt_q20,42850
02KF011,q_lt_q20,45200
02KF012,q_lt_q20,43550
02KF013,q_lt_q20,43400
02KF015,q_lt_q20,43100
02KF016,q_lt_q20,42700
02KF017,q_lt_q20,41500
02KF018,q_lt_q20,43050
02KF019,q_lt_q20,43800
02KJ004,q_lt_q20,49200
02LA004,q_lt_q20,43950
02LA006,q_lt_q20,43100
02LA007,q_lt_q20,42850
02LA011,q_lt_q20,42700
02LA012,q_lt_q20,43600
02LA024,q_lt_q20,42000
02LB005,q_lt_q20,44600
02LB006,q_lt_q20,45050
02LB007,q_lt_q20,43000
02LB008,q_lt_q20,43200
02LB009,q_lt_q20,45300
02LB013,q_lt_q20,44300
02LB017,q_lt_q20,44000
02LB018,q_lt_q20,46600
02LB020,q_lt_q20,43600
02LB022,q_lt_q20,46700
02LB031,q_lt_q20,47700
02LB036,q_lt_q20,43750
02LC008,q_lt_q20,42950
02LC021,q_lt_q20,44200
02LC027,q_lt_q20,45650
02LC043,q_lt_q20,48800
02LC070,q_lt_q20,46100
02LC073,q_lt_q20,44300
02LD005,q_lt_q20,43100
02LD006,q_lt_q20,44250
02LE024,q_lt_q20,48300
02LE025,q_lt_q20,50650
02LG005,q_lt_q20,
02LH032,q_lt_q20,42850
02LH033,q_lt_q20,44700
02MA001,q_lt_q20,43000
02MB006,q_lt_q20,41050
02MB010,q_lt_q20,42550
02MC001,q_lt_q20,44900
02MC026,q_lt_q20,46100
02MC027,q_lt_q20,43000
02MC028,q_lt_q20,43800
02MC030,q_lt_q20,43400
02MC036,q_lt_q20,45700
02ND003,q_lt_q20,
02NE011,q_lt_q20,47400
02NF003,q_lt_q20,46550
02OA003,q_lt_q20,43900
02OA004,q_lt_q20,
02OA016,q_lt_q20,
02OA033,q_lt_q20,
02OA054,q_lt_q20,45150
02OA057,q_lt_q20,48300
02OA107,q_lt_q20,
02OA108,q_lt_q20,47300
02OA109,q_lt_q20,42350
02OA110,q_lt_q20,44050
02OA111,q_lt_q20,45300
02OB008,q_lt_q20,45200
02OB017,q_lt_q20,42900
02OB032,q_lt_q20,46800
02OB037,q_lt_q20,44100
02OB046,q_lt_q20,44550
02OC002,q_lt_q20,42200
02OC004,q_lt_q20,46500
02OC021,q_lt_q20,45600
02OD001,q_lt_q20,45550
02OD003,q_lt_q20,46350
02OD010,q_lt_q20,46150
02OE001,q_lt_q20,47500
02OE005,q_lt_q20,45450
02OE019,q_lt_q20,43400
02OE022,q_lt_q20,43500
02OE027,q_lt_q20,44900
02OE032,q_lt_q20,44500
02OE062,q_lt_q20,43400
02OE070,q_lt_q20,44300
02OG002,q_lt_q20,47150
02OG007,q_lt_q20,44650
02OG014,q_lt_q20,44100
02OG019,q_lt_q20,46600
02OG026,q_lt_q20,46300
02OG042,q_lt_q20,44500
02OG045,q_lt_q20,44900
02OG047,q_lt_q20,47750
02OH012,q_lt_q20,49050
02OH013,q_lt_q20,51050
02OH014,q_lt_q20,44550
02OH015,q_lt_q20,49050
02OJ007,q_lt_q20,48350
02OJ024,q_lt_q20,51150
02OJ026,q_lt_q20,46800
02PA007,q_lt_q20,44700
02PB006,q_lt_q20,47000
02PB019,q_lt_q20,45400
02PC002,q_lt_q20,44850
02PC010,q_lt_q20,45150
02PC017,q_lt_q20,43850
02PC018,q_lt_q20,47000
02PC019,q_lt_q20,43800
02PC020,q_lt_q20,44650
02PD002,q_lt_q20,44200
02PD004,q_lt_q20,48750
02PD010,q_lt_q20,43850
02PD012,q_lt_q20,47900
02PD013,q_lt_q20,50900
02PD014,q_lt_q20,47700
02PD015,q_lt_q20,46700
02PD023,q_lt_q20,43500
02PD024,q_lt_q20,47000
02PF001,q_lt_q20,43700
02PG001,q_lt_q20,43300
02PG003,q_lt_q20,46000
02PG006,q_lt_q20,44750
02PG022,q_lt_q20,44000
02PG023,q_lt_q20,44350
02PJ005,q_lt_q20,
02PJ007,q_lt_q20,44150
02PJ012,q_lt_q20,44600
02PJ014,q_lt_q20,45000
02PJ030,q_lt_q20,46350
02PJ034,q_lt_q20,45200
02PK009,q_lt_q20,45150
02PL005,q_lt_q20,43700
02PL015,q_lt_q20,46900
02PL016,q_lt_q20,44950
02QB001,q_lt_q20,46950
02QB005,q_lt_q20,43800
02QC009,q_lt_q20,46550
02RD007,q_lt_q20,49750
02RF001,q_lt_q20,48550
02RF009,q_lt_q20,47200
02RF010,q_lt_q20,48000
02RG005,q_lt_q20,47100
02RG008,q_lt_q20,47500
02RH015,q_lt_q20,47400
02RH027,q_lt_q20,48850
02RH035,q_lt_q20,46850
02RH045,q_lt_q20,48350
02RH066,q_lt_q20,48700
02RH067,q_lt_q20,45550
02RH069,q_lt_q20,48300
02RH070,q_lt_q20,45150
02RH071,q_lt_q20,48500
02RH072,q_lt_q20,47400
02RH073,q_lt_q20,47000
02UA003,q_lt_q20,48650
02UC002,q_lt_q20,48550
02VB004,q_lt_q20,50000
02WB003,q_lt_q20,
02XA003,q_lt_q20,49600
02XA008,q_lt_q20,45350
02XC001,q_lt_q20,
02YC001,q_lt_q20,44650
02YD002,q_lt_q20,47100
02YG001,q_lt_q20,45650
02YJ001,q_lt_q20,45700
02YK002,q_lt_q20,46800
02YK005,q_lt_q20,42650
02YK008,q_lt_q20,43700
02YL001,q_lt_q20,47050
02YL003,q_lt_q20,46150
02YL004,q_lt_q20,43400
02YL005,q_lt_q20,45800
02YL008,q_lt_q20,44150
02YL012,q_lt_q20,44500
02YM004,q_lt_q20,45200
02YN002,q_lt_q20,43450
02YN004,q_lt_q20,42250
02YO006,q_lt_q20,44150
02YO008,q_lt_q20,45000
02YO011,q_lt_q20,
02YO012,q_lt_q20,44400
02YO013,q_lt_q20,44200
02YO014,q_lt_q20,43250
02YO015,q_lt_q20,44000
02YO016,q_lt_q20,44800
02YO018,q_lt_q20,46750
02YQ001,q_lt_q20,45200
02YQ005,q_lt_q20,44200
02YR001,q_lt_q20,45350
02YR003,q_lt_q20,47350
02YR004,q_lt_q20,46900
02YS003,q_lt_q20,47000
02YS005,q_lt_q20,45550
02YS006,q_lt_q20,43400
02ZA002,q_lt_q20,45450
02ZB001,q_lt_q20,45150
02ZC002,q_lt_q20,45150
02ZC003,q_lt_q20,47700
02ZD002,q_lt_q20,45800
02ZE004,q_lt_q20,45600
02ZF001,q_lt_q20,46700
02ZH001,q_lt_q20,46100
02ZH002,q_lt_q20,44100
02ZJ001,q_lt_q20,44550
02ZJ003,q_lt_q20,46350
02ZK001,q_lt_q20,47200
02ZK002,q_lt_q20,46550
02ZK004,q_lt_q20,45300
02ZK006,q_lt_q20,45750
02ZK008,q_lt_q20,45750
02ZL004,q_lt_q20,44900
02ZM009,q_lt_q20,43050
02ZM016,q_lt_q20,46050
02ZN002,q_lt_q20,46950
03AB002,q_lt_q20,
03BD002,q_lt_q20,53000
03BF001,q_lt_q20,53050
03ED001,q_lt_q20,45800
03JB004,q_lt_q20,
03KC004,q_lt_q20,
03LF002,q_lt_q20,53250
03MB002,q_lt_q20,55800
03MD001,q_lt_q20,
03NE001,q_lt_q20,46450
03NE002,q_lt_q20,46450
03OA005,q_lt_q20,
03OA012,q_lt_q20,48400
03OA015,q_lt_q20,43150
03OA016,q_lt_q20,49850
03OA017,q_lt_q20,49000
03OB007,q_lt_q20,50950
03OC003,q_lt_q20,
03OD008,q_lt_q20,46000
03OD009,q_lt_q20,48250
03OD010,q_lt_q20,
03OE001,q_lt_q20,49350
03OE011,q_lt_q20,48000
03OE013,q_lt_q20,50500
03OE014,q_lt_q20,50600
03QC001,q_lt_q20,49000
03QC002,q_lt_q20,47500
04AA004,q_lt_q20,46250
04AB001,q_lt_q20,
04CA002,q_lt_q20,46300
04CA003,q_lt_q20,
04CA004,q_lt_q20,
04CA005,q_lt_q20,
04CB001,q_lt_q20,
04DA001,q_lt_q20,
04DA002,q_lt_q20,53650
04DB001,q_lt_q20,
04DC001,q_lt_q20,48400
04DC002,q_lt_q20,53450
04EA001,q_lt_q20,57400
04FA001,q_lt_q20,49850
04FA002,q_lt_q20,50700
04FA003,q_lt_q20,
04FB001,q_lt_q20,49900
04FC001,q_lt_q20,57150
04FC003,q_lt_q20,54600
04GA002,q_lt_q20,49600
04GB004,q_lt_q20,
04GB005,q_lt_q20,49200
04GC002,q_lt_q20,49450
04GD001,q_lt_q20,
04HA001,q_lt_q20,
04HA002,q_lt_q20,62150
04JC002,q_lt_q20,50550
04JD005,q_lt_q20,50400
04JF001,q_lt_q20,51200
04JG001,q_lt_q20,50750
04KA001,q_lt_q20,50950
04LA002,q_lt_q20,49350
04LA003,q_lt_q20,51450
04LA004,q_lt_q20,49850
04LA006,q_lt_q20,48800
04LB002,q_lt_q20,48550
04LC003,q_lt_q20,47650
04LD001,q_lt_q20,50100
04LE002,q_lt_q20,48500
04LF001,q_lt_q20,50100
04LG004,q_lt_q20,
04LJ001,q_lt_q20,50800
04LK001,q_lt_q20,48100
04LM001,q_lt_q20,
04ME003,q_lt_q20,
04MF001,q_lt_q20,
04NA001,q_lt_q20,50000
04NA005,q_lt_q20,48200
05AA004,q_lt_q20,42050
05AA008,q_lt_q20,46700
05AA011,q_lt_q20,43450
05AA022,q_lt_q20,44000
05AA024,q_lt_q20,42300
05AA027,q_lt_q20,45100
05AA028,q_lt_q20,45350
05AA030,q_lt_q20,43700
05AA033,q_lt_q20,42050
05AA034,q_lt_q20,44250
05AA035,q_lt_q20,43300
05AA909,q_lt_q20,44750
05AB005,q_lt_q20,41550
05AB013,q_lt_q20,42000
05AB019,q_lt_q20,41750
05AB021,q_lt_q20,42100
05AB029,q_lt_q20,41250
05AB040,q_lt_q20,45400
05AB041,q_lt_q20,42800
05AB042,q_lt_q20,42700
05AB045,q_lt_q20,42750
05AB046,q_lt_q20,41550
05AC003,q_lt_q20,41850
05AC012,q_lt_q20,41250
05AC017,q_lt_q20,40200
05AC023,q_lt_q20,41050
05AC030,q_lt_q20,41800
05AC031,q_lt_q20,42900
05AC034,q_lt_q20,41800
05AC902,q_lt_q20,41050
05AC930,q_lt_q20,42550
05AC938,q_lt_q20,41700
05AC941,q_lt_q20,41150
05AD003,q_lt_q20,42350
05AD005,q_lt_q20,44100
05AD007,q_lt_q20,41250
05AD010,q_lt_q20,43450
05AD013,q_lt_q20,42300
05AD017,q_lt_q20,44300
05AD021,q_lt_q20,42950
05AD027,q_lt_q20,41750
05AD028,q_lt_q20,43050
05AD035,q_lt_q20,41350
05AD037,q_lt_q20,40150
05AD041,q_lt_q20,44350
05AD042,q_lt_q20,43850
05AD934,q_lt_q20,40850
05AE002,q_lt_q20,43050
05AE005,q_lt_q20,42850
05AE006,q_lt_q20,41750
05AE016,q_lt_q20,40950
05AE021,q_lt_q20,42100
05AE026,q_lt_q20,43500
05AE027,q_lt_q20,42800
05AE029,q_lt_q20,42250
05AF034,q_lt_q20,40300
05AG003,q_lt_q20,40600
05AG006,q_lt_q20,41400
05AG026,q_lt_q20,40250
05AH002,q_lt_q20,40600
05AH005,q_lt_q20,42200
05AH037,q_lt_q20,41750
05AH041,q_lt_q20,40900
05AH043,q_lt_q20,42050
05AH052,q_lt_q20,40500
05AH053,q_lt_q20,40250
05AJ001,q_lt_q20,41950
05BA001,q_lt_q20,48800
05BA002,q_lt_q20,48400
05BB001,q_lt_q20,48950
05BC001,q_lt_q20,48500
05BC008,q_lt_q20,49700
05BD004,q_lt_q20,49000
05BE004,q_lt_q20,45700
05BE007,q_lt_q20,48250
05BE999,q_lt_q20,42600
05BF003,q_lt_q20,48250
05BF025,q_lt_q20,46250
05BG006,q_lt_q20,46400
05BG010,q_lt_q20,45150
05BH004,q_lt_q20,41900
05BH005,q_lt_q20,43750
05BH008,q_lt_q20,42650
05BH013,q_lt_q20,47400
05BH014,q_lt_q20,43500
05BH015,q_lt_q20,44850
05BH016,q_lt_q20,42700
05BJ001,q_lt_q20,42400
05BJ004,q_lt_q20,46100
05BJ010,q_lt_q20,43550
05BK001,q_lt_q20,45250
05BL004,q_lt_q20,44650
05BL007,q_lt_q20,43050
05BL012,q_lt_q20,43100
05BL013,q_lt_q20,43700
05BL014,q_lt_q20,44800
05BL015,q_lt_q20,41800
05BL019,q_lt_q20,45350
05BL022,q_lt_q20,46600
05BL023,q_lt_q20,43700
05BL024,q_lt_q20,43150
05BL025,q_lt_q20,42300
05BL027,q_lt_q20,44850
05BM002,q_lt_q20,
05BM004,q_lt_q20,41750
05BM008,q_lt_q20,43000
05BM014,q_lt_q20,42300
05BM015,q_lt_q20,42000
05BM018,q_lt_q20,42950
05BM020,q_lt_q20,41250
05BM021,q_lt_q20,42450
05BN002,q_lt_q20,40850
05BN006,q_lt_q20,39800
05BN008,q_lt_q20,40250
05BN012,q_lt_q20,42750
05CA002,q_lt_q20,44700
05CA004,q_lt_q20,46850
05CA009,q_lt_q20,46850
05CA011,q_lt_q20,44200
05CA012,q_lt_q20,45600
05CB001,q_lt_q20,44550
05CB002,q_lt_q20,47750
05CB004,q_lt_q20,44700
05CB007,q_lt_q20,44850
05CC001,q_lt_q20,43500
05CC002,q_lt_q20,42750
05CC007,q_lt_q20,44000
05CC008,q_lt_q20,44350
05CC009,q_lt_q20,44700
05CC010,q_lt_q20,43700
05CC011,q_lt_q20,42250
05CC013,q_lt_q20,44250
05CD004,q_lt_q20,43700
05CD006,q_lt_q20,45050
05CD007,q_lt_q20,43150
05CD902,q_lt_q20,43100
05CE001,q_lt_q20,43800
05CE002,q_lt_q20,44400
05CE005,q_lt_q20,43300
05CE006,q_lt_q20,44150
05CE007,q_lt_q20,44450
05CE010,q_lt_q20,44550
05CE011,q_lt_q20,44100
05CE012,q_lt_q20,43950
05CE018,q_lt_q20,44850
05CE020,q_lt_q20,44000
05CG006,q_lt_q20,43250
05CG007,q_lt_q20,42100
05CH007,q_lt_q20,41400
05CH011,q_lt_q20,41950
05CJ006,q_lt_q20,41900
05CJ012,q_lt_q20,43250
05CK001,q_lt_q20,40650
05CK004,q_lt_q20,41650
05CK005,q_lt_q20,41350
05DA002,q_lt_q20,47000
05DA007,q_lt_q20,47500
05DA009,q_lt_q20,47950
05DA010,q_lt_q20,47500
05DB002,q_lt_q20,45150
05DB005,q_lt_q20,46650
05DB006,q_lt_q20,44350
05DC001,q_lt_q20,
05DC006,q_lt_q20,46750
05DC010,q_lt_q20,47300
05DC011,q_lt_q20,48000
05DC012,q_lt_q20,46500
05DD004,q_lt_q20,47850
05DD005,q_lt_q20,48350
05DD007,q_lt_q20,46850
05DD009,q_lt_q20,46400
05DE007,q_lt_q20,46850
05DE009,q_lt_q20,43300
05DE010,q_lt_q20,47950
05DE911,q_lt_q20,44400
05DF001,q_lt_q20,
05DF003,q_lt_q20,43600
05DF004,q_lt_q20,42700
05DF006,q_lt_q20,43700
05DF007,q_lt_q20,43500
05DF008,q_lt_q20,42900
05DF009,q_lt_q20,44150
05EA001,q_lt_q20,44100
05EA002,q_lt_q20,43650
05EA005,q_lt_q20,44850
05EA010,q_lt_q20,42950
05EA011,q_lt_q20,43450
05EA012,q_lt_q20,44400
05EA013,q_lt_q20,44200
05EB902,q_lt_q20,42550
05EC002,q_lt_q20,45150
05EC005,q_lt_q20,44500
05ED002,q_lt_q20,44900
05EE005,q_lt_q20,44800
05EE006,q_lt_q20,43550
05EE007,q_lt_q20,44100
05EE009,q_lt_q20,42950
05EE010,q_lt_q20,45200
05EF001,q_lt_q20,
05EF004,q_lt_q20,45400
05EF005,q_lt_q20,45050
05EF006,q_lt_q20,44950
05EG004,q_lt_q20,45250
05EG005,q_lt_q20,45150
05FA001,q_lt_q20,43550
05FA011,q_lt_q20,44300
05FA012,q_lt_q20,45050
05FA014,q_lt_q20,43750
05FA024,q_lt_q20,44000
05FA025,q_lt_q20,43600
05FB002,q_lt_q20,42850
05FC001,q_lt_q20,44800
05FC002,q_lt_q20,43650
05FC004,q_lt_q20,43950
05FC007,q_lt_q20,42850
05FC008,q_lt_q20,44050
05FD001,q_lt_q20,43150
05FE002,q_lt_q20,44800
05FE004,q_lt_q20,45650
05FF003,q_lt_q20,46050
05GA003,q_lt_q20,43250
05GA008,q_lt_q20,45950
05GA010,q_lt_q20,43250
05GB004,q_lt_q20,44150
05GC006,q_lt_q20,44750
05GC007,q_lt_q20,43550
05GD001,q_lt_q20,45400
05GD002,q_lt_q20,44850
05GF001,q_lt_q20,45450
05GF002,q_lt_q20,44950
05GG001,q_lt_q20,
05GG010,q_lt_q20,43550
05HA003,q_lt_q20,41750
05HA015,q_lt_q20,42700
05HC003,q_lt_q20,43350
05HD036,q_lt_q20,41900
05HD039,q_lt_q20,43600
05HD042,q_lt_q20,42250
05HE001,q_lt_q20,43150
05HF015,q_lt_q20,43500
05HG001,q_lt_q20,44000
05HG002,q_lt_q20,44100
05HH002,q_lt_q20,45350
05HH003,q_lt_q20,45350
05JA002,q_lt_q20,41200
05JA003,q_lt_q20,41150
05JA005,q_lt_q20,41850
05JA006,q_lt_q20,41850
05JB001,q_lt_q20,42450
05JB004,q_lt_q20,41800
05JB007,q_lt_q20,41600
05JC004,q_lt_q20,42100
05JC005,q_lt_q20,41900
05JC006,q_lt_q20,42250
05JC007,q_lt_q20,42150
05JE001,q_lt_q20,42550
05JE004,q_lt_q20,43650
05JE005,q_lt_q20,42650
05JE006,q_lt_q20,42350
05JF001,q_lt_q20,45000
05JF005,q_lt_q20,45250
05JF006,q_lt_q20,45000
05JF008,q_lt_q20,44050
05JF011,q_lt_q20,44750
05JF012,q_lt_q20,46450
05JF014,q_lt_q20,44200
05JG001,q_lt_q20,41800
05JG004,q_lt_q20,42650
05JG006,q_lt_q20,43000
05JG013,q_lt_q20,44950
05JG014,q_lt_q20,44800
05JH001,q_lt_q20,42800
05JH005,q_lt_q20,43000
05JJ003,q_lt_q20,43650
05JJ009,q_lt_q20,43150
05JK002,q_lt_q20,44200
05JK004,q_lt_q20,45850
05JK007,q_lt_q20,43700
05JL005,q_lt_q20,45200
05JM001,q_lt_q20,51400
05JM010,q_lt_q20,46050
05JM013,q_lt_q20,45100
05JM015,q_lt_q20,46450
05KA001,q_lt_q20,44950
05KA009,q_lt_q20,46150
05KB003,q_lt_q20,46050
05KB005,q_lt_q20,46750
05KB006,q_lt_q20,45550
05KB011,q_lt_q20,46350
05KC001,q_lt_q20,46600
05KD003,q_lt_q20,47850
05KD007,q_lt_q20,47050
05KE002,q_lt_q20,44350
05KE005,q_lt_q20,46350
05KE007,q_lt_q20,46700
05KE010,q_lt_q20,47200
05KF001,q_lt_q20,45750
05KH007,q_lt_q20,46700
05KH009,q_lt_q20,48500
05KJ001,q_lt_q20,47450
05KJ014,q_lt_q20,49350
05KL001,q_lt_q20,
05LA003,q_lt_q20,45850
05LA004,q_lt_q20,47350
05LA005,q_lt_q20,46250
05LB004,q_lt_q20,45450
05LB005,q_lt_q20,46150
05LB006,q_lt_q20,46150
05LB007,q_lt_q20,44900
05LB010,q_lt_q20,46250
05LC001,q_lt_q20,45200
05LC004,q_lt_q20,44450
05LD001,q_lt_q20,45850
05LD003,q_lt_q20,46900
05LE004,q_lt_q20,47050
05LE005,q_lt_q20,46950
05LE006,q_lt_q20,46350
05LE008,q_lt_q20,45850
05LE010,q_lt_q20,45400
05LE011,q_lt_q20,46550
05LG003,q_lt_q20,44350
05LG004,q_lt_q20,43000
05LH005,q_lt_q20,45300
05LJ005,q_lt_q20,45000
05LJ007,q_lt_q20,45000
05LJ010,q_lt_q20,45600
05LJ012,q_lt_q20,46100
05LJ019,q_lt_q20,44400
05LJ025,q_lt_q20,45850
05LJ027,q_lt_q20,45050
05LJ045,q_lt_q20,44300
05LL005,q_lt_q20,44000
05LL014,q_lt_q20,44850
05LL015,q_lt_q20,44650
05LL021,q_lt_q20,45250
05LL027,q_lt_q20,44650
05LM006,q_lt_q20,47150
05LN006,q_lt_q20,44100
05MA011,q_lt_q20,44850
05MA012,q_lt_q20,45550
05MA016,q_lt_q20,44200
05MA020,q_lt_q20,46650
05MA021,q_lt_q20,44500
05MA025,q_lt_q20,46450
05MB001,q_lt_q20,45650
05MB003,q_lt_q20,45000
05MB005,q_lt_q20,44300
05MC001,q_lt_q20,45550
05MC002,q_lt_q20,47600
05MC003,q_lt_q20,45150
05MD004,q_lt_q20,44400
05MD005,q_lt_q20,45350
05MD007,q_lt_q20,45150
05MD010,q_lt_q20,44900
05ME001,q_lt_q20,45800
05ME003,q_lt_q20,46300
05ME005,q_lt_q20,46450
05ME006,q_lt_q20,45550
05ME007,q_lt_q20,44950
05ME009,q_lt_q20,44300
05ME010,q_lt_q20,44950
05MF001,q_lt_q20,46400
05MF008,q_lt_q20,44850
05MF018,q_lt_q20,44950
05MF024,q_lt_q20,46300
05MG001,q_lt_q20,44700
05MG003,q_lt_q20,43900
05MG004,q_lt_q20,45100
05MG015,q_lt_q20,44200
05MH001,q_lt_q20,45500
05MH005,q_lt_q20,46200
05MH006,q_lt_q20,45150
05MH007,q_lt_q20,43750
05MH008,q_lt_q20,44350
05MJ001,q_lt_q20,46900
05MJ003,q_lt_q20,45000
05MJ004,q_lt_q20,45050
05MJ013,q_lt_q20,44900
05NA003,q_lt_q20,42050
05NA004,q_lt_q20,42400
05NA005,q_lt_q20,42400
05NB001,q_lt_q20,41900
05NB011,q_lt_q20,44600
05NB018,q_lt_q20,42450
05NB021,q_lt_q20,42550
05NB027,q_lt_q20,42300
05NB031,q_lt_q20,44650
05NB033,q_lt_q20,42400
05NB036,q_lt_q20,45650
05NB039,q_lt_q20,41700
05NB040,q_lt_q20,42950
05NB041,q_lt_q20,42850
05NC001,q_lt_q20,43150
05ND007,q_lt_q20,42850
05ND010,q_lt_q20,43700
05ND011,q_lt_q20,42850
05ND013,q_lt_q20,43050
05NE003,q_lt_q20,44750
05NF001,q_lt_q20,43900
05NF002,q_lt_q20,42850
05NF006,q_lt_q20,41950
05NF007,q_lt_q20,43700
05NF010,q_lt_q20,44350
05NF012,q_lt_q20,44200
05NG001,q_lt_q20,45050
05NG003,q_lt_q20,43350
05NG007,q_lt_q20,43900
05NG010,q_lt_q20,43900
05NG012,q_lt_q20,44050
05NG020,q_lt_q20,42800
05NG021,q_lt_q20,44300
05NG024,q_lt_q20,45450
05OA001,q_lt_q20,43750
05OA006,q_lt_q20,44800
05OA007,q_lt_q20,44100
05OA010,q_lt_q20,46250
05OB001,q_lt_q20,46150
05OB007,q_lt_q20,45950
05OB010,q_lt_q20,45450
05OB016,q_lt_q20,45900
05OB019,q_lt_q20,49000
05OB021,q_lt_q20,46150
05OB023,q_lt_q20,45950
05OC001,q_lt_q20,43350
05OC004,q_lt_q20,43550
05OC008,q_lt_q20,
05OC012,q_lt_q20,45000
05OC016,q_lt_q20,44800
05OC019,q_lt_q20,46500
05OC022,q_lt_q20,45050
05OC024,q_lt_q20,47650
05OC029,q_lt_q20,45050
05OD001,q_lt_q20,45150
05OD004,q_lt_q20,40950
05OD028,q_lt_q20,44800
05OD034,q_lt_q20,41250
05OE001,q_lt_q20,45650
05OE004,q_lt_q20,42600
05OE006,q_lt_q20,47450
05OE007,q_lt_q20,43850
05OE009,q_lt_q20,45700
05OE010,q_lt_q20,47800
05OE011,q_lt_q20,46900
05OE014,q_lt_q20,42250
05OE015,q_lt_q20,41800
05OF003,q_lt_q20,45300
05OF009,q_lt_q20,44350
05OF011,q_lt_q20,44050
05OF014,q_lt_q20,46900
05OF017,q_lt_q20,44350
05OF018,q_lt_q20,43800
05OF020,q_lt_q20,46500
05OF023,q_lt_q20,45700
05OF024,q_lt_q20,47600
05OF026,q_lt_q20,46900
05OG001,q_lt_q20,47250
05OG005,q_lt_q20,47150
05OG008,q_lt_q20,49000
05OH007,q_lt_q20,44150
05OH009,q_lt_q20,47150
05OJ005,q_lt_q20,
05OJ008,q_lt_q20,44750
05OJ016,q_lt_q20,44850
05OJ017,q_lt_q20,47000
05PA006,q_lt_q20,46800
05PA012,q_lt_q20,
05PB009,q_lt_q20,47150
05PB018,q_lt_q20,46750
05PC018,q_lt_q20,43300
05PC019,q_lt_q20,
05PC022,q_lt_q20,44200
05PC023,q_lt_q20,44700
05PE005,q_lt_q20,46200
05PE006,q_lt_q20,46650
05PE011,q_lt_q20,47000
05PE020,q_lt_q20,
05PE028,q_lt_q20,46650
05PF063,q_lt_q20,
05PF068,q_lt_q20,
05PF069,q_lt_q20,
05PG001,q_lt_q20,43350
05PH003,q_lt_q20,44150
05PH007,q_lt_q20,44150
05PJ001,q_lt_q20,45100
05QA002,q_lt_q20,
05QA004,q_lt_q20,49100
05QC001,q_lt_q20,48350
05QC006,q_lt_q20,48650
05QC007,q_lt_q20,48600
05QD006,q_lt_q20,47400
05QD016,q_lt_q20,45400
05QE008,q_lt_q20,50350
05QE009,q_lt_q20,48100
05RA001,q_lt_q20,44800
05RB003,q_lt_q20,46650
05RC001,q_lt_q20,49100
05RD008,q_lt_q20,45650
05RE001,q_lt_q20,
05SA002,q_lt_q20,46050
05SC002,q_lt_q20,47200
05SD004,q_lt_q20,46700
05SD005,q_lt_q20,45800
05SD006,q_lt_q20,47350
05TD001,q_lt_q20,52850
05TE002,q_lt_q20,48800
05TF002,q_lt_q20,55400
05TG001,q_lt_q20,52800
05TG002,q_lt_q20,59250
05TG003,q_lt_q20,48000
05TG006,q_lt_q20,60450
05UA003,q_lt_q20,47000
05UB008,q_lt_q20,
05UB009,q_lt_q20,
05UE005,q_lt_q20,
05UF004,q_lt_q20,48850
05UF006,q_lt_q20,50600
05UF007,q_lt_q20,
05UG001,q_lt_q20,44850
05UH001,q_lt_q20,43100
05UH002,q_lt_q20,44950
06AA001,q_lt_q20,45900
06AA002,q_lt_q20,44950
06AB001,q_lt_q20,46900
06AB002,q_lt_q20,43700
06AC001,q_lt_q20,45150
06AD001,q_lt_q20,45800
06AD006,q_lt_q20,45500
06AD007,q_lt_q20,44400
06AD008,q_lt_q20,46400
06AD009,q_lt_q20,46300
06AD010,q_lt_q20,44800
06AD011,q_lt_q20,44600
06AF005,q_lt_q20,47500
06AG001,q_lt_q20,46500
06AG002,q_lt_q20,46800
06BA002,q_lt_q20,46700
06BB003,q_lt_q20,49650
06BB005,q_lt_q20,47700
06BD001,q_lt_q20,49200
06CA001,q_lt_q20,49300
06CC001,q_lt_q20,47800
06CD002,q_lt_q20,
06DA002,q_lt_q20,51950
06DA004,q_lt_q20,48900
06DA005,q_lt_q20,51350
06DC001,q_lt_q20,53500
06DD002,q_lt_q20,49100
06DD003,q_lt_q20,
06EA002,q_lt_q20,48500
06EA006,q_lt_q20,
06EA011,q_lt_q20,
06EB004,q_lt_q20,
06FA001,q_lt_q20,
06FB001,q_lt_q20,45300
06FC001,q_lt_q20,
06FD001,q_lt_q20,53000
06FD002,q_lt_q20,48650
06GD001,q_lt_q20,
06HB002,q_lt_q20,50550
06JA001,q_lt_q20,47850
06JB001,q_lt_q20,51400
06JC002,q_lt_q20,50000
06KB003,q_lt_q20,
06KC003,q_lt_q20,
06LA001,q_lt_q20,52050
06LC001,q_lt_q20,
06OA007,q_lt_q20,
07AA001,q_lt_q20,49350
07AA002,q_lt_q20,48600
07AA007,q_lt_q20,49900
07AC001,q_lt_q20,47150
07AC007,q_lt_q20,49150
07AC008,q_lt_q20,46300
07AD002,q_lt_q20,44600
07AE001,q_lt_q20,48750
07AF002,q_lt_q20,44900
07AF003,q_lt_q20,46300
07AF010,q_lt_q20,45800
07AF013,q_lt_q20,47400
07AF014,q_lt_q20,44300
07AF015,q_lt_q20,44900
07AG003,q_lt_q20,46850
07AG004,q_lt_q20,48700
07AG007,q_lt_q20,47000
07AG008,q_lt_q20,46850
07AH001,q_lt_q20,46250
07AH002,q_lt_q20,47700
07AH003,q_lt_q20,48200
07BA001,q_lt_q20,47750
07BA002,q_lt_q20,46900
07BA003,q_lt_q20,45950
07BB002,q_lt_q20,48650
07BB004,q_lt_q20,44800
07BB005,q_lt_q20,44650
07BB006,q_lt_q20,44800
07BB011,q_lt_q20,45100
07BB014,q_lt_q20,43400
07BC002,q_lt_q20,45400
07BC006,q_lt_q20,44500
07BC007,q_lt_q20,44200
07BE001,q_lt_q20,45300
07BE003,q_lt_q20,46100
07BE004,q_lt_q20,44400
07BF001,q_lt_q20,45700
07BF002,q_lt_q20,46900
07BF009,q_lt_q20,47400
07BF010,q_lt_q20,48550
07BF905,q_lt_q20,46000
07BG004,q_lt_q20,46150
07BJ001,q_lt_q20,46650
07BJ003,q_lt_q20,52250
07BK001,q_lt_q20,46050
07BK005,q_lt_q20,46850
07BK007,q_lt_q20,46950
07BK009,q_lt_q20,45050
07CA003,q_lt_q20,43150
07CA005,q_lt_q20,44750
07CA006,q_lt_q20,44800
07CA008,q_lt_q20,44000
07CA012,q_lt_q20,48550
07CA013,q_lt_q20,48900
07CB002,q_lt_q20,47600
07CD001,q_lt_q20,48400
07CD004,q_lt_q20,46350
07CD005,q_lt_q20,49900
07CD008,q_lt_q20,47250
07CD009,q_lt_q20,49400
07CE002,q_lt_q20,48150
07CE003,q_lt_q20,47900
07CE005,q_lt_q20,47350
07CE007,q_lt_q20,49900
07CE008,q_lt_q20,49350
07CE010,q_lt_q20,47500
07CE013,q_lt_q20,47800
07DA001,q_lt_q20,
07DA006,q_lt_q20,47550
07DA007,q_lt_q20,50000
07DA008,q_lt_q20,47700
07DA018,q_lt_q20,49450
07DA026,q_lt_q20,47050
07DA027,q_lt_q20,47900
07DA028,q_lt_q20,49450
07DA029,q_lt_q20,51600
07DA030,q_lt_q20,48800
07DA032,q_lt_q20,48000
07DA033,q_lt_q20,49750
07DA034,q_lt_q20,47700
07DA035,q_lt_q20,48150
07DA037,q_lt_q20,48450
07DA038,q_lt_q20,46500
07DA039,q_lt_q20,49850
07DA040,q_lt_q20,51250
07DA041,q_lt_q20,51500
07DA042,q_lt_q20,49200
07DA044,q_lt_q20,50100
07DA045,q_lt_q20,49950
07DB001,q_lt_q20,49950
07DB002,q_lt_q20,49250
07DB003,q_lt_q20,47200
07DB006,q_lt_q20,52000
07DC001,q_lt_q20,48800
07DC003,q_lt_q20,47700
07DC004,q_lt_q20,49400
07DD001,q_lt_q20,
07DD002,q_lt_q20,49050
07DD003,q_lt_q20,46850
07EA004,q_lt_q20,47150
07EA005,q_lt_q20,48300
07EA007,q_lt_q20,48650
07EB002,q_lt_q20,
07EC002,q_lt_q20,47400
07EC003,q_lt_q20,49350
07EC004,q_lt_q20,48950
07ED001,q_lt_q20,47400
07ED003,q_lt_q20,49250
07EE007,q_lt_q20,47550
07EE009,q_lt_q20,47200
07EE010,q_lt_q20,48250
07EF004,q_lt_q20,49950
07FA003,q_lt_q20,48300
07FA004,q_lt_q20,47550
07FA005,q_lt_q20,47250
07FA006,q_lt_q20,50600
07FB001,q_lt_q20,48950
07FB002,q_lt_q20,49300
07FB003,q_lt_q20,48750
07FB004,q_lt_q20,49050
07FB006,q_lt_q20,47250
07FB008,q_lt_q20,49750
07FB009,q_lt_q20,50150
07FC001,q_lt_q20,49650
07FC003,q_lt_q20,49250
07FD001,q_lt_q20,50550
07FD002,q_lt_q20,46750
07FD003,q_lt_q20,49000
07FD006,q_lt_q20,45900
07FD007,q_lt_q20,47500
07FD009,q_lt_q20,50850
07FD010,q_lt_q20,
07FD011,q_lt_q20,50450
07FD012,q_lt_q20,47850
07FD013,q_lt_q20,47800
07FD019,q_lt_q20,50700
07FD020,q_lt_q20,48050
07FD908,q_lt_q20,49850
07FD910,q_lt_q20,48050
07GA001,q_lt_q20,48450
07GA002,q_lt_q20,47700
07GB001,q_lt_q20,48600
07GB003,q_lt_q20,48150
07GC002,q_lt_q20,47300
07GD001,q_lt_q20,46650
07GD004,q_lt_q20,45300
07GE001,q_lt_q20,48250
07GE002,q_lt_q20,47700
07GE003,q_lt_q20,47700
07GE007,q_lt_q20,46450
07GF001,q_lt_q20,48400
07GF008,q_lt_q20,46300
07GG001,q_lt_q20,48100
07GG002,q_lt_q20,47300
07GG003,q_lt_q20,46450
07GH002,q_lt_q20,44700
07GH004,q_lt_q20,45500
07GJ001,q_lt_q20,49000
07HA001,q_lt_q20,46800
07HA003,q_lt_q20,48600
07HA005,q_lt_q20,50500
07HA914,q_lt_q20,50200
07HB001,q_lt_q20,48450
07HC001,q_lt_q20,49400
07HC002,q_lt_q20,46250
07HC907,q_lt_q20,47350
07HF001,q_lt_q20,49200
07HF002,q_lt_q20,48700
07JA003,q_lt_q20,47150
07JC001,q_lt_q20,48600
07JC002,q_lt_q20,47100
07JC003,q_lt_q20,49100
07JD002,q_lt_q20,49250
07JD003,q_lt_q20,48200
07JD004,q_lt_q20,47900
07JF002,q_lt_q20,46950
07JF003,q_lt_q20,47600
07JF005,q_lt_q20,48100
07KC001,q_lt_q20,48450
07KE001,q_lt_q20,51500
07KF015,q_lt_q20,48600
07LE002,q_lt_q20,53000
07MA003,q_lt_q20,
07MB001,q_lt_q20,49500
07NB001,q_lt_q20,
07OA001,q_lt_q20,49400
07OB003,q_lt_q20,49400
07OB004,q_lt_q20,52100
07OB006,q_lt_q20,50650
07OB008,q_lt_q20,51350
07OC001,q_lt_q20,48600
07QC005,q_lt_q20,48000
07QC006,q_lt_q20,52000
07QC007,q_lt_q20,51700
07QC008,q_lt_q20,
07QD007,q_lt_q20,49200
07RB001,q_lt_q20,43750
07RD001,q_lt_q20,46500
07SA002,q_lt_q20,
07SA004,q_lt_q20,
07SA008,q_lt_q20,49850
07SB002,q_lt_q20,51300
07SB003,q_lt_q20,50100
07SB010,q_lt_q20,46950
07SB013,q_lt_q20,48900
07SB020,q_lt_q20,50500
07SC001,q_lt_q20,
07SC004,q_lt_q20,
08AA003,q_lt_q20,49000
08AA011,q_lt_q20,50400
08AB001,q_lt_q20,48450
08AC001,q_lt_q20,50300
08AC002,q_lt_q20,50650
08BB005,q_lt_q20,48850
08CD001,q_lt_q20,51150
08CE001,q_lt_q20,51250
08CE005,q_lt_q20,51350
08CF003,q_lt_q20,50900
08CG001,q_lt_q20,49650
08DA005,q_lt_q20,48750
08DA012,q_lt_q20,47700
08DB001,q_lt_q20,47700
08DB013,q_lt_q20,51300
08EB003,q_lt_q20,49750
08EB004,q_lt_q20,48850
08EB005,q_lt_q20,48850
08EC001,q_lt_q20,47800
08EC004,q_lt_q20,44250
08EC013,q_lt_q20,47650
08EC014,q_lt_q20,45350
08ED001,q_lt_q20,
08ED002,q_lt_q20,47400
08ED004,q_lt_q20,45500
08EE003,q_lt_q20,46050
08EE004,q_lt_q20,48650
08EE005,q_lt_q20,46450
08EE008,q_lt_q20,46300
08EE012,q_lt_q20,47150
08EE013,q_lt_q20,46950
08EE020,q_lt_q20,48700
08EE025,q_lt_q20,48100
08EF001,q_lt_q20,
08EF005,q_lt_q20,49050
08EF006,q_lt_q20,46200
08EG012,q_lt_q20,49400
08EG018,q_lt_q20,50050
08EG019,q_lt_q20,48700
08FA002,q_lt_q20,
08FB004,q_lt_q20,49700
08FB006,q_lt_q20,49300
08FB011,q_lt_q20,49550
08FC003,q_lt_q20,45900
08FE002,q_lt_q20,49700
08FE003,q_lt_q20,49250
08FF001,q_lt_q20,49700
08FF002,q_lt_q20,48000
08FF003,q_lt_q20,52400
08FF006,q_lt_q20,50350
08GA010,q_lt_q20,51200
08GA022,q_lt_q20,
08GA026,q_lt_q20,49900
08GA030,q_lt_q20,49000
08GA043,q_lt_q20,48250
08GA061,q_lt_q20,45550
08GA071,q_lt_q20,48950
08GA072,q_lt_q20,48700
08GA075,q_lt_q20,46200
08GA076,q_lt_q20,
08GA077,q_lt_q20,52400
08GA079,q_lt_q20,54650
08GB013,q_lt_q20,50000
08GB014,q_lt_q20,46900
08GC005,q_lt_q20,50800
08GC006,q_lt_q20,50250
08GC007,q_lt_q20,50250
08GC008,q_lt_q20,46200
08GD004,q_lt_q20,46350
08GD008,q_lt_q20,45850
08GD010,q_lt_q20,47900
08GE002,q_lt_q20,46950
08GE003,q_lt_q20,48600
08GF007,q_lt_q20,51000
08HA001,q_lt_q20,44350
08HA002,q_lt_q20,45450
08HA003,q_lt_q20,44550
08HA010,q_lt_q20,50750
08HA011,q_lt_q20,44350
08HA016,q_lt_q20,44100
08HA068,q_lt_q20,48500
08HA069,q_lt_q20,54600
08HA070,q_lt_q20,51400
08HA072,q_lt_q20,54100
08HB006,q_lt_q20,46550
08HB008,q_lt_q20,47550
08HB011,q_lt_q20,45150
08HB017,q_lt_q20,46400
08HB022,q_lt_q20,46550
08HB023,q_lt_q20,48150
08HB025,q_lt_q20,47350
08HB034,q_lt_q20,43950
08HB041,q_lt_q20,47700
08HB048,q_lt_q20,51400
08HB074,q_lt_q20,50100
08HB075,q_lt_q20,46950
08HB084,q_lt_q20,47550
08HB086,q_lt_q20,57550
08HB092,q_lt_q20,47850
08HC001,q_lt_q20,54350
08HC006,q_lt_q20,54300
08HD005,q_lt_q20,47650
08HD006,q_lt_q20,49400
08HD007,q_lt_q20,49450
08HD011,q_lt_q20,47100
08HD018,q_lt_q20,52550
08HD021,q_lt_q20,49450
08HD023,q_lt_q20,47950
08HD026,q_lt_q20,48800
08HD027,q_lt_q20,46400
08HD035,q_lt_q20,46150
08HE001,q_lt_q20,52550
08HE006,q_lt_q20,57400
08HE008,q_lt_q20,56550
08HE009,q_lt_q20,53750
08HF004,q_lt_q20,53500
08HF005,q_lt_q20,51750
08HF006,q_lt_q20,53650
08HF012,q_lt_q20,52750
08HF013,q_lt_q20,53300
08HF014,q_lt_q20,50700
08HF015,q_lt_q20,52250
08JA013,q_lt_q20,46600
08JA015,q_lt_q20,51200
08JA017,q_lt_q20,46100
08JA029,q_lt_q20,49950
08JB002,q_lt_q20,
08JB003,q_lt_q20,46100
08JB008,q_lt_q20,46750
08JB013,q_lt_q20,44750
08JC001,q_lt_q20,46000
08JC002,q_lt_q20,47600
08JD006,q_lt_q20,49900
08JE001,q_lt_q20,46400
08JE004,q_lt_q20,45700
08KA001,q_lt_q20,47500
08KA004,q_lt_q20,47950
08KA005,q_lt_q20,48050
08KA007,q_lt_q20,51500
08KA013,q_lt_q20,47750
08KB001,q_lt_q20,47650
08KB003,q_lt_q20,48500
08KB006,q_lt_q20,47750
08KC001,q_lt_q20,47150
08KD007,q_lt_q20,47550
08KE016,q_lt_q20,46850
08KE024,q_lt_q20,46450
08KG001,q_lt_q20,47150
08KH001,q_lt_q20,47350
08KH006,q_lt_q20,
08KH019,q_lt_q20,46550
08KH030,q_lt_q20,47250
08KH031,q_lt_q20,48100
08LA001,q_lt_q20,46100
08LA027,q_lt_q20,47050
08LB020,q_lt_q20,43600
08LB024,q_lt_q20,44800
08LB038,q_lt_q20,49250
08LB047,q_lt_q20,47450
08LB064,q_lt_q20,46400
08LB069,q_lt_q20,46700
08LB072,q_lt_q20,44700
08LB076,q_lt_q20,51000
08LB078,q_lt_q20,49050
08LC002,q_lt_q20,48150
08LC003,q_lt_q20,44550
08LC018,q_lt_q20,49000
08LC039,q_lt_q20,45500
08LC040,q_lt_q20,45000
08LC042,q_lt_q20,43700
08LD001,q_lt_q20,47700
08LE020,q_lt_q20,46350
08LE021,q_lt_q20,43450
08LE024,q_lt_q20,46100
08LE027,q_lt_q20,47750
08LE031,q_lt_q20,43500
08LE077,q_lt_q20,44000
08LE108,q_lt_q20,44450
08LE112,q_lt_q20,43550
08LF002,q_lt_q20,44350
08LF007,q_lt_q20,44100
08LF027,q_lt_q20,44100
08LF033,q_lt_q20,41750
08LF051,q_lt_q20,44550
08LF094,q_lt_q20,46550
08LF099,q_lt_q20,44600
08LF100,q_lt_q20,43450
08LG008,q_lt_q20,44350
08LG009,q_lt_q20,45700
08LG010,q_lt_q20,43200
08LG016,q_lt_q20,45550
08LG017,q_lt_q20,44200
08LG028,q_lt_q20,42650
08LG041,q_lt_q20,46300
08LG048,q_lt_q20,47050
08LG056,q_lt_q20,46400
08LG065,q_lt_q20,42700
08LG070,q_lt_q20,45200
08MA001,q_lt_q20,44450
08MA002,q_lt_q20,
08MA003,q_lt_q20,44500
08MA006,q_lt_q20,45900
08MB006,q_lt_q20,47550
08MB007,q_lt_q20,45900
08MB012,q_lt_q20,44950
08MC018,q_lt_q20,
08MC040,q_lt_q20,44100
08MC045,q_lt_q20,48700
08MC049,q_lt_q20,44800
08MD013,q_lt_q20,44750
08MD035,q_lt_q20,47350
08ME002,q_lt_q20,45500
08ME003,q_lt_q20,
08ME023,q_lt_q20,46500
08ME025,q_lt_q20,47650
08ME027,q_lt_q20,45650
08ME028,q_lt_q20,48500
08ME029,q_lt_q20,47950
08MF005,q_lt_q20,
08MF035,q_lt_q20,44900
08MF040,q_lt_q20,
08MF062,q_lt_q20,52000
08MF065,q_lt_q20,49200
08MF068,q_lt_q20,49000
08MG001,q_lt_q20,48250
08MG005,q_lt_q20,44800
08MG013,q_lt_q20,
08MG025,q_lt_q20,48100
08MG026,q_lt_q20,45400
08MG027,q_lt_q20,
08MG028,q_lt_q20,48150
08MH001,q_lt_q20,43100
08MH002,q_lt_q20,44100
08MH005,q_lt_q20,43000
08MH006,q_lt_q20,43800
08MH016,q_lt_q20,46050
08MH024,q_lt_q20,
08MH029,q_lt_q20,42050
08MH056,q_lt_q20,47850
08MH076,q_lt_q20,44100
08MH090,q_lt_q20,42400
08MH098,q_lt_q20,42500
08MH103,q_lt_q20,47950
08MH126,q_lt_q20,43950
08MH141,q_lt_q20,54000
08MH147,q_lt_q20,50350
08MH152,q_lt_q20,42850
08MH153,q_lt_q20,42250
08MH155,q_lt_q20,42900
08MH156,q_lt_q20,42700
08MH166,q_lt_q20,49950
08MH168,q_lt_q20,54850
08NA002,q_lt_q20,46650
08NA006,q_lt_q20,46400
08NA011,q_lt_q20,49700
08NB005,q_lt_q20,48550
08NB012,q_lt_q20,51250
08NB014,q_lt_q20,48300
08NB016,q_lt_q20,49500
08NB020,q_lt_q20,51450
08NB021,q_lt_q20,49150
08NC004,q_lt_q20,50250
08ND012,q_lt_q20,49500
08ND013,q_lt_q20,48150
08ND021,q_lt_q20,48600
08ND025,q_lt_q20,49050
08NE006,q_lt_q20,50350
08NE008,q_lt_q20,50600
08NE039,q_lt_q20,45850
08NE049,q_lt_q20,
08NE058,q_lt_q20,44700
08NE074,q_lt_q20,44900
08NE087,q_lt_q20,46250
08NE110,q_lt_q20,46850
08NE114,q_lt_q20,45950
08NE123,q_lt_q20,50850
08NE126,q_lt_q20,
08NE130,q_lt_q20,47650
08NF001,q_lt_q20,49300
08NG002,q_lt_q20,44250
08NG065,q_lt_q20,44050
08NG076,q_lt_q20,45250
08NG077,q_lt_q20,49500
08NH005,q_lt_q20,49250
08NH006,q_lt_q20,45700
08NH007,q_lt_q20,53900
08NH016,q_lt_q20,46300
08NH021,q_lt_q20,
08NH032,q_lt_q20,44500
08NH084,q_lt_q20,45050
08NH115,q_lt_q20,43050
08NH118,q_lt_q20,49200
08NH119,q_lt_q20,52050
08NH126,q_lt_q20,
08NH132,q_lt_q20,51700
08NH138,q_lt_q20,50100
08NH139,q_lt_q20,47400
08NJ013,q_lt_q20,45750
08NJ026,q_lt_q20,48100
08NJ061,q_lt_q20,48550
08NJ130,q_lt_q20,47600
08NJ158,q_lt_q20,
08NJ160,q_lt_q20,48050
08NK002,q_lt_q20,46900
08NK016,q_lt_q20,44700
08NK018,q_lt_q20,46800
08NK022,q_lt_q20,46650
08NK026,q_lt_q20,46950
08NK030,q_lt_q20,44650
08NL004,q_lt_q20,45450
08NL007,q_lt_q20,44500
08NL022,q_lt_q20,42650
08NL024,q_lt_q20,44700
08NL038,q_lt_q20,44200
08NL039,q_lt_q20,44850
08NL045,q_lt_q20,44350
08NL050,q_lt_q20,45300
08NL069,q_lt_q20,47950
08NL070,q_lt_q20,47650
08NL071,q_lt_q20,48250
08NL076,q_lt_q20,44600
08NM002,q_lt_q20,42550
08NM037,q_lt_q20,44200
08NM050,q_lt_q20,41850
08NM065,q_lt_q20,42300
08NM085,q_lt_q20,43350
08NM116,q_lt_q20,41500
08NM127,q_lt_q20,42450
08NM134,q_lt_q20,45800
08NM146,q_lt_q20,44150
08NM158,q_lt_q20,41850
08NM160,q_lt_q20,42250
08NM165,q_lt_q20,46550
08NM171,q_lt_q20,46800
08NM172,q_lt_q20,46550
08NM173,q_lt_q20,45350
08NM174,q_lt_q20,46000
08NM200,q_lt_q20,42200
08NM232,q_lt_q20,47150
08NM240,q_lt_q20,45450
08NM241,q_lt_q20,48350
08NM242,q_lt_q20,47750
08NM247,q_lt_q20,43200
08NM248,q_lt_q20,43850
08NN002,q_lt_q20,43300
08NN003,q_lt_q20,46900
08NN012,q_lt_q20,46100
08NN013,q_lt_q20,44000
08NN015,q_lt_q20,46250
08NN019,q_lt_q20,44550
08NN023,q_lt_q20,46550
08NN026,q_lt_q20,45400
08NN028,q_lt_q20,44300
08NP001,q_lt_q20,47150
08NP003,q_lt_q20,47200
08OA003,q_lt_q20,50750
08OA004,q_lt_q20,53300
08OA005,q_lt_q20,52550
08OB002,q_lt_q20,54500
08PA012,q_lt_q20,46450
09AA006,q_lt_q20,
09AA013,q_lt_q20,48850
09AB001,q_lt_q20,
09AC001,q_lt_q20,52800
09AC007,q_lt_q20,47500
09AD002,q_lt_q20,50900
09AE003,q_lt_q20,50300
09AE006,q_lt_q20,49850
09AG001,q_lt_q20,49150
09AH001,q_lt_q20,51750
09AH003,q_lt_q20,53350
09AH004,q_lt_q20,50750
09AH005,q_lt_q20,47600
09BA001,q_lt_q20,50800
09BB001,q_lt_q20,53950
09BC001,q_lt_q20,
09BC004,q_lt_q20,
09CA002,q_lt_q20,49300
09CA004,q_lt_q20,47150
09CA006,q_lt_q20,49750
09CB001,q_lt_q20,49850
09CD001,q_lt_q20,
09DA001,q_lt_q20,57850
09DB001,q_lt_q20,51700
09DD003,q_lt_q20,54450
09DD004,q_lt_q20,48900
09EA003,q_lt_q20,51200
09EA004,q_lt_q20,49850
09EA005,q_lt_q20,51150
09EB003,q_lt_q20,49850
09EB004,q_lt_q20,52300
09ED001,q_lt_q20,50400
09FA001,q_lt_q20,56650
09FB002,q_lt_q20,47150
09FB003,q_lt_q20,51550
09FC001,q_lt_q20,57100
09FD002,q_lt_q20,51400
10AA001,q_lt_q20,
10AA004,q_lt_q20,49650
10AA005,q_lt_q20,49100
10AA006,q_lt_q20,50650
10AB001,q_lt_q20,50650
10AC005,q_lt_q20,49900
10AD002,q_lt_q20,51650
10BD001,q_lt_q20,50300
10BE001,q_lt_q20,52200
10BE004,q_lt_q20,49200
10BE007,q_lt_q20,49850
10BE009,q_lt_q20,51750
10BE013,q_lt_q20,50350
10CA001,q_lt_q20,48550
10CB001,q_lt_q20,51800
10CD001,q_lt_q20,
10CD003,q_lt_q20,50150
10CD004,q_lt_q20,48100
10CD005,q_lt_q20,47500
10DA001,q_lt_q20,48700
10DB001,q_lt_q20,50550
10EA003,q_lt_q20,46400
10EB001,q_lt_q20,49900
10EC003,q_lt_q20,48550
10ED001,q_lt_q20,
10ED002,q_lt_q20,53400
10ED003,q_lt_q20,51950
10ED007,q_lt_q20,49650
10ED009,q_lt_q20,51550
10ED010,q_lt_q20,53400
10FA002,q_lt_q20,50300
10FB001,q_lt_q20,51000
10FB005,q_lt_q20,51000
10FB006,q_lt_q20,50200
10GA001,q_lt_q20,52450
10GB006,q_lt_q20,50050
10GC001,q_lt_q20,49750
10GC003,q_lt_q20,53950
10GD001,q_lt_q20,48250
10GD002,q_lt_q20,49850
10HA004,q_lt_q20,
10HB005,q_lt_q20,54150
10HC008,q_lt_q20,44900
10JB001,q_lt_q20,49650
10JD002,q_lt_q20,50050
10KA001,q_lt_q20,
10KA006,q_lt_q20,51350
10KA007,q_lt_q20,56550
10KA008,q_lt_q20,50200
10KA009,q_lt_q20,47300
10KB001,q_lt_q20,50600
10KC001,q_lt_q20,52250
10KD009,q_lt_q20,50050
10LA002,q_lt_q20,53700
10LB004,q_lt_q20,48800
10LB005,q_lt_q20,44950
10LB006,q_lt_q20,46500
10LB007,q_lt_q20,44200
10LC002,q_lt_q20,51800
10LC003,q_lt_q20,49850
10LC007,q_lt_q20,46450
10LC017,q_lt_q20,47900
10LD004,q_lt_q20,46250
10MA001,q_lt_q20,52700
10MA002,q_lt_q20,51450
10MA003,q_lt_q20,56700
10MA005,q_lt_q20,
10MB003,q_lt_q20,53950
10MB004,q_lt_q20,50550
10MC002,q_lt_q20,59500
10MC007,q_lt_q20,49150
10MC008,q_lt_q20,
10MD001,q_lt_q20,56450
10MD002,q_lt_q20,53700
10NB001,q_lt_q20,47550
10NC001,q_lt_q20,46300
10ND002,q_lt_q20,55950
10ND004,q_lt_q20,50800
10OB001,q_lt_q20,
10PA001,q_lt_q20,
10PA002,q_lt_q20,
10PB001,q_lt_q20,
10PC004,q_lt_q20,46750
10PC005,q_lt_q20,
10QA001,q_lt_q20,49100
10QC001,q_lt_q20,49250
10QD001,q_lt_q20,
10RA001,q_lt_q20,47800
10RA002,q_lt_q20,47050
10RC001,q_lt_q20,
10RC002,q_lt_q20,
10TA001,q_lt_q20,55700
10UH001,q_lt_q20,54750
10UH002,q_lt_q20,50400
10UH012,q_lt_q20,50300
10VK001,q_lt_q20,55350
11AA001,q_lt_q20,43300
11AA005,q_lt_q20,41700
11AA025,q_lt_q20,41800
11AA028,q_lt_q20,42000
11AA029,q_lt_q20,41200
11AA031,q_lt_q20,41250
11AA032,q_lt_q20,42400
11AA038,q_lt_q20,40300
11AB009,q_lt_q20,41800
11AB018,q_lt_q20,40800
11AB027,q_lt_q20,40550
11AB044,q_lt_q20,41800
11AB058,q_lt_q20,41900
11AB060,q_lt_q20,40500
11AB077,q_lt_q20,41300
11AB078,q_lt_q20,41550
11AB082,q_lt_q20,41050
11AB083,q_lt_q20,40750
11AB084,q_lt_q20,41100
11AB096,q_lt_q20,41000
11AB101,q_lt_q20,40800
11AB102,q_lt_q20,40150
11AB108,q_lt_q20,40700
11AB117,q_lt_q20,44650
11AB118,q_lt_q20,41850
11AC017,q_lt_q20,42400
11AC025,q_lt_q20,41700
11AC041,q_lt_q20,42000
11AC052,q_lt_q20,42850
11AC054,q_lt_q20,42500
11AC060,q_lt_q20,43650
11AC064,q_lt_q20,42550
11AC065,q_lt_q20,42200
11AC066,q_lt_q20,39650
11AC068,q_lt_q20,42600
11AE003,q_lt_q20,42000
11AE008,q_lt_q20,42550
11AE009,q_lt_q20,41300
11AE010,q_lt_q20,41800
11AE014,q_lt_q20,42250
11AE015,q_lt_q20,41200
1001001,q_lt_q20,45700
1001002,q_lt_q20,44000
1001003,q_lt_q20,43200
10100002,q_lt_q20,54850
10100006,q_lt_q20,53750
10102001,q_lt_q20,53200
10111001,q_lt_q20,52250
10121001,q_lt_q20,51750
10122001,q_lt_q20,56850
10122003,q_lt_q20,54300
10133000,q_lt_q20,48375
10134001,q_lt_q20,53100
10137001,q_lt_q20,53000
10142003,q_lt_q20,52850
1020002,q_lt_q20,43550
1020003,q_lt_q20,43150
1021001,q_lt_q20,42650
1021002,q_lt_q20,42650
10304001,q_lt_q20,
10305001,q_lt_q20,50050
10306001,q_lt_q20,51550
10311001,q_lt_q20,52850
10313001,q_lt_q20,54050
10322003,q_lt_q20,54850
10327001,q_lt_q20,55700
10328001,q_lt_q20,53450
10340001,q_lt_q20,55100
10343001,q_lt_q20,56000
10343002,q_lt_q20,57650
10344003,q_lt_q20,53450
10344004,q_lt_q20,56400
10351001,q_lt_q20,56200
10356001,q_lt_q20,55450
10362001,q_lt_q20,56450
10363002,q_lt_q20,57700
10364001,q_lt_q20,55300
10401001,q_lt_q20,54800
10405001,q_lt_q20,53050
10405002,q_lt_q20,56000
10405005,q_lt_q20,55150
1041002,q_lt_q20,43600
10411002,q_lt_q20,54700
10414001,q_lt_q20,58350
10431000,q_lt_q20,56700
10431001,q_lt_q20,56700
10432002,q_lt_q20,55250
10432003,q_lt_q20,56150
10440000,q_lt_q20,
1044001,q_lt_q20,43650
1050002,q_lt_q20,44000
1050004,q_lt_q20,42650
10503001,q_lt_q20,54050
10514001,q_lt_q20,52550
10520001,q_lt_q20,57250
10523002,q_lt_q20,56800
10701002,q_lt_q20,56500
10702002,q_lt_q20,50000
10704002,q_lt_q20,56050
11020004,q_lt_q20,58350
11040001,q_lt_q20,54800
11141001,q_lt_q20,49850
11143001,q_lt_q20,51150
11143002,q_lt_q20,53250
11147001,q_lt_q20,53250
11147002,q_lt_q20,57850
11151001,q_lt_q20,55700
11302001,q_lt_q20,55950
11307001,q_lt_q20,56250
11308001,q_lt_q20,53500
11310001,q_lt_q20,51700
11310002,q_lt_q20,49200
11310003,q_lt_q20,51500
11312001,q_lt_q20,51200
11314001,q_lt_q20,51950
11315001,q_lt_q20,54050
11316001,q_lt_q20,53600
11317001,q_lt_q20,54100
11337001,q_lt_q20,58350
11405001,q_lt_q20,61350
11500002,q_lt_q20,57800
11504001,q_lt_q20,48150
11505001,q_lt_q20,48200
11514001,q_lt_q20,55950
11520002,q_lt_q20,48850
11521001,q_lt_q20,48150
11530000,q_lt_q20,46250
11532000,q_lt_q20,54300
11545000,q_lt_q20,49900
11710000,q_lt_q20,
11711000,q_lt_q20,54050
1201001,q_lt_q20,42100
1201003,q_lt_q20,42250
1201005,q_lt_q20,42000
1210001,q_lt_q20,39850
1211001,q_lt_q20,39500
12285001,q_lt_q20,52150
12287001,q_lt_q20,52300
12288002,q_lt_q20,54950
12288003,q_lt_q20,
12288004,q_lt_q20,
12289001,q_lt_q20,
12289002,q_lt_q20,
12289003,q_lt_q20,55250
12291001,q_lt_q20,53800
12400003,q_lt_q20,50900
12400004,q_lt_q20,50800
12448001,q_lt_q20,54850
12452001,q_lt_q20,53550
12561001,q_lt_q20,53300
12563001,q_lt_q20,53500
12600001,q_lt_q20,52400
12622001,q_lt_q20,51600
12660001,q_lt_q20,52500
12802001,q_lt_q20,51000
12805001,q_lt_q20,51700
12806001,q_lt_q20,50550
12825002,q_lt_q20,53550
12861001,q_lt_q20,50250
12863002,q_lt_q20,52050
12865001,q_lt_q20,52650
12872001,q_lt_q20,49400
12876001,q_lt_q20,52700
12876004,q_lt_q20,50600
12878001,q_lt_q20,50950
12930001,q_lt_q20,54100
1300009,q_lt_q20,42450
1310002,q_lt_q20,42000
1410004,q_lt_q20,41550
1502002,q_lt_q20,40450
1502008,q_lt_q20,40100
1610002,q_lt_q20,41650
1610004,q_lt_q20,42900
1730001,q_lt_q20,43050
1730002,q_lt_q20,42250
1730003,q_lt_q20,44350
1730007,q_lt_q20,40500
1730012,q_lt_q20,40250
2101001,q_lt_q20,44200
2103001,q_lt_q20,43900
2103002,q_lt_q20,41700
2103003,q_lt_q20,41800
2103014,q_lt_q20,44700
2104002,q_lt_q20,43200
2104003,q_lt_q20,44350
2104013,q_lt_q20,43550
2105001,q_lt_q20,43750
2105002,q_lt_q20,42850
2105005,q_lt_q20,40850
2105007,q_lt_q20,42100
2110001,q_lt_q20,39400
2110002,q_lt_q20,39300
2110004,q_lt_q20,38900
2110031,q_lt_q20,40500
2112005,q_lt_q20,39950
2112006,q_lt_q20,39050
2112007,q_lt_q20,39700
2113001,q_lt_q20,43400
2120001,q_lt_q20,40600
2510001,q_lt_q20,40500
3022001,q_lt_q20,49050
3041001,q_lt_q20,46050
3041002,q_lt_q20,48350
3041003,q_lt_q20,46050
3041004,q_lt_q20,48000
3041005,q_lt_q20,45550
3050001,q_lt_q20,47000
3404001,q_lt_q20,42150
3414001,q_lt_q20,45550
3421001,q_lt_q20,40300
3430001,q_lt_q20,40750
3430003,q_lt_q20,42050
3431001,q_lt_q20,41850
3450001,q_lt_q20,40700
3453001,q_lt_q20,40450
3802001,q_lt_q20,40450
3804002,q_lt_q20,40550
3806001,q_lt_q20,42750
3814003,q_lt_q20,39550
3815001,q_lt_q20,42150
3815002,q_lt_q20,43200
3820001,q_lt_q20,41500
3820002,q_lt_q20,42000
3820003,q_lt_q20,42000
3825001,q_lt_q20,41600
3826001,q_lt_q20,42200
4301002,q_lt_q20,50550
4302001,q_lt_q20,48050
4306001,q_lt_q20,41650
4308001,q_lt_q20,41350
4311001,q_lt_q20,42350
4313001,q_lt_q20,45100
4314002,q_lt_q20,41200
4320001,q_lt_q20,43200
4323001,q_lt_q20,42800
4335001,q_lt_q20,41100
4400001,q_lt_q20,40650
4501001,q_lt_q20,47100
4502001,q_lt_q20,41100
4503001,q_lt_q20,42150
4511002,q_lt_q20,47750
4512001,q_lt_q20,43050
4513001,q_lt_q20,43600
4514001,q_lt_q20,44150
4515002,q_lt_q20,42250
4520001,q_lt_q20,51700
4522001,q_lt_q20,43350
4522002,q_lt_q20,41550
4523001,q_lt_q20,43100
4523002,q_lt_q20,41750
4530001,q_lt_q20,44850
4531001,q_lt_q20,41900
4531002,q_lt_q20,43150
4532001,q_lt_q20,44350
4533002,q_lt_q20,44450
4537001,q_lt_q20,41500
4540001,q_lt_q20,41200
4550003,q_lt_q20,40950
4557002,q_lt_q20,41200
4558001,q_lt_q20,45550
4703001,q_lt_q20,44500
4703002,q_lt_q20,42400
4704001,q_lt_q20,47700
4704002,q_lt_q20,47700
4711001,q_lt_q20,42650
4712001,q_lt_q20,41650
4714001,q_lt_q20,42900
4716001,q_lt_q20,42150
4716004,q_lt_q20,43400
4721001,q_lt_q20,44100
4723001,q_lt_q20,42750
4726001,q_lt_q20,41250
4730001,q_lt_q20,41950
4810001,q_lt_q20,42050
4810005,q_lt_q20,41850
4810006,q_lt_q20,41850
5100001,q_lt_q20,42750
5101001,q_lt_q20,47200
5101002,q_lt_q20,40800
5110002,q_lt_q20,42200
5120001,q_lt_q20,43250
5200001,q_lt_q20,42550
5221001,q_lt_q20,41800
5221002,q_lt_q20,40800
5320001,q_lt_q20,41650
5401003,q_lt_q20,50500
5402001,q_lt_q20,48400
5402015,q_lt_q20,49900
5403002,q_lt_q20,48100
5406001,q_lt_q20,43700
5410002,q_lt_q20,45050
5410005,q_lt_q20,40800
5411001,q_lt_q20,45350
5411002,q_lt_q20,40700
5414001,q_lt_q20,42150
5420002,q_lt_q20,43850
5421001,q_lt_q20,43550
5421002,q_lt_q20,43150
5422001,q_lt_q20,43400
5423002,q_lt_q20,42950
5423003,q_lt_q20,42900
5423004,q_lt_q20,43800
5423005,q_lt_q20,42750
5423006,q_lt_q20,47250
5427003,q_lt_q20,42850
5701001,q_lt_q20,49050
5701002,q_lt_q20,49450
5702001,q_lt_q20,47850
5703006,q_lt_q20,51500
5704002,q_lt_q20,50150
5705001,q_lt_q20,49250
5706001,q_lt_q20,50050
5707002,q_lt_q20,47350
5710001,q_lt_q20,43750
5716001,q_lt_q20,41300
5720001,q_lt_q20,45100
5721001,q_lt_q20,47850
5721016,q_lt_q20,49450
5722001,q_lt_q20,44450
5722002,q_lt_q20,42600
5730005,q_lt_q20,41350
5730008,q_lt_q20,45000
5734001,q_lt_q20,40150
5737002,q_lt_q20,43600
5741001,q_lt_q20,46200
5746001,q_lt_q20,42650
5748001,q_lt_q20,44400
6000003,q_lt_q20,51150
6002001,q_lt_q20,50750
6003001,q_lt_q20,49750
6006001,q_lt_q20,49600
6008005,q_lt_q20,44650
6011001,q_lt_q20,43200
6013001,q_lt_q20,45700
6015001,q_lt_q20,46800
6018001,q_lt_q20,46500
6019003,q_lt_q20,46300
6025001,q_lt_q20,48250
6027001,q_lt_q20,47150
6028001,q_lt_q20,47950
6033001,q_lt_q20,
6033011,q_lt_q20,47450
6034022,q_lt_q20,47450
6034023,q_lt_q20,47800
6035001,q_lt_q20,43700
6043001,q_lt_q20,45100
6132001,q_lt_q20,42100
7102001,q_lt_q20,49450
7102005,q_lt_q20,47550
7103001,q_lt_q20,47550
7104001,q_lt_q20,46100
7104002,q_lt_q20,47100
7112001,q_lt_q20,48950
7115001,q_lt_q20,49000
7116001,q_lt_q20,47900
7123001,q_lt_q20,48200
7200002,q_lt_q20,48550
7300001,q_lt_q20,48800
7303000,q_lt_q20,44625
7306001,q_lt_q20,50050
7308001,q_lt_q20,50250
7308002,q_lt_q20,47750
7317003,q_lt_q20,49800
7317005,q_lt_q20,49900
7320003,q_lt_q20,46950
7321002,q_lt_q20,49800
7322001,q_lt_q20,
7330001,q_lt_q20,49200
7331001,q_lt_q20,48600
7332001,q_lt_q20,48950
7335001,q_lt_q20,49000
7335002,q_lt_q20,47650
7336001,q_lt_q20,47950
7339001,q_lt_q20,47650
7340001,q_lt_q20,49650
7341001,q_lt_q20,45950
7343001,q_lt_q20,46000
7350001,q_lt_q20,47750
7350002,q_lt_q20,46350
7350003,q_lt_q20,44850
7351001,q_lt_q20,49350
7354001,q_lt_q20,49900
7354002,q_lt_q20,49700
7355001,q_lt_q20,49950
7355002,q_lt_q20,49000
7355003,q_lt_q20,50550
7357002,q_lt_q20,49500
7358001,q_lt_q20,51050
7359001,q_lt_q20,50700
7372001,q_lt_q20,47450
7374001,q_lt_q20,48800
7379001,q_lt_q20,48000
7379002,q_lt_q20,48950
7381001,q_lt_q20,46800
7383001,q_lt_q20,49850
8104001,q_lt_q20,47100
8105001,q_lt_q20,53200
8106001,q_lt_q20,46400
8106002,q_lt_q20,45900
8112001,q_lt_q20,48850
8114001,q_lt_q20,50300
8115001,q_lt_q20,50450
8117004,q_lt_q20,49750
8117005,q_lt_q20,49250
8117006,q_lt_q20,49750
8117008,q_lt_q20,48800
8118001,q_lt_q20,49100
8123001,q_lt_q20,49400
8124001,q_lt_q20,49150
8124002,q_lt_q20,48150
8130001,q_lt_q20,51000
8130002,q_lt_q20,48850
8132001,q_lt_q20,52000
8133001,q_lt_q20,50200
8134002,q_lt_q20,49600
8134003,q_lt_q20,48200
8135002,q_lt_q20,47550
8140002,q_lt_q20,50150
8141001,q_lt_q20,50450
8144001,q_lt_q20,48550
8210003,q_lt_q20,49500
8220001,q_lt_q20,45400
8220008,q_lt_q20,45650
8220009,q_lt_q20,49450
8220010,q_lt_q20,48150
8304001,q_lt_q20,48800
8307002,q_lt_q20,51450
8308000,q_lt_q20,50100
8312000,q_lt_q20,51950
8312001,q_lt_q20,54750
8313000,q_lt_q20,53400
8313001,q_lt_q20,49950
8316002,q_lt_q20,47700
8317001,q_lt_q20,47550
8317002,q_lt_q20,48200
8317004,q_lt_q20,48600
8317005,q_lt_q20,46000
8319001,q_lt_q20,47200
8323001,q_lt_q20,48300
8323002,q_lt_q20,44550
8324002,q_lt_q20,47100
8330001,q_lt_q20,46300
8332001,q_lt_q20,47000
8334001,q_lt_q20,46850
8342001,q_lt_q20,46600
8343001,q_lt_q20,47600
8350001,q_lt_q20,53200
8351001,q_lt_q20,47650
8356001,q_lt_q20,45950
8358001,q_lt_q20,48300
8362001,q_lt_q20,47050
8366002,q_lt_q20,48000
8372002,q_lt_q20,51650
8376001,q_lt_q20,46400
8380001,q_lt_q20,45050
8380006,q_lt_q20,45600
8381003,q_lt_q20,50500
8383001,q_lt_q20,48150
8385001,q_lt_q20,48700
8386001,q_lt_q20,
8393002,q_lt_q20,47500
8394001,q_lt_q20,
8700002,q_lt_q20,47850
8700003,q_lt_q20,47100
8720001,q_lt_q20,52550
8820001,q_lt_q20,51750
8821001,q_lt_q20,49650
8821002,q_lt_q20,49650
8821003,q_lt_q20,50200
8821006,q_lt_q20,49350
8822001,q_lt_q20,48700
8822002,q_lt_q20,49450
8910001,q_lt_q20,48900
9101001,q_lt_q20,48650
9101002,q_lt_q20,46850
9102001,q_lt_q20,49900
9104001,q_lt_q20,48550
9104002,q_lt_q20,52350
9106001,q_lt_q20,50800
9107001,q_lt_q20,50200
9107002,q_lt_q20,49800
9111001,q_lt_q20,50950
9113001,q_lt_q20,48150
9116001,q_lt_q20,51200
9122002,q_lt_q20,50650
9123001,q_lt_q20,49700
9126001,q_lt_q20,49750
9127001,q_lt_q20,50750
9129002,q_lt_q20,50300
9131001,q_lt_q20,51100
9134001,q_lt_q20,49600
9135001,q_lt_q20,51050
9140001,q_lt_q20,51100
9400000,q_lt_q20,50100
9402001,q_lt_q20,48300
9404001,q_lt_q20,51500
9405001,q_lt_q20,53900
9412001,q_lt_q20,52100
9414001,q_lt_q20,52350
9416001,q_lt_q20,50650
9420001,q_lt_q20,49350
9423001,q_lt_q20,52700
9433001,q_lt_q20,52300
9434001,q_lt_q20,49250
9436001,q_lt_q20,52950
9437002,q_lt_q20,49000
AARSCHOT_6220300,q_lt_q20,
AARUP_6934050,q_lt_q20,
ABISKO_6232101,q_lt_q20,
ACHLEITEN_6342900,q_lt_q20,
ACHSTETTEN_6342105,q_lt_q20,
AECKLINGEN_6233460,q_lt_q20,
AENGABAECKS KRV_6233170,q_lt_q20,
AESOO_6172041,q_lt_q20,
AFFOLDERN_6337505,q_lt_q20,
AGUILCOURT ET A ORAINVILLE_6122430,q_lt_q20,
AHJA_6172260,q_lt_q20,
AIRE-SUR-L'ADOUR_6119190,q_lt_q20,
AIVIEKSTES HES_6373219,q_lt_q20,
AKEN_6340170,q_lt_q20,
ALBA IULIA_6744201,q_lt_q20,
ALBUFEIRA DE BELVER (R.E.)_6113110,q_lt_q20,
ALLEMOND_6139750,q_lt_q20,
ALLENDORF_6337511,q_lt_q20,
ALLEVES (LA CHARNIAZ)_6139825,q_lt_q20,
ALMOUROL_6113050,q_lt_q20,
ALTKIRCH_6135800,q_lt_q20,
ANDERNACH_6335070,q_lt_q20,
ANDOUILLE (LES VAUGEOIS)_6123200,q_lt_q20,
ANJALA_6854203,q_lt_q20,
ANKARVATTNET_6233450,q_lt_q20,
APE_6373115,q_lt_q20,
ARAD_6744200,q_lt_q20,
ARCEAU (ARCELOT)_6139921,q_lt_q20,
ARDENTES_6123360,q_lt_q20,
ARGENTIERE LA BESSEE_6139282,q_lt_q20,
ARNDRUP_6934870,q_lt_q20,
AROEDAN_6229140,q_lt_q20,
ARTEMARE_6139810,q_lt_q20,
ARTHAZ-PONT-NOTRE-DAME_6139960,q_lt_q20,
ARUP_6934720,q_lt_q20,
ASBRO 3_6233100,q_lt_q20,
ASTED BRO_6934300,q_lt_q20,
ATNASJO_6729410,q_lt_q20,
AUE 1_6340627,q_lt_q20,
AULESTAD_6729453,q_lt_q20,
AUSTENA_6729280,q_lt_q20,
AUTRICOURT_6122200,q_lt_q20,
AUVERS-LE-HAMON [MOULIN LA ROCHE]_6123570,q_lt_q20,
BAD DUEBEN_6340600,q_lt_q20,
BAD ROTENFELS_6335710,q_lt_q20,
BADEN_6935305,q_lt_q20,
BAIN-DE-BRETAGNE_6119095,q_lt_q20,
BALOZI_6373454,q_lt_q20,
BANNALEC (PONT MEYA)_6119070,q_lt_q20,
BARBY_6340140,q_lt_q20,
BARCELONNETTE (ABATTOIR)_6139261,q_lt_q20,
BAUME-LES-DAMES_6139215,q_lt_q20,
BAUSKA_6373430,q_lt_q20,
BEAUFORT-SUR-GERVANNE_6139140,q_lt_q20,
BEAUJEU_6139430,q_lt_q20,
BEAUMOTTE-AUBERTANS_6139681,q_lt_q20,
BEAUVAIS_6122470,q_lt_q20,
BEDOUES (COCURES)_6125362,q_lt_q20,
BELI BROD_6545160,q_lt_q20,
BELIN-BELIET (MOULIN DU MOINE)_6119220,q_lt_q20,
BELLAC_6123800,q_lt_q20,
BERGEFORSENS KRV_6233401,q_lt_q20,
BERGHAUSEN_6335640,q_lt_q20,
BERG_6342502,q_lt_q20,
BERLIN MUEHLENDAMM OP_6340611,q_lt_q20,
BEROUN_6140250,q_lt_q20,
BERTNEM_6731555,q_lt_q20,
BEYNES_6139250,q_lt_q20,
BIERGES_6220502,q_lt_q20,
BISTRA_6744600,q_lt_q20,
BJOERNEGARDSVINGEN_6729420,q_lt_q20,
BLOIS_6123300,q_lt_q20,
BOCHENIEC_6458613,q_lt_q20,
BODENS KRV (+ VATTENVERK  TRANGFORS)_6233750,q_lt_q20,
BODENWERDER_6337514,q_lt_q20,
BOEHLEN 1_6340365,q_lt_q20,
BOGOJEVO_6542200,q_lt_q20,
BOGUSLAW_6457956,q_lt_q20,
BOHUMIN_6157100,q_lt_q20,
BOHUNOVSKO-JESENNY_6140140,q_lt_q20,
BONDONS (COCURES)_6125340,q_lt_q20,
BORGAI_6729447,q_lt_q20,
BORGHAREN_6421500,q_lt_q20,
BOROVNICE_6142270,q_lt_q20,
BOURGES_6123335,q_lt_q20,
BOXBERG_6340810,q_lt_q20,
BRANDENBURG-WILHELMSDORF_6340515,q_lt_q20,
BRATISLAVA_6142200,q_lt_q20,
BREDEBRO_6934800,q_lt_q20,
BREDSTRUP_6934600,q_lt_q20,
BREHY_6142660,q_lt_q20,
BRIENZWILER_6935019,q_lt_q20,
BRODNICA_6458510,q_lt_q20,
BROEDEBACKEN_6233180,q_lt_q20,
BROMOELLE_6934530,q_lt_q20,
BRUEGG-AEGERTEN_6935021,q_lt_q20,
BRUNIQUEL [LA GAUTERIE]_6125275,q_lt_q20,
BRUNSTATT ET A DIDENHEIM ET A MULHOUSE_6135035,q_lt_q20,
BRUSTUEN_6729132,q_lt_q20,
BRZEGI_6458610,q_lt_q20,
BULKEN_6729200,q_lt_q20,
BUVATN_6729445,q_lt_q20,
CALBE-GRIZEHNE_6340300,q_lt_q20,
CAMPAGNE_6119235,q_lt_q20,
CANDE (LA GREE)_6123171,q_lt_q20,
CARIGNAN_6121240,q_lt_q20,
CASTELBIAGUE (PONT DE RRADES)_6125220,q_lt_q20,
CASTELSAGRAT [FOURQUET]_6125305,q_lt_q20,
CELLE-EN-MORVAN (POLROY)_6123720,q_lt_q20,
CELLE_6337502,q_lt_q20,
CERNON (VOUGLANS)_6139501,q_lt_q20,
CESSEY-SUR-TILLE_6139920,q_lt_q20,
CHABLIS_6122190,q_lt_q20,
CHALABRE_6125260,q_lt_q20,
CHALUPKI_6457660,q_lt_q20,
CHAMBON-AU-LIGNON_6123780,q_lt_q20,
CHAMPAGNE-SUR-LOUE_6139790,q_lt_q20,
CHANTONNAY (ST-PHILBERT DU PONT CHARRAUL_6119320,q_lt_q20,
CHAPELLE-SAINT-FLORENT (PONT DALAINE)_6123140,q_lt_q20,
CHATEAU-GONTIER_6123655,q_lt_q20,
CHATEAUNEUF-DU-FAOU_6119035,q_lt_q20,
CHATELAIS [MARCILLE]_6123660,q_lt_q20,
CHATILLON EN MICHAINE_6139837,q_lt_q20,
CHATILLON-EN-DIOIS_6139130,q_lt_q20,
CHATILLON_6139360,q_lt_q20,
CHAUDFONTAINE_6221200,q_lt_q20,
CHAZEY_6139500,q_lt_q20,
CHEZERY-FORENS (CHEZERY)_6139831,q_lt_q20,
CHMELNICA_6158100,q_lt_q20,
CHRISTINEHOLMS REGL.DAMM_6233133,q_lt_q20,
CIGACICE_6457690,q_lt_q20,
CIRCOURT-SUR-MOUZON [VILLARS]_6121040,q_lt_q20,
CIRON [SCOURY]_6123485,q_lt_q20,
CISNA_6458620,q_lt_q20,
CLOUE [PONT DE CLOUE]_6123425,q_lt_q20,
COCHEM_6336050,q_lt_q20,
CONCARNEAU (PONT D22)_6119080,q_lt_q20,
CONDAT-SUR-VIENNE (CHAMBON VEYRINAS)_6123430,q_lt_q20,
CONQUES_6125385,q_lt_q20,
CORBES (ROC COURBE)_6139060,q_lt_q20,
CORNET_6742451,q_lt_q20,
CORVOL-ORGUEILLEUX_6122170,q_lt_q20,
COSERENI_6742912,q_lt_q20,
COUSSERGUES (RESUENHE)_6125630,q_lt_q20,
CSENGER_6444600,q_lt_q20,
CUSTINES_6136120,q_lt_q20,
DALESZYCE_6458615,q_lt_q20,
DALSBOVATN_6731147,q_lt_q20,
DALUM_6338110,q_lt_q20,
DAMELEVIERES_6136105,q_lt_q20,
DASICE_6140600,q_lt_q20,
DAUGAVPILS_6373300,q_lt_q20,
DAVERDISSE_6221551,q_lt_q20,
DECIN_6140400,q_lt_q20,
DEG_6729225,q_lt_q20,
DEMANDOLX (CASTILLON)_6139201,q_lt_q20,
DENEVRE_6139045,q_lt_q20,
DIEDENDORF_6136155,q_lt_q20,
DIGNY ST. CLAIRE_6139821,q_lt_q20,
DILLSFOSS_6731690,q_lt_q20,
DISSAY_6123455,q_lt_q20,
DJUPEVAD_6729840,q_lt_q20,
DOERVERDEN_6337515,q_lt_q20,
DOLNI STEPANICE_6140130,q_lt_q20,
DOMBAS_6729590,q_lt_q20,
DONJI MIHOLJAC C.S._6646800,q_lt_q20,
DOUCIER_6139520,q_lt_q20,
DOULAINCOURT-SAUCOURT_6122370,q_lt_q20,
DRAGESTI_6742701,q_lt_q20,
DRAWINY_6457985,q_lt_q20,
DRAWSKO POMORSKIE_6457982,q_lt_q20,
DRENNEC_6118130,q_lt_q20,
DROUX_6123810,q_lt_q20,
DUESSELDORF_6335050,q_lt_q20,
DUKUPJI_6373151,q_lt_q20,
DUNG_6139780,q_lt_q20,
DVORCE_6142250,q_lt_q20,
DZIALOSZYN_6457850,q_lt_q20,
EDSVALLA KRV_6233525,q_lt_q20,
EGGAFOSS_6731502,q_lt_q20,
EGGEDAL_6729315,q_lt_q20,
EIDFJORDVATN_6729134,q_lt_q20,
ELKAER BRO_6934310,q_lt_q20,
EMBRUN (LA CLAPIERE)_6139281,q_lt_q20,
EMSFORS BRUK_6233360,q_lt_q20,
ENGESETVATN_6731010,q_lt_q20,
ENGOMER [BALAGUERES]_6125055,q_lt_q20,
ENTRAIGUES_6139730,q_lt_q20,
EPINAL_6136200,q_lt_q20,
EPINIAC_6118195,q_lt_q20,
EPISY_6122240,q_lt_q20,
EPPEGEM_6220360,q_lt_q20,
ERGUE-GABERIC_6119090,q_lt_q20,
ERSBO_6233205,q_lt_q20,
ESPINASSES (SERRE-PONCON)_6139280,q_lt_q20,
ESSENE_6220170,q_lt_q20,
ESTIRAC_6119170,q_lt_q20,
ETANG-SUR-ARROUX_6123065,q_lt_q20,
ETIKHOVE_6220110,q_lt_q20,
ETNA_6729300,q_lt_q20,
EVAUX-LES-BAINS_6123380,q_lt_q20,
FEIGUMFOSSEN_6731580,q_lt_q20,
FELENNE_6221610,q_lt_q20,
FELLETIN_6123451,q_lt_q20,
FELSOEZSOLCA_6444380,q_lt_q20,
FEMUNDSENDEN_6733571,q_lt_q20,
FETVATN_6731105,q_lt_q20,
FIGEAC (MERLANCON)_6125600,q_lt_q20,
FLAKSVATN_6729371,q_lt_q20,
FLAM BRU_6731575,q_lt_q20,
FLEUREY-LES-FAVERNEY_6139930,q_lt_q20,
FLORAC_6125350,q_lt_q20,
FOLLES (BESSINES)_6123820,q_lt_q20,
FOLLES (FORGEFER)_6123825,q_lt_q20,
FORCE_6123190,q_lt_q20,
FORSBAKK_6731715,q_lt_q20,
FOS_6125730,q_lt_q20,
FOURILLES_6123610,q_lt_q20,
FRANCHEVILLE_6122220,q_lt_q20,
FRANKFURT OSTHAFEN_6335304,q_lt_q20,
FREMERSDORF_6336900,q_lt_q20,
FRESSELINES (PUY RAGEAUD)_6123460,q_lt_q20,
FRESSELINES_6123450,q_lt_q20,
FRIGNICOURT_6122380,q_lt_q20,
FROSTDALEN_6731560,q_lt_q20,
FURA_6729460,q_lt_q20,
FUSTVATN_6731610,q_lt_q20,
FYRAS_6233400,q_lt_q20,
GAGNIERES (BANNES)_6139070,q_lt_q20,
GAILDORF_6335291,q_lt_q20,
GARBE-KOUROU_1234130,q_lt_q20,
GASLANDSVATN_6731758,q_lt_q20,
GAULFOSS_6731501,q_lt_q20,
GENDRON_6221550,q_lt_q20,
GENLIS_6139900,q_lt_q20,
GERBEVILLER_6136095,q_lt_q20,
GIESSEN_6335450,q_lt_q20,
GILLY-SUR-LOIRE_6123095,q_lt_q20,
GIVRY_6122420,q_lt_q20,
GLUIRAS (TISONECHE)_6139240,q_lt_q20,
GLUSZYNA_6457350,q_lt_q20,
GOERITZHAIN_6340625,q_lt_q20,
GOLENIOW_6457990,q_lt_q20,
GONCOURT_6121035,q_lt_q20,
GORZOW WIELKOPOLSKI_6457800,q_lt_q20,
GOZDOWICE_6457010,q_lt_q20,
GRABNO_6457240,q_lt_q20,
GRADA KRV_6233204,q_lt_q20,
GRANAKER_6233510,q_lt_q20,
GRAND-FOUGERAY (LA BERNADAISE)_6119140,q_lt_q20,
GRAVA_6729232,q_lt_q20,
GRDELICA_6547300,q_lt_q20,
GREBENAU_6337506,q_lt_q20,
GRISKANI_6373212,q_lt_q20,
GROETSJOEN_6233200,q_lt_q20,
GRONBRO_6934560,q_lt_q20,
GROSETTJERN_6729347,q_lt_q20,
GROSSDITTMANNSDORF_6340440,q_lt_q20,
GROSSE TRAENKE WEHR UP_6340610,q_lt_q20,
GROVAI_6729342,q_lt_q20,
GRUNNFOSS_6731693,q_lt_q20,
GRYTA_6729360,q_lt_q20,
GUBEN 2_6357501,q_lt_q20,
GUBIN_6457505,q_lt_q20,
GUENIN_6119060,q_lt_q20,
GUNTERSHAUSEN_6337507,q_lt_q20,
GY-LES-NONAINS_6122040,q_lt_q20,
GYA_6729210,q_lt_q20,
HAAPAJYRAE_6854902,q_lt_q20,
HAAPAKOSKI_6832752,q_lt_q20,
HAGEBRO_6934150,q_lt_q20,
HALABAECK_6233240,q_lt_q20,
HALINEN_6854630,q_lt_q20,
HALLAMOELLA_6233165,q_lt_q20,
HALLBOSJOEN_6233440,q_lt_q20,
HALLE TROTHA UP_6340301,q_lt_q20,
HALLEDALSVATN_6729145,q_lt_q20,
HAMOIR(TABREUX)_6221500,q_lt_q20,
HAN-LES-JUVIGNY_6121085,q_lt_q20,
HANN.-MUENDEN_6337400,q_lt_q20,
HARJAVALTA_6854101,q_lt_q20,
HASTIERE_6221670,q_lt_q20,
HATTINGEN_6335030,q_lt_q20,
HAUGLAND_6729220,q_lt_q20,
HAUKEDALSVATN NDF._6731569,q_lt_q20,
HAUKIPUDAS_6854400,q_lt_q20,
HEISEL_6729260,q_lt_q20,
HELLELAND_6729217,q_lt_q20,
HELMINGHAUSEN_6337503,q_lt_q20,
HERRENHAUSEN_6337509,q_lt_q20,
HERRFORS_6854210,q_lt_q20,
HERSVIKVATN_6731820,q_lt_q20,
HESDIN_6118040,q_lt_q20,
HIRSON_6122140,q_lt_q20,
HISSMOFORS KRV_6233404,q_lt_q20,
HOFKIRCHEN_6342800,q_lt_q20,
HOGGAS BRU_6731050,q_lt_q20,
HOGHIZ_6742452,q_lt_q20,
HOLEN_6729140,q_lt_q20,
HOLERVATN_6729327,q_lt_q20,
HOLISA_6142601,q_lt_q20,
HOLJES KRV_6233523,q_lt_q20,
HOLLOESE MOELLE_6934571,q_lt_q20,
HOLMEN_6233301,q_lt_q20,
HORNINDALSVATN_6731175,q_lt_q20,
HORUP_6934510,q_lt_q20,
HRONOV_6140101,q_lt_q20,
HUHTISUONOJA_6855404,q_lt_q20,
HUOPAKINOJA_6854420,q_lt_q20,
HUURU_6172024,q_lt_q20,
HYYPPA_6854580,q_lt_q20,
IDDERGEM_6220111,q_lt_q20,
INTSCHEDE_6337200,q_lt_q20,
ISOHAARA_6854700,q_lt_q20,
JAASJARVI - OUTLET_6854205,q_lt_q20,
JALOGNY (CLUNY)_6139940,q_lt_q20,
JAMIOULX_6221130,q_lt_q20,
JASIKA_6547110,q_lt_q20,
JEKABPILS_6373304,q_lt_q20,
JEMELLE_6221510,q_lt_q20,
JEURRE_6139315,q_lt_q20,
JOGLA_6729218,q_lt_q20,
JONAVA_6574350,q_lt_q20,
JONDAL_6729320,q_lt_q20,
JORDANOW_6458200,q_lt_q20,
JORDBRUFJELL_6731727,q_lt_q20,
JOURSAC (JOURSAC-LE-VIALARD)_6123641,q_lt_q20,
JOURSAC (PONT DE VERNET)_6123645,q_lt_q20,
JUGOWICE_6457600,q_lt_q20,
JUILLAC_6119180,q_lt_q20,
JUMISKO_6854711,q_lt_q20,
JUNKERDALSELV_6731680,q_lt_q20,
JUOJARVI  PALOKKI_6855450,q_lt_q20,
JUVANKOSKI_6854650,q_lt_q20,
KAAPA_6172058,q_lt_q20,
KAARESUVANTO_6832907,q_lt_q20,
KAIDESLUOMO_6854201,q_lt_q20,
KAINASTONLUOMA_6854901,q_lt_q20,
KAJOONJARVI - OUTLET_6855411,q_lt_q20,
KALKOFEN NEU_6335349,q_lt_q20,
KALLAVESIE (KONNUS+KARVIO)_6855402,q_lt_q20,
KALLIO 2_6232901,q_lt_q20,
KALLSTORP 2_6233351,q_lt_q20,
KALTIMO_6855401,q_lt_q20,
KARANKAJARVI - OUTLET_6854272,q_lt_q20,
KARESUVANTO_6232905,q_lt_q20,
KARJALANKOSKI_6855460,q_lt_q20,
KARKKIMALA_6854560,q_lt_q20,
KARTENA_6573100,q_lt_q20,
KARUNKI_6832755,q_lt_q20,
KARVIANJOKI  (ETELAJ+POHJAJOKI+LANKOSKI)_6854170,q_lt_q20,
KASARI_6172023,q_lt_q20,
KATAJALUOMA_6854110,q_lt_q20,
KATIMA MULILO (64370001)_1291100,q_lt_q20,
KAUB_6335100,q_lt_q20,
KAUKOLANKOSKI_6854730,q_lt_q20,
KEILA_6172013,q_lt_q20,
KEPPO_6854200,q_lt_q20,
KESKASTEL_6136500,q_lt_q20,
KESSELINPURO_6855405,q_lt_q20,
KETZIN_6340510,q_lt_q20,
KILAI BRU_6729387,q_lt_q20,
KILPISJARVI  LUUSUA_6832753,q_lt_q20,
KISTA_6731920,q_lt_q20,
KITUSJARVI - OUTLET_6854107,q_lt_q20,
KLEMPENOW_6341500,q_lt_q20,
KLIPPAN 2_6233612,q_lt_q20,
KLOOSTRIMETSA_6172012,q_lt_q20,
KNAPPOM_6729530,q_lt_q20,
KOELN_6335060,q_lt_q20,
KOEPINGE_6233235,q_lt_q20,
KONGAS_6854707,q_lt_q20,
KONGEBROEN_6934370,q_lt_q20,
KONGOLA_1291200,q_lt_q20,
KONOJAD_6457340,q_lt_q20,
KONUVERE_6172025,q_lt_q20,
KORPIJOKI_6855408,q_lt_q20,
KOSCIAN_6457320,q_lt_q20,
KOSICKE OLSANY_6144350,q_lt_q20,
KOSKI_6854722,q_lt_q20,
KOWANOWKO_6457220,q_lt_q20,
KRAKFOSS_6729435,q_lt_q20,
KRAMSVAD_6934550,q_lt_q20,
KRASNYSTAW_6458713,q_lt_q20,
KRINGLERDAL_6729436,q_lt_q20,
KRINSVATN_6731070,q_lt_q20,
KROKBRAECKE_6229120,q_lt_q20,
KUDIRKOS NAUMIESTIS_6574201,q_lt_q20,
KUGGERUD_6729405,q_lt_q20,
KUIKKISENOJA_6854430,q_lt_q20,
KUKKOLANKOSKI OEVRE_6232910,q_lt_q20,
KULDIGA_6373010,q_lt_q20,
KULENIEKI_6373226,q_lt_q20,
KUMMANIVA_6854705,q_lt_q20,
KUNOW_6458520,q_lt_q20,
KUZNICA SKAKAWSKA_6457280,q_lt_q20,
KVISTFORSENS KRV_6233690,q_lt_q20,
KYLMANOJA_6854505,q_lt_q20,
KYSUCKE NOVE MESTO_6142551,q_lt_q20,
L'HUISSERIE [BONNE]_6123635,q_lt_q20,
LA FERTE-ALAIS ET A GUIGNEVILLE-SUR-ESSONNE_6122065,q_lt_q20,
LA JAVIE (ESCLANGON-PEROURE)_6139255,q_lt_q20,
LA VALLETTE_6139735,q_lt_q20,
LABARTHE-SUR-LEZE_6125115,q_lt_q20,
LAFRANCAISE [LUNEL]_6125290,q_lt_q20,
LAGASTE_6373932,q_lt_q20,
LAKE LESTIJARVI OUTLET_6854300,q_lt_q20,
LAKFORS_6731601,q_lt_q20,
LAKSA BRU_6731743,q_lt_q20,
LAKSHOLA_6731730,q_lt_q20,
LALM_6729455,q_lt_q20,
LANDBRU_6733645,q_lt_q20,
LANGEDALEN_6731582,q_lt_q20,
LANGSJOEN_6233755,q_lt_q20,
LANGTJERNBEKKEN_6729325,q_lt_q20,
LANKELA_6854720,q_lt_q20,
LANNAVAARA_6232930,q_lt_q20,
LARRA_6125135,q_lt_q20,
LATOSUONOJA_6855403,q_lt_q20,
LAUBEN_6342230,q_lt_q20,
LAUCHERTHAL_6342070,q_lt_q20,
LAUZET UBAYE (ROCHE ROUSSE)_6139260,q_lt_q20,
LAUZON_6139050,q_lt_q20,
LEIPZIG-THEKLA_6340350,q_lt_q20,
LEIRAGA_6731720,q_lt_q20,
LEIRBOTNVATN_6731930,q_lt_q20,
LEIRPOLDVATN_6731750,q_lt_q20,
LEJASCIEMS_6373113,q_lt_q20,
LELEX (NIAIZET)_6139832,q_lt_q20,
LEMPAALA - KUOKKALANKOSKI_6854102,q_lt_q20,
LEMPDES_6123640,q_lt_q20,
LENARTOVCE_6144100,q_lt_q20,
LENT_6139560,q_lt_q20,
LEPPASJARVI - OUTLET_6854108,q_lt_q20,
LEPPAVESI  LUUSUA_6854250,q_lt_q20,
LES SORINIERES (VILLENEUVE)_6123150,q_lt_q20,
LETOVICE_6142260,q_lt_q20,
LETZTER HELLER_6337513,q_lt_q20,
LEUN NEU_6335350,q_lt_q20,
LIAVATN_6729125,q_lt_q20,
LIELPECI_6373750,q_lt_q20,
LIEPVRE_6135210,q_lt_q20,
LIESJARVI - OUTLET_6854109,q_lt_q20,
LIEZELE_6220112,q_lt_q20,
LILLE LINDE_6934500,q_lt_q20,
LILLEFOSSEN_6731772,q_lt_q20,
LILLGLAEN_6233222,q_lt_q20,
LINDENBORG BRO_6934460,q_lt_q20,
LIPTOVSKY MIKULAS_6142680,q_lt_q20,
LISLEFJODD_6729227,q_lt_q20,
LITENE_6373213,q_lt_q20,
LJUSNE STROEMMAR KRV_6233221,q_lt_q20,
LJUSNEDAL OEVRE_6233227,q_lt_q20,
LOBEZ_6456105,q_lt_q20,
LOCHOW_6458924,q_lt_q20,
LODSHOLMBRO_6934480,q_lt_q20,
LOEVEL BRO_6934170,q_lt_q20,
LOEYTAENEENOJA_6854112,q_lt_q20,
LOHNAJARVI - OUTLET_6855412,q_lt_q20,
LOKOJA_1834101,q_lt_q20,
LONGCHAMP-SUR-AUJON [OUTRE AUBE]_6122225,q_lt_q20,
LOSNA_6729450,q_lt_q20,
LOUEY_6119110,q_lt_q20,
LOUVIERS_6122360,q_lt_q20,
LOVATN_6731170,q_lt_q20,
LOWICZ_6458540,q_lt_q20,
LOYAT (PONT D129)_6119015,q_lt_q20,
LOZANNE_6139361,q_lt_q20,
LUBARTOW_6458715,q_lt_q20,
LUGANUSE_6172016,q_lt_q20,
LUGUSE_6172031,q_lt_q20,
LUNEVILLE_6136085,q_lt_q20,
LUNGOCI_6742700,q_lt_q20,
LUPAWA_6456110,q_lt_q20,
LUPENE_6142190,q_lt_q20,
LUTHERSTADT WITTENBERG_6340130,q_lt_q20,
MAGDEBURG-STROMBRUECKE_6340180,q_lt_q20,
MAINZ_6335150,q_lt_q20,
MAKO_6444110,q_lt_q20,
MALANGSFOSS_6731907,q_lt_q20,
MALOWA GORA_6458555,q_lt_q20,
MANGLIEU (MOULIN DE LAVAUR)_6123630,q_lt_q20,
MANNDALEN BRU_6731765,q_lt_q20,
MAREUIL-SUR-LAY-DISSAIS_6119135,q_lt_q20,
MARIGNY-EGLISE (MENEFRIERS+CROTTEFROU)_6122160,q_lt_q20,
MARINGUES [COTE ROUGE]_6123215,q_lt_q20,
MARKLENDORF_6337501,q_lt_q20,
MARRASKOSKI_6854710,q_lt_q20,
MARSOV NAD METUJI_6140100,q_lt_q20,
MARTINRIVE_6221680,q_lt_q20,
MARTIN_6142640,q_lt_q20,
MAS-D'AGENAIS_6125100,q_lt_q20,
MASI_6731910,q_lt_q20,
MASSAIS [MOULIN BERNARD]_6123520,q_lt_q20,
MAULEON-LICHARRE_6119040,q_lt_q20,
MAXAU_6335200,q_lt_q20,
MAZSALACA_6373931,q_lt_q20,
MEDREAC_6118185,q_lt_q20,
MEDSTUGAN NEDRE_6233465,q_lt_q20,
MELTURI_6373112,q_lt_q20,
MEMBRE PONT_6221620,q_lt_q20,
MENNINGEN_6342081,q_lt_q20,
MERIKOSKI_6854500,q_lt_q20,
MERTAJARVI_6232960,q_lt_q20,
MEZOTNE_6373400,q_lt_q20,
MIDDAL_6729237,q_lt_q20,
MIKUZIAI_6573020,q_lt_q20,
MILHARS_6125270,q_lt_q20,
MILLAU_6125170,q_lt_q20,
MIRKOW_6457955,q_lt_q20,
MIRSK_6457704,q_lt_q20,
MIZOEN_6139725,q_lt_q20,
MOHACS_6442600,q_lt_q20,
MOJSINJE_6547310,q_lt_q20,
MONFORT-SUR-MEU (LABBAYE)_6119230,q_lt_q20,
MONTAGNAT_6139640,q_lt_q20,
MONTBERAUD (STE-CROIX-VOLVESTRE)_6125440,q_lt_q20,
MONTBRON_6119275,q_lt_q20,
MONTBRUN (PONT DE MONTBRUN)_6125361,q_lt_q20,
MONTCEAUX-L'ETOILE_6123040,q_lt_q20,
MONTDRAGON_6125225,q_lt_q20,
MONTESTRUC-SUR-GERS_6125335,q_lt_q20,
MONTJAUX (STAINT-HIPPOLYTE)_6125320,q_lt_q20,
MONTJEAN_6123100,q_lt_q20,
MONTPOUILLAN_6125405,q_lt_q20,
MOORSELE_6220100,q_lt_q20,
MORAVICANY_6142100,q_lt_q20,
MORAVSKY JAN_6142150,q_lt_q20,
MOREUIL_6118055,q_lt_q20,
MORRUM_6233130,q_lt_q20,
MORSANG-SUR-ORGE_6122130,q_lt_q20,
MORSTOL BRU_6731100,q_lt_q20,
MORTIERS_6122450,q_lt_q20,
MORZYCA_6457995,q_lt_q20,
MOSINA_6457330,q_lt_q20,
MOULINS_6123280,q_lt_q20,
MOURON_6122110,q_lt_q20,
MOUTIER-ROZEILLE (AUBUSSON)_6123470,q_lt_q20,
MUNKEDAL 2_6229135,q_lt_q20,
MUONIO_6832750,q_lt_q20,
MURET_6125085,q_lt_q20,
MUROLEENKOSKI_6854104,q_lt_q20,
MURR_6335675,q_lt_q20,
MUZY_6122345,q_lt_q20,
MYGLEVATN NDF_6729265,q_lt_q20,
MYLLYOJA_6854715,q_lt_q20,
MYON_6139795,q_lt_q20,
MYRKDALSVATN_6729180,q_lt_q20,
MYSZYNIEC_6458809,q_lt_q20,
NAAMIJOKI_6832918,q_lt_q20,
NAGYMAROS_6442500,q_lt_q20,
NANT (PONT DE GARDIES)_6125330,q_lt_q20,
NARSJO_6729830,q_lt_q20,
NARVA LINN_6172350,q_lt_q20,
NASIJARVI  TAMMERKOSKI_6854103,q_lt_q20,
NAUSTA_6731160,q_lt_q20,
NAUTSUNDVATN_6731161,q_lt_q20,
NEDERZWALM_6220510,q_lt_q20,
NEKOR_6140700,q_lt_q20,
NEMETICE_6140150,q_lt_q20,
NESMER_6142170,q_lt_q20,
NEU DARCHAU_6340110,q_lt_q20,
NEUBLANS-ABERGEMENT_6139770,q_lt_q20,
NEUSTADT_6335690,q_lt_q20,
NEUVILLE-LES-DAMES_6139550,q_lt_q20,
NEUVILLE-SUR-SARTHE ET A SOUILLE [MONTREUIL]_6123535,q_lt_q20,
NEZELLE_6123741,q_lt_q20,
NIAMEY_1234150,q_lt_q20,
NIECHMIROW_6457230,q_lt_q20,
NIEDERKIRCH_6342100,q_lt_q20,
NIEDERROEDERN_6135110,q_lt_q20,
NIEMISEL_6233780,q_lt_q20,
NIETULISKO DUZE_6458525,q_lt_q20,
NIGARDSVATN_6731585,q_lt_q20,
NIITTYJOKI_6854273,q_lt_q20,
NISKAKOSKI_6854800,q_lt_q20,
NISMES_6221560,q_lt_q20,
NIS_6547400,q_lt_q20,
NITRIANSKA STREDA_6142520,q_lt_q20,
NIWKI_6457880,q_lt_q20,
NOD-SUR-SEINE_6122102,q_lt_q20,
NOGENT-LE-ROTROU [PONT DE BOIS]_6123540,q_lt_q20,
NOGENT-SUR-OISE_6122465,q_lt_q20,
NORMANVILLE_6122355,q_lt_q20,
NORRSJOEN_6233555,q_lt_q20,
NORRSKOGSDIKET_6854940,q_lt_q20,
NORT-SUR-ERDRE (MOULIN DE VAUX)_6123170,q_lt_q20,
NOUATRE_6123400,q_lt_q20,
NOVOSARATOVKA_6955430,q_lt_q20,
NOWA WIES PODGORNA_6457870,q_lt_q20,
NOWE DREZDENKO_6457200,q_lt_q20,
NOWY SACZ_6458406,q_lt_q20,
NOWY TARG_6458402,q_lt_q20,
NR BROBY_6934750,q_lt_q20,
OBERLAUCHRINGEN_6335410,q_lt_q20,
OERSLEV_6934540,q_lt_q20,
OEYUNGEN_6731550,q_lt_q20,
OISILLY_6139055,q_lt_q20,
OJCOW_6458630,q_lt_q20,
OKONEK_6457215,q_lt_q20,
OKSFJORDVATN_6731770,q_lt_q20,
OLKKAJARVI  PERMANTOKOSKI_6854708,q_lt_q20,
OLOBOK_6457290,q_lt_q20,
OLORON-SAINTE-MARIE (OLORON-SNCF)_6119030,q_lt_q20,
OLORON-SAINTE-MARIE (OLORON-STE-CROIX)_6119020,q_lt_q20,
OMNESFOSS_6729525,q_lt_q20,
ONET-LE-CHATEAU ET A RODEZ_6125245,q_lt_q20,
OORE_6172050,q_lt_q20,
OOSTROZEBEKE_6220120,q_lt_q20,
OOSTVLETEREN_6238100,q_lt_q20,
ORAISON (ESCALE)_6139284,q_lt_q20,
ORIGNY-EN-THIERACHE_6122145,q_lt_q20,
ORNIAC [LES AMIS DU CELE]_6125395,q_lt_q20,
ORSOVA (1971_6742200,q_lt_q20,
OSENELV V OREN_6731123,q_lt_q20,
OSETNO_6457720,q_lt_q20,
OSIELEC_6458201,q_lt_q20,
OSTHEIM_6135040,q_lt_q20,
OUAGNE (CHAMPMOREAU)_6122180,q_lt_q20,
OULUNKYLA_6854115,q_lt_q20,
OUNASJARVI - OUTLET_6854713,q_lt_q20,
OVRE HYNDEVAD_6233412,q_lt_q20,
OVREVATN_6731906,q_lt_q20,
OYE NDF_6729240,q_lt_q20,
OYE_6729238,q_lt_q20,
PAHKAOJA_6854221,q_lt_q20,
PAIMPONT (PONT DU SECRET)_6119150,q_lt_q20,
PAJALA PUMPHUS_6232911,q_lt_q20,
PAJUPEA_6172010,q_lt_q20,
PAJUSI_6172236,q_lt_q20,
PALMAS (PONT DE MANSON)_6125620,q_lt_q20,
PAMILO_6855470,q_lt_q20,
PAULHAGUET_6123650,q_lt_q20,
PAULINET (ST-JEAN-DE-JEANNE)_6125540,q_lt_q20,
PAUNULANPURO_6854114,q_lt_q20,
PEERAJARVI  LUUSUA_6832909,q_lt_q20,
PELLO_6832917,q_lt_q20,
PELTOKOSKI_6854520,q_lt_q20,
PERL_6336800,q_lt_q20,
PESMES_6139682,q_lt_q20,
PEYREVELADE (SERVIERES)_6123401,q_lt_q20,
PFELLING_6342920,q_lt_q20,
PFORZHEIM_6335660,q_lt_q20,
PIEVIKI_6373921,q_lt_q20,
PILA_6457213,q_lt_q20,
PISEK_6140300,q_lt_q20,
PLAINES-SAINT-LANGE_6122101,q_lt_q20,
PLANCHER-BAS_6139710,q_lt_q20,
PLOUGONVEN_6118175,q_lt_q20,
PODARI_6742552,q_lt_q20,
PODGORZE_6457225,q_lt_q20,
POHJAKA I_6172020,q_lt_q20,
POLANA_6458605,q_lt_q20,
POMMEUSE_6122115,q_lt_q20,
PONT-DE-MONTVERT (FONTCHALETTES)_6125363,q_lt_q20,
PONTAUMUR_6123790,q_lt_q20,
PORAJ_6457860,q_lt_q20,
PORSCHDORF 1_6340430,q_lt_q20,
PORTA_6337518,q_lt_q20,
PORTTIPAHTA_6854706,q_lt_q20,
POZNAN-MOST ROCHA_6457820,q_lt_q20,
PROISELIERE ET LANGLE_6139935,q_lt_q20,
PRUDNIK_6457675,q_lt_q20,
PRZEDBORZ_6458753,q_lt_q20,
PTAKI_6458863,q_lt_q20,
PUCHACZOW_6458717,q_lt_q20,
PUDISOO_6172014,q_lt_q20,
PULO DO LOBO_6116200,q_lt_q20,
PUTTAKOSKI_6854810,q_lt_q20,
PYHAJARVI  LUUSUA_6854350,q_lt_q20,
PYHAJARVI LUUSA_6854310,q_lt_q20,
QUELNEUC_6119125,q_lt_q20,
QUEMPER-GUEZENNEC ET A YVIAS_6118170,q_lt_q20,
QUINCAY (ROCHECOURBE)_6123410,q_lt_q20,
QUISTINIC (KERDEC)_6119065,q_lt_q20,
RACIBORZ-MIEDONIA_6457670,q_lt_q20,
RAI_6118165,q_lt_q20,
RAJCZA_6458530,q_lt_q20,
RANSBERG_6220370,q_lt_q20,
RAON-L'ETAPE_6136065,q_lt_q20,
RAPINA_6172280,q_lt_q20,
RASKA_6547210,q_lt_q20,
RASKOV_6142101,q_lt_q20,
RATE_6731515,q_lt_q20,
RAUANA_6729380,q_lt_q20,
RAUMLAND_6337521,q_lt_q20,
RAUNHEIM_6335305,q_lt_q20,
RAVASKA_6854610,q_lt_q20,
RAVIJOKI_6854330,q_lt_q20,
RAZDORSKAYA_6978250,q_lt_q20,
REALVILLE_6125280,q_lt_q20,
REES_6335020,q_lt_q20,
REINSNOSVATN_6729131,q_lt_q20,
RENDA_6373050,q_lt_q20,
RENGEN_6233470,q_lt_q20,
RETHEM_6337250,q_lt_q20,
RHEINE UNTERSCHLEUSE_6338130,q_lt_q20,
RIEUX-VOLVESTRE [VOLVESTRE]_6125075,q_lt_q20,
RIGNY-SUR-ARROUX_6123710,q_lt_q20,
RIISA_6172042,q_lt_q20,
RISEFOSS_6731620,q_lt_q20,
RIVE-DE-GIER_6139330,q_lt_q20,
ROCKENAU SKA_6335600,q_lt_q20,
ROMAZY_6118145,q_lt_q20,
ROOSTOJA_6172037,q_lt_q20,
ROQUEFORT_6119215,q_lt_q20,
RORKAER_6934860,q_lt_q20,
ROTENBURG_6337508,q_lt_q20,
ROYKENES_6729150,q_lt_q20,
RUPT-SUR-MOSELLE_6136202,q_lt_q20,
RUUNAA_6855480,q_lt_q20,
RUUNAPURO_6854282,q_lt_q20,
RYCZYWOL_6457370,q_lt_q20,
RYSNA_6729567,q_lt_q20,
SAAKSJARVI - OUTLET_6854106,q_lt_q20,
SAETERNBEKKEN_6729425,q_lt_q20,
SAG_6742400,q_lt_q20,
SAIN-BEL_6139365,q_lt_q20,
SAINT-ANTOINE_6125295,q_lt_q20,
SAINT-AUBIN-LE-CAUF_6118230,q_lt_q20,
SAINT-BRANCHS_6123270,q_lt_q20,
SAINT-CYR-SOUS-DOURDAN_6122135,q_lt_q20,
SAINT-CYRAN-DU-JAMBOT_6123250,q_lt_q20,
SAINT-DENIS-D'ANJOU [BEFFES]_6123575,q_lt_q20,
SAINT-DIDIER-EN-VELAY (LE CROUZET)_6123750,q_lt_q20,
SAINT-DIE_6136160,q_lt_q20,
SAINT-ETIENNE-DE-BAIGORRY_6119050,q_lt_q20,
SAINT-FRAIMBAULT-DE-PRIERES_6123625,q_lt_q20,
SAINT-GEORGES-SUR-LAYON_6123181,q_lt_q20,
SAINT-HILAIRE-LE-VOUHIS_6119310,q_lt_q20,
SAINT-JEAN-BREVELAY_6119130,q_lt_q20,
SAINT-JUNIEN (LE DEROT)_6123420,q_lt_q20,
SAINT-JUST (LA RIVIERE COLOMBEL)_6119025,q_lt_q20,
SAINT-LAMBERT-DU-LATTAY (PONT BEZIGON)_6123180,q_lt_q20,
SAINT-LUPERCE_6122150,q_lt_q20,
SAINT-MARTIN-SAINTE CATHERINE_6123440,q_lt_q20,
SAINT-MARTIN-SUR-NOHAIN [VILLIERS]_6123290,q_lt_q20,
SAINT-MAUR-SUR-LE-LOIR_6123580,q_lt_q20,
SAINT-MAURICE-DE-VENTALON (LA CEPEDE)_6125370,q_lt_q20,
SAINT-MAY (PONT DE LA TUNE)_6139120,q_lt_q20,
SAINT-MEDARD-EN-FOREZ (MOULIN BRULE)_6123740,q_lt_q20,
SAINT-MIHIEL_6121055,q_lt_q20,
SAINT-NABOR (NOIR GUEUX)_6136201,q_lt_q20,
SAINT-OUEN-LA-ROUERIE_6118205,q_lt_q20,
SAINT-PATERNE-RACAN_6123230,q_lt_q20,
SAINT-PIERRE-DE-CLAIRAC_6125325,q_lt_q20,
SAINT-PROUANT (MONSIREIGNE)_6119300,q_lt_q20,
SAINT-SATURNIN_6122255,q_lt_q20,
SAINT-SAVIOL ET A VOULEME_6119270,q_lt_q20,
SAINT-USUGE_6139275,q_lt_q20,
SAINTE-SIGOLENE (VAUBARLET)_6123770,q_lt_q20,
SALA_6142620,q_lt_q20,
SALMEN  SILTA_6854360,q_lt_q20,
SALSVATN_6731850,q_lt_q20,
SAMARZEWO_6457260,q_lt_q20,
SAMI_6172036,q_lt_q20,
SANDOMIERZ_6458460,q_lt_q20,
SARRALBE (RECH)_6136520,q_lt_q20,
SATU MARE_6744500,q_lt_q20,
SAUHEID_6221501,q_lt_q20,
SAUZE ST MARTIN_6139300,q_lt_q20,
SCHERMBECK 1_6335080,q_lt_q20,
SCHMITTLOTHEIM_6337504,q_lt_q20,
SCHWABSBERG_6335680,q_lt_q20,
SCHWARMSTEDT_6337510,q_lt_q20,
SCHWEIGHOUSE-SUR-MODER D/S_6135120,q_lt_q20,
SCINAWA_6457680,q_lt_q20,
SEILH_6125160,q_lt_q20,
SEITAKORVA_6854701,q_lt_q20,
SEMPIGNY_6122141,q_lt_q20,
SENTA_6544100,q_lt_q20,
SERRES_6139270,q_lt_q20,
SERVANCE (FOURGUENONS)_6139680,q_lt_q20,
SIERADZ_6457840,q_lt_q20,
SIGULDA_6372104,q_lt_q20,
SIKFORS KRV_6233710,q_lt_q20,
SILI_6373220,q_lt_q20,
SIMLANGEN_6233150,q_lt_q20,
SIMO_6854620,q_lt_q20,
SINETTAJARVI - OUTLET_6854714,q_lt_q20,
SINT-JORIS-WEERT_6220500,q_lt_q20,
SKAERUMBRO_6934120,q_lt_q20,
SKALLBOELE KRV_6233551,q_lt_q20,
SKATILA_6854900,q_lt_q20,
SKIBBY_6934400,q_lt_q20,
SKOROGOSZCZ_6457730,q_lt_q20,
SKWIERZYNA_6457810,q_lt_q20,
SLUPSK_6456120,q_lt_q20,
SMALININKAI_6574150,q_lt_q20,
SMEDEREVO_6542510,q_lt_q20,
SNEISVATN_6731757,q_lt_q20,
SOGNE_6729395,q_lt_q20,
SOLBERGFOSS_6729403,q_lt_q20,
SOLLEFTEA KRV_6233650,q_lt_q20,
SOMBRUN_6119100,q_lt_q20,
SORSELE 2_6233680,q_lt_q20,
SOULAN (FREYCHET)_6125230,q_lt_q20,
SOUSPIERRE_6139230,q_lt_q20,
SOYA V MELHUS_6731112,q_lt_q20,
SOYANS_6139220,q_lt_q20,
SPEYER_6335170,q_lt_q20,
ST-ANDRE-DE-NAJAC (CANABRAL)_6125710,q_lt_q20,
ST-JUST-SUR-VIAUR (LA FABREGUERIE)_6125720,q_lt_q20,
ST. ANDRE LES ALPES_6139210,q_lt_q20,
ST. LAURENT DU PONT_6139450,q_lt_q20,
ST. RAMBERT_6139470,q_lt_q20,
STABBY_6233415,q_lt_q20,
STAVNAGER_6934350,q_lt_q20,
STEIN_6335290,q_lt_q20,
STIGVASSA_6729383,q_lt_q20,
STORDALSVATN_6729130,q_lt_q20,
STORHOLEN_6731120,q_lt_q20,
STORMYRA_6233175,q_lt_q20,
STORNORRFORS KRV_6233502,q_lt_q20,
STORUMAN_6233740,q_lt_q20,
STORVATN_6731675,q_lt_q20,
STORVATN_6731735,q_lt_q20,
STRANDA_6731660,q_lt_q20,
STRASBOURG [CHASSEUR FROID  LA ROBERTSAU]_6135045,q_lt_q20,
STRAZNICE_6142120,q_lt_q20,
STRECKEWALDE_6340635,q_lt_q20,
STREDA NAD BODROGOM_6144200,q_lt_q20,
STROE_6934520,q_lt_q20,
SULA_6731561,q_lt_q20,
SURAZ_6458805,q_lt_q20,
SVARTJOERNBEKKEN_6731540,q_lt_q20,
SVEDALA_6233367,q_lt_q20,
SVEG_6233223,q_lt_q20,
SZAMOTULY_6457380,q_lt_q20,
SZCZUCIN_6458450,q_lt_q20,
SZEGED_6444100,q_lt_q20,
TAENGVATTNET_6233530,q_lt_q20,
TAHKUSE_6172052,q_lt_q20,
TAINIONKOSKI_6855400,q_lt_q20,
TANEMOELLA_6233120,q_lt_q20,
TANGERMUENDE_6340160,q_lt_q20,
TANNSVATN_6729390,q_lt_q20,
TARTU_6172200,q_lt_q20,
TAUBERBISCHOFSHEIM_6335520,q_lt_q20,
TAULE (PENHOAT)_6118160,q_lt_q20,
TCZEW_6458010,q_lt_q20,
TEERESSUONOJA_6854504,q_lt_q20,
TEPLICE NAD BECVOU_6142300,q_lt_q20,
TERANDE_6372941,q_lt_q20,
TIFFAUGES (LA MOULINETTE)_6123160,q_lt_q20,
TIGHINA (BENDERY)_6781800,q_lt_q20,
TIGNIEU-JAMEYZIEU_6139310,q_lt_q20,
TINGVATN_6729250,q_lt_q20,
TINTIGNY_6221640,q_lt_q20,
TINTIGNY_6221645,q_lt_q20,
TOERNESTORP_6233540,q_lt_q20,
TOLLISTE_6172220,q_lt_q20,
TOLVFORS KRV_6233113,q_lt_q20,
TORA_6729110,q_lt_q20,
TORGAU_6340190,q_lt_q20,
TORI_6172039,q_lt_q20,
TORVA_6172033,q_lt_q20,
TORVE_6172240,q_lt_q20,
TOUCY_6122560,q_lt_q20,
TOULOUSE [SAINT-MARTIN-DU-TOUCH]_6125120,q_lt_q20,
TOURNEHEM-SUR-LA-HEM (GUEMY)_6122210,q_lt_q20,
TOURS-SUR-MEYMONT (GIROUX)_6123620,q_lt_q20,
TREIA_6334800,q_lt_q20,
TREZILIDE_6118150,q_lt_q20,
TRYNCZA_6458950,q_lt_q20,
TRZEBIATOW_6456107,q_lt_q20,
TUCHOLA_6458560,q_lt_q20,
TUDULINNA_6172230,q_lt_q20,
TUJUOJA_6854801,q_lt_q20,
TURNA NAD BODVOU_6144150,q_lt_q20,
TVEITDALEN_6729370,q_lt_q20,
TYSVAER_6729835,q_lt_q20,
UHLDINGEN_6335470,q_lt_q20,
UJSCIE I_6457205,q_lt_q20,
UKMERGE_6574360,q_lt_q20,
UNTERGRIESHEIM_6335681,q_lt_q20,
UNTERSCHMEIEN_6342810,q_lt_q20,
USCLADES-ET-RIEUTORD (RIEUTORD)_6123501,q_lt_q20,
USTI NAD LABEM_6140401,q_lt_q20,
USTRON OBLAZIEC_6458440,q_lt_q20,
UUE-LOVE_6172040,q_lt_q20,
UZINI_6373450,q_lt_q20,
V. KROGBAEKSBRO_6934015,q_lt_q20,
VAANTEENJOKI_6854660,q_lt_q20,
VAESTERSEL_6233700,q_lt_q20,
VAHA-ASKANJOKI_6854717,q_lt_q20,
VAKKOLA_6854340,q_lt_q20,
VAL D'ISERE_6139600,q_lt_q20,
VALAJASKOSKI_6854702,q_lt_q20,
VALENNES (LA CABOCHE)_6123220,q_lt_q20,
VALEX_6229110,q_lt_q20,
VALKEAKOSKI_6854116,q_lt_q20,
VALLIERES_6139850,q_lt_q20,
VALMIERA_6372100,q_lt_q20,
VANAKULA_6172026,q_lt_q20,
VANDENESSE_6123700,q_lt_q20,
VANTTAUSKOSKI_6854703,q_lt_q20,
VARGOENS KRV_6233315,q_lt_q20,
VARVARIN_6547600,q_lt_q20,
VASCOUIL_6122330,q_lt_q20,
VASKNARVA_6172351,q_lt_q20,
VASSBOTTEN_6229100,q_lt_q20,
VASSVATN_6731650,q_lt_q20,
VATTHOLMA 2_6233600,q_lt_q20,
VD LETOVICE_6142160,q_lt_q20,
VEKKOSKI_6854820,q_lt_q20,
VELEN 2_6233300,q_lt_q20,
VELENA_6373102,q_lt_q20,
VELLES [FORGES]_6123480,q_lt_q20,
VIARMES (GIEZ+BERTINVAL)_6122155,q_lt_q20,
VICAKI_6373912,q_lt_q20,
VIHTERPALU_6172028,q_lt_q20,
VIKSVATN_6731165,q_lt_q20,
VILLEFRANCHE-DE-ROUERGUE (BARRAGE CABAL)_6125610,q_lt_q20,
VILLEMUR-SUR-TARN_6125235,q_lt_q20,
VIRA (ENGRAVIES)_6125250,q_lt_q20,
VISKI_6373222,q_lt_q20,
VITRY-EN-CHAROLLAIS_6123730,q_lt_q20,
VITRY-EN-PERTHOIS_6122120,q_lt_q20,
VIVONNE [DANLOT]_6123445,q_lt_q20,
VLOTHO_6337100,q_lt_q20,
VODJA_6172056,q_lt_q20,
VRAENGEBAECKEN_6233325,q_lt_q20,
VUOHIJARVI  SIIKAKOSKI_6854260,q_lt_q20,
VUOSJARVI  HUOPANANKOSKI_6854280,q_lt_q20,
VUOTTASBAECKEN_6233785,q_lt_q20,
WADOWICE_6458203,q_lt_q20,
WAHMBECK_6337519,q_lt_q20,
WALCOURT (GARE)_6221131,q_lt_q20,
WARNANT_6221140,q_lt_q20,
WECHSELBURG 1_6340620,q_lt_q20,
WILKANOW_6457735,q_lt_q20,
WILSELE_6220501,q_lt_q20,
WISCHES_6135200,q_lt_q20,
WISLA_6458420,q_lt_q20,
WITTENBERGE_6340150,q_lt_q20,
WORMS_6335180,q_lt_q20,
YLANEENJOKI_6854151,q_lt_q20,
YLINENKOSKI_6854570,q_lt_q20,
YTTERHOLMEN_6233800,q_lt_q20,
ZAGAN_6457707,q_lt_q20,
ZAJECAR_6542700,q_lt_q20,
ZAKOPANE  HARENDA_6458403,q_lt_q20,
ZDANA_6144300,q_lt_q20,
ZELEZNY BROD_6140500,q_lt_q20,
ZELL_6335730,q_lt_q20,
ZERIND_6744100,q_lt_q20,
ZICHEM_6220301,q_lt_q20,
ZIMNICEA_6742500,q_lt_q20,
ZLEBY_6140120,q_lt_q20,
ZRUC NAD SAZAVOU_6140450,q_lt_q20,
ZWICKAU-POELBITZ_6340621,q_lt_q20,
201001,q_lt_q20,44550
203005,q_lt_q20,44250
203010,q_lt_q20,43950
203030,q_lt_q20,43800
204002,q_lt_q20,43400
204007,q_lt_q20,43100
204014,q_lt_q20,41350
204017,q_lt_q20,47050
204030,q_lt_q20,43650
204036,q_lt_q20,42400
204037,q_lt_q20,44400
204039,q_lt_q20,42550
204041,q_lt_q20,40650
204046,q_lt_q20,41800
204051,q_lt_q20,42950
204056,q_lt_q20,42150
204906,q_lt_q20,42600
206009,q_lt_q20,43600
206014,q_lt_q20,42600
206018,q_lt_q20,46250
206025,q_lt_q20,42050
207004,q_lt_q20,43200
207013,q_lt_q20,44050
207014,q_lt_q20,44050
207015,q_lt_q20,43300
208003,q_lt_q20,43000
208004,q_lt_q20,44300
208005,q_lt_q20,42650
208007,q_lt_q20,42900
208009,q_lt_q20,42500
208011,q_lt_q20,44950
208015,q_lt_q20,44400
208026,q_lt_q20,42900
209002,q_lt_q20,42550
209003,q_lt_q20,43950
210011,q_lt_q20,43900
210014,q_lt_q20,43550
210016,q_lt_q20,41550
210017,q_lt_q20,44200
210022,q_lt_q20,42650
210031,q_lt_q20,41600
210040,q_lt_q20,41650
210052,q_lt_q20,42100
211009,q_lt_q20,43600
211013,q_lt_q20,44450
211014,q_lt_q20,42100
212040,q_lt_q20,42150
212209,q_lt_q20,45150
212260,q_lt_q20,45700
215004,q_lt_q20,42250
215207,q_lt_q20,42150
216002,q_lt_q20,43800
216009,q_lt_q20,42550
218001,q_lt_q20,45400
218005,q_lt_q20,45750
218007,q_lt_q20,44600
218008,q_lt_q20,42950
219001,q_lt_q20,49200
219003,q_lt_q20,44050
219006,q_lt_q20,47400
219017,q_lt_q20,44050
219022,q_lt_q20,42100
220003,q_lt_q20,44800
221002,q_lt_q20,46450
221201,q_lt_q20,47950
221207,q_lt_q20,47400
221208,q_lt_q20,48350
221209,q_lt_q20,46950
221210,q_lt_q20,45850
221211,q_lt_q20,47300
221212,q_lt_q20,47000
222004,q_lt_q20,44650
222016,q_lt_q20,42250
222202,q_lt_q20,48000
222206,q_lt_q20,46250
222213,q_lt_q20,43400
222217,q_lt_q20,44050
401009,q_lt_q20,43600
401012,q_lt_q20,46150
401013,q_lt_q20,44000
401015,q_lt_q20,41150
401016,q_lt_q20,45550
401017,q_lt_q20,43950
401203,q_lt_q20,46500
401208,q_lt_q20,46050
401210,q_lt_q20,47600
401212,q_lt_q20,47200
401216,q_lt_q20,43450
401217,q_lt_q20,48650
401220,q_lt_q20,44350
410091,q_lt_q20,40100
412028,q_lt_q20,44350
412029,q_lt_q20,39300
412050,q_lt_q20,44500
412066,q_lt_q20,45250
416003,q_lt_q20,41200
416010,q_lt_q20,43050
416016,q_lt_q20,41600
416020,q_lt_q20,42650
416023,q_lt_q20,41750
416032,q_lt_q20,43050
418005,q_lt_q20,40500
418014,q_lt_q20,41250
418015,q_lt_q20,41700
418017,q_lt_q20,42600
418021,q_lt_q20,41800
418025,q_lt_q20,41400
418027,q_lt_q20,41850
418032,q_lt_q20,42600
419005,q_lt_q20,41900
419010,q_lt_q20,42000
419016,q_lt_q20,42400
419029,q_lt_q20,40650
419035,q_lt_q20,40800
419054,q_lt_q20,42100
420003,q_lt_q20,42200
420017,q_lt_q20,41500
421018,q_lt_q20,40950
421026,q_lt_q20,45300
421042,q_lt_q20,41900
421048,q_lt_q20,40400
421050,q_lt_q20,41700
424002,q_lt_q20,43050
809310,q_lt_q20,40800
809315,q_lt_q20,41450
809316,q_lt_q20,41350
809321,q_lt_q20,39600
809322,q_lt_q20,41700
A0020101,q_lt_q20,
G8110004,q_lt_q20,
G8140001,q_lt_q20,
G8140008,q_lt_q20,
G8140011,q_lt_q20,
G8140040,q_lt_q20,
G8140063,q_lt_q20,
G8140067,q_lt_q20,
G8170002,q_lt_q20,
G8190001,q_lt_q20,
G8200045,q_lt_q20,
G9030001,q_lt_q20,
G9070142,q_lt_q20,
003303A,q_lt_q20,
105101A,q_lt_q20,
105105A,q_lt_q20,
108002A,q_lt_q20,
111005A,q_lt_q20,
111007A,q_lt_q20,
112002A,q_lt_q20,
112101B,q_lt_q20,
112102A,q_lt_q20,
113004A,q_lt_q20,
114001A,q_lt_q20,
116006B,q_lt_q20,
116010A,q_lt_q20,
116011A,q_lt_q20,
116013A,q_lt_q20,
116014A,q_lt_q20,
116015A,q_lt_q20,
117002A,q_lt_q20,
117003A,q_lt_q20,
120102A,q_lt_q20,
120301B,q_lt_q20,
120304A,q_lt_q20,
121002A,q_lt_q20,
121003A,q_lt_q20,
122004A,q_lt_q20,
124002A,q_lt_q20,
125005A,q_lt_q20,
126003A,q_lt_q20,
129001A,q_lt_q20,
130004A,q_lt_q20,
130302A,q_lt_q20,
130324A,q_lt_q20,
130403A,q_lt_q20,
130410A,q_lt_q20,
130413A,q_lt_q20,
132001A,q_lt_q20,
135002A,q_lt_q20,
135004A,q_lt_q20,
136006A,q_lt_q20,
136202D,q_lt_q20,
136203A,q_lt_q20,
136208A,q_lt_q20,
136304A,q_lt_q20,
137101A,q_lt_q20,
137201A,q_lt_q20,
138009A,q_lt_q20,
138110A,q_lt_q20,
138903A,q_lt_q20,
143007A,q_lt_q20,
143009A,q_lt_q20,
143107A,q_lt_q20,
143110A,q_lt_q20,
143209B,q_lt_q20,
143303A,q_lt_q20,
145010A,q_lt_q20,
145011A,q_lt_q20,
145018A,q_lt_q20,
145101D,q_lt_q20,
145102B,q_lt_q20,
145107A,q_lt_q20,
146010A,q_lt_q20,
422202B,q_lt_q20,
422306A,q_lt_q20,
422319B,q_lt_q20,
422321B,q_lt_q20,
422334A,q_lt_q20,
422394A,q_lt_q20,
424201A,q_lt_q20,
915206A,q_lt_q20,
917107A,q_lt_q20,
919003A,q_lt_q20,
919005A,q_lt_q20,
919201A,q_lt_q20,
919309A,q_lt_q20,
925001A,q_lt_q20,
926002A,q_lt_q20,
A0030501,q_lt_q20,
A2390519,q_lt_q20,
A4260533,q_lt_q20,
A5030502,q_lt_q20,
A5040523,q_lt_q20,
A5050517,q_lt_q20,
A5060500,q_lt_q20,
A5070500,q_lt_q20,
A5070503,q_lt_q20,
A5090503,q_lt_q20,
A5130501,q_lt_q20,
302200,q_lt_q20,47900
303203,q_lt_q20,50700
304040,q_lt_q20,51650
304497,q_lt_q20,51300
304499,q_lt_q20,53400
305202,q_lt_q20,52600
306119,q_lt_q20,54850
307473,q_lt_q20,54500
308145,q_lt_q20,57700
308799,q_lt_q20,58000
312061,q_lt_q20,56350
314207,q_lt_q20,52950
314212,q_lt_q20,51300
315450,q_lt_q20,52350
316624,q_lt_q20,53700
317200,q_lt_q20,48700
318076,q_lt_q20,47900
318150,q_lt_q20,49400
318181,q_lt_q20,49150
318191,q_lt_q20,49800
318311,q_lt_q20,47600
319204,q_lt_q20,47950
10327500,q_lt_q20,41400
10329000,q_lt_q20,41500
10329500,q_lt_q20,41100
10333000,q_lt_q20,40750
10335000,q_lt_q20,40950
10336610,q_lt_q20,41700
10336645,q_lt_q20,45550
10336660,q_lt_q20,46000
10336676,q_lt_q20,46250
10336698,q_lt_q20,45150
10336700,q_lt_q20,45200
10336780,q_lt_q20,45000
10337500,q_lt_q20,45200
10338000,q_lt_q20,46150
10338500,q_lt_q20,44450
10338700,q_lt_q20,43100
10339410,q_lt_q20,43700
10340500,q_lt_q20,44300
10343000,q_lt_q20,46600
10343500,q_lt_q20,46600
10344400,q_lt_q20,44800
10344500,q_lt_q20,42850
10344505,q_lt_q20,43300
10346000,q_lt_q20,44550
10347310,q_lt_q20,40600
10347460,q_lt_q20,39850
10347600,q_lt_q20,40050
10348000,q_lt_q20,39250
10348036,q_lt_q20,40100
10348200,q_lt_q20,39400
10348245,q_lt_q20,38100
10348295,q_lt_q20,39250
10348460,q_lt_q20,42500
10349300,q_lt_q20,39000
10349849,q_lt_q20,39000
10349980,q_lt_q20,39050
10350000,q_lt_q20,39600
10350340,q_lt_q20,38350
10351300,q_lt_q20,40250
10351400,q_lt_q20,38600
10351600,q_lt_q20,40000
10351650,q_lt_q20,39500
10351700,q_lt_q20,38800
10352500,q_lt_q20,42200
10396000,q_lt_q20,43600
10642505,q_lt_q20,43500
10735562,q_lt_q20,40400
10965852,q_lt_q20,39900
11012500,q_lt_q20,38150
11014000,q_lt_q20,39500
11015000,q_lt_q20,39300
11016200,q_lt_q20,38700
11022200,q_lt_q20,38400
11022480,q_lt_q20,39200
11023000,q_lt_q20,40500
11023340,q_lt_q20,39050
11025500,q_lt_q20,38300
11027000,q_lt_q20,39550
11028500,q_lt_q20,38350
11042400,q_lt_q20,38050
11042800,q_lt_q20,39050
11042900,q_lt_q20,38500
11044000,q_lt_q20,38750
11044250,q_lt_q20,39450
11044300,q_lt_q20,39300
11044350,q_lt_q20,38800
11044800,q_lt_q20,39750
11045300,q_lt_q20,38700
11045600,q_lt_q20,40150
11048175,q_lt_q20,39050
11048600,q_lt_q20,39050
11051499,q_lt_q20,37700
11051502,q_lt_q20,37700
11055500,q_lt_q20,38200
11055566,q_lt_q20,40250
11055800,q_lt_q20,38350
11057500,q_lt_q20,38500
11058500,q_lt_q20,37750
11058600,q_lt_q20,37650
11059300,q_lt_q20,39200
11060400,q_lt_q20,38800
11062000,q_lt_q20,38900
11062800,q_lt_q20,38100
11063510,q_lt_q20,38700
11063680,q_lt_q20,38450
11065000,q_lt_q20,38800
11069500,q_lt_q20,36850
11070270,q_lt_q20,38250
11070365,q_lt_q20,39800
11070465,q_lt_q20,38400
11072100,q_lt_q20,39950
11073300,q_lt_q20,39050
11073360,q_lt_q20,39000
11073495,q_lt_q20,39050
11074000,q_lt_q20,38950
11075720,q_lt_q20,38950
11075800,q_lt_q20,39800
11077500,q_lt_q20,39300
11078000,q_lt_q20,40000
11087020,q_lt_q20,38800
11088500,q_lt_q20,38600
11089500,q_lt_q20,38500
11098000,q_lt_q20,40150
11101250,q_lt_q20,39550
11102300,q_lt_q20,39150
11109000,q_lt_q20,39000
11109600,q_lt_q20,39300
11109800,q_lt_q20,39650
11111500,q_lt_q20,39600
11113000,q_lt_q20,39200
11113500,q_lt_q20,39550
11114495,q_lt_q20,41000
11119500,q_lt_q20,39800
11119750,q_lt_q20,39000
11119940,q_lt_q20,39000
11120000,q_lt_q20,39400
11120500,q_lt_q20,39150
11121900,q_lt_q20,41300
11123500,q_lt_q20,39700
11124500,q_lt_q20,39150
11128500,q_lt_q20,38100
11132500,q_lt_q20,40200
11133000,q_lt_q20,39950
11136040,q_lt_q20,38150
11136800,q_lt_q20,39650
11137900,q_lt_q20,39850
11141050,q_lt_q20,37450
11141280,q_lt_q20,41800
11143000,q_lt_q20,42550
11143250,q_lt_q20,39650
11147500,q_lt_q20,38450
11148900,q_lt_q20,40000
11149400,q_lt_q20,39000
11149900,q_lt_q20,38300
11150500,q_lt_q20,39800
11151300,q_lt_q20,38650
11151700,q_lt_q20,38700
11152000,q_lt_q20,37950
11152050,q_lt_q20,39250
11152300,q_lt_q20,37700
11152500,q_lt_q20,38400
11152650,q_lt_q20,40950
11153650,q_lt_q20,38900
11156500,q_lt_q20,38550
11157500,q_lt_q20,39100
11158600,q_lt_q20,38200
11159000,q_lt_q20,39750
11159200,q_lt_q20,38450
11159490,q_lt_q20,39300
11159500,q_lt_q20,40000
11160000,q_lt_q20,39700
11160500,q_lt_q20,43250
11161000,q_lt_q20,39850
11162500,q_lt_q20,44300
11162570,q_lt_q20,43700
11169025,q_lt_q20,39300
11169500,q_lt_q20,42850
11169800,q_lt_q20,41350
11172175,q_lt_q20,38150
11172945,q_lt_q20,40100
11172955,q_lt_q20,41000
11173200,q_lt_q20,41450
11173500,q_lt_q20,40450
11173510,q_lt_q20,41050
11173575,q_lt_q20,39300
11173800,q_lt_q20,40600
11174000,q_lt_q20,38750
11176400,q_lt_q20,40550
11176500,q_lt_q20,38850
11176900,q_lt_q20,39600
11179000,q_lt_q20,39650
11179100,q_lt_q20,41550
11180500,q_lt_q20,39200
11180700,q_lt_q20,38950
11180825,q_lt_q20,39750
11180900,q_lt_q20,39400
11180960,q_lt_q20,39800
11181000,q_lt_q20,38700
11181008,q_lt_q20,39150
11182500,q_lt_q20,38550
11189500,q_lt_q20,38100
11200800,q_lt_q20,38250
11203580,q_lt_q20,41150
11204100,q_lt_q20,38650
11206820,q_lt_q20,44300
11224000,q_lt_q20,44150
11224500,q_lt_q20,39300
11251000,q_lt_q20,36550
11253310,q_lt_q20,39250
11261500,q_lt_q20,38100
11262900,q_lt_q20,36800
11264500,q_lt_q20,42100
11266500,q_lt_q20,43300
11273400,q_lt_q20,36550
11274000,q_lt_q20,37100
11274550,q_lt_q20,37150
11274630,q_lt_q20,39000
11274790,q_lt_q20,42400
11276500,q_lt_q20,41750
11276600,q_lt_q20,41050
11276900,q_lt_q20,42750
11277300,q_lt_q20,44400
11278000,q_lt_q20,42350
11278300,q_lt_q20,43150
11278400,q_lt_q20,43150
11284400,q_lt_q20,41750
11289000,q_lt_q20,37300
11289500,q_lt_q20,38300
11289650,q_lt_q20,38300
11290000,q_lt_q20,37250
11299600,q_lt_q20,38100
11303000,q_lt_q20,36850
11303500,q_lt_q20,38250
11335000,q_lt_q20,36950
11342000,q_lt_q20,43100
11345500,q_lt_q20,41650
11348500,q_lt_q20,43250
11355010,q_lt_q20,41850
11355500,q_lt_q20,43350
11370500,q_lt_q20,40150
11370700,q_lt_q20,39850
11372000,q_lt_q20,41050
11374000,q_lt_q20,38700
11376000,q_lt_q20,38600
11376550,q_lt_q20,38100
11377100,q_lt_q20,38950
11379500,q_lt_q20,38350
11381500,q_lt_q20,37650
11383500,q_lt_q20,40650
11389500,q_lt_q20,37850
11390000,q_lt_q20,40150
11390500,q_lt_q20,36650
11401920,q_lt_q20,42300
11402000,q_lt_q20,43800
11413000,q_lt_q20,46050
11418500,q_lt_q20,40600
11421000,q_lt_q20,36850
11424000,q_lt_q20,36900
11425500,q_lt_q20,39150
11427000,q_lt_q20,42800
11446500,q_lt_q20,37650
11447360,q_lt_q20,36250
11448750,q_lt_q20,42250
11448800,q_lt_q20,42050
11449255,q_lt_q20,39100
11449500,q_lt_q20,46650
11449820,q_lt_q20,39600
11451000,q_lt_q20,40750
11451100,q_lt_q20,40950
11451300,q_lt_q20,41100
11451715,q_lt_q20,39900
11451800,q_lt_q20,38300
11452500,q_lt_q20,36200
11452900,q_lt_q20,37850
11453000,q_lt_q20,38700
11453500,q_lt_q20,39050
11453590,q_lt_q20,39400
11454000,q_lt_q20,40550
11456000,q_lt_q20,38700
11458000,q_lt_q20,39600
11458433,q_lt_q20,39700
11458500,q_lt_q20,39450
11458600,q_lt_q20,38950
11459500,q_lt_q20,39750
11460000,q_lt_q20,41900
11460400,q_lt_q20,44400
11460600,q_lt_q20,42700
11460605,q_lt_q20,40900
11460750,q_lt_q20,42350
11461500,q_lt_q20,40650
11462080,q_lt_q20,39550
11462500,q_lt_q20,40600
11463000,q_lt_q20,41050
11463170,q_lt_q20,42400
11463200,q_lt_q20,42050
11463500,q_lt_q20,40250
11463682,q_lt_q20,39850
11463980,q_lt_q20,40050
11464000,q_lt_q20,41500
11465240,q_lt_q20,39150
11465350,q_lt_q20,38850
11465390,q_lt_q20,
11465660,q_lt_q20,39200
11465680,q_lt_q20,38800
11465690,q_lt_q20,38650
11465700,q_lt_q20,39050
11465750,q_lt_q20,39600
11466170,q_lt_q20,39150
11466200,q_lt_q20,39500
11466320,q_lt_q20,38600
11467000,q_lt_q20,43000
11467200,q_lt_q20,42850
11467510,q_lt_q20,43700
11467553,q_lt_q20,43150
11468900,q_lt_q20,43800
11472180,q_lt_q20,41350
11473900,q_lt_q20,42350
11475000,q_lt_q20,42550
11476500,q_lt_q20,43250
11476600,q_lt_q20,44100
11477000,q_lt_q20,43800
11478500,q_lt_q20,43850
11480390,q_lt_q20,42950
11481000,q_lt_q20,43850
11481200,q_lt_q20,46050
11481500,q_lt_q20,43600
11482500,q_lt_q20,45600
11493500,q_lt_q20,45300
11501000,q_lt_q20,46150
11502500,q_lt_q20,46100
11503000,q_lt_q20,48700
11504115,q_lt_q20,48200
11507500,q_lt_q20,43050
11509105,q_lt_q20,44450
11509200,q_lt_q20,44000
11509250,q_lt_q20,44350
11509340,q_lt_q20,45300
11509500,q_lt_q20,43950
11510700,q_lt_q20,45600
11516530,q_lt_q20,40700
11517000,q_lt_q20,41350
11517500,q_lt_q20,40450
11519500,q_lt_q20,44400
11520500,q_lt_q20,43700
11521500,q_lt_q20,44950
11522500,q_lt_q20,44550
11523000,q_lt_q20,43550
11523200,q_lt_q20,46450
11525500,q_lt_q20,43050
11525530,q_lt_q20,41850
11525655,q_lt_q20,44050
11525670,q_lt_q20,43600
11525854,q_lt_q20,42700
11526250,q_lt_q20,42350
11526400,q_lt_q20,42150
11527000,q_lt_q20,44050
11528700,q_lt_q20,43600
11530500,q_lt_q20,44700
11532500,q_lt_q20,45650
12013500,q_lt_q20,47950
12020000,q_lt_q20,48800
12020525,q_lt_q20,47400
12020800,q_lt_q20,44800
12021800,q_lt_q20,45100
12024000,q_lt_q20,43800
12024400,q_lt_q20,46050
12025000,q_lt_q20,41950
12025700,q_lt_q20,46950
12026150,q_lt_q20,44950
12026400,q_lt_q20,45300
12027500,q_lt_q20,43550
12031000,q_lt_q20,46350
12035000,q_lt_q20,46900
12035055,q_lt_q20,40250
12035400,q_lt_q20,51950
12036000,q_lt_q20,53000
12037400,q_lt_q20,48750
12039005,q_lt_q20,50200
12039500,q_lt_q20,50850
12041200,q_lt_q20,51700
12042800,q_lt_q20,49450
12043000,q_lt_q20,50250
12043300,q_lt_q20,49200
12052210,q_lt_q20,49850
12054000,q_lt_q20,48500
12056500,q_lt_q20,49900
12058790,q_lt_q20,47650
12059500,q_lt_q20,44100
12060500,q_lt_q20,45950
12061500,q_lt_q20,43950
12073500,q_lt_q20,43400
12076800,q_lt_q20,43600
12079000,q_lt_q20,42850
12080010,q_lt_q20,42850
12082500,q_lt_q20,48200
12083000,q_lt_q20,47200
12086500,q_lt_q20,48000
12087000,q_lt_q20,46100
12088000,q_lt_q20,42800
12089208,q_lt_q20,42400
12089500,q_lt_q20,42300
12090400,q_lt_q20,41600
12090500,q_lt_q20,41650
12091100,q_lt_q20,41450
12091200,q_lt_q20,41650
12091290,q_lt_q20,41650
12091500,q_lt_q20,41950
12092000,q_lt_q20,46300
12093500,q_lt_q20,43450
12094000,q_lt_q20,47250
12095000,q_lt_q20,42600
12095493,q_lt_q20,40550
12096500,q_lt_q20,41200
12096505,q_lt_q20,41150
12096865,q_lt_q20,48050
12097500,q_lt_q20,48750
12097820,q_lt_q20,48950
12097850,q_lt_q20,48650
12098920,q_lt_q20,41750
12099200,q_lt_q20,42100
12099600,q_lt_q20,42650
12100490,q_lt_q20,41200
12101100,q_lt_q20,42350
12101470,q_lt_q20,42650
12101500,q_lt_q20,42500
12102190,q_lt_q20,41900
12106700,q_lt_q20,48300
12108500,q_lt_q20,43650
12112600,q_lt_q20,42550
12113000,q_lt_q20,42750
12113150,q_lt_q20,41500
12113344,q_lt_q20,41900
12113346,q_lt_q20,42700
12113347,q_lt_q20,41050
12113349,q_lt_q20,42800
12114500,q_lt_q20,51700
12115000,q_lt_q20,48900
12115500,q_lt_q20,53000
12115700,q_lt_q20,50500
12116100,q_lt_q20,48950
12116400,q_lt_q20,49550
12116500,q_lt_q20,49600
12117000,q_lt_q20,49850
12117500,q_lt_q20,45300
12117600,q_lt_q20,45100
12118400,q_lt_q20,42350
12119000,q_lt_q20,42300
12120600,q_lt_q20,43400
12121600,q_lt_q20,42000
12131300,q_lt_q20,48900
12131500,q_lt_q20,46400
12134500,q_lt_q20,47500
12137290,q_lt_q20,50750
12137800,q_lt_q20,49900
12138160,q_lt_q20,49400
12141300,q_lt_q20,49750
12142000,q_lt_q20,49500
12143400,q_lt_q20,47800
12143600,q_lt_q20,46550
12143700,q_lt_q20,49100
12143900,q_lt_q20,46300
12144000,q_lt_q20,43000
12144500,q_lt_q20,45200
12145500,q_lt_q20,45550
12147470,q_lt_q20,49100
12147600,q_lt_q20,49650
12147680,q_lt_q20,48900
12148000,q_lt_q20,49550
12148300,q_lt_q20,49750
12148500,q_lt_q20,46700
12149000,q_lt_q20,43000
12150800,q_lt_q20,44200
12155300,q_lt_q20,42050
12157250,q_lt_q20,42100
12158010,q_lt_q20,43750
12158032,q_lt_q20,44300
12158040,q_lt_q20,43900
12167000,q_lt_q20,43800
12172000,q_lt_q20,48800
12173500,q_lt_q20,49250
12175500,q_lt_q20,49000
12178000,q_lt_q20,48550
12178100,q_lt_q20,50000
12179900,q_lt_q20,47250
12181000,q_lt_q20,44450
12182500,q_lt_q20,45500
12186000,q_lt_q20,47750
12189500,q_lt_q20,47050
12190400,q_lt_q20,48950
12193400,q_lt_q20,44300
12194000,q_lt_q20,44850
12200500,q_lt_q20,43450
12201500,q_lt_q20,43700
12201950,q_lt_q20,45450
12201960,q_lt_q20,45650
12202300,q_lt_q20,45800
12202310,q_lt_q20,43650
12205000,q_lt_q20,50800
12208000,q_lt_q20,48250
12209490,q_lt_q20,47000
12210000,q_lt_q20,44450
12210700,q_lt_q20,41900
12210900,q_lt_q20,41750
12211200,q_lt_q20,41800
12212050,q_lt_q20,41850
12212390,q_lt_q20,42850
12212430,q_lt_q20,43150
12214500,q_lt_q20,42350
12301250,q_lt_q20,42350
12301933,q_lt_q20,43300
12302055,q_lt_q20,44600
12304500,q_lt_q20,43400
12305000,q_lt_q20,
12308000,q_lt_q20,44450
12323233,q_lt_q20,41500
12323250,q_lt_q20,41400
12323600,q_lt_q20,41800
12323670,q_lt_q20,41950
12323700,q_lt_q20,40750
12323710,q_lt_q20,42400
12323720,q_lt_q20,41900
12323750,q_lt_q20,41800
12323760,q_lt_q20,41200
12323770,q_lt_q20,41400
12323800,q_lt_q20,41700
12323840,q_lt_q20,40550
12323850,q_lt_q20,41850
12324200,q_lt_q20,41700
12324400,q_lt_q20,41850
12324590,q_lt_q20,41300
12324680,q_lt_q20,41950
12325500,q_lt_q20,43500
12329500,q_lt_q20,42650
12330000,q_lt_q20,42800
12331500,q_lt_q20,42350
12331800,q_lt_q20,43000
12332000,q_lt_q20,41700
12334510,q_lt_q20,42950
12334550,q_lt_q20,43050
12335100,q_lt_q20,43300
12338300,q_lt_q20,42550
12340500,q_lt_q20,42050
12342500,q_lt_q20,43300
12344000,q_lt_q20,42900
12350250,q_lt_q20,41400
12352500,q_lt_q20,41500
12353000,q_lt_q20,43200
12354000,q_lt_q20,43900
12354500,q_lt_q20,42400
12355000,q_lt_q20,47150
12355500,q_lt_q20,43750
12358500,q_lt_q20,44050
12359800,q_lt_q20,44800
12362500,q_lt_q20,46400
12363000,q_lt_q20,43500
12365700,q_lt_q20,42650
12372000,q_lt_q20,42200
12377150,q_lt_q20,46300
12381400,q_lt_q20,46150
12388700,q_lt_q20,42200
12389000,q_lt_q20,42500
12389500,q_lt_q20,42650
12390700,q_lt_q20,42700
12391950,q_lt_q20,45550
12392155,q_lt_q20,43200
12392300,q_lt_q20,43300
12393501,q_lt_q20,43850
12395000,q_lt_q20,44950
12396500,q_lt_q20,44350
12399500,q_lt_q20,44150
12401500,q_lt_q20,44000
12404500,q_lt_q20,46100
12409000,q_lt_q20,41850
12411000,q_lt_q20,45550
12413000,q_lt_q20,44550
12413125,q_lt_q20,45300
12413130,q_lt_q20,45300
12413131,q_lt_q20,45550
12413210,q_lt_q20,42700
12413355,q_lt_q20,42500
12413470,q_lt_q20,43400
12413500,q_lt_q20,42050
12413875,q_lt_q20,46850
12414500,q_lt_q20,43450
12419000,q_lt_q20,42550
12422500,q_lt_q20,41250
12422990,q_lt_q20,42800
12424000,q_lt_q20,41050
12426000,q_lt_q20,43200
12431000,q_lt_q20,41600
12431500,q_lt_q20,42200
12433200,q_lt_q20,41050
12434590,q_lt_q20,42850
12436500,q_lt_q20,
12438000,q_lt_q20,
12438905,q_lt_q20,42100
12442500,q_lt_q20,42650
12444290,q_lt_q20,41850
12444550,q_lt_q20,41850
12445000,q_lt_q20,41900
12445500,q_lt_q20,41800
12446150,q_lt_q20,44350
12446400,q_lt_q20,45300
12446995,q_lt_q20,41600
12447200,q_lt_q20,41900
12447285,q_lt_q20,42400
12447383,q_lt_q20,44200
12447390,q_lt_q20,43650
12448000,q_lt_q20,42400
12448500,q_lt_q20,43600
12448998,q_lt_q20,46750
12449500,q_lt_q20,42800
12449950,q_lt_q20,42800
12450700,q_lt_q20,42950
12451000,q_lt_q20,47900
12452550,q_lt_q20,41350
12452800,q_lt_q20,43700
12452890,q_lt_q20,42300
12452990,q_lt_q20,42800
12453700,q_lt_q20,42500
12456500,q_lt_q20,45100
12457000,q_lt_q20,44600
12458000,q_lt_q20,45800
12459000,q_lt_q20,42350
12462500,q_lt_q20,42850
12462600,q_lt_q20,41450
12464800,q_lt_q20,42550
12465000,q_lt_q20,41200
12465400,q_lt_q20,42700
12467000,q_lt_q20,41350
12472600,q_lt_q20,41550
12472800,q_lt_q20,
12484500,q_lt_q20,42000
12488500,q_lt_q20,46600
12500450,q_lt_q20,41500
12502500,q_lt_q20,41600
12505450,q_lt_q20,40250
12508990,q_lt_q20,41500
12510500,q_lt_q20,41400
13010065,q_lt_q20,44300
13011000,q_lt_q20,44700
13011500,q_lt_q20,42750
13011900,q_lt_q20,42850
13013650,q_lt_q20,43100
13014500,q_lt_q20,42800
13015000,q_lt_q20,44450
13016305,q_lt_q20,44900
13016450,q_lt_q20,43450
13018300,q_lt_q20,44750
13018350,q_lt_q20,46350
13018750,q_lt_q20,44050
13022500,q_lt_q20,45100
13023000,q_lt_q20,44900
13027500,q_lt_q20,43650
13032500,q_lt_q20,44000
13037500,q_lt_q20,43000
13038000,q_lt_q20,41650
13038500,q_lt_q20,43450
13039500,q_lt_q20,44200
13042500,q_lt_q20,43400
13046000,q_lt_q20,43400
13046995,q_lt_q20,44450
13047500,q_lt_q20,44250
13047600,q_lt_q20,43600
13049500,q_lt_q20,44300
13050500,q_lt_q20,42900
13052200,q_lt_q20,44750
13055000,q_lt_q20,43050
13055250,q_lt_q20,42050
13056500,q_lt_q20,43000
13057000,q_lt_q20,43150
13057132,q_lt_q20,42100
13057155,q_lt_q20,42500
13057300,q_lt_q20,43800
13057940,q_lt_q20,43450
13058000,q_lt_q20,42800
13058510,q_lt_q20,41800
13058520,q_lt_q20,41650
13058529,q_lt_q20,42900
13058530,q_lt_q20,41500
13060000,q_lt_q20,42250
13062500,q_lt_q20,42150
13063000,q_lt_q20,44850
13066000,q_lt_q20,42200
13068300,q_lt_q20,41250
13068495,q_lt_q20,41200
13068500,q_lt_q20,42100
13069500,q_lt_q20,41200
13073000,q_lt_q20,43300
13075000,q_lt_q20,43550
13075500,q_lt_q20,41500
13075910,q_lt_q20,43100
13075983,q_lt_q20,43100
13077000,q_lt_q20,
13078000,q_lt_q20,43150
13079300,q_lt_q20,43200
13082500,q_lt_q20,43200
13087995,q_lt_q20,42100
13089500,q_lt_q20,41700
13090500,q_lt_q20,40950
13092747,q_lt_q20,41150
13093383,q_lt_q20,
13094000,q_lt_q20,40500
13095175,q_lt_q20,40700
13095500,q_lt_q20,40150
13105000,q_lt_q20,42800
13108150,q_lt_q20,40900
13112000,q_lt_q20,40700
13116500,q_lt_q20,42850
13118700,q_lt_q20,42350
13118975,q_lt_q20,40950
13119000,q_lt_q20,41700
13120000,q_lt_q20,44000
13120500,q_lt_q20,43850
13122000,q_lt_q20,42850
13124265,q_lt_q20,44700
13127000,q_lt_q20,44200
13130300,q_lt_q20,42600
13132100,q_lt_q20,43200
13135500,q_lt_q20,44800
13135520,q_lt_q20,44200
13136550,q_lt_q20,45050
13137500,q_lt_q20,43400
13138000,q_lt_q20,44400
13139510,q_lt_q20,43500
13140335,q_lt_q20,43800
13140800,q_lt_q20,42300
13141500,q_lt_q20,41750
13142500,q_lt_q20,43650
13147900,q_lt_q20,43800
13148500,q_lt_q20,42900
13150430,q_lt_q20,44400
13152500,q_lt_q20,39800
13154500,q_lt_q20,41300
13159800,q_lt_q20,41350
13161500,q_lt_q20,43750
13162225,q_lt_q20,44200
13168500,q_lt_q20,41400
13174500,q_lt_q20,44450
13175100,q_lt_q20,44050
13176305,q_lt_q20,42550
13176400,q_lt_q20,42500
13181000,q_lt_q20,41700
13183000,q_lt_q20,41950
13185000,q_lt_q20,43450
13186000,q_lt_q20,44550
13190500,q_lt_q20,43600
13200000,q_lt_q20,43100
13206000,q_lt_q20,40200
13206305,q_lt_q20,40500
13206400,q_lt_q20,40200
13210810,q_lt_q20,40150
13210824,q_lt_q20,40700
13210831,q_lt_q20,40250
13210980,q_lt_q20,40000
13210986,q_lt_q20,39700
13211205,q_lt_q20,40850
13212549,q_lt_q20,40400
13213000,q_lt_q20,40500
13213100,q_lt_q20,40950
13233300,q_lt_q20,41200
13235000,q_lt_q20,43700
13236500,q_lt_q20,44350
13237920,q_lt_q20,42850
13239000,q_lt_q20,44600
13240000,q_lt_q20,44200
13246000,q_lt_q20,44300
13247500,q_lt_q20,42050
13249500,q_lt_q20,40850
13250000,q_lt_q20,41850
13251000,q_lt_q20,40200
13258500,q_lt_q20,43950
13265500,q_lt_q20,40900
13269000,q_lt_q20,42050
13295000,q_lt_q20,45100
13296000,q_lt_q20,44150
13296500,q_lt_q20,44150
13297330,q_lt_q20,44500
13297355,q_lt_q20,44450
13297380,q_lt_q20,44300
13302005,q_lt_q20,42300
13302500,q_lt_q20,43900
13304050,q_lt_q20,42800
13304700,q_lt_q20,43100
13305000,q_lt_q20,44600
13305310,q_lt_q20,43150
13306370,q_lt_q20,45150
13306385,q_lt_q20,42850
13307000,q_lt_q20,43500
13309220,q_lt_q20,42900
13310199,q_lt_q20,44400
13310700,q_lt_q20,43700
13310800,q_lt_q20,43500
13310850,q_lt_q20,42500
13311000,q_lt_q20,42850
13311250,q_lt_q20,42450
13311450,q_lt_q20,42450
13313000,q_lt_q20,44250
13316500,q_lt_q20,42350
13317000,q_lt_q20,43200
13317660,q_lt_q20,42550
13325000,q_lt_q20,46000
13331500,q_lt_q20,44100
13333000,q_lt_q20,43250
13334300,q_lt_q20,
13335050,q_lt_q20,41550
13336500,q_lt_q20,45000
13337000,q_lt_q20,45200
13338500,q_lt_q20,42800
13338950,q_lt_q20,43700
13340000,q_lt_q20,
13340600,q_lt_q20,45000
13341050,q_lt_q20,43250
13341140,q_lt_q20,42400
13341570,q_lt_q20,42950
13342450,q_lt_q20,43800
13342500,q_lt_q20,43300
13344500,q_lt_q20,41200
13345000,q_lt_q20,44300
13346800,q_lt_q20,42000
13348000,q_lt_q20,42250
13351000,q_lt_q20,41650
13621955,q_lt_q20,42000
14013000,q_lt_q20,43300
14013700,q_lt_q20,40900
14015000,q_lt_q20,40700
14015350,q_lt_q20,40300
14018500,q_lt_q20,41350
14020000,q_lt_q20,43550
14020300,q_lt_q20,43950
14020850,q_lt_q20,40850
14033500,q_lt_q20,41150
14034470,q_lt_q20,42100
14034500,q_lt_q20,42750
14034608,q_lt_q20,42750
14038530,q_lt_q20,42650
14043840,q_lt_q20,44050
14044000,q_lt_q20,42000
14046000,q_lt_q20,41350
14046500,q_lt_q20,42100
14046778,q_lt_q20,42000
14048000,q_lt_q20,41900
14070615,q_lt_q20,49650
14070624,q_lt_q20,49650
14076500,q_lt_q20,41300
14087380,q_lt_q20,42200
14087400,q_lt_q20,41650
14091500,q_lt_q20,42750
14092500,q_lt_q20,41700
14092750,q_lt_q20,47450
14093000,q_lt_q20,41250
14096850,q_lt_q20,41800
14097100,q_lt_q20,39900
14103000,q_lt_q20,42400
14105700,q_lt_q20,
14107000,q_lt_q20,46000
14111400,q_lt_q20,43850
14113000,q_lt_q20,42400
14113200,q_lt_q20,41950
14120000,q_lt_q20,41900
14123500,q_lt_q20,43100
14137000,q_lt_q20,46850
14138720,q_lt_q20,52450
14138800,q_lt_q20,48800
14138850,q_lt_q20,51000
14138870,q_lt_q20,51050
14138900,q_lt_q20,49400
14139800,q_lt_q20,50950
14140000,q_lt_q20,48100
14141500,q_lt_q20,47050
14142500,q_lt_q20,46450
14142800,q_lt_q20,41450
14145500,q_lt_q20,47300
14148000,q_lt_q20,47700
14150000,q_lt_q20,42400
14150800,q_lt_q20,45700
14151000,q_lt_q20,44300
14152000,q_lt_q20,42750
14153500,q_lt_q20,45450
14154500,q_lt_q20,45950
14155500,q_lt_q20,43950
14157500,q_lt_q20,42150
14158500,q_lt_q20,49400
14158740,q_lt_q20,49300
14158790,q_lt_q20,48250
14158798,q_lt_q20,50500
14158850,q_lt_q20,49050
14159200,q_lt_q20,51350
14159500,q_lt_q20,46200
14161500,q_lt_q20,50000
14162050,q_lt_q20,50900
14162200,q_lt_q20,48600
14162500,q_lt_q20,47250
14163150,q_lt_q20,44750
14163900,q_lt_q20,45500
14164700,q_lt_q20,42250
14164900,q_lt_q20,42500
14165000,q_lt_q20,43700
14166000,q_lt_q20,42750
14166500,q_lt_q20,43700
14169000,q_lt_q20,43750
14170000,q_lt_q20,41700
14171000,q_lt_q20,42400
14171600,q_lt_q20,41450
14174000,q_lt_q20,41450
14178000,q_lt_q20,49050
14179000,q_lt_q20,50250
14180300,q_lt_q20,49050
14181500,q_lt_q20,48350
14182500,q_lt_q20,44950
14183000,q_lt_q20,43600
14184100,q_lt_q20,41700
14185000,q_lt_q20,46100
14185900,q_lt_q20,49650
14187000,q_lt_q20,45150
14187200,q_lt_q20,43250
14187500,q_lt_q20,42500
14187600,q_lt_q20,42250
14188610,q_lt_q20,50550
14188800,q_lt_q20,43900
14189000,q_lt_q20,42050
14190500,q_lt_q20,42300
14191000,q_lt_q20,42300
14194150,q_lt_q20,42400
14197900,q_lt_q20,41900
14198400,q_lt_q20,50200
14199704,q_lt_q20,44000
14201340,q_lt_q20,41450
14201500,q_lt_q20,41350
14202000,q_lt_q20,42000
14203500,q_lt_q20,42350
14206241,q_lt_q20,41800
14206900,q_lt_q20,42100
14206950,q_lt_q20,41450
14207500,q_lt_q20,43950
14208700,q_lt_q20,49000
14209000,q_lt_q20,49200
14209250,q_lt_q20,50900
14209500,q_lt_q20,50250
14210000,q_lt_q20,42750
14211010,q_lt_q20,42000
14211315,q_lt_q20,44900
14211400,q_lt_q20,41550
14211499,q_lt_q20,42350
14211500,q_lt_q20,41950
14211550,q_lt_q20,42750
14211720,q_lt_q20,
14211814,q_lt_q20,
14211820,q_lt_q20,41500
14216000,q_lt_q20,47500
14216500,q_lt_q20,48900
14219000,q_lt_q20,47150
14219800,q_lt_q20,45050
14220500,q_lt_q20,45200
14222500,q_lt_q20,47650
14226500,q_lt_q20,44150
14231000,q_lt_q20,43700
14231900,q_lt_q20,47150
14233500,q_lt_q20,46150
14236200,q_lt_q20,46600
14238000,q_lt_q20,45850
14240525,q_lt_q20,46100
14242580,q_lt_q20,44100
14243000,q_lt_q20,40400
14246900,q_lt_q20,
14299800,q_lt_q20,47150
14301000,q_lt_q20,50400
14301500,q_lt_q20,50100
14302480,q_lt_q20,52400
14303200,q_lt_q20,51350
14303600,q_lt_q20,51450
14305500,q_lt_q20,49500
14306340,q_lt_q20,48500
14306500,q_lt_q20,50600
14307620,q_lt_q20,49800
14308000,q_lt_q20,43300
14308500,q_lt_q20,43550
14308990,q_lt_q20,43900
14309000,q_lt_q20,43800
14309500,q_lt_q20,45050
14312000,q_lt_q20,41350
14313200,q_lt_q20,49150
14313600,q_lt_q20,47950
14313700,q_lt_q20,50950
14314400,q_lt_q20,48800
14314500,q_lt_q20,46650
14314700,q_lt_q20,51250
14315500,q_lt_q20,45900
14315700,q_lt_q20,46750
14315950,q_lt_q20,47100
14316455,q_lt_q20,46000
14316495,q_lt_q20,46550
14316500,q_lt_q20,44700
14316700,q_lt_q20,45350
14319500,q_lt_q20,41850
14320934,q_lt_q20,45050
14321000,q_lt_q20,44800
14325000,q_lt_q20,44000
14332000,q_lt_q20,47400
14335072,q_lt_q20,41550
14337500,q_lt_q20,41400
14337600,q_lt_q20,43200
14338000,q_lt_q20,43400
14339000,q_lt_q20,41150
14353000,q_lt_q20,45550
14353500,q_lt_q20,44000
14354200,q_lt_q20,41950
14357500,q_lt_q20,40700
14359000,q_lt_q20,41600
14361500,q_lt_q20,41700
14362000,q_lt_q20,44200
14362250,q_lt_q20,44600
14366000,q_lt_q20,42400
14369500,q_lt_q20,43800
14372300,q_lt_q20,46100
14375100,q_lt_q20,44100
14377100,q_lt_q20,44850
14400000,q_lt_q20,46050
15008000,q_lt_q20,50400
15024800,q_lt_q20,52200
15041200,q_lt_q20,48600
15052000,q_lt_q20,49100
15052500,q_lt_q20,
15055500,q_lt_q20,45200
15056210,q_lt_q20,48600
St101,q_lt_q20,46700
St104,q_lt_q20,49475
St105,q_lt_q20,48350
St107,q_lt_q20,47900
St11,q_lt_q20,45425
St117,q_lt_q20,47850
St119,q_lt_q20,47625
St120,q_lt_q20,49550
St121,q_lt_q20,50025
St126,q_lt_q20,39750
St127,q_lt_q20,43625
St130,q_lt_q20,42550
St131,q_lt_q20,38850
St133,q_lt_q20,43150
St134,q_lt_q20,42225
St135,q_lt_q20,42450
St136,q_lt_q20,46250
St138,q_lt_q20,43625
St139,q_lt_q20,43675
St14,q_lt_q20,47175
St140,q_lt_q20,43450
St141,q_lt_q20,43825
St142,q_lt_q20,47750
St148,q_lt_q20,41850
St149,q_lt_q20,43600
St150,q_lt_q20,42900
St151,q_lt_q20,44950
St152,q_lt_q20,43375
St154,q_lt_q20,44775
St155,q_lt_q20,44450
St156,q_lt_q20,44925
St157,q_lt_q20,45400
St158,q_lt_q20,44625
St159,q_lt_q20,45400
St160,q_lt_q20,45150
St161,q_lt_q20,46500
St162,q_lt_q20,47175
St163,q_lt_q20,46200
St164,q_lt_q20,46675
St165,q_lt_q20,47200
St166,q_lt_q20,45600
St167,q_lt_q20,46225
St168,q_lt_q20,44650
St169,q_lt_q20,46550
St17,q_lt_q20,46737.5
St170,q_lt_q20,46925
St171,q_lt_q20,46325
St172,q_lt_q20,44800
St173,q_lt_q20,45050
St175,q_lt_q20,46275
St176,q_lt_q20,45225
St177,q_lt_q20,46425
St178,q_lt_q20,45800
St179,q_lt_q20,46100
St18,q_lt_q20,44837.5
St181,q_lt_q20,46300
St182,q_lt_q20,45425
St19,q_lt_q20,44437.5
St20,q_lt_q20,46800
St209,q_lt_q20,41475
St210,q_lt_q20,40725
St211,q_lt_q20,42625
St212,q_lt_q20,41150
St213,q_lt_q20,44000
St214,q_lt_q20,40375
St215,q_lt_q20,40675
St217,q_lt_q20,43700
St218,q_lt_q20,43175
St219,q_lt_q20,40575
St22,q_lt_q20,45000
St220,q_lt_q20,41600
St221,q_lt_q20,38775
St224,q_lt_q20,41025
St225,q_lt_q20,42025
St227,q_lt_q20,40200
St228,q_lt_q20,40800
St229,q_lt_q20,40500
St230,q_lt_q20,40925
St231,q_lt_q20,42400
St232,q_lt_q20,43450
St233,q_lt_q20,43000
St234,q_lt_q20,44375
St235,q_lt_q20,41400
St236,q_lt_q20,39875
St237,q_lt_q20,40900
St239,q_lt_q20,41500
St240,q_lt_q20,40225
St241,q_lt_q20,40550
St242,q_lt_q20,41125
St244,q_lt_q20,39475
St245,q_lt_q20,40775
St246,q_lt_q20,40425
St247,q_lt_q20,43375
St248,q_lt_q20,42450
St249,q_lt_q20,43250
St25,q_lt_q20,45937.5
St250,q_lt_q20,41750
St252,q_lt_q20,40475
St253,q_lt_q20,40850
St254,q_lt_q20,41175
St255,q_lt_q20,41450
St256,q_lt_q20,40525
St257,q_lt_q20,40075
St259,q_lt_q20,40975
St26,q_lt_q20,47325
St260,q_lt_q20,41825
St261,q_lt_q20,40300
St262,q_lt_q20,41350
St265,q_lt_q20,41350
St266,q_lt_q20,40825
St267,q_lt_q20,40950
St268,q_lt_q20,41650
St27,q_lt_q20,44575
St270,q_lt_q20,40875
St271,q_lt_q20,39800
St273,q_lt_q20,40150
St274,q_lt_q20,42025
St276,q_lt_q20,43000
St277,q_lt_q20,42750
St279,q_lt_q20,40250
St280,q_lt_q20,41075
St281,q_lt_q20,40575
St282,q_lt_q20,41725
St283,q_lt_q20,40950
St284,q_lt_q20,38625
St286,q_lt_q20,40900
St287,q_lt_q20,41425
St288,q_lt_q20,41025
St289,q_lt_q20,40975
St290,q_lt_q20,38950
St292,q_lt_q20,39900
St293,q_lt_q20,40375
St295,q_lt_q20,40800
St296,q_lt_q20,40250
St297,q_lt_q20,40500
St298,q_lt_q20,40550
St3,q_lt_q20,47287.5
St301,q_lt_q20,39700
St304,q_lt_q20,40675
St305,q_lt_q20,40825
St306,q_lt_q20,41000
St308,q_lt_q20,42275
St309,q_lt_q20,41300
St312,q_lt_q20,40375
St313,q_lt_q20,42350
St314,q_lt_q20,53225
St315,q_lt_q20,60400
St316,q_lt_q20,42600
St318,q_lt_q20,43975
St319,q_lt_q20,46200
St32,q_lt_q20,44750
St320,q_lt_q20,45975
St321,q_lt_q20,46750
St34,q_lt_q20,45425
St35,q_lt_q20,44500
St36,q_lt_q20,50375
St37,q_lt_q20,44862.5
St38,q_lt_q20,45287.5
St39,q_lt_q20,45275
St42,q_lt_q20,45562.5
St43,q_lt_q20,44225
St44,q_lt_q20,43925
St45,q_lt_q20,45100
St46,q_lt_q20,44912.5
St48,q_lt_q20,44625
St5,q_lt_q20,45575
St50,q_lt_q20,46400
St51,q_lt_q20,49325
St53,q_lt_q20,47850
St55,q_lt_q20,46650
St56,q_lt_q20,50050
St57,q_lt_q20,48100
St58,q_lt_q20,46900
St59,q_lt_q20,48250
St6,q_lt_q20,43687.5
St60,q_lt_q20,48725
St61,q_lt_q20,48600
St62,q_lt_q20,49375
St63,q_lt_q20,47150
St64,q_lt_q20,49300
St65,q_lt_q20,50450
St66,q_lt_q20,49300
St67,q_lt_q20,48250
St68,q_lt_q20,46950
St7,q_lt_q20,42350
St70,q_lt_q20,51450
St72,q_lt_q20,50775
St73,q_lt_q20,44650
St75,q_lt_q20,54875
St76,q_lt_q20,52625
St77,q_lt_q20,49900
St88,q_lt_q20,46575
St9,q_lt_q20,45525
St97,q_lt_q20,47900
St98,q_lt_q20,48075
St99,q_lt_q20,46125
St1,q_lt_q20,47162.5
St10,q_lt_q20,44162.5
St12,q_lt_q20,44787.5
St2,q_lt_q20,48600
St21,q_lt_q20,45125
St23,q_lt_q20,44925
St24,q_lt_q20,47400
St28,q_lt_q20,45625
St29,q_lt_q20,44775
St30,q_lt_q20,44912.5
St31,q_lt_q20,44775
St33,q_lt_q20,44237.5
St4,q_lt_q20,44625
St40,q_lt_q20,46637.5
St41,q_lt_q20,44550
St47,q_lt_q20,45162.5
St49,q_lt_q20,45700
3107500,q_lt_q20,41750
3108000,q_lt_q20,41150
3109500,q_lt_q20,41200
3110000,q_lt_q20,41500
3110830,q_lt_q20,40400
3111500,q_lt_q20,40900
3111548,q_lt_q20,40900
3112000,q_lt_q20,40900
3113990,q_lt_q20,41250
3114306,q_lt_q20,
3114500,q_lt_q20,40550
3115400,q_lt_q20,40350
3115644,q_lt_q20,40550
3115712,q_lt_q20,41050
3115786,q_lt_q20,40850
3115917,q_lt_q20,39600
3116077,q_lt_q20,40600
3117000,q_lt_q20,40300
3117500,q_lt_q20,40750
3118000,q_lt_q20,40500
3118500,q_lt_q20,40650
3121500,q_lt_q20,40550
3124500,q_lt_q20,39900
3125900,q_lt_q20,40600
3126910,q_lt_q20,40900
3129000,q_lt_q20,41200
3129197,q_lt_q20,40750
3136500,q_lt_q20,40550
3139000,q_lt_q20,40850
3140000,q_lt_q20,40800
3140500,q_lt_q20,40200
3141870,q_lt_q20,40250
3142000,q_lt_q20,40900
3144000,q_lt_q20,40650
3144500,q_lt_q20,41050
3144816,q_lt_q20,39400
3145000,q_lt_q20,39600
3145173,q_lt_q20,40400
3145483,q_lt_q20,39900
3145534,q_lt_q20,40150
3146402,q_lt_q20,41200
3146500,q_lt_q20,40200
3149500,q_lt_q20,40250
3150000,q_lt_q20,40750
3150500,q_lt_q20,40150
3151400,q_lt_q20,40350
3154000,q_lt_q20,40250
3155000,q_lt_q20,40600
3155220,q_lt_q20,40250
3157000,q_lt_q20,40700
3157500,q_lt_q20,39850
3159500,q_lt_q20,40450
3159540,q_lt_q20,40200
3164000,q_lt_q20,41750
3165000,q_lt_q20,41600
3165500,q_lt_q20,41850
3167000,q_lt_q20,41550
3168000,q_lt_q20,42300
3170000,q_lt_q20,41150
3171000,q_lt_q20,42100
3173000,q_lt_q20,42750
3175500,q_lt_q20,42600
3176500,q_lt_q20,41750
3177120,q_lt_q20,41850
3177710,q_lt_q20,41250
3179000,q_lt_q20,42100
3180500,q_lt_q20,43150
3182500,q_lt_q20,41850
3183500,q_lt_q20,41650
3184000,q_lt_q20,41400
3185000,q_lt_q20,41650
3185400,q_lt_q20,42250
3186500,q_lt_q20,42550
3187500,q_lt_q20,42300
3188900,q_lt_q20,42050
3189100,q_lt_q20,41750
3191500,q_lt_q20,40800
3192000,q_lt_q20,41950
3193000,q_lt_q20,41450
3194700,q_lt_q20,41600
3197000,q_lt_q20,41150
3197950,q_lt_q20,42100
3198350,q_lt_q20,41250
3198500,q_lt_q20,41400
3200500,q_lt_q20,40350
3201000,q_lt_q20,40750
3201405,q_lt_q20,40700
3202000,q_lt_q20,40600
3202400,q_lt_q20,41700
3202750,q_lt_q20,41050
3203600,q_lt_q20,43350
3205470,q_lt_q20,40100
3206600,q_lt_q20,41800
3207800,q_lt_q20,43000
3207965,q_lt_q20,41250
3208500,q_lt_q20,41950
3208950,q_lt_q20,41350
3209000,q_lt_q20,42050
3209500,q_lt_q20,42200
3210000,q_lt_q20,40800
3212500,q_lt_q20,41450
3212750,q_lt_q20,41950
3212980,q_lt_q20,42500
3213500,q_lt_q20,41100
3213700,q_lt_q20,41800
3214500,q_lt_q20,41350
3215410,q_lt_q20,40950
3216070,q_lt_q20,
3216500,q_lt_q20,40450
3216777,q_lt_q20,40900
3217000,q_lt_q20,40450
3217424,q_lt_q20,41500
3217500,q_lt_q20,40550
3219500,q_lt_q20,40450
3219781,q_lt_q20,40900
3220000,q_lt_q20,40400
3221000,q_lt_q20,40550
3221646,q_lt_q20,42050
3223425,q_lt_q20,39550
3225500,q_lt_q20,40550
3226800,q_lt_q20,40350
3227107,q_lt_q20,41650
3227500,q_lt_q20,40050
3228300,q_lt_q20,38600
3228500,q_lt_q20,39600
3228689,q_lt_q20,39500
3228750,q_lt_q20,40550
3228805,q_lt_q20,40350
3229500,q_lt_q20,39200
3229610,q_lt_q20,40050
3229796,q_lt_q20,39150
3230310,q_lt_q20,40300
3230450,q_lt_q20,39950
3230500,q_lt_q20,39700
3230800,q_lt_q20,40300
3231500,q_lt_q20,39650
3232000,q_lt_q20,39850
3232500,q_lt_q20,39800
3234000,q_lt_q20,40600
3234300,q_lt_q20,39900
3234500,q_lt_q20,41000
3237020,q_lt_q20,40100
3237280,q_lt_q20,40800
3237500,q_lt_q20,40950
3238140,q_lt_q20,40700
3238495,q_lt_q20,39950
3238745,q_lt_q20,40550
3238772,q_lt_q20,40700
3238785,q_lt_q20,40550
3240000,q_lt_q20,40050
3241500,q_lt_q20,40000
3244936,q_lt_q20,39250
3245500,q_lt_q20,40550
3246500,q_lt_q20,39950
3247500,q_lt_q20,40500
3248300,q_lt_q20,40900
3249500,q_lt_q20,41050
3250100,q_lt_q20,41300
3250190,q_lt_q20,40400
3250322,q_lt_q20,41900
3250500,q_lt_q20,40700
3251200,q_lt_q20,40650
3251500,q_lt_q20,40550
3251900,q_lt_q20,40800
3252300,q_lt_q20,40400
3253000,q_lt_q20,39750
3253500,q_lt_q20,40200
3254520,q_lt_q20,40550
3254550,q_lt_q20,41150
3255349,q_lt_q20,40800
3255420,q_lt_q20,41150
3259000,q_lt_q20,40850
3260015,q_lt_q20,41200
3260050,q_lt_q20,42050
3260100,q_lt_q20,39700
3260706,q_lt_q20,41050
3261500,q_lt_q20,41250
3261950,q_lt_q20,41450
3262000,q_lt_q20,41900
3262001,q_lt_q20,40600
3262500,q_lt_q20,40600
3262700,q_lt_q20,40050
3263000,q_lt_q20,40650
3264000,q_lt_q20,41050
3265000,q_lt_q20,40250
3266560,q_lt_q20,40150
3267000,q_lt_q20,41350
3267900,q_lt_q20,40050
3269500,q_lt_q20,40100
3270000,q_lt_q20,40600
3270500,q_lt_q20,41550
3271000,q_lt_q20,41350
3271300,q_lt_q20,40100
3271620,q_lt_q20,40800
3272000,q_lt_q20,39900
3272100,q_lt_q20,41100
3272700,q_lt_q20,41250
3274000,q_lt_q20,41050
3274650,q_lt_q20,40400
3275000,q_lt_q20,40600
3275500,q_lt_q20,40400
3275600,q_lt_q20,40400
3276500,q_lt_q20,40350
3277075,q_lt_q20,40100
3277130,q_lt_q20,40650
3277200,q_lt_q20,
3277300,q_lt_q20,42350
3277500,q_lt_q20,41400
3280700,q_lt_q20,41500
3280902,q_lt_q20,41400
3281000,q_lt_q20,40600
3281100,q_lt_q20,41650
3281500,q_lt_q20,40450
3282000,q_lt_q20,41250
3282040,q_lt_q20,40750
3282060,q_lt_q20,41250
3282120,q_lt_q20,40800
3282290,q_lt_q20,41150
3282500,q_lt_q20,40100
3283500,q_lt_q20,39950
3284000,q_lt_q20,41300
3284230,q_lt_q20,41500
3284525,q_lt_q20,40850
3284533,q_lt_q20,41750
3284552,q_lt_q20,40800
3285000,q_lt_q20,40800
3286200,q_lt_q20,41100
3287000,q_lt_q20,42500
3287250,q_lt_q20,42100
3287500,q_lt_q20,41700
3287590,q_lt_q20,41100
3287600,q_lt_q20,40800
3288100,q_lt_q20,41200
3288110,q_lt_q20,41750
3288180,q_lt_q20,41750
3288190,q_lt_q20,40800
3289000,q_lt_q20,40350
3289193,q_lt_q20,41200
3289200,q_lt_q20,40750
3289300,q_lt_q20,40950
3289500,q_lt_q20,39950
3290080,q_lt_q20,40200
3290500,q_lt_q20,
3291000,q_lt_q20,40100
3291500,q_lt_q20,40550
3291780,q_lt_q20,40700
3292470,q_lt_q20,40000
3292474,q_lt_q20,40700
3292475,q_lt_q20,40400
3292480,q_lt_q20,39950
3292500,q_lt_q20,41000
3292550,q_lt_q20,40450
3293000,q_lt_q20,39800
3293510,q_lt_q20,40900
3294000,q_lt_q20,39100
3294500,q_lt_q20,40800
3294550,q_lt_q20,39950
3294570,q_lt_q20,39450
3295400,q_lt_q20,40550
3295890,q_lt_q20,39750
3297800,q_lt_q20,39950
3297900,q_lt_q20,40250
3298000,q_lt_q20,40550
3298135,q_lt_q20,40900
3298150,q_lt_q20,40150
3298200,q_lt_q20,40250
3298250,q_lt_q20,39950
3298300,q_lt_q20,40300
3298500,q_lt_q20,38800
3298550,q_lt_q20,40500
3300400,q_lt_q20,40250
3301500,q_lt_q20,39750
3301900,q_lt_q20,41000
3301940,q_lt_q20,39150
3302000,q_lt_q20,39450
3302030,q_lt_q20,39450
3302050,q_lt_q20,40550
3302220,q_lt_q20,39800
3302680,q_lt_q20,40550
3302800,q_lt_q20,39750
3303000,q_lt_q20,40400
3303280,q_lt_q20,
3303300,q_lt_q20,39200
3305000,q_lt_q20,40400
3307000,q_lt_q20,40250
3308500,q_lt_q20,39900
3310000,q_lt_q20,39900
3310300,q_lt_q20,39800
3310400,q_lt_q20,39800
3313700,q_lt_q20,40150
3314000,q_lt_q20,39950
3314500,q_lt_q20,41300
3316500,q_lt_q20,41100
3318800,q_lt_q20,39700
3320000,q_lt_q20,38900
3320500,q_lt_q20,39950
3321350,q_lt_q20,39500
3321500,q_lt_q20,40350
3322485,q_lt_q20,42100
3322900,q_lt_q20,41200
3323000,q_lt_q20,41400
3324000,q_lt_q20,41400
3324300,q_lt_q20,40750
3325000,q_lt_q20,41350
3325519,q_lt_q20,40650
3326500,q_lt_q20,41000
3327500,q_lt_q20,41350
3328000,q_lt_q20,39700
3328500,q_lt_q20,39800
3329000,q_lt_q20,41050
3329700,q_lt_q20,40250
3330241,q_lt_q20,39250
3330500,q_lt_q20,39100
3331500,q_lt_q20,39350
3331753,q_lt_q20,39800
3332345,q_lt_q20,40000
3332349,q_lt_q20,38800
3332555,q_lt_q20,40350
3332605,q_lt_q20,40750
3333050,q_lt_q20,40100
3333450,q_lt_q20,40600
3334000,q_lt_q20,39900
3334500,q_lt_q20,40250
3335000,q_lt_q20,40500
3335500,q_lt_q20,41050
3335960,q_lt_q20,40150
3336000,q_lt_q20,41350
3336645,q_lt_q20,40450
3336890,q_lt_q20,41650
3336900,q_lt_q20,42050
3337000,q_lt_q20,41250
3337100,q_lt_q20,41950
3339000,q_lt_q20,40000
3339280,q_lt_q20,39950
3339305,q_lt_q20,40000
3339500,q_lt_q20,39800
3340500,q_lt_q20,39900
3340800,q_lt_q20,40050
3341300,q_lt_q20,39850
3341500,q_lt_q20,40800
3342000,q_lt_q20,40500
3342500,q_lt_q20,39400
3343010,q_lt_q20,40300
3343400,q_lt_q20,39900
3345500,q_lt_q20,39750
3346000,q_lt_q20,39500
3346500,q_lt_q20,39550
3347000,q_lt_q20,40450
3348000,q_lt_q20,41350
3348130,q_lt_q20,40400
3348350,q_lt_q20,40250
3349000,q_lt_q20,40800
3349210,q_lt_q20,39850
3349510,q_lt_q20,39950
3350500,q_lt_q20,40500
3350655,q_lt_q20,39650
3350660,q_lt_q20,40100
3350700,q_lt_q20,41700
3351000,q_lt_q20,41650
3351072,q_lt_q20,40900
3351310,q_lt_q20,40150
3351350,q_lt_q20,41350
3351500,q_lt_q20,40300
3351710,q_lt_q20,40550
3352500,q_lt_q20,40450
3352953,q_lt_q20,41500
3352988,q_lt_q20,41300
3353000,q_lt_q20,41000
3353120,q_lt_q20,40250
3353200,q_lt_q20,40000
3353415,q_lt_q20,40050
3353420,q_lt_q20,40100
3353451,q_lt_q20,40400
3353460,q_lt_q20,40400
3353500,q_lt_q20,40200
3353600,q_lt_q20,40250
3353611,q_lt_q20,39750
3353620,q_lt_q20,39250
3353800,q_lt_q20,40050
3353910,q_lt_q20,39750
3354000,q_lt_q20,40600
3357000,q_lt_q20,40250
3357330,q_lt_q20,40200
3357350,q_lt_q20,39500
3358000,q_lt_q20,39100
3360000,q_lt_q20,39650
3360500,q_lt_q20,39500
3360600,q_lt_q20,39000
3361500,q_lt_q20,40750
3361650,q_lt_q20,40200
3361850,q_lt_q20,40150
3361872,q_lt_q20,40350
3362000,q_lt_q20,39800
3362500,q_lt_q20,39550
3363000,q_lt_q20,40050
3363500,q_lt_q20,40750
3363900,q_lt_q20,39950
3364000,q_lt_q20,39950
3364042,q_lt_q20,40100
3364200,q_lt_q20,39900
3364500,q_lt_q20,39400
3364650,q_lt_q20,39200
3365500,q_lt_q20,39800
3366500,q_lt_q20,38900
3368000,q_lt_q20,39600
3369500,q_lt_q20,39100
3371500,q_lt_q20,39900
3371600,q_lt_q20,39600
3371650,q_lt_q20,40100
3373500,q_lt_q20,39750
3373508,q_lt_q20,40550
3373560,q_lt_q20,39200
3373610,q_lt_q20,39850
3374000,q_lt_q20,39500
3374100,q_lt_q20,40050
3375500,q_lt_q20,39400
3376300,q_lt_q20,38800
3376500,q_lt_q20,39800
3377500,q_lt_q20,
3378000,q_lt_q20,39400
3378500,q_lt_q20,40100
3378550,q_lt_q20,39400
3378635,q_lt_q20,39450
3379500,q_lt_q20,39600
3380500,q_lt_q20,39400
3381500,q_lt_q20,39450
3381700,q_lt_q20,
3382100,q_lt_q20,40050
3383000,q_lt_q20,39850
3384100,q_lt_q20,39850
3384450,q_lt_q20,39400
3399800,q_lt_q20,
3400500,q_lt_q20,41700
3400785,q_lt_q20,41350
3400800,q_lt_q20,41500
3400986,q_lt_q20,42550
3401000,q_lt_q20,42150
3402900,q_lt_q20,42500
3403910,q_lt_q20,40300
3404000,q_lt_q20,40800
3404500,q_lt_q20,40750
3404900,q_lt_q20,40350
3406500,q_lt_q20,41300
3407500,q_lt_q20,39950
3408500,q_lt_q20,40800
3409500,q_lt_q20,40850
3410210,q_lt_q20,41200
3410500,q_lt_q20,42600
3413200,q_lt_q20,41250
3414078,q_lt_q20,41250
3414100,q_lt_q20,40950
3414170,q_lt_q20,39900
3415000,q_lt_q20,40000
3418224,q_lt_q20,40700
3419530,q_lt_q20,40300
3421000,q_lt_q20,39950
3424730,q_lt_q20,40150
3424860,q_lt_q20,39950
3425290,q_lt_q20,40150
3425520,q_lt_q20,39800
3425622,q_lt_q20,39950
3426470,q_lt_q20,39900
3427500,q_lt_q20,39800
3428200,q_lt_q20,40100
3429498,q_lt_q20,40550
3430200,q_lt_q20,40250
3431060,q_lt_q20,40400
3431300,q_lt_q20,40550
3431500,q_lt_q20,40900
3431599,q_lt_q20,40000
3431700,q_lt_q20,41550
3432350,q_lt_q20,41400
3432400,q_lt_q20,39600
3433500,q_lt_q20,38850
3434500,q_lt_q20,40350
3436100,q_lt_q20,39700
3436690,q_lt_q20,40950
3437480,q_lt_q20,39600
3437495,q_lt_q20,39600
3455000,q_lt_q20,41150
3461500,q_lt_q20,41550
3465500,q_lt_q20,40750
3466208,q_lt_q20,40800
3467609,q_lt_q20,40550
3469251,q_lt_q20,41950
3471500,q_lt_q20,42350
3473000,q_lt_q20,41300
3474000,q_lt_q20,41800
3475000,q_lt_q20,41600
3478400,q_lt_q20,42200
3488000,q_lt_q20,42400
3490000,q_lt_q20,41700
3491000,q_lt_q20,40900
3491544,q_lt_q20,41600
3495005,q_lt_q20,40400
3497300,q_lt_q20,41200
3498500,q_lt_q20,40700
3498850,q_lt_q20,40300
3518500,q_lt_q20,40550
3524000,q_lt_q20,42000
3527000,q_lt_q20,40800
3528000,q_lt_q20,41100
3529500,q_lt_q20,42550
3531500,q_lt_q20,40700
3532000,q_lt_q20,40750
3535000,q_lt_q20,40450
3535200,q_lt_q20,39900
3535400,q_lt_q20,40850
3535618,q_lt_q20,40550
3538830,q_lt_q20,41300
3538970,q_lt_q20,38750
3539600,q_lt_q20,40750
3539778,q_lt_q20,40850
3539800,q_lt_q20,41850
3540500,q_lt_q20,41300
3544970,q_lt_q20,41550
3550500,q_lt_q20,40700
3558000,q_lt_q20,41800
3565500,q_lt_q20,40500
3566535,q_lt_q20,40100
3566700,q_lt_q20,40250
3567340,q_lt_q20,39150
3567500,q_lt_q20,40250
3568400,q_lt_q20,39900
3568933,q_lt_q20,40550
3569190,q_lt_q20,40100
3571000,q_lt_q20,39950
3572690,q_lt_q20,37850
3574100,q_lt_q20,40800
3574500,q_lt_q20,39300
3575100,q_lt_q20,39650
3576250,q_lt_q20,38600
3576500,q_lt_q20,39450
3577225,q_lt_q20,38750
3578000,q_lt_q20,39650
3578500,q_lt_q20,39550
3582000,q_lt_q20,39800
3584045,q_lt_q20,39150
3584600,q_lt_q20,38850
3586500,q_lt_q20,38400
3588500,q_lt_q20,38800
3590000,q_lt_q20,38750
3593800,q_lt_q20,39750
3596000,q_lt_q20,39800
3597860,q_lt_q20,39900
3598000,q_lt_q20,39550
1010000,q_lt_q20,44900
1010070,q_lt_q20,45250
1010500,q_lt_q20,
1011000,q_lt_q20,46900
1013500,q_lt_q20,47100
1014000,q_lt_q20,
1015800,q_lt_q20,44100
1017000,q_lt_q20,44000
1017290,q_lt_q20,44550
1017550,q_lt_q20,44350
1017960,q_lt_q20,43550
1018009,q_lt_q20,43750
1018035,q_lt_q20,43800
1018500,q_lt_q20,42350
1019000,q_lt_q20,42750
1021000,q_lt_q20,41450
1021470,q_lt_q20,43200
1021480,q_lt_q20,42100
1022500,q_lt_q20,41050
1027200,q_lt_q20,45750
1027240,q_lt_q20,45250
1029200,q_lt_q20,44750
1029500,q_lt_q20,42050
1030350,q_lt_q20,42650
1030500,q_lt_q20,43250
1031300,q_lt_q20,43000
1031450,q_lt_q20,42200
1031500,q_lt_q20,43050
1031510,q_lt_q20,43550
1034000,q_lt_q20,43650
1034500,q_lt_q20,
1037000,q_lt_q20,41150
1037380,q_lt_q20,42550
1042500,q_lt_q20,44700
1043500,q_lt_q20,46500
1044550,q_lt_q20,44600
1046000,q_lt_q20,42200
1046500,q_lt_q20,43450
1047000,q_lt_q20,42450
1047150,q_lt_q20,41800
1047200,q_lt_q20,44900
1048000,q_lt_q20,44200
1048220,q_lt_q20,43400
1052500,q_lt_q20,48100
1053500,q_lt_q20,44800
1053600,q_lt_q20,43500
1054000,q_lt_q20,44350
1054114,q_lt_q20,44250
1054200,q_lt_q20,44350
1054300,q_lt_q20,43600
1054500,q_lt_q20,
1055000,q_lt_q20,43200
1055500,q_lt_q20,41700
1057000,q_lt_q20,44050
1059000,q_lt_q20,42650
1063310,q_lt_q20,41550
1064500,q_lt_q20,42650
1064801,q_lt_q20,43000
1066000,q_lt_q20,40850
1067950,q_lt_q20,41450
1068910,q_lt_q20,40200
1069500,q_lt_q20,41900
1073319,q_lt_q20,40250
1074520,q_lt_q20,43800
1075000,q_lt_q20,44000
1076000,q_lt_q20,42950
1076500,q_lt_q20,42050
1077400,q_lt_q20,42450
1078000,q_lt_q20,42600
1081000,q_lt_q20,40800
1081500,q_lt_q20,40850
1082000,q_lt_q20,41150
1085000,q_lt_q20,41700
1085500,q_lt_q20,41500
1086000,q_lt_q20,40800
1087000,q_lt_q20,41950
1089500,q_lt_q20,40900
1089925,q_lt_q20,40850
1091000,q_lt_q20,41050
1091500,q_lt_q20,40200
1092000,q_lt_q20,
1093852,q_lt_q20,40600
1094000,q_lt_q20,39950
1094400,q_lt_q20,41900
1094500,q_lt_q20,40150
1095220,q_lt_q20,40800
1095375,q_lt_q20,41250
1095434,q_lt_q20,40950
1095503,q_lt_q20,41350
1096000,q_lt_q20,40500
1096500,q_lt_q20,40050
1097000,q_lt_q20,40950
1097300,q_lt_q20,40450
1098500,q_lt_q20,40500
1098530,q_lt_q20,40500
1099500,q_lt_q20,46350
1100000,q_lt_q20,42000
1100505,q_lt_q20,39850
1100561,q_lt_q20,40100
1100600,q_lt_q20,39900
1100627,q_lt_q20,40950
1101000,q_lt_q20,41800
1101500,q_lt_q20,41300
1102000,q_lt_q20,41300
1102345,q_lt_q20,40800
1102500,q_lt_q20,40100
1103025,q_lt_q20,40700
1103280,q_lt_q20,40250
1103500,q_lt_q20,41150
1104000,q_lt_q20,39750
1104200,q_lt_q20,41650
1104370,q_lt_q20,40600
1104415,q_lt_q20,40650
1104420,q_lt_q20,40550
1104430,q_lt_q20,40150
1104455,q_lt_q20,39950
1104460,q_lt_q20,41250
1104475,q_lt_q20,40450
1104480,q_lt_q20,41550
1104500,q_lt_q20,41850
1105000,q_lt_q20,40600
1105500,q_lt_q20,40300
1105554,q_lt_q20,40950
1105583,q_lt_q20,40200
1105585,q_lt_q20,40550
1105600,q_lt_q20,39750
1105606,q_lt_q20,39800
1105608,q_lt_q20,39950
1105730,q_lt_q20,40000
1105870,q_lt_q20,40250
1105917,q_lt_q20,40300
1108000,q_lt_q20,39300
1108410,q_lt_q20,45000
1109000,q_lt_q20,40000
1109060,q_lt_q20,40450
1109070,q_lt_q20,41300
1109403,q_lt_q20,41500
1109730,q_lt_q20,40500
1110000,q_lt_q20,40000
1111212,q_lt_q20,40100
1111300,q_lt_q20,40500
1111500,q_lt_q20,40550
1112500,q_lt_q20,40650
1113895,q_lt_q20,44550
1114000,q_lt_q20,44250
1114500,q_lt_q20,40200
1115098,q_lt_q20,40550
1115110,q_lt_q20,40250
1115114,q_lt_q20,40600
1115170,q_lt_q20,40100
1115183,q_lt_q20,41150
1115185,q_lt_q20,40350
1115187,q_lt_q20,40700
1115190,q_lt_q20,40200
1115265,q_lt_q20,40750
1115276,q_lt_q20,39850
1115278,q_lt_q20,41800
1115280,q_lt_q20,40350
1115500,q_lt_q20,39850
1115630,q_lt_q20,40500
1116000,q_lt_q20,40050
1116500,q_lt_q20,41050
1116905,q_lt_q20,40800
1117000,q_lt_q20,42100
1117420,q_lt_q20,41200
1117430,q_lt_q20,40850
1117468,q_lt_q20,40250
1117500,q_lt_q20,39900
1117800,q_lt_q20,40150
1118000,q_lt_q20,39800
1118300,q_lt_q20,40300
1118500,q_lt_q20,40000
1119382,q_lt_q20,41000
1119500,q_lt_q20,40300
1120790,q_lt_q20,42550
1121000,q_lt_q20,40050
1121330,q_lt_q20,41000
1122000,q_lt_q20,40900
1122500,q_lt_q20,41000
1123000,q_lt_q20,40850
1123360,q_lt_q20,41650
1123600,q_lt_q20,40400
1124000,q_lt_q20,40050
1124151,q_lt_q20,41200
1125100,q_lt_q20,40450
1125490,q_lt_q20,40650
1125500,q_lt_q20,40450
1127000,q_lt_q20,40600
1129200,q_lt_q20,44550
1129500,q_lt_q20,43850
1130000,q_lt_q20,43650
1131500,q_lt_q20,43800
1133000,q_lt_q20,44250
1134500,q_lt_q20,43650
1135150,q_lt_q20,44600
1135300,q_lt_q20,42200
1135500,q_lt_q20,42150
1137500,q_lt_q20,43450
1138500,q_lt_q20,41550
1139000,q_lt_q20,41750
1139800,q_lt_q20,45150
1141500,q_lt_q20,41400
1142500,q_lt_q20,42400
1144000,q_lt_q20,44250
1144500,q_lt_q20,44100
1150900,q_lt_q20,45550
1151500,q_lt_q20,42400
1152010,q_lt_q20,43300
1152500,q_lt_q20,42150
1153000,q_lt_q20,41700
1153550,q_lt_q20,42500
1154500,q_lt_q20,
1154950,q_lt_q20,41750
1155500,q_lt_q20,43250
1157000,q_lt_q20,43000
1158000,q_lt_q20,41850
1158110,q_lt_q20,41000
1160350,q_lt_q20,40450
1161000,q_lt_q20,40600
1161280,q_lt_q20,41250
1162000,q_lt_q20,41850
1162500,q_lt_q20,42800
1163200,q_lt_q20,41450
1166500,q_lt_q20,43600
1168250,q_lt_q20,44650
1168500,q_lt_q20,41650
1169000,q_lt_q20,42800
1169900,q_lt_q20,41950
1170000,q_lt_q20,41600
1170100,q_lt_q20,41650
1170500,q_lt_q20,40950
1171000,q_lt_q20,42500
1171100,q_lt_q20,40350
1171500,q_lt_q20,40400
1172010,q_lt_q20,41950
1172500,q_lt_q20,41250
1173000,q_lt_q20,41750
1173500,q_lt_q20,42200
1174500,q_lt_q20,42500
1174565,q_lt_q20,43000
1175500,q_lt_q20,41350
1175670,q_lt_q20,40900
1176000,q_lt_q20,42500
1177000,q_lt_q20,41200
1179500,q_lt_q20,41600
1181000,q_lt_q20,41200
1183500,q_lt_q20,41550
1184000,q_lt_q20,
1184100,q_lt_q20,39950
1184490,q_lt_q20,40700
1185500,q_lt_q20,42750
1186000,q_lt_q20,41750
1186500,q_lt_q20,41350
1187300,q_lt_q20,41450
1188000,q_lt_q20,39900
1188090,q_lt_q20,40150
1189000,q_lt_q20,40300
1189995,q_lt_q20,41050
1191000,q_lt_q20,40850
1192500,q_lt_q20,40250
1192883,q_lt_q20,39750
1193500,q_lt_q20,41100
1194000,q_lt_q20,40000
1194500,q_lt_q20,40050
1195100,q_lt_q20,39750
1195490,q_lt_q20,39700
1196210,q_lt_q20,39700
1196500,q_lt_q20,39500
1196561,q_lt_q20,39200
1196620,q_lt_q20,39850
1197000,q_lt_q20,41150
1197500,q_lt_q20,41850
1198000,q_lt_q20,40500
1198125,q_lt_q20,40500
1199000,q_lt_q20,41400
1199050,q_lt_q20,41650
1200000,q_lt_q20,40650
1200500,q_lt_q20,41500
1201487,q_lt_q20,40550
1202501,q_lt_q20,41750
1203510,q_lt_q20,40300
1203600,q_lt_q20,40050
1203805,q_lt_q20,39950
1204000,q_lt_q20,39400
1205500,q_lt_q20,40800
1206900,q_lt_q20,41300
1208171,q_lt_q20,41150
1208500,q_lt_q20,40200
1208873,q_lt_q20,40450
1208925,q_lt_q20,40100
1208950,q_lt_q20,40200
1209005,q_lt_q20,40100
1209105,q_lt_q20,39600
1209500,q_lt_q20,39850
1209700,q_lt_q20,39650
1209761,q_lt_q20,39300
1212500,q_lt_q20,40000
1304500,q_lt_q20,40200
1312000,q_lt_q20,44000
1315000,q_lt_q20,43800
1315500,q_lt_q20,43700
1318500,q_lt_q20,41350
1321000,q_lt_q20,44100
1325000,q_lt_q20,42250
1327500,q_lt_q20,41750
1327750,q_lt_q20,41700
1329490,q_lt_q20,41000
1330000,q_lt_q20,40050
1331500,q_lt_q20,42600
1332500,q_lt_q20,41800
1333000,q_lt_q20,41200
1334000,q_lt_q20,40850
1334500,q_lt_q20,41300
1335754,q_lt_q20,
1336000,q_lt_q20,42300
1338000,q_lt_q20,42300
1339060,q_lt_q20,41250
1342602,q_lt_q20,42950
1342682,q_lt_q20,41250
1342730,q_lt_q20,41450
1342743,q_lt_q20,42250
1343060,q_lt_q20,43850
1343403,q_lt_q20,42950
1346000,q_lt_q20,42900
1347000,q_lt_q20,41800
1348000,q_lt_q20,42650
1349000,q_lt_q20,41300
1349150,q_lt_q20,41950
1349700,q_lt_q20,42650
1349705,q_lt_q20,41400
1349711,q_lt_q20,46100
1349810,q_lt_q20,42150
1349950,q_lt_q20,42100
1350000,q_lt_q20,41800
1350035,q_lt_q20,42350
1350080,q_lt_q20,41600
1350101,q_lt_q20,42050
1350120,q_lt_q20,41600
1350140,q_lt_q20,41150
1350180,q_lt_q20,42000
1350355,q_lt_q20,41750
1351500,q_lt_q20,41450
1354500,q_lt_q20,41400
1357499,q_lt_q20,39900
1357500,q_lt_q20,41650
1359528,q_lt_q20,40500
1360640,q_lt_q20,40650
1361000,q_lt_q20,40800
1362200,q_lt_q20,41850
1362230,q_lt_q20,41100
1362342,q_lt_q20,44500
1362357,q_lt_q20,42150
1362370,q_lt_q20,41250
1362487,q_lt_q20,41650
1362497,q_lt_q20,41250
1362500,q_lt_q20,41950
1363382,q_lt_q20,42050
1363556,q_lt_q20,40450
1364500,q_lt_q20,39600
1365000,q_lt_q20,41650
1365500,q_lt_q20,41500
1367500,q_lt_q20,40850
1371500,q_lt_q20,40600
1372500,q_lt_q20,40350
1374505,q_lt_q20,39850
1374531,q_lt_q20,40850
1374559,q_lt_q20,41250
1374581,q_lt_q20,41400
1374598,q_lt_q20,41100
1374701,q_lt_q20,
1374781,q_lt_q20,40400
1374821,q_lt_q20,41300
1374890,q_lt_q20,39350
1374901,q_lt_q20,39750
1374930,q_lt_q20,40100
1374941,q_lt_q20,41100
1375000,q_lt_q20,41200
1376800,q_lt_q20,40250
1377000,q_lt_q20,39700
1377370,q_lt_q20,39350
1377500,q_lt_q20,39350
1378500,q_lt_q20,39700
1379000,q_lt_q20,40350
1379500,q_lt_q20,39750
1379530,q_lt_q20,40100
1379773,q_lt_q20,40850
1379780,q_lt_q20,40100
1379845,q_lt_q20,41550
1380450,q_lt_q20,40300
1381000,q_lt_q20,40050
1381400,q_lt_q20,39600
1381500,q_lt_q20,40100
1381800,q_lt_q20,39050
1381900,q_lt_q20,40600
1382210,q_lt_q20,40050
1382385,q_lt_q20,40350
1382500,q_lt_q20,40250
1382800,q_lt_q20,40850
1383500,q_lt_q20,41600
1384500,q_lt_q20,39500
1386000,q_lt_q20,39900
1387000,q_lt_q20,40950
1387400,q_lt_q20,39700
1387420,q_lt_q20,40900
1387450,q_lt_q20,39500
1387500,q_lt_q20,40350
1387905,q_lt_q20,40300
1388000,q_lt_q20,40150
1388500,q_lt_q20,39750
1389010,q_lt_q20,40000
1389500,q_lt_q20,40000
1389550,q_lt_q20,39650
1389890,q_lt_q20,
1390450,q_lt_q20,39400
1390500,q_lt_q20,38950
1391000,q_lt_q20,39950
1391102,q_lt_q20,39400
1392500,q_lt_q20,39900
1393450,q_lt_q20,39900
1394500,q_lt_q20,39350
1395000,q_lt_q20,39950
1396500,q_lt_q20,40550
1396582,q_lt_q20,40500
1396660,q_lt_q20,39200
1396800,q_lt_q20,40000
1397000,q_lt_q20,39050
1398000,q_lt_q20,39600
1398500,q_lt_q20,40450
1399100,q_lt_q20,39050
1399500,q_lt_q20,39950
1399670,q_lt_q20,39500
1400000,q_lt_q20,39950
1400500,q_lt_q20,40100
1401000,q_lt_q20,39300
1401650,q_lt_q20,39600
1402000,q_lt_q20,39450
1402630,q_lt_q20,39750
1403060,q_lt_q20,40600
1403150,q_lt_q20,39800
1403400,q_lt_q20,41350
1403540,q_lt_q20,41150
1403900,q_lt_q20,39550
1405030,q_lt_q20,40300
1405400,q_lt_q20,39100
1406050,q_lt_q20,39150
1407290,q_lt_q20,37950
1407500,q_lt_q20,39050
1408000,q_lt_q20,37300
1408029,q_lt_q20,37950
1408120,q_lt_q20,37800
1408500,q_lt_q20,38050
1408900,q_lt_q20,37900
1409280,q_lt_q20,38350
1409400,q_lt_q20,37700
1409810,q_lt_q20,35400
1410000,q_lt_q20,36600
1410150,q_lt_q20,36250
1410784,q_lt_q20,38550
1410820,q_lt_q20,37900
1411000,q_lt_q20,37550
1411300,q_lt_q20,37300
1411500,q_lt_q20,38650
1412080,q_lt_q20,36900
1412800,q_lt_q20,38200
1413088,q_lt_q20,42250
1413398,q_lt_q20,42800
1413408,q_lt_q20,42100
1413500,q_lt_q20,42650
1414000,q_lt_q20,42300
1414500,q_lt_q20,42450
1415000,q_lt_q20,43100
1417000,q_lt_q20,42300
1417500,q_lt_q20,42350
1420500,q_lt_q20,43600
1421000,q_lt_q20,42450
1421610,q_lt_q20,42150
1421618,q_lt_q20,42100
1421900,q_lt_q20,42200
1422500,q_lt_q20,41800
1423000,q_lt_q20,42550
1425000,q_lt_q20,40950
1426500,q_lt_q20,42550
1427195,q_lt_q20,41100
1427207,q_lt_q20,41700
1427510,q_lt_q20,
1428500,q_lt_q20,40500
1428750,q_lt_q20,42150
1429000,q_lt_q20,41400
1429301,q_lt_q20,41500
1429500,q_lt_q20,41500
1430000,q_lt_q20,41450
1431500,q_lt_q20,41300
1432110,q_lt_q20,40800
1432495,q_lt_q20,41150
1432900,q_lt_q20,40200
1433500,q_lt_q20,42050
1434000,q_lt_q20,
1434017,q_lt_q20,42950
1434021,q_lt_q20,46100
1434025,q_lt_q20,43400
1434498,q_lt_q20,43350
1435000,q_lt_q20,43000
1436000,q_lt_q20,41950
1436690,q_lt_q20,40600
1437500,q_lt_q20,41100
1438500,q_lt_q20,40350
1439500,q_lt_q20,39850
1439590,q_lt_q20,41400
1440000,q_lt_q20,40150
1440400,q_lt_q20,40300
1440485,q_lt_q20,40550
1442500,q_lt_q20,40850
1443280,q_lt_q20,40100
1443500,q_lt_q20,41250
1443900,q_lt_q20,39450
1445000,q_lt_q20,40000
1445500,q_lt_q20,39800
1446000,q_lt_q20,39450
1446500,q_lt_q20,40950
1446775,q_lt_q20,41150
1446776,q_lt_q20,40700
1447500,q_lt_q20,41250
1447680,q_lt_q20,41400
1447720,q_lt_q20,40800
1447800,q_lt_q20,41400
1449000,q_lt_q20,41300
1449360,q_lt_q20,40550
1449800,q_lt_q20,40400
1450500,q_lt_q20,41250
1451000,q_lt_q20,
1451380,q_lt_q20,40550
1451400,q_lt_q20,40300
1451500,q_lt_q20,41200
1451630,q_lt_q20,40900
1451650,q_lt_q20,41500
1451800,q_lt_q20,40100
1452000,q_lt_q20,40950
1452500,q_lt_q20,41100
1453000,q_lt_q20,42700
1454700,q_lt_q20,40850
1455290,q_lt_q20,40350
1455500,q_lt_q20,40450
1457000,q_lt_q20,40100
1457500,q_lt_q20,
1459500,q_lt_q20,39750
1460440,q_lt_q20,39350
1463500,q_lt_q20,
1463620,q_lt_q20,39600
1463740,q_lt_q20,39200
1464000,q_lt_q20,40250
1464290,q_lt_q20,38550
1464500,q_lt_q20,38350
1464645,q_lt_q20,39450
1464720,q_lt_q20,39350
1464750,q_lt_q20,39450
1464899,q_lt_q20,39350
1464907,q_lt_q20,39050
1464984,q_lt_q20,39650
1465200,q_lt_q20,39500
1465798,q_lt_q20,39200
1465850,q_lt_q20,36750
1466500,q_lt_q20,38250
1466900,q_lt_q20,37850
1467000,q_lt_q20,37350
1467042,q_lt_q20,38950
1467048,q_lt_q20,40000
1467081,q_lt_q20,38200
1467086,q_lt_q20,40500
1467150,q_lt_q20,38750
1468500,q_lt_q20,40700
1469500,q_lt_q20,40850
1470500,q_lt_q20,39850
1470755,q_lt_q20,39950
1470761,q_lt_q20,41850
1470779,q_lt_q20,40750
1470960,q_lt_q20,40200
1471000,q_lt_q20,40250
1471510,q_lt_q20,41650
1471875,q_lt_q20,40600
1472000,q_lt_q20,40750
1472157,q_lt_q20,39050
1472198,q_lt_q20,40000
1472199,q_lt_q20,39650
1472620,q_lt_q20,39700
1472810,q_lt_q20,40550
1473000,q_lt_q20,39300
1473169,q_lt_q20,40350
1473470,q_lt_q20,39500
1473500,q_lt_q20,
1473900,q_lt_q20,39100
1474000,q_lt_q20,39600
1474500,q_lt_q20,
1475001,q_lt_q20,38050
1475530,q_lt_q20,39550
1475548,q_lt_q20,39750
1475850,q_lt_q20,39650
1476480,q_lt_q20,39850
1477000,q_lt_q20,38850
1477120,q_lt_q20,38050
1478100,q_lt_q20,39950
1478120,q_lt_q20,40150
1478245,q_lt_q20,39200
1479820,q_lt_q20,39300
1480300,q_lt_q20,39550
1480400,q_lt_q20,39800
1480500,q_lt_q20,40200
1480617,q_lt_q20,40050
1480675,q_lt_q20,39450
1480685,q_lt_q20,40900
1480700,q_lt_q20,39800
1480870,q_lt_q20,39350
1481000,q_lt_q20,39550
1482500,q_lt_q20,37350
1494850,q_lt_q20,38900
1500000,q_lt_q20,42300
1500500,q_lt_q20,41400
1502500,q_lt_q20,42250
1502632,q_lt_q20,41100
1502731,q_lt_q20,40600
1503000,q_lt_q20,40500
1505000,q_lt_q20,41550
1505810,q_lt_q20,42050
1507000,q_lt_q20,41350
1509000,q_lt_q20,41750
1510000,q_lt_q20,41800
1512500,q_lt_q20,
1513500,q_lt_q20,40950
1513550,q_lt_q20,42250
1513831,q_lt_q20,40900
1514850,q_lt_q20,41050
1515000,q_lt_q20,41650
1516350,q_lt_q20,40850
1516500,q_lt_q20,40850
1518000,q_lt_q20,39800
1518420,q_lt_q20,41250
1518700,q_lt_q20,39650
1518862,q_lt_q20,41700
1519200,q_lt_q20,40700
1520000,q_lt_q20,41200
1520500,q_lt_q20,41450
1521500,q_lt_q20,40400
1523500,q_lt_q20,40900
1524500,q_lt_q20,42250
1525500,q_lt_q20,41550
1525981,q_lt_q20,41350
1526500,q_lt_q20,40300
1527500,q_lt_q20,40550
1529500,q_lt_q20,40950
1529950,q_lt_q20,40700
1530332,q_lt_q20,41750
1531000,q_lt_q20,40750
1531250,q_lt_q20,40450
1531325,q_lt_q20,40450
1531500,q_lt_q20,41600
1531908,q_lt_q20,40250
1532000,q_lt_q20,40050
1533400,q_lt_q20,40650
1534000,q_lt_q20,40500
1534300,q_lt_q20,42700
1534500,q_lt_q20,40850
1534860,q_lt_q20,41450
1536000,q_lt_q20,40900
1536500,q_lt_q20,41350
1538000,q_lt_q20,39900
1538700,q_lt_q20,
1539000,q_lt_q20,39950
1540500,q_lt_q20,
1541000,q_lt_q20,41150
1541200,q_lt_q20,40300
1541303,q_lt_q20,41050
1541500,q_lt_q20,40850
1542500,q_lt_q20,40850
1542810,q_lt_q20,41550
1543000,q_lt_q20,42000
1543500,q_lt_q20,41550
1543693,q_lt_q20,41750
1543700,q_lt_q20,41450
1544000,q_lt_q20,41100
1544500,q_lt_q20,41150
1545000,q_lt_q20,41750
1545500,q_lt_q20,41750
1545600,q_lt_q20,41750
1546400,q_lt_q20,40900
1546500,q_lt_q20,40900
1547100,q_lt_q20,40350
1547200,q_lt_q20,40350
1547500,q_lt_q20,40350
1547700,q_lt_q20,39450
1547950,q_lt_q20,40750
1548005,q_lt_q20,41100
1548500,q_lt_q20,40550
1549500,q_lt_q20,41850
1549700,q_lt_q20,42100
1549760,q_lt_q20,40350
1550000,q_lt_q20,41000
1551500,q_lt_q20,42500
1552000,q_lt_q20,40650
1552500,q_lt_q20,40350
1553025,q_lt_q20,
1553500,q_lt_q20,41000
1553700,q_lt_q20,40100
1553850,q_lt_q20,40300
1554000,q_lt_q20,
1555000,q_lt_q20,39900
1555500,q_lt_q20,39700
1556000,q_lt_q20,40850
1557500,q_lt_q20,40350
1558000,q_lt_q20,40650
1559000,q_lt_q20,41450
1560000,q_lt_q20,40800
1562000,q_lt_q20,40900
1563200,q_lt_q20,40900
1563500,q_lt_q20,41050
1564500,q_lt_q20,40450
1564512,q_lt_q20,40200
1564895,q_lt_q20,41550
1565000,q_lt_q20,40200
1566000,q_lt_q20,40200
1567000,q_lt_q20,
1567500,q_lt_q20,40100
1568000,q_lt_q20,40000
1570000,q_lt_q20,41700
1570500,q_lt_q20,42600
1571005,q_lt_q20,40450
1571184,q_lt_q20,41400
1571500,q_lt_q20,40600
1572025,q_lt_q20,39700
1572190,q_lt_q20,40550
1573000,q_lt_q20,40250
1573160,q_lt_q20,39950
1573560,q_lt_q20,41050
1573660,q_lt_q20,40100
1573695,q_lt_q20,39300
1573710,q_lt_q20,39950
1573825,q_lt_q20,39700
1573849,q_lt_q20,40850
1574000,q_lt_q20,40200
1575500,q_lt_q20,40500
1575598,q_lt_q20,40800
1576000,q_lt_q20,
1576007,q_lt_q20,40850
1576045,q_lt_q20,39750
1576500,q_lt_q20,41050
1576754,q_lt_q20,40400
1576767,q_lt_q20,40300
1576787,q_lt_q20,41250
1577500,q_lt_q20,39900
1578475,q_lt_q20,39900
1601000,q_lt_q20,41550
1604500,q_lt_q20,40800
1605500,q_lt_q20,41050
1606000,q_lt_q20,41550
1606500,q_lt_q20,41050
1607500,q_lt_q20,41300
1608000,q_lt_q20,41200
1608500,q_lt_q20,40350
1610400,q_lt_q20,41000
1611500,q_lt_q20,41300
1613030,q_lt_q20,40800
1613050,q_lt_q20,39850
1613900,q_lt_q20,40700
1614000,q_lt_q20,40500
1615000,q_lt_q20,40150
1616100,q_lt_q20,41250
1616400,q_lt_q20,40800
1616425,q_lt_q20,39850
1616500,q_lt_q20,40250
1617000,q_lt_q20,41150
1618100,q_lt_q20,40250
1620500,q_lt_q20,40750
1621050,q_lt_q20,41200
1622000,q_lt_q20,42150
1625000,q_lt_q20,41650
1626000,q_lt_q20,40600
1626850,q_lt_q20,40800
1627500,q_lt_q20,42100
1628500,q_lt_q20,40800
1629500,q_lt_q20,41850
1631000,q_lt_q20,
1632000,q_lt_q20,41400
1632082,q_lt_q20,41800
1632900,q_lt_q20,39500
1633000,q_lt_q20,41050
1634000,q_lt_q20,40600
1634500,q_lt_q20,41250
1635500,q_lt_q20,40650
1636316,q_lt_q20,41100
1636464,q_lt_q20,40300
1636500,q_lt_q20,41500
1636690,q_lt_q20,40500
1638350,q_lt_q20,40600
1638420,q_lt_q20,40550
1638480,q_lt_q20,40750
1643500,q_lt_q20,40650
1643590,q_lt_q20,40150
1643700,q_lt_q20,40700
1643805,q_lt_q20,40550
1643880,q_lt_q20,39700
1644000,q_lt_q20,39250
1644280,q_lt_q20,40300
1645704,q_lt_q20,39350
1645762,q_lt_q20,39250
1646000,q_lt_q20,39650
1646305,q_lt_q20,39150
1652500,q_lt_q20,40300
1653000,q_lt_q20,39350
1654000,q_lt_q20,39100
1656000,q_lt_q20,39450
1656903,q_lt_q20,41050
1658500,q_lt_q20,38400
1660400,q_lt_q20,38550
1662800,q_lt_q20,40600
1663500,q_lt_q20,41400
1664000,q_lt_q20,38700
1665500,q_lt_q20,39800
1666500,q_lt_q20,39250
1667500,q_lt_q20,39000
1668000,q_lt_q20,40200
1669000,q_lt_q20,38300
1669520,q_lt_q20,39150
1670400,q_lt_q20,39350
1671020,q_lt_q20,38450
1671100,q_lt_q20,38750
1672500,q_lt_q20,39400
1673000,q_lt_q20,37850
1673550,q_lt_q20,37700
1673800,q_lt_q20,38450
1674000,q_lt_q20,38400
1674182,q_lt_q20,38100
1674500,q_lt_q20,38350
2011400,q_lt_q20,41350
2011460,q_lt_q20,43100
2011470,q_lt_q20,41900
2011490,q_lt_q20,41700
2011500,q_lt_q20,42100
2011800,q_lt_q20,41600
2013000,q_lt_q20,41650
2013100,q_lt_q20,41350
2014000,q_lt_q20,41400
2015700,q_lt_q20,41200
2016000,q_lt_q20,41350
2016500,q_lt_q20,41250
2017500,q_lt_q20,41950
2018000,q_lt_q20,41100
2018500,q_lt_q20,41400
2019500,q_lt_q20,41900
2020500,q_lt_q20,41100
2021500,q_lt_q20,42300
2022500,q_lt_q20,42000
2024000,q_lt_q20,42000
2024752,q_lt_q20,41300
2024915,q_lt_q20,41800
2025500,q_lt_q20,41400
2025652,q_lt_q20,40600
2026000,q_lt_q20,40850
2027000,q_lt_q20,40950
2027500,q_lt_q20,40850
2028500,q_lt_q20,41450
2029000,q_lt_q20,40150
2030000,q_lt_q20,39900
2030500,q_lt_q20,40100
2031000,q_lt_q20,40900
2032250,q_lt_q20,40950
2032640,q_lt_q20,40100
2034000,q_lt_q20,40100
2035000,q_lt_q20,39350
2036500,q_lt_q20,38400
2037000,q_lt_q20,38300
2037500,q_lt_q20,
2038850,q_lt_q20,40100
2039000,q_lt_q20,39700
2039500,q_lt_q20,39350
2040000,q_lt_q20,39050
2040892,q_lt_q20,38850
2041000,q_lt_q20,38550
2041650,q_lt_q20,38050
2042500,q_lt_q20,39450
2044500,q_lt_q20,38500
2045320,q_lt_q20,39000
2045500,q_lt_q20,38050
2046000,q_lt_q20,38200
2047000,q_lt_q20,38750
2047500,q_lt_q20,38250
2047783,q_lt_q20,39350
2049500,q_lt_q20,38350
2051000,q_lt_q20,39000
2051190,q_lt_q20,39000
2051500,q_lt_q20,38600
2052000,q_lt_q20,37100
2052090,q_lt_q20,38800
2053800,q_lt_q20,41650
2054500,q_lt_q20,41450
2054530,q_lt_q20,41500
2055000,q_lt_q20,41550
2055100,q_lt_q20,41650
2056000,q_lt_q20,40500
2056650,q_lt_q20,40550
2056900,q_lt_q20,40500
2058400,q_lt_q20,39800
2059500,q_lt_q20,40800
2060500,q_lt_q20,40900
2061500,q_lt_q20,40050
2062500,q_lt_q20,39800
2064000,q_lt_q20,39950
2065500,q_lt_q20,39550
2066000,q_lt_q20,39350
2069700,q_lt_q20,39750
2070000,q_lt_q20,39950
2071530,q_lt_q20,40400
2072000,q_lt_q20,41000
2072500,q_lt_q20,41250
2073000,q_lt_q20,39900
2074500,q_lt_q20,39000
2075045,q_lt_q20,39000
2075500,q_lt_q20,39750
2076000,q_lt_q20,39450
2077000,q_lt_q20,39050
2079640,q_lt_q20,38600
2086849,q_lt_q20,38000
2090504,q_lt_q20,37350
2091814,q_lt_q20,39200
2097280,q_lt_q20,38050
2097386,q_lt_q20,37400
2098206,q_lt_q20,37800
2102907,q_lt_q20,36700
2108000,q_lt_q20,41250
2123500,q_lt_q20,38150
2123629,q_lt_q20,37700
2145910,q_lt_q20,39000
2147500,q_lt_q20,37950
2168810,q_lt_q20,37400
2171500,q_lt_q20,39950
2174000,q_lt_q20,37450
2175025,q_lt_q20,40200
2175500,q_lt_q20,39400
2176930,q_lt_q20,43300
2177000,q_lt_q20,41500
2180400,q_lt_q20,41000
2181350,q_lt_q20,41550
2181580,q_lt_q20,41100
2185010,q_lt_q20,40100
2186645,q_lt_q20,39900
2191227,q_lt_q20,39550
2191300,q_lt_q20,38850
2192000,q_lt_q20,38100
2193340,q_lt_q20,38550
2193500,q_lt_q20,38950
2195320,q_lt_q20,37400
2197020,q_lt_q20,36600
2197598,q_lt_q20,37750
2197830,q_lt_q20,39050
2198000,q_lt_q20,38200
2198100,q_lt_q20,38150
2198690,q_lt_q20,38700
2200120,q_lt_q20,37600
2201000,q_lt_q20,37500
2202190,q_lt_q20,40800
2202500,q_lt_q20,38650
2202600,q_lt_q20,38050
2202680,q_lt_q20,39400
2203000,q_lt_q20,38350
2203518,q_lt_q20,39150
2203557,q_lt_q20,38800
2203831,q_lt_q20,39350
2203863,q_lt_q20,38700
2203873,q_lt_q20,39350
2203900,q_lt_q20,39250
2203950,q_lt_q20,39400
2203960,q_lt_q20,39200
2204037,q_lt_q20,39400
2204070,q_lt_q20,39350
2204130,q_lt_q20,38750
2204285,q_lt_q20,39400
2205865,q_lt_q20,40250
2206500,q_lt_q20,39300
2207120,q_lt_q20,38950
2207135,q_lt_q20,39400
2207160,q_lt_q20,39500
2207220,q_lt_q20,38900
2207335,q_lt_q20,38250
2207385,q_lt_q20,39200
2207400,q_lt_q20,38750
2207418,q_lt_q20,41100
2207448,q_lt_q20,38850
2208000,q_lt_q20,39300
2208150,q_lt_q20,38650
2208450,q_lt_q20,39250
2208485,q_lt_q20,39250
2208487,q_lt_q20,39400
2208493,q_lt_q20,38800
2209000,q_lt_q20,37750
2209360,q_lt_q20,37650
2210500,q_lt_q20,39050
2211800,q_lt_q20,38150
2212600,q_lt_q20,38950
2212735,q_lt_q20,38050
2213000,q_lt_q20,38750
2213500,q_lt_q20,37600
2214075,q_lt_q20,38750
2214590,q_lt_q20,37900
2215000,q_lt_q20,37800
2215100,q_lt_q20,38300
2215260,q_lt_q20,39550
2215500,q_lt_q20,38650
2216180,q_lt_q20,37000
2217274,q_lt_q20,39600
2217297,q_lt_q20,39150
2217475,q_lt_q20,39200
2217500,q_lt_q20,39000
2217615,q_lt_q20,39300
2217643,q_lt_q20,39750
2217770,q_lt_q20,38250
2218300,q_lt_q20,38500
2218900,q_lt_q20,38400
2219000,q_lt_q20,37900
2220788,q_lt_q20,38650
2220900,q_lt_q20,38050
2223000,q_lt_q20,38100
2223056,q_lt_q20,39450
2223110,q_lt_q20,39500
2223190,q_lt_q20,39550
2223248,q_lt_q20,38650
2223360,q_lt_q20,38100
2223500,q_lt_q20,37650
2224500,q_lt_q20,38650
2224940,q_lt_q20,40450
2225000,q_lt_q20,39500
2225270,q_lt_q20,39100
2225500,q_lt_q20,38150
2226000,q_lt_q20,39900
2226500,q_lt_q20,38250
2227270,q_lt_q20,38000
2227500,q_lt_q20,39100
2228000,q_lt_q20,38550
2228500,q_lt_q20,37100
2231000,q_lt_q20,37800
2231291,q_lt_q20,
2231322,q_lt_q20,44900
2231342,q_lt_q20,42500
2231396,q_lt_q20,41950
2231600,q_lt_q20,41200
2232000,q_lt_q20,43150
2232155,q_lt_q20,41250
2232200,q_lt_q20,42200
2232400,q_lt_q20,42100
2232500,q_lt_q20,41800
2233475,q_lt_q20,39450
2233484,q_lt_q20,39950
2233500,q_lt_q20,41600
2234000,q_lt_q20,
2234308,q_lt_q20,39300
2234324,q_lt_q20,39000
2234344,q_lt_q20,39400
2234384,q_lt_q20,38800
2234400,q_lt_q20,38400
2234435,q_lt_q20,42700
2234500,q_lt_q20,
2234990,q_lt_q20,39000
2235000,q_lt_q20,38900
2235200,q_lt_q20,38800
2235500,q_lt_q20,39450
2236000,q_lt_q20,40500
2236125,q_lt_q20,39750
2236160,q_lt_q20,38900
2236350,q_lt_q20,39400
2236500,q_lt_q20,38900
2236605,q_lt_q20,38300
2236900,q_lt_q20,
2237293,q_lt_q20,37800
2237734,q_lt_q20,38950
2238500,q_lt_q20,37900
2239000,q_lt_q20,40700
2239501,q_lt_q20,38650
2240000,q_lt_q20,39100
2240500,q_lt_q20,38500
2243000,q_lt_q20,37800
2243960,q_lt_q20,42750
2244040,q_lt_q20,
2244333,q_lt_q20,38350
2244440,q_lt_q20,41400
2245260,q_lt_q20,38800
2245500,q_lt_q20,37850
2246000,q_lt_q20,38000
2246160,q_lt_q20,39050
2246318,q_lt_q20,38250
2246459,q_lt_q20,39450
2246500,q_lt_q20,
2246515,q_lt_q20,38150
2246518,q_lt_q20,37450
2246621,q_lt_q20,40150
2246751,q_lt_q20,37950
2246804,q_lt_q20,38950
2246825,q_lt_q20,
2247510,q_lt_q20,37750
2248000,q_lt_q20,39150
2249007,q_lt_q20,40650
2249500,q_lt_q20,41000
2250030,q_lt_q20,40700
2251000,q_lt_q20,41400
2251500,q_lt_q20,42100
2251767,q_lt_q20,42100
2252500,q_lt_q20,41150
2253000,q_lt_q20,40400
2255600,q_lt_q20,38600
2258800,q_lt_q20,40350
2262900,q_lt_q20,38850
2263800,q_lt_q20,38750
2264000,q_lt_q20,39050
2264003,q_lt_q20,38950
2264030,q_lt_q20,38300
2264051,q_lt_q20,38700
2264060,q_lt_q20,38300
2264100,q_lt_q20,38700
2264141,q_lt_q20,43400
2264495,q_lt_q20,38100
2266025,q_lt_q20,38550
2266200,q_lt_q20,38100
2266291,q_lt_q20,38950
2266293,q_lt_q20,38950
2266295,q_lt_q20,39300
2266300,q_lt_q20,39300
2266480,q_lt_q20,38700
2266496,q_lt_q20,39350
2266500,q_lt_q20,39350
2268390,q_lt_q20,40200
2269520,q_lt_q20,38300
2270000,q_lt_q20,38300
2270500,q_lt_q20,39300
2271500,q_lt_q20,38400
2272650,q_lt_q20,40900
2272676,q_lt_q20,40900
2273230,q_lt_q20,41800
2273630,q_lt_q20,40650
2274005,q_lt_q20,41200
2274010,q_lt_q20,41150
2274325,q_lt_q20,40900
2274490,q_lt_q20,40450
2274505,q_lt_q20,41450
2275197,q_lt_q20,41400
2287497,q_lt_q20,46600
2289035,q_lt_q20,44900
2289080,q_lt_q20,46150
2290767,q_lt_q20,48250
2291001,q_lt_q20,46300
2291580,q_lt_q20,40700
2291597,q_lt_q20,40300
2291669,q_lt_q20,41300
2291673,q_lt_q20,40200
2291710,q_lt_q20,40900
2292900,q_lt_q20,41350
2293230,q_lt_q20,46850
2293262,q_lt_q20,40250
2293987,q_lt_q20,37900
2294161,q_lt_q20,38000
2294217,q_lt_q20,38800
2294261,q_lt_q20,38400
2294290,q_lt_q20,38700
2294330,q_lt_q20,38450
2294405,q_lt_q20,39050
2294650,q_lt_q20,39100
2294655,q_lt_q20,39150
2294747,q_lt_q20,39100
2294759,q_lt_q20,39300
2294760,q_lt_q20,39050
2294775,q_lt_q20,39450
2294781,q_lt_q20,39350
2294898,q_lt_q20,38150
2295013,q_lt_q20,38650
2295163,q_lt_q20,38500
2295194,q_lt_q20,38700
2295420,q_lt_q20,37900
2295580,q_lt_q20,37300
2295637,q_lt_q20,38400
2296260,q_lt_q20,38600
2296500,q_lt_q20,38500
2296750,q_lt_q20,39400
2297100,q_lt_q20,39600
2297155,q_lt_q20,37650
2297251,q_lt_q20,37600
2297310,q_lt_q20,38750
2297600,q_lt_q20,40050
2298110,q_lt_q20,39900
2298123,q_lt_q20,40450
2298202,q_lt_q20,44400
2298488,q_lt_q20,37700
2298492,q_lt_q20,37850
2298495,q_lt_q20,37900
2298527,q_lt_q20,38300
2298530,q_lt_q20,39600
2298554,q_lt_q20,38600
2298608,q_lt_q20,38400
2298760,q_lt_q20,38450
2298830,q_lt_q20,39400
2298880,q_lt_q20,40250
2299260,q_lt_q20,40850
2299410,q_lt_q20,38950
2299450,q_lt_q20,40300
2299472,q_lt_q20,40350
2299861,q_lt_q20,38300
2299950,q_lt_q20,38250
2300017,q_lt_q20,38300
2300018,q_lt_q20,38400
2300033,q_lt_q20,38700
2300042,q_lt_q20,39150
2300075,q_lt_q20,36850
2300082,q_lt_q20,38500
2300100,q_lt_q20,37900
2300210,q_lt_q20,38150
2300300,q_lt_q20,37950
2300500,q_lt_q20,38900
2300700,q_lt_q20,36750
2300882,q_lt_q20,39950
2301000,q_lt_q20,40350
2301150,q_lt_q20,37150
2301300,q_lt_q20,38700
2301500,q_lt_q20,40800
2301718,q_lt_q20,40250
2301738,q_lt_q20,38550
2301740,q_lt_q20,37250
2301745,q_lt_q20,37800
2301750,q_lt_q20,37700
2301793,q_lt_q20,38600
2301900,q_lt_q20,37800
2301990,q_lt_q20,40350
2302010,q_lt_q20,40400
2302500,q_lt_q20,39150
2303000,q_lt_q20,39900
2303205,q_lt_q20,37800
2303330,q_lt_q20,43550
2303348,q_lt_q20,38550
2303350,q_lt_q20,38700
2303400,q_lt_q20,38300
2303410,q_lt_q20,39150
2303420,q_lt_q20,37300
2303800,q_lt_q20,38550
2304000,q_lt_q20,38250
2304500,q_lt_q20,39250
2305851,q_lt_q20,37200
2306500,q_lt_q20,36700
2306647,q_lt_q20,37900
2306774,q_lt_q20,37500
2306950,q_lt_q20,37600
2307000,q_lt_q20,37900
2307200,q_lt_q20,38900
2307323,q_lt_q20,37150
2307359,q_lt_q20,38200
2307445,q_lt_q20,38450
2307498,q_lt_q20,38600
2307668,q_lt_q20,38300
2307674,q_lt_q20,38150
2307780,q_lt_q20,39350
2308950,q_lt_q20,38700
2309415,q_lt_q20,37550
2309421,q_lt_q20,37400
2309447,q_lt_q20,37950
2309740,q_lt_q20,38400
2310000,q_lt_q20,38300
2310280,q_lt_q20,38050
2310286,q_lt_q20,37950
2310288,q_lt_q20,37750
2310300,q_lt_q20,39700
2310308,q_lt_q20,38800
2310525,q_lt_q20,38100
2310678,q_lt_q20,43750
2310688,q_lt_q20,42700
2310740,q_lt_q20,41900
2310743,q_lt_q20,41450
2310947,q_lt_q20,40250
2311500,q_lt_q20,38150
2312000,q_lt_q20,38200
2312180,q_lt_q20,40200
2312200,q_lt_q20,39950
2312300,q_lt_q20,38500
2312500,q_lt_q20,39350
2312558,q_lt_q20,38200
2312598,q_lt_q20,40800
2312600,q_lt_q20,50950
2312640,q_lt_q20,38300
2312645,q_lt_q20,40300
2312667,q_lt_q20,40100
2312675,q_lt_q20,40350
2312700,q_lt_q20,40650
2312720,q_lt_q20,39650
2312722,q_lt_q20,42700
2312762,q_lt_q20,42600
2312764,q_lt_q20,43000
2313000,q_lt_q20,40150
2313098,q_lt_q20,38350
2313100,q_lt_q20,38900
2313230,q_lt_q20,41350
2313250,q_lt_q20,39800
2313700,q_lt_q20,39850
2314500,q_lt_q20,37500
2315500,q_lt_q20,36850
2315550,q_lt_q20,39850
2316000,q_lt_q20,37300
2317500,q_lt_q20,37200
2317620,q_lt_q20,37250
2317797,q_lt_q20,37000
2318000,q_lt_q20,36950
2318380,q_lt_q20,38700
2318500,q_lt_q20,38150
2319000,q_lt_q20,38100
2319302,q_lt_q20,39400
2319394,q_lt_q20,38100
2319500,q_lt_q20,39000
2319800,q_lt_q20,38750
2319950,q_lt_q20,45150
2320000,q_lt_q20,38450
2320700,q_lt_q20,37250
2321000,q_lt_q20,38250
2321500,q_lt_q20,38100
2321898,q_lt_q20,38550
2321958,q_lt_q20,47150
2322500,q_lt_q20,39000
2322688,q_lt_q20,39850
2322700,q_lt_q20,39550
2322800,q_lt_q20,39150
2323000,q_lt_q20,39500
2323500,q_lt_q20,39100
2323502,q_lt_q20,37100
2323566,q_lt_q20,47800
2324000,q_lt_q20,37050
2324400,q_lt_q20,37000
2325000,q_lt_q20,39000
2326000,q_lt_q20,38750
2326500,q_lt_q20,37750
2326526,q_lt_q20,50900
2326900,q_lt_q20,38050
2327033,q_lt_q20,36100
2327100,q_lt_q20,39050
2327355,q_lt_q20,37000
2328522,q_lt_q20,38700
2329000,q_lt_q20,38800
2329342,q_lt_q20,38800
2329500,q_lt_q20,38800
2329600,q_lt_q20,39050
2330000,q_lt_q20,39250
2330100,q_lt_q20,38000
2330150,q_lt_q20,43550
2330400,q_lt_q20,37150
2330450,q_lt_q20,41050
2331000,q_lt_q20,40200
2331600,q_lt_q20,39800
2333500,q_lt_q20,40850
2334430,q_lt_q20,40650
2334480,q_lt_q20,39350
2334578,q_lt_q20,39200
2334620,q_lt_q20,39550
2334653,q_lt_q20,39250
2335000,q_lt_q20,38900
2335450,q_lt_q20,39900
2335580,q_lt_q20,39600
2335757,q_lt_q20,39950
2335790,q_lt_q20,39400
2335815,q_lt_q20,
2335910,q_lt_q20,40350
2336030,q_lt_q20,40850
2336106,q_lt_q20,39900
2336120,q_lt_q20,39200
2336152,q_lt_q20,39050
2336240,q_lt_q20,39350
2336300,q_lt_q20,39300
2336340,q_lt_q20,39400
2336360,q_lt_q20,39850
2336410,q_lt_q20,39400
2336526,q_lt_q20,39400
2336728,q_lt_q20,39750
2336840,q_lt_q20,38800
2336870,q_lt_q20,39000
2336910,q_lt_q20,39550
2336968,q_lt_q20,38050
2336986,q_lt_q20,39150
2337000,q_lt_q20,39650
2337040,q_lt_q20,39000
2337170,q_lt_q20,38900
2337410,q_lt_q20,39350
2337498,q_lt_q20,40400
2337500,q_lt_q20,39250
2338000,q_lt_q20,38650
2338500,q_lt_q20,39100
2338523,q_lt_q20,39050
2338660,q_lt_q20,39050
2338840,q_lt_q20,38900
2339495,q_lt_q20,38900
2339500,q_lt_q20,38050
2341460,q_lt_q20,39200
2342500,q_lt_q20,37550
2342850,q_lt_q20,38100
2342881,q_lt_q20,38250
2343225,q_lt_q20,38950
2343940,q_lt_q20,37800
2344143,q_lt_q20,40300
2344350,q_lt_q20,38900
2344396,q_lt_q20,38350
2344424,q_lt_q20,39700
2344478,q_lt_q20,38500
2344500,q_lt_q20,38350
2344605,q_lt_q20,39400
2344620,q_lt_q20,39200
2344655,q_lt_q20,39250
2344673,q_lt_q20,38700
2344700,q_lt_q20,38850
2344872,q_lt_q20,38050
2346180,q_lt_q20,38150
2346310,q_lt_q20,39650
2347500,q_lt_q20,38600
2349605,q_lt_q20,37700
2349900,q_lt_q20,37350
2350512,q_lt_q20,37150
2350600,q_lt_q20,38750
2350900,q_lt_q20,37800
2351500,q_lt_q20,36650
2351890,q_lt_q20,39000
2352500,q_lt_q20,38050
2353000,q_lt_q20,36300
2353265,q_lt_q20,37100
2353400,q_lt_q20,37400
2353500,q_lt_q20,37100
2354350,q_lt_q20,39250
2354475,q_lt_q20,38650
2354500,q_lt_q20,36900
2354800,q_lt_q20,38400
2355350,q_lt_q20,37950
2355662,q_lt_q20,36800
2356000,q_lt_q20,37850
2357000,q_lt_q20,38250
2357150,q_lt_q20,38950
2358000,q_lt_q20,
2358700,q_lt_q20,38100
2358789,q_lt_q20,38400
2359000,q_lt_q20,38950
2359170,q_lt_q20,38750
2359500,q_lt_q20,39250
2361000,q_lt_q20,37250
2361500,q_lt_q20,37700
2363000,q_lt_q20,36950
2364500,q_lt_q20,36600
2365200,q_lt_q20,38500
2365470,q_lt_q20,38050
2365500,q_lt_q20,36800
2365769,q_lt_q20,37350
2366000,q_lt_q20,37900
2366500,q_lt_q20,37400
2366996,q_lt_q20,37200
2367900,q_lt_q20,36950
2368000,q_lt_q20,36500
2368500,q_lt_q20,36950
2369000,q_lt_q20,36550
2369800,q_lt_q20,36850
2370000,q_lt_q20,37400
2370500,q_lt_q20,36650
2371500,q_lt_q20,36550
2372250,q_lt_q20,38900
2373000,q_lt_q20,37200
2374250,q_lt_q20,37500
2374500,q_lt_q20,37350
2374700,q_lt_q20,36750
2374745,q_lt_q20,35950
2374950,q_lt_q20,36950
2375500,q_lt_q20,38200
2376033,q_lt_q20,40250
2376100,q_lt_q20,36750
2376115,q_lt_q20,36400
2376293,q_lt_q20,36750
2376500,q_lt_q20,36850
2377570,q_lt_q20,36650
2379500,q_lt_q20,41250
2380500,q_lt_q20,40350
2381090,q_lt_q20,40350
2381600,q_lt_q20,40300
2382500,q_lt_q20,40550
2383500,q_lt_q20,39700
2384500,q_lt_q20,39850
2384540,q_lt_q20,41550
2385170,q_lt_q20,39600
2385500,q_lt_q20,40350
2385800,q_lt_q20,39350
2387000,q_lt_q20,40000
2387500,q_lt_q20,39550
2387600,q_lt_q20,39600
2388320,q_lt_q20,40250
2388350,q_lt_q20,39600
2388500,q_lt_q20,39000
2388975,q_lt_q20,39950
2389150,q_lt_q20,39700
2390000,q_lt_q20,41150
2390050,q_lt_q20,39600
2390140,q_lt_q20,39250
2391540,q_lt_q20,40200
2391840,q_lt_q20,40450
2391860,q_lt_q20,40500
2392000,q_lt_q20,39600
2392360,q_lt_q20,39950
2392780,q_lt_q20,39550
2392920,q_lt_q20,39900
2392950,q_lt_q20,38950
2392975,q_lt_q20,38950
2393377,q_lt_q20,38950
2393419,q_lt_q20,39950
2394000,q_lt_q20,40950
2394670,q_lt_q20,39600
2394682,q_lt_q20,40100
2394820,q_lt_q20,39800
2395000,q_lt_q20,40000
2395120,q_lt_q20,39850
2395980,q_lt_q20,39850
2397000,q_lt_q20,39600
2397530,q_lt_q20,39400
2398000,q_lt_q20,40250
2398300,q_lt_q20,40400
2399200,q_lt_q20,40900
2400100,q_lt_q20,37600
2400680,q_lt_q20,40250
2401000,q_lt_q20,40150
2401390,q_lt_q20,39350
2401895,q_lt_q20,38850
2403310,q_lt_q20,39300
2404400,q_lt_q20,39950
2405500,q_lt_q20,38700
2406500,q_lt_q20,38300
2406930,q_lt_q20,38600
2407000,q_lt_q20,
2407514,q_lt_q20,39050
2408150,q_lt_q20,38050
2408540,q_lt_q20,38250
2411930,q_lt_q20,39000
2412000,q_lt_q20,39050
2413000,q_lt_q20,38800
2413210,q_lt_q20,38800
2413300,q_lt_q20,38900
2414500,q_lt_q20,38350
2414715,q_lt_q20,38900
2415000,q_lt_q20,38950
2418230,q_lt_q20,37350
2418760,q_lt_q20,38550
2419000,q_lt_q20,38450
2419890,q_lt_q20,39000
2420000,q_lt_q20,38950
2421000,q_lt_q20,38200
2422500,q_lt_q20,37450
2423130,q_lt_q20,38250
2423160,q_lt_q20,38600
2423380,q_lt_q20,39900
2423397,q_lt_q20,38850
2423400,q_lt_q20,39750
2423414,q_lt_q20,38550
2423425,q_lt_q20,38500
2423496,q_lt_q20,39000
2423500,q_lt_q20,38650
2423555,q_lt_q20,38850
2423571,q_lt_q20,38950
2423630,q_lt_q20,39550
2424000,q_lt_q20,37700
2425000,q_lt_q20,38800
2427250,q_lt_q20,37100
2428400,q_lt_q20,
2430085,q_lt_q20,38850
2430680,q_lt_q20,38550
2430880,q_lt_q20,39050
2431000,q_lt_q20,38100
2432500,q_lt_q20,38650
2433500,q_lt_q20,38150
2436500,q_lt_q20,38900
2438000,q_lt_q20,38050
2439400,q_lt_q20,38100
2442500,q_lt_q20,37550
2443500,q_lt_q20,36850
2444160,q_lt_q20,40450
2446500,q_lt_q20,39500
2447025,q_lt_q20,38600
2448000,q_lt_q20,38850
2448500,q_lt_q20,38050
2448900,q_lt_q20,38250
2449838,q_lt_q20,39050
2449882,q_lt_q20,39700
2450000,q_lt_q20,38900
2450180,q_lt_q20,39000
2450250,q_lt_q20,39950
2450825,q_lt_q20,38450
2453000,q_lt_q20,39050
2453500,q_lt_q20,38300
2454000,q_lt_q20,39400
2455000,q_lt_q20,38900
2455185,q_lt_q20,38450
2455980,q_lt_q20,39150
2456000,q_lt_q20,38550
2456500,q_lt_q20,39050
2457595,q_lt_q20,37950
2457704,q_lt_q20,40150
2458190,q_lt_q20,39700
2458450,q_lt_q20,38850
2458502,q_lt_q20,39250
2458600,q_lt_q20,37850
2461192,q_lt_q20,39750
2461500,q_lt_q20,39450
2462000,q_lt_q20,38050
2464000,q_lt_q20,38500
2465000,q_lt_q20,
2465292,q_lt_q20,37150
2465493,q_lt_q20,36650
2467000,q_lt_q20,40800
2467500,q_lt_q20,37150
2469525,q_lt_q20,38850
2469761,q_lt_q20,
2469800,q_lt_q20,37700
2470072,q_lt_q20,37350
2471001,q_lt_q20,37700
2472000,q_lt_q20,36550
2472500,q_lt_q20,35450
2472850,q_lt_q20,35750
2472980,q_lt_q20,37350
2473000,q_lt_q20,36250
2474560,q_lt_q20,37000
2475000,q_lt_q20,37200
2475500,q_lt_q20,37350
2476500,q_lt_q20,37700
2476600,q_lt_q20,38250
2477000,q_lt_q20,37050
2477045,q_lt_q20,37400
2478500,q_lt_q20,37050
2479000,q_lt_q20,38150
2479130,q_lt_q20,35450
2479155,q_lt_q20,35800
2479300,q_lt_q20,36900
2479945,q_lt_q20,36050
2479980,q_lt_q20,36900
2480002,q_lt_q20,36900
2480020,q_lt_q20,37050
2481880,q_lt_q20,38350
2482000,q_lt_q20,37700
2482470,q_lt_q20,38200
2482550,q_lt_q20,38550
2483000,q_lt_q20,38900
2483500,q_lt_q20,38950
2484000,q_lt_q20,38100
2484500,q_lt_q20,38650
2485735,q_lt_q20,37600
2486000,q_lt_q20,37700
2487500,q_lt_q20,37200
2488500,q_lt_q20,36700
2489000,q_lt_q20,36600
2489500,q_lt_q20,37300
2490500,q_lt_q20,36100
2492000,q_lt_q20,37950
2492343,q_lt_q20,36550
2492360,q_lt_q20,36550
3007800,q_lt_q20,42100
3010500,q_lt_q20,41850
3010655,q_lt_q20,41350
3010820,q_lt_q20,40700
3011020,q_lt_q20,41150
3011800,q_lt_q20,42650
3012550,q_lt_q20,42900
3014500,q_lt_q20,40250
3015000,q_lt_q20,41550
3015310,q_lt_q20,40400
3015500,q_lt_q20,40600
3016000,q_lt_q20,40950
3017500,q_lt_q20,41150
3020000,q_lt_q20,40150
3020500,q_lt_q20,40400
3021350,q_lt_q20,41850
3021520,q_lt_q20,40800
3022540,q_lt_q20,41550
3022554,q_lt_q20,41550
3023100,q_lt_q20,40350
3024000,q_lt_q20,40500
3025500,q_lt_q20,40000
3026480,q_lt_q20,44200
3026500,q_lt_q20,43050
3027500,q_lt_q20,44300
3028000,q_lt_q20,41750
3028500,q_lt_q20,42200
3029000,q_lt_q20,42000
3029500,q_lt_q20,41200
3030500,q_lt_q20,41400
3031500,q_lt_q20,
3031882,q_lt_q20,41100
3032500,q_lt_q20,40950
3034000,q_lt_q20,40000
3034500,q_lt_q20,41300
3036000,q_lt_q20,40650
3036500,q_lt_q20,
3038000,q_lt_q20,39550
3039000,q_lt_q20,40350
3040000,q_lt_q20,40850
3041029,q_lt_q20,40950
3041500,q_lt_q20,41050
3042000,q_lt_q20,40250
3042280,q_lt_q20,42600
3042500,q_lt_q20,40200
3044000,q_lt_q20,40450
3044810,q_lt_q20,41150
3045000,q_lt_q20,41350
3047000,q_lt_q20,40350
3048500,q_lt_q20,41050
3048900,q_lt_q20,40400
3049500,q_lt_q20,
3049800,q_lt_q20,40300
3049807,q_lt_q20,40800
3050000,q_lt_q20,41100
3051000,q_lt_q20,40350
3052000,q_lt_q20,41050
3052120,q_lt_q20,41150
3052500,q_lt_q20,41000
3053500,q_lt_q20,40300
3054500,q_lt_q20,41250
3056000,q_lt_q20,41250
3056250,q_lt_q20,41350
3057000,q_lt_q20,39950
3058000,q_lt_q20,41000
3058500,q_lt_q20,39950
3058975,q_lt_q20,40250
3061000,q_lt_q20,39950
3061500,q_lt_q20,40750
3062500,q_lt_q20,41750
3065000,q_lt_q20,41650
3066000,q_lt_q20,42150
3067510,q_lt_q20,44350
3068800,q_lt_q20,42800
3069500,q_lt_q20,42000
3070260,q_lt_q20,40750
3070500,q_lt_q20,41200
3072000,q_lt_q20,40650
3072655,q_lt_q20,41250
3073000,q_lt_q20,41350
3074500,q_lt_q20,40100
3077500,q_lt_q20,41150
3079000,q_lt_q20,41150
3080000,q_lt_q20,40850
3081000,q_lt_q20,40800
3081500,q_lt_q20,41000
3082500,q_lt_q20,41050
3083500,q_lt_q20,40950
3085500,q_lt_q20,40800
3086000,q_lt_q20,
3090500,q_lt_q20,40550
3091500,q_lt_q20,41350
3092460,q_lt_q20,40850
3093000,q_lt_q20,40550
3094000,q_lt_q20,40600
3094704,q_lt_q20,41000
3095500,q_lt_q20,
3098600,q_lt_q20,41300
3099500,q_lt_q20,40650
3101500,q_lt_q20,40900
3102500,q_lt_q20,40800
3102850,q_lt_q20,40900
3103500,q_lt_q20,41350
3105500,q_lt_q20,40500
3106000,q_lt_q20,40000
3106300,q_lt_q20,40400
3106500,q_lt_q20,40300
3598185,q_lt_q20,39600
3599240,q_lt_q20,39750
3599419,q_lt_q20,39900
3599500,q_lt_q20,40550
3601600,q_lt_q20,39800
3601990,q_lt_q20,39300
3602500,q_lt_q20,39150
3603000,q_lt_q20,39850
3604000,q_lt_q20,39650
3604400,q_lt_q20,39550
3605078,q_lt_q20,41250
3606500,q_lt_q20,40200
3610200,q_lt_q20,39150
3611260,q_lt_q20,39650
3612000,q_lt_q20,40400
3612600,q_lt_q20,
4010500,q_lt_q20,44850
4015438,q_lt_q20,41250
4021520,q_lt_q20,40500
4024000,q_lt_q20,
4024430,q_lt_q20,42650
4025500,q_lt_q20,39800
4026160,q_lt_q20,41600
4026561,q_lt_q20,40850
4026740,q_lt_q20,41500
4027000,q_lt_q20,41150
4027500,q_lt_q20,40600
4031000,q_lt_q20,42000
4033000,q_lt_q20,39450
4037500,q_lt_q20,42200
4040000,q_lt_q20,41700
4040500,q_lt_q20,39800
4041500,q_lt_q20,40200
4043016,q_lt_q20,41050
4043050,q_lt_q20,44950
4043097,q_lt_q20,38800
4044003,q_lt_q20,40800
4044724,q_lt_q20,40800
4045500,q_lt_q20,41650
4056500,q_lt_q20,42100
4057510,q_lt_q20,40900
4057800,q_lt_q20,43600
4057813,q_lt_q20,40800
4057814,q_lt_q20,41250
4058100,q_lt_q20,41900
4058200,q_lt_q20,42050
4059000,q_lt_q20,40700
4059500,q_lt_q20,40900
4059750,q_lt_q20,39700
4060500,q_lt_q20,40950
4060993,q_lt_q20,45300
4062000,q_lt_q20,39850
4062011,q_lt_q20,40600
4062500,q_lt_q20,40200
4063000,q_lt_q20,40150
4063522,q_lt_q20,40150
4063700,q_lt_q20,41150
4064500,q_lt_q20,39750
4065106,q_lt_q20,41900
4065650,q_lt_q20,39850
4065722,q_lt_q20,
4066003,q_lt_q20,40350
4066030,q_lt_q20,40550
4066500,q_lt_q20,40550
4066800,q_lt_q20,40050
4067500,q_lt_q20,40250
4067958,q_lt_q20,39800
4069416,q_lt_q20,39850
4071000,q_lt_q20,39650
4072076,q_lt_q20,41400
4072150,q_lt_q20,40350
4073240,q_lt_q20,39350
4073365,q_lt_q20,39700
4073458,q_lt_q20,40450
4073466,q_lt_q20,41000
4073500,q_lt_q20,40150
4074950,q_lt_q20,39500
4077630,q_lt_q20,39250
4078500,q_lt_q20,39600
4079000,q_lt_q20,40400
4080798,q_lt_q20,39400
4082400,q_lt_q20,42850
4084911,q_lt_q20,40750
4085108,q_lt_q20,40500
4085427,q_lt_q20,40550
4086000,q_lt_q20,40650
4087030,q_lt_q20,40950
4087220,q_lt_q20,40850
4087233,q_lt_q20,41050
4087234,q_lt_q20,42450
4087240,q_lt_q20,41400
4087257,q_lt_q20,41100
4093000,q_lt_q20,40550
4094400,q_lt_q20,40300
4096405,q_lt_q20,39250
4096515,q_lt_q20,39350
4097500,q_lt_q20,40200
4097540,q_lt_q20,39350
4098980,q_lt_q20,38100
4099000,q_lt_q20,39650
4099510,q_lt_q20,39800
4099750,q_lt_q20,38400
4100222,q_lt_q20,39000
4100500,q_lt_q20,39750
4101000,q_lt_q20,40650
4101225,q_lt_q20,39450
4101370,q_lt_q20,39750
4101500,q_lt_q20,40050
4101535,q_lt_q20,41800
4101590,q_lt_q20,39450
4101800,q_lt_q20,39300
4102148,q_lt_q20,38700
4102500,q_lt_q20,39250
4102700,q_lt_q20,38400
4103490,q_lt_q20,39850
4103500,q_lt_q20,40400
4104945,q_lt_q20,39150
4105000,q_lt_q20,40300
4105500,q_lt_q20,40600
4105700,q_lt_q20,38750
4106000,q_lt_q20,40300
4106400,q_lt_q20,39350
4106500,q_lt_q20,41350
4108600,q_lt_q20,39450
4108660,q_lt_q20,40050
4108800,q_lt_q20,40350
4108862,q_lt_q20,38350
4109000,q_lt_q20,40800
4111000,q_lt_q20,39850
4111379,q_lt_q20,38850
4112000,q_lt_q20,39150
4112500,q_lt_q20,40300
4113000,q_lt_q20,40750
4114000,q_lt_q20,39450
4114498,q_lt_q20,38950
4115000,q_lt_q20,40050
4115265,q_lt_q20,38450
4116000,q_lt_q20,40550
4117004,q_lt_q20,39000
4117500,q_lt_q20,38900
4118500,q_lt_q20,39250
4119000,q_lt_q20,41850
4119055,q_lt_q20,41050
4119070,q_lt_q20,39500
4119160,q_lt_q20,39900
4119400,q_lt_q20,39700
4121300,q_lt_q20,40500
4121494,q_lt_q20,37900
4121500,q_lt_q20,41400
4121944,q_lt_q20,39150
4121970,q_lt_q20,39550
4122001,q_lt_q20,40300
4122100,q_lt_q20,38800
4122200,q_lt_q20,39100
4122500,q_lt_q20,40900
4124000,q_lt_q20,40550
4124200,q_lt_q20,40050
4124500,q_lt_q20,39350
4125460,q_lt_q20,38600
4125550,q_lt_q20,39750
4126970,q_lt_q20,39250
4127200,q_lt_q20,40250
4127800,q_lt_q20,40350
4127917,q_lt_q20,42850
4127997,q_lt_q20,40850
4128990,q_lt_q20,43000
4133501,q_lt_q20,40750
4135700,q_lt_q20,39500
4135800,q_lt_q20,44000
4136000,q_lt_q20,42600
4136500,q_lt_q20,39350
4136900,q_lt_q20,46400
4137005,q_lt_q20,42450
4137500,q_lt_q20,40850
4142000,q_lt_q20,40100
4144500,q_lt_q20,40400
4145785,q_lt_q20,40350
4146000,q_lt_q20,39100
4146063,q_lt_q20,39150
4147500,q_lt_q20,39200
4148140,q_lt_q20,39600
4148295,q_lt_q20,40200
4148500,q_lt_q20,39000
4151500,q_lt_q20,39650
4152238,q_lt_q20,39200
4153300,q_lt_q20,40000
4153725,q_lt_q20,39950
4153905,q_lt_q20,38750
4154000,q_lt_q20,39500
4155500,q_lt_q20,40050
4156000,q_lt_q20,40400
4157005,q_lt_q20,41650
4159492,q_lt_q20,40050
4159900,q_lt_q20,40250
4160600,q_lt_q20,39750
4161000,q_lt_q20,40000
4161820,q_lt_q20,39900
4163400,q_lt_q20,40750
4164000,q_lt_q20,40800
4164100,q_lt_q20,38800
4164500,q_lt_q20,39750
4164800,q_lt_q20,39150
4165500,q_lt_q20,39650
4166100,q_lt_q20,40300
4166300,q_lt_q20,39950
4166500,q_lt_q20,41700
4166700,q_lt_q20,40200
4167000,q_lt_q20,40800
4168400,q_lt_q20,40550
4168580,q_lt_q20,40450
4168660,q_lt_q20,40250
4172000,q_lt_q20,39550
4173500,q_lt_q20,39650
4174490,q_lt_q20,40550
4174500,q_lt_q20,40450
4174518,q_lt_q20,40400
4175600,q_lt_q20,40350
4175748,q_lt_q20,40250
4176000,q_lt_q20,40250
4176400,q_lt_q20,39250
4176500,q_lt_q20,39950
4177000,q_lt_q20,40450
4177080,q_lt_q20,40450
4177266,q_lt_q20,40800
4177720,q_lt_q20,40350
4178000,q_lt_q20,41400
4179520,q_lt_q20,40450
4180000,q_lt_q20,41100
4180500,q_lt_q20,41350
4180988,q_lt_q20,41450
4181049,q_lt_q20,41300
4181120,q_lt_q20,40750
4181500,q_lt_q20,41400
4182000,q_lt_q20,41150
4182769,q_lt_q20,42200
4182808,q_lt_q20,41050
4182900,q_lt_q20,42150
4182950,q_lt_q20,42300
4183000,q_lt_q20,40950
4183038,q_lt_q20,42100
4183979,q_lt_q20,42300
4184500,q_lt_q20,40650
4185000,q_lt_q20,40900
4185318,q_lt_q20,41400
4185440,q_lt_q20,40350
4185935,q_lt_q20,40350
4186500,q_lt_q20,42150
4187100,q_lt_q20,41200
4188100,q_lt_q20,42550
4188252,q_lt_q20,41750
4188324,q_lt_q20,41500
4188337,q_lt_q20,41300
4188400,q_lt_q20,41250
4188433,q_lt_q20,40700
4188496,q_lt_q20,41450
4189000,q_lt_q20,42050
4189131,q_lt_q20,40550
4189174,q_lt_q20,41400
4189260,q_lt_q20,41450
4191058,q_lt_q20,41850
4191444,q_lt_q20,43800
4191500,q_lt_q20,41900
4192500,q_lt_q20,41550
4192574,q_lt_q20,42000
4192599,q_lt_q20,40350
4193500,q_lt_q20,40550
4193999,q_lt_q20,40800
4195500,q_lt_q20,40450
4195820,q_lt_q20,41350
4196000,q_lt_q20,40400
4196500,q_lt_q20,40400
4196800,q_lt_q20,41650
4197100,q_lt_q20,40550
4197137,q_lt_q20,41650
4197152,q_lt_q20,41450
4198000,q_lt_q20,40850
4199000,q_lt_q20,40250
4199155,q_lt_q20,40550
4199500,q_lt_q20,40550
4200500,q_lt_q20,41600
4201500,q_lt_q20,40750
4202000,q_lt_q20,40500
4206000,q_lt_q20,40900
4206413,q_lt_q20,39350
4206416,q_lt_q20,39550
4206425,q_lt_q20,40200
4207200,q_lt_q20,40750
4208000,q_lt_q20,40700
4208347,q_lt_q20,40650
4208460,q_lt_q20,40000
4208700,q_lt_q20,38850
4212100,q_lt_q20,40200
4213075,q_lt_q20,40300
4213152,q_lt_q20,41700
4213319,q_lt_q20,40950
4213500,q_lt_q20,41750
4214500,q_lt_q20,42200
4215000,q_lt_q20,42150
4215500,q_lt_q20,42900
4217000,q_lt_q20,42600
4218000,q_lt_q20,41550
4218518,q_lt_q20,41700
4218601,q_lt_q20,42100
4218700,q_lt_q20,41300
4220045,q_lt_q20,40650
4221000,q_lt_q20,40350
4223000,q_lt_q20,41000
4224775,q_lt_q20,41650
4226000,q_lt_q20,40000
4227500,q_lt_q20,39800
4228500,q_lt_q20,41500
4229500,q_lt_q20,40550
4230380,q_lt_q20,41750
4230500,q_lt_q20,40250
4231000,q_lt_q20,39850
4231401,q_lt_q20,40700
4231600,q_lt_q20,
4232034,q_lt_q20,40950
4232050,q_lt_q20,40600
4232482,q_lt_q20,40400
4232730,q_lt_q20,40800
4233255,q_lt_q20,40200
4233300,q_lt_q20,40600
4234000,q_lt_q20,40000
4234254,q_lt_q20,40250
4234398,q_lt_q20,41850
4235000,q_lt_q20,40950
4235250,q_lt_q20,40200
4235299,q_lt_q20,41900
4235440,q_lt_q20,42100
4235600,q_lt_q20,41550
4236800,q_lt_q20,41750
4237496,q_lt_q20,41550
4239000,q_lt_q20,42100
4240010,q_lt_q20,42050
4242640,q_lt_q20,42100
4243500,q_lt_q20,40750
4243783,q_lt_q20,41500
4244000,q_lt_q20,42350
4245840,q_lt_q20,41500
4247000,q_lt_q20,41650
4249000,q_lt_q20,41350
4249200,q_lt_q20,42600
4250200,q_lt_q20,42250
4250750,q_lt_q20,43100
4252500,q_lt_q20,42750
4253294,q_lt_q20,46650
4253295,q_lt_q20,45750
4253296,q_lt_q20,46200
4256000,q_lt_q20,42950
4258000,q_lt_q20,41800
4260500,q_lt_q20,43050
4262000,q_lt_q20,44050
4262500,q_lt_q20,42650
4263000,q_lt_q20,43100
4265432,q_lt_q20,43450
4266500,q_lt_q20,
4267500,q_lt_q20,43050
4268000,q_lt_q20,42300
4268800,q_lt_q20,43050
4269000,q_lt_q20,41600
4270200,q_lt_q20,45150
4271500,q_lt_q20,41450
4271815,q_lt_q20,41850
4273500,q_lt_q20,41000
4273700,q_lt_q20,39850
4273800,q_lt_q20,39400
4275000,q_lt_q20,41400
4275500,q_lt_q20,41200
4276500,q_lt_q20,40250
4280000,q_lt_q20,42000
4280450,q_lt_q20,41800
4282000,q_lt_q20,41300
4282500,q_lt_q20,41750
4282525,q_lt_q20,42550
4282581,q_lt_q20,42350
4282650,q_lt_q20,40750
4282780,q_lt_q20,41700
4282795,q_lt_q20,41750
4285500,q_lt_q20,43150
4286000,q_lt_q20,42900
4287000,q_lt_q20,43050
4288000,q_lt_q20,44300
4288225,q_lt_q20,47900
4288230,q_lt_q20,45750
4288295,q_lt_q20,42650
4289000,q_lt_q20,45400
4290500,q_lt_q20,42650
4292000,q_lt_q20,42450
4292500,q_lt_q20,43350
4292750,q_lt_q20,43950
4292810,q_lt_q20,46900
4293000,q_lt_q20,43250
4293500,q_lt_q20,43400
4294000,q_lt_q20,44000
4294140,q_lt_q20,44650
4294300,q_lt_q20,43350
4296000,q_lt_q20,43050
4296280,q_lt_q20,42700
4296500,q_lt_q20,43250
5014500,q_lt_q20,45800
5017500,q_lt_q20,
5030500,q_lt_q20,41200
5046000,q_lt_q20,43150
5046475,q_lt_q20,44150
5050000,q_lt_q20,43250
5051300,q_lt_q20,44600
5051522,q_lt_q20,45100
5051600,q_lt_q20,42750
5052000,q_lt_q20,42450
5052500,q_lt_q20,43950
5053000,q_lt_q20,42750
5053500,q_lt_q20,44150
5054000,q_lt_q20,42950
5054500,q_lt_q20,42350
5055300,q_lt_q20,43600
5055400,q_lt_q20,43150
5056000,q_lt_q20,44900
5056060,q_lt_q20,43300
5056100,q_lt_q20,43000
5056200,q_lt_q20,43200
5056215,q_lt_q20,45100
5056239,q_lt_q20,44000
5056340,q_lt_q20,43450
5056678,q_lt_q20,43000
5056770,q_lt_q20,44000
5057000,q_lt_q20,43900
5057200,q_lt_q20,43300
5058000,q_lt_q20,43650
5058700,q_lt_q20,42100
5059000,q_lt_q20,43300
5059300,q_lt_q20,43950
5059480,q_lt_q20,42600
5059600,q_lt_q20,42200
5059700,q_lt_q20,42350
5059715,q_lt_q20,42100
5060000,q_lt_q20,43650
5060100,q_lt_q20,43550
5060400,q_lt_q20,43700
5060500,q_lt_q20,43000
5061000,q_lt_q20,42600
5061500,q_lt_q20,43050
5062000,q_lt_q20,43150
5062130,q_lt_q20,44750
5062500,q_lt_q20,41550
5063398,q_lt_q20,41900
5064000,q_lt_q20,43350
5064500,q_lt_q20,44550
5065500,q_lt_q20,42750
5066500,q_lt_q20,42150
5067500,q_lt_q20,44150
5069000,q_lt_q20,44550
5070000,q_lt_q20,43850
5074500,q_lt_q20,44350
5076000,q_lt_q20,43100
5078000,q_lt_q20,41950
5078230,q_lt_q20,42200
5078500,q_lt_q20,41400
5079000,q_lt_q20,42650
5080000,q_lt_q20,45500
5082500,q_lt_q20,42750
5082625,q_lt_q20,43400
5084000,q_lt_q20,43650
5085000,q_lt_q20,44600
5085450,q_lt_q20,43150
5087500,q_lt_q20,43900
5090000,q_lt_q20,43700
5092000,q_lt_q20,44900
5094000,q_lt_q20,41700
5099400,q_lt_q20,44800
5099600,q_lt_q20,43850
5100000,q_lt_q20,43550
5101000,q_lt_q20,43300
5104500,q_lt_q20,42400
5106000,q_lt_q20,44000
5107500,q_lt_q20,42700
5112000,q_lt_q20,41300
5113600,q_lt_q20,42300
5114000,q_lt_q20,42850
5116000,q_lt_q20,43350
5116500,q_lt_q20,42500
5117500,q_lt_q20,42700
5120000,q_lt_q20,42650
5120500,q_lt_q20,42650
5122000,q_lt_q20,43200
5123400,q_lt_q20,42250
5123510,q_lt_q20,42900
5124000,q_lt_q20,44450
5124480,q_lt_q20,47300
5125000,q_lt_q20,46000
5126210,q_lt_q20,45950
5127500,q_lt_q20,47750
5129115,q_lt_q20,43150
5129515,q_lt_q20,
5131500,q_lt_q20,42250
5132000,q_lt_q20,41850
5133500,q_lt_q20,43300
5200510,q_lt_q20,39550
5211000,q_lt_q20,40850
5212700,q_lt_q20,39600
5227500,q_lt_q20,39400
5227530,q_lt_q20,40000
5242300,q_lt_q20,40350
5243725,q_lt_q20,40050
5244000,q_lt_q20,39450
5245100,q_lt_q20,40800
5247500,q_lt_q20,40050
5267000,q_lt_q20,40800
5270500,q_lt_q20,40900
5270700,q_lt_q20,41500
5275000,q_lt_q20,41050
5280000,q_lt_q20,41000
5283500,q_lt_q20,
5286000,q_lt_q20,40300
5287890,q_lt_q20,41350
5288487,q_lt_q20,40100
5288490,q_lt_q20,40300
5288500,q_lt_q20,42550
5288580,q_lt_q20,41500
5288705,q_lt_q20,41050
5289800,q_lt_q20,40850
5290000,q_lt_q20,43800
5291000,q_lt_q20,43000
5292000,q_lt_q20,43500
5293000,q_lt_q20,43300
5294000,q_lt_q20,42800
5300000,q_lt_q20,43550
5301000,q_lt_q20,44150
5304500,q_lt_q20,42850
5305000,q_lt_q20,44000
5311000,q_lt_q20,43650
5311150,q_lt_q20,44850
5313500,q_lt_q20,44750
5315000,q_lt_q20,43750
5316500,q_lt_q20,44000
5316580,q_lt_q20,43950
5316770,q_lt_q20,43950
5317000,q_lt_q20,43200
5319500,q_lt_q20,43650
5320000,q_lt_q20,43900
5320500,q_lt_q20,44950
5325000,q_lt_q20,
5327000,q_lt_q20,43500
5330000,q_lt_q20,42600
5331000,q_lt_q20,42900
5331833,q_lt_q20,40300
5333500,q_lt_q20,40400
5336700,q_lt_q20,40100
5338500,q_lt_q20,39800
5340500,q_lt_q20,42600
5341550,q_lt_q20,
5342000,q_lt_q20,41400
5344490,q_lt_q20,
5344500,q_lt_q20,
5345000,q_lt_q20,41100
5353800,q_lt_q20,41950
5354500,q_lt_q20,42000
5355024,q_lt_q20,42200
5355092,q_lt_q20,42100
5355200,q_lt_q20,42800
5355250,q_lt_q20,42750
5356000,q_lt_q20,39900
5356500,q_lt_q20,39050
5357335,q_lt_q20,39200
5360500,q_lt_q20,38900
5362000,q_lt_q20,38950
5365500,q_lt_q20,40200
5366800,q_lt_q20,41800
5367500,q_lt_q20,40000
5368000,q_lt_q20,39300
5369000,q_lt_q20,41350
5369500,q_lt_q20,41050
5370000,q_lt_q20,41650
5372995,q_lt_q20,40950
5378500,q_lt_q20,
5379400,q_lt_q20,40500
5379500,q_lt_q20,41200
5381000,q_lt_q20,39500
5382000,q_lt_q20,40000
5382255,q_lt_q20,38500
5382257,q_lt_q20,38550
5382267,q_lt_q20,39500
5382284,q_lt_q20,38900
5382325,q_lt_q20,40000
5383075,q_lt_q20,40750
5383950,q_lt_q20,42200
5387440,q_lt_q20,41500
5387500,q_lt_q20,40800
5388250,q_lt_q20,42900
5389000,q_lt_q20,42550
5389400,q_lt_q20,42000
5391000,q_lt_q20,39050
5393500,q_lt_q20,39600
5394500,q_lt_q20,39750
5395000,q_lt_q20,39900
5396000,q_lt_q20,39950
5397500,q_lt_q20,38600
5398000,q_lt_q20,39750
5399500,q_lt_q20,40300
5400625,q_lt_q20,38400
5400760,q_lt_q20,40550
5401034,q_lt_q20,39250
5401050,q_lt_q20,38150
5401514,q_lt_q20,38000
5403000,q_lt_q20,40250
5403500,q_lt_q20,40750
5404000,q_lt_q20,39850
5405000,q_lt_q20,39850
5406457,q_lt_q20,40350
5406469,q_lt_q20,40500
5406479,q_lt_q20,40550
5406500,q_lt_q20,40700
5407000,q_lt_q20,41800
5407468,q_lt_q20,40750
5408000,q_lt_q20,40800
5410490,q_lt_q20,41200
5411600,q_lt_q20,40650
5411850,q_lt_q20,40250
5412020,q_lt_q20,41000
5412400,q_lt_q20,41250
5412500,q_lt_q20,40750
5414820,q_lt_q20,41750
5416900,q_lt_q20,39900
5418400,q_lt_q20,40450
5418500,q_lt_q20,40950
5419000,q_lt_q20,40800
5420500,q_lt_q20,41250
5420680,q_lt_q20,40850
5421000,q_lt_q20,40350
5421740,q_lt_q20,40800
5422000,q_lt_q20,41250
5423500,q_lt_q20,41900
5424057,q_lt_q20,41100
5425500,q_lt_q20,41750
5425912,q_lt_q20,40200
5426000,q_lt_q20,42100
5426067,q_lt_q20,41650
5426250,q_lt_q20,42700
5427085,q_lt_q20,41400
5427530,q_lt_q20,42350
5427718,q_lt_q20,40550
5427850,q_lt_q20,40650
5427880,q_lt_q20,40150
5427910,q_lt_q20,41150
5427927,q_lt_q20,40550
5427930,q_lt_q20,40600
5427943,q_lt_q20,40300
5427948,q_lt_q20,40300
5427965,q_lt_q20,41350
5428500,q_lt_q20,40300
5429369,q_lt_q20,40450
5429700,q_lt_q20,40800
5430150,q_lt_q20,40950
5430175,q_lt_q20,42250
5430500,q_lt_q20,41700
5431016,q_lt_q20,41350
5431486,q_lt_q20,41000
5432500,q_lt_q20,41750
5433000,q_lt_q20,40800
5434500,q_lt_q20,40550
5435500,q_lt_q20,41100
5435943,q_lt_q20,40450
5435950,q_lt_q20,40200
5436500,q_lt_q20,40500
5437050,q_lt_q20,41700
5437500,q_lt_q20,42300
5438170,q_lt_q20,39800
5438283,q_lt_q20,40550
5438500,q_lt_q20,40350
5439000,q_lt_q20,41550
5439500,q_lt_q20,40500
5440000,q_lt_q20,41050
5440700,q_lt_q20,40250
5442300,q_lt_q20,40700
5443500,q_lt_q20,41750
5444000,q_lt_q20,41750
5446500,q_lt_q20,41550
5447500,q_lt_q20,41000
5448000,q_lt_q20,40500
5449500,q_lt_q20,40800
5451210,q_lt_q20,40150
5451500,q_lt_q20,40100
5451700,q_lt_q20,40450
5451770,q_lt_q20,41550
5451900,q_lt_q20,40000
5452000,q_lt_q20,40100
5452200,q_lt_q20,40400
5453000,q_lt_q20,40150
5453100,q_lt_q20,41550
5453520,q_lt_q20,40500
5454000,q_lt_q20,40250
5454090,q_lt_q20,40400
5454220,q_lt_q20,40300
5454300,q_lt_q20,40150
5454500,q_lt_q20,40600
5455100,q_lt_q20,39650
5455500,q_lt_q20,40600
5455700,q_lt_q20,40200
5457000,q_lt_q20,41050
5457700,q_lt_q20,40300
5458000,q_lt_q20,40400
5458300,q_lt_q20,40150
5458500,q_lt_q20,39100
5458900,q_lt_q20,40950
5459500,q_lt_q20,41200
5462000,q_lt_q20,40200
5463000,q_lt_q20,40050
5463050,q_lt_q20,40850
5463500,q_lt_q20,40200
5464000,q_lt_q20,40500
5464220,q_lt_q20,40000
5464315,q_lt_q20,40600
5464420,q_lt_q20,41600
5464500,q_lt_q20,41100
5464695,q_lt_q20,40650
5464730,q_lt_q20,40900
5464780,q_lt_q20,40400
5465000,q_lt_q20,41400
5465500,q_lt_q20,40550
5465700,q_lt_q20,41550
5466500,q_lt_q20,41200
5467000,q_lt_q20,41100
5469000,q_lt_q20,41400
5470000,q_lt_q20,40650
5470500,q_lt_q20,40450
5471000,q_lt_q20,40050
5471050,q_lt_q20,40600
5471200,q_lt_q20,40700
5471500,q_lt_q20,40850
5472500,q_lt_q20,40200
5473400,q_lt_q20,40500
5473450,q_lt_q20,40600
5474000,q_lt_q20,40900
5476000,q_lt_q20,43200
5476590,q_lt_q20,41250
5476750,q_lt_q20,40600
5478265,q_lt_q20,43250
5479000,q_lt_q20,39800
5480500,q_lt_q20,40650
5480820,q_lt_q20,40450
5481000,q_lt_q20,40300
5481300,q_lt_q20,41100
5481650,q_lt_q20,41000
5481950,q_lt_q20,40800
5482000,q_lt_q20,41100
5482300,q_lt_q20,39800
5482500,q_lt_q20,40350
5483450,q_lt_q20,40150
5483600,q_lt_q20,40300
5484000,q_lt_q20,40400
5484500,q_lt_q20,40900
5484650,q_lt_q20,40400
5484800,q_lt_q20,40700
5484900,q_lt_q20,40850
5485500,q_lt_q20,41400
5485605,q_lt_q20,40050
5485640,q_lt_q20,40300
5486000,q_lt_q20,40050
5486490,q_lt_q20,41300
5487470,q_lt_q20,41350
5487520,q_lt_q20,40300
5487980,q_lt_q20,40750
5488110,q_lt_q20,
5488200,q_lt_q20,40650
5488500,q_lt_q20,
5489000,q_lt_q20,40100
5489500,q_lt_q20,41050
5490500,q_lt_q20,40800
5495000,q_lt_q20,41300
5495500,q_lt_q20,40950
5496000,q_lt_q20,40350
5497150,q_lt_q20,40950
5498150,q_lt_q20,41200
5498700,q_lt_q20,41050
5500000,q_lt_q20,41100
5501000,q_lt_q20,41050
5502000,q_lt_q20,41550
5502300,q_lt_q20,41600
5502500,q_lt_q20,41250
5503800,q_lt_q20,41550
5504800,q_lt_q20,41650
5506100,q_lt_q20,41600
5506350,q_lt_q20,40900
5506800,q_lt_q20,41300
5507600,q_lt_q20,41650
5507800,q_lt_q20,41900
5508000,q_lt_q20,40900
5508805,q_lt_q20,41200
5514500,q_lt_q20,41300
5514840,q_lt_q20,40750
5514860,q_lt_q20,41400
5515500,q_lt_q20,40050
5516500,q_lt_q20,41150
5516665,q_lt_q20,39000
5517000,q_lt_q20,39050
5517500,q_lt_q20,40200
5517530,q_lt_q20,40550
5518000,q_lt_q20,40150
5520500,q_lt_q20,40200
5522500,q_lt_q20,40100
5524500,q_lt_q20,40600
5525000,q_lt_q20,40100
5525500,q_lt_q20,40300
5526000,q_lt_q20,41250
5527500,q_lt_q20,
5527800,q_lt_q20,40900
5527950,q_lt_q20,40750
5528000,q_lt_q20,41300
5528100,q_lt_q20,41300
5528500,q_lt_q20,41350
5529000,q_lt_q20,41600
5529500,q_lt_q20,41000
5530000,q_lt_q20,41400
5530990,q_lt_q20,41350
5531045,q_lt_q20,41000
5531300,q_lt_q20,41300
5531500,q_lt_q20,41600
5532000,q_lt_q20,41950
5532500,q_lt_q20,41250
5533000,q_lt_q20,40950
5533400,q_lt_q20,40550
5533600,q_lt_q20,42500
5534500,q_lt_q20,40850
5535000,q_lt_q20,40850
5535070,q_lt_q20,40950
5535500,q_lt_q20,41850
5536000,q_lt_q20,42150
5536085,q_lt_q20,41250
5536162,q_lt_q20,40450
5536179,q_lt_q20,40700
5536190,q_lt_q20,40900
5536195,q_lt_q20,41250
5536215,q_lt_q20,41250
5536235,q_lt_q20,40950
5536255,q_lt_q20,40950
5536265,q_lt_q20,41900
5536275,q_lt_q20,40900
5536340,q_lt_q20,40950
5536500,q_lt_q20,41050
5537500,q_lt_q20,41250
5539000,q_lt_q20,41250
5539900,q_lt_q20,41000
5540060,q_lt_q20,40600
5540095,q_lt_q20,40900
5540130,q_lt_q20,40550
5540160,q_lt_q20,40700
5540195,q_lt_q20,41700
5540250,q_lt_q20,41550
5540275,q_lt_q20,41100
5540290,q_lt_q20,41250
5540500,q_lt_q20,41150
5541710,q_lt_q20,40550
5542000,q_lt_q20,40100
5543500,q_lt_q20,40550
5543830,q_lt_q20,41450
5544200,q_lt_q20,40650
5545750,q_lt_q20,42300
5548105,q_lt_q20,41350
5548280,q_lt_q20,41250
5550001,q_lt_q20,40950
5550300,q_lt_q20,40800
5550500,q_lt_q20,41650
5551000,q_lt_q20,41650
5551200,q_lt_q20,40700
5551330,q_lt_q20,40700
5551540,q_lt_q20,41150
5551545,q_lt_q20,41200
5551580,q_lt_q20,40700
5551675,q_lt_q20,40450
5551700,q_lt_q20,40650
5552500,q_lt_q20,40250
5554500,q_lt_q20,41550
5555300,q_lt_q20,40200
5556500,q_lt_q20,40150
5558300,q_lt_q20,41400
5560500,q_lt_q20,40450
5561500,q_lt_q20,40150
5567500,q_lt_q20,40300
5568000,q_lt_q20,40050
5568800,q_lt_q20,41650
5569500,q_lt_q20,40300
5570000,q_lt_q20,40200
5570910,q_lt_q20,41250
5572000,q_lt_q20,40450
5573540,q_lt_q20,41300
5576000,q_lt_q20,40250
5576250,q_lt_q20,41000
5576500,q_lt_q20,40150
5577500,q_lt_q20,40700
5578000,q_lt_q20,41100
5578100,q_lt_q20,40900
5578250,q_lt_q20,39950
5578500,q_lt_q20,40200
5579500,q_lt_q20,40750
5579725,q_lt_q20,40950
5580000,q_lt_q20,40350
5580950,q_lt_q20,41000
5582000,q_lt_q20,40500
5583000,q_lt_q20,40750
5584500,q_lt_q20,40800
5585000,q_lt_q20,40950
5586100,q_lt_q20,41900
5587000,q_lt_q20,40950
5587900,q_lt_q20,40050
5588000,q_lt_q20,39600
5590050,q_lt_q20,40500
5590520,q_lt_q20,39950
5590800,q_lt_q20,40150
5591200,q_lt_q20,39950
5591550,q_lt_q20,40250
5591700,q_lt_q20,39950
5592000,q_lt_q20,40250
5592050,q_lt_q20,40350
5592100,q_lt_q20,40950
5592500,q_lt_q20,40800
5592575,q_lt_q20,39500
5592800,q_lt_q20,40050
5592900,q_lt_q20,39650
5593000,q_lt_q20,40250
5593575,q_lt_q20,39400
5593900,q_lt_q20,40150
5593945,q_lt_q20,40100
5594000,q_lt_q20,39850
5594100,q_lt_q20,39950
5594450,q_lt_q20,40600
5594800,q_lt_q20,39500
5595000,q_lt_q20,40600
5595200,q_lt_q20,39650
5595730,q_lt_q20,39550
5595820,q_lt_q20,39000
5597000,q_lt_q20,39950
5597500,q_lt_q20,39000
5599490,q_lt_q20,40200
6006000,q_lt_q20,44300
6012500,q_lt_q20,44550
6016000,q_lt_q20,42150
6017000,q_lt_q20,41650
6018500,q_lt_q20,42150
6019500,q_lt_q20,42650
6020600,q_lt_q20,41200
6023000,q_lt_q20,42800
6023100,q_lt_q20,41750
6024450,q_lt_q20,42650
6024540,q_lt_q20,45300
6025250,q_lt_q20,43250
6025500,q_lt_q20,43750
6026210,q_lt_q20,42200
6026420,q_lt_q20,42100
6026500,q_lt_q20,42400
6027600,q_lt_q20,42000
6033000,q_lt_q20,40650
6035000,q_lt_q20,41100
6036650,q_lt_q20,42500
6036905,q_lt_q20,42350
6036940,q_lt_q20,42750
6037100,q_lt_q20,43950
6038800,q_lt_q20,44650
6040000,q_lt_q20,41750
6040800,q_lt_q20,42950
6041000,q_lt_q20,44000
6043120,q_lt_q20,44400
6043500,q_lt_q20,42450
6048650,q_lt_q20,43300
6050000,q_lt_q20,46500
6052500,q_lt_q20,41550
6054500,q_lt_q20,41750
6061500,q_lt_q20,42050
6062500,q_lt_q20,45000
6063000,q_lt_q20,41550
6065500,q_lt_q20,42650
6066500,q_lt_q20,42750
6071300,q_lt_q20,43350
6073500,q_lt_q20,41800
6074000,q_lt_q20,41700
6076690,q_lt_q20,42300
6077200,q_lt_q20,42700
6077500,q_lt_q20,42100
6078200,q_lt_q20,42600
6078500,q_lt_q20,43500
6079000,q_lt_q20,43100
6082200,q_lt_q20,42250
6085800,q_lt_q20,41200
6088500,q_lt_q20,40500
6089000,q_lt_q20,40050
6090300,q_lt_q20,41900
6090500,q_lt_q20,43450
6090800,q_lt_q20,
6092020,q_lt_q20,41800
6093200,q_lt_q20,40950
6098120,q_lt_q20,41700
6098800,q_lt_q20,41900
6099000,q_lt_q20,41200
6099500,q_lt_q20,40250
6101500,q_lt_q20,41400
6102050,q_lt_q20,41450
6102500,q_lt_q20,40900
6108800,q_lt_q20,41300
6109500,q_lt_q20,41500
6110020,q_lt_q20,41450
6111800,q_lt_q20,41700
6114700,q_lt_q20,42700
6115200,q_lt_q20,43550
6119600,q_lt_q20,41750
6120500,q_lt_q20,41350
6123030,q_lt_q20,41350
6125600,q_lt_q20,41000
6126500,q_lt_q20,41300
6127500,q_lt_q20,41050
6130000,q_lt_q20,42250
6130500,q_lt_q20,41850
6131200,q_lt_q20,41000
6133500,q_lt_q20,42400
6135000,q_lt_q20,41100
6137575,q_lt_q20,40600
6138580,q_lt_q20,40950
6139500,q_lt_q20,40750
6140500,q_lt_q20,41050
6142400,q_lt_q20,40300
6151500,q_lt_q20,41200
6154100,q_lt_q20,41150
6154400,q_lt_q20,40300
6155030,q_lt_q20,41500
6155500,q_lt_q20,40600
6164510,q_lt_q20,41900
6166000,q_lt_q20,41300
6167500,q_lt_q20,40750
6169500,q_lt_q20,41700
6172310,q_lt_q20,41600
6174500,q_lt_q20,41800
6177000,q_lt_q20,41600
6177500,q_lt_q20,40800
6178000,q_lt_q20,42550
6181000,q_lt_q20,41850
6183450,q_lt_q20,42200
6185110,q_lt_q20,42850
6185500,q_lt_q20,48050
6187915,q_lt_q20,44050
6188000,q_lt_q20,43300
6190540,q_lt_q20,43250
6191000,q_lt_q20,43450
6191500,q_lt_q20,43400
6192500,q_lt_q20,42850
6195600,q_lt_q20,42000
6197800,q_lt_q20,44250
6200000,q_lt_q20,41900
6204050,q_lt_q20,45800
6204070,q_lt_q20,45050
6205000,q_lt_q20,41750
6207500,q_lt_q20,42500
6209500,q_lt_q20,44100
6211000,q_lt_q20,41650
6211500,q_lt_q20,41650
6214500,q_lt_q20,
6218500,q_lt_q20,44050
6220800,q_lt_q20,43300
6221400,q_lt_q20,42600
6224000,q_lt_q20,43300
6227600,q_lt_q20,43200
6228000,q_lt_q20,39900
6235500,q_lt_q20,41150
6253000,q_lt_q20,39800
6274300,q_lt_q20,41650
6279500,q_lt_q20,41800
6279940,q_lt_q20,42000
6281000,q_lt_q20,42450
6285100,q_lt_q20,41850
6287000,q_lt_q20,41950
6288400,q_lt_q20,41800
6289000,q_lt_q20,42700
6294500,q_lt_q20,41900
6295000,q_lt_q20,41750
6295113,q_lt_q20,42500
6295220,q_lt_q20,41000
6306300,q_lt_q20,41450
6307500,q_lt_q20,42200
6307616,q_lt_q20,42150
6308500,q_lt_q20,41050
6309000,q_lt_q20,41700
6309200,q_lt_q20,44250
6317000,q_lt_q20,40950
6318500,q_lt_q20,42400
6324500,q_lt_q20,41200
6326500,q_lt_q20,41150
6327500,q_lt_q20,42150
6329500,q_lt_q20,41600
6331000,q_lt_q20,41750
6331680,q_lt_q20,41750
6332000,q_lt_q20,42300
6332515,q_lt_q20,41750
6332523,q_lt_q20,41200
6332770,q_lt_q20,41250
6334500,q_lt_q20,40300
6335500,q_lt_q20,40750
6335750,q_lt_q20,41100
6336000,q_lt_q20,42550
6336600,q_lt_q20,42150
6337000,q_lt_q20,42650
6337200,q_lt_q20,41050
6339100,q_lt_q20,40700
6339500,q_lt_q20,41350
6340000,q_lt_q20,41100
6340010,q_lt_q20,41700
6340500,q_lt_q20,41700
6342260,q_lt_q20,42650
6342450,q_lt_q20,41900
6342500,q_lt_q20,42050
6343000,q_lt_q20,40950
6344600,q_lt_q20,41200
6345500,q_lt_q20,41250
6345780,q_lt_q20,41600
6347000,q_lt_q20,41100
6347500,q_lt_q20,41250
6348300,q_lt_q20,42250
6348500,q_lt_q20,41550
6349000,q_lt_q20,42350
6349500,q_lt_q20,42250
6349600,q_lt_q20,41300
6350000,q_lt_q20,40400
6351200,q_lt_q20,40300
6352000,q_lt_q20,40250
6353000,q_lt_q20,40400
6354000,q_lt_q20,41500
6354480,q_lt_q20,41950
6354580,q_lt_q20,42450
6355500,q_lt_q20,39850
6356500,q_lt_q20,39800
6359500,q_lt_q20,39950
6360500,q_lt_q20,41200
6386500,q_lt_q20,40800
6395000,q_lt_q20,41100
6400000,q_lt_q20,40450
6400875,q_lt_q20,41350
6401500,q_lt_q20,
6402000,q_lt_q20,40900
6402430,q_lt_q20,41950
6402500,q_lt_q20,40800
6402600,q_lt_q20,40900
6403300,q_lt_q20,42900
6403700,q_lt_q20,40500
6404000,q_lt_q20,41450
6404998,q_lt_q20,42800
6406000,q_lt_q20,40400
6406500,q_lt_q20,41100
6407500,q_lt_q20,43100
6408650,q_lt_q20,40850
6408700,q_lt_q20,44100
6409000,q_lt_q20,42700
6410000,q_lt_q20,43450
6410500,q_lt_q20,43050
6411500,q_lt_q20,42250
6412500,q_lt_q20,42800
6412810,q_lt_q20,41400
6414000,q_lt_q20,40550
6418800,q_lt_q20,40650
6421500,q_lt_q20,40400
6422500,q_lt_q20,42100
6423500,q_lt_q20,41200
6425100,q_lt_q20,40400
6425500,q_lt_q20,40750
6426500,q_lt_q20,41050
6428500,q_lt_q20,40900
6429997,q_lt_q20,39950
6430500,q_lt_q20,40000
6430770,q_lt_q20,44550
6430850,q_lt_q20,43350
6431500,q_lt_q20,42600
6433000,q_lt_q20,40950
6434505,q_lt_q20,40900
6436000,q_lt_q20,40500
6436180,q_lt_q20,42450
6436190,q_lt_q20,40800
6436198,q_lt_q20,41300
6437000,q_lt_q20,40000
6437020,q_lt_q20,42900
6438000,q_lt_q20,42450
6438500,q_lt_q20,41200
6440200,q_lt_q20,40350
6441500,q_lt_q20,40900
6442130,q_lt_q20,40600
6442600,q_lt_q20,41000
6445685,q_lt_q20,42300
6446000,q_lt_q20,43600
6446500,q_lt_q20,40200
6446700,q_lt_q20,40350
6447000,q_lt_q20,41200
6447230,q_lt_q20,41850
6447450,q_lt_q20,40450
6447500,q_lt_q20,40850
6449000,q_lt_q20,39250
6449100,q_lt_q20,39950
6449500,q_lt_q20,40350
6450500,q_lt_q20,40000
6452000,q_lt_q20,41300
6452320,q_lt_q20,41750
6453600,q_lt_q20,41000
6461500,q_lt_q20,40550
6463500,q_lt_q20,40650
6463720,q_lt_q20,40900
6464100,q_lt_q20,39000
6464500,q_lt_q20,39450
6465500,q_lt_q20,
6466400,q_lt_q20,41250
6466470,q_lt_q20,40450
6466500,q_lt_q20,40950
6468170,q_lt_q20,42600
6468250,q_lt_q20,43500
6469400,q_lt_q20,43000
6470000,q_lt_q20,42650
6470500,q_lt_q20,42450
6470800,q_lt_q20,42000
6470878,q_lt_q20,
6471000,q_lt_q20,43900
6471200,q_lt_q20,42550
6471500,q_lt_q20,42200
6471800,q_lt_q20,42000
6472000,q_lt_q20,42800
6473000,q_lt_q20,42150
6475000,q_lt_q20,42000
6476000,q_lt_q20,42000
6477000,q_lt_q20,42100
6477500,q_lt_q20,40150
6478000,q_lt_q20,40850
6478500,q_lt_q20,40600
6478513,q_lt_q20,40750
6478522,q_lt_q20,40650
6478600,q_lt_q20,41850
6478690,q_lt_q20,41950
6479010,q_lt_q20,41100
6479215,q_lt_q20,42550
6479438,q_lt_q20,42800
6479500,q_lt_q20,42750
6479525,q_lt_q20,42700
6479770,q_lt_q20,42550
6480000,q_lt_q20,42650
6480650,q_lt_q20,42650
6481000,q_lt_q20,43150
6481480,q_lt_q20,42650
6481500,q_lt_q20,42000
6482000,q_lt_q20,42200
6482020,q_lt_q20,41550
6482610,q_lt_q20,42400
6483290,q_lt_q20,41700
6483500,q_lt_q20,41100
6483950,q_lt_q20,41550
6485500,q_lt_q20,41550
6485910,q_lt_q20,41400
6485950,q_lt_q20,41400
6486000,q_lt_q20,40900
6600100,q_lt_q20,41350
6600500,q_lt_q20,40800
6600900,q_lt_q20,40150
6601000,q_lt_q20,40100
6601200,q_lt_q20,
6602400,q_lt_q20,41400
6605000,q_lt_q20,40850
6605850,q_lt_q20,41400
6606600,q_lt_q20,41100
6607200,q_lt_q20,41850
6607500,q_lt_q20,41150
6608500,q_lt_q20,41150
6609500,q_lt_q20,40800
6610000,q_lt_q20,41550
6610720,q_lt_q20,40700
6610732,q_lt_q20,40800
6610750,q_lt_q20,40500
6610765,q_lt_q20,41500
6610770,q_lt_q20,40900
6610785,q_lt_q20,41500
6610788,q_lt_q20,40500
6610793,q_lt_q20,41600
6614800,q_lt_q20,43350
6620000,q_lt_q20,42650
6622700,q_lt_q20,43000
6623800,q_lt_q20,40700
6625000,q_lt_q20,40400
6630000,q_lt_q20,40850
6632400,q_lt_q20,43600
6634060,q_lt_q20,40250
6634620,q_lt_q20,41500
6635000,q_lt_q20,40850
6638090,q_lt_q20,40650
6646000,q_lt_q20,42450
6652000,q_lt_q20,41600
6657000,q_lt_q20,42200
6660000,q_lt_q20,42300
6696980,q_lt_q20,43450
6700000,q_lt_q20,41250
6701900,q_lt_q20,38800
6708600,q_lt_q20,41050
6708690,q_lt_q20,41100
6708800,q_lt_q20,40250
6709000,q_lt_q20,41100
6709530,q_lt_q20,39850
6709740,q_lt_q20,39950
6709910,q_lt_q20,40250
6710150,q_lt_q20,40100
6710247,q_lt_q20,40900
6710385,q_lt_q20,40950
6710605,q_lt_q20,40200
6711515,q_lt_q20,40500
6711555,q_lt_q20,40250
6711565,q_lt_q20,40600
6711570,q_lt_q20,40300
6711575,q_lt_q20,39950
6711618,q_lt_q20,39900
6711770,q_lt_q20,40300
6711780,q_lt_q20,39900
6712000,q_lt_q20,41000
6713500,q_lt_q20,40600
6714215,q_lt_q20,40600
6714360,q_lt_q20,40450
6714400,q_lt_q20,44200
6714500,q_lt_q20,43750
6714800,q_lt_q20,42650
6715000,q_lt_q20,42400
6716100,q_lt_q20,42600
6716500,q_lt_q20,42350
6718550,q_lt_q20,41900
6719505,q_lt_q20,41650
6719560,q_lt_q20,40000
6719840,q_lt_q20,40350
6720460,q_lt_q20,39600
6720820,q_lt_q20,40300
6720990,q_lt_q20,40050
6721000,q_lt_q20,41000
6724970,q_lt_q20,40300
6727410,q_lt_q20,41050
6727500,q_lt_q20,41800
6730160,q_lt_q20,40800
6730200,q_lt_q20,40100
6730500,q_lt_q20,40050
6730525,q_lt_q20,41050
6741510,q_lt_q20,40750
6746110,q_lt_q20,42900
6751150,q_lt_q20,41000
6751490,q_lt_q20,40100
6752260,q_lt_q20,40300
6752280,q_lt_q20,40400
6759500,q_lt_q20,43100
6762500,q_lt_q20,41000
6764880,q_lt_q20,39800
6768000,q_lt_q20,44600
6768020,q_lt_q20,39950
6768025,q_lt_q20,39600
6768035,q_lt_q20,40000
6769000,q_lt_q20,39900
6769525,q_lt_q20,40100
6770200,q_lt_q20,40100
6770500,q_lt_q20,39700
6772100,q_lt_q20,39950
6772775,q_lt_q20,40250
6772898,q_lt_q20,39700
6773500,q_lt_q20,39900
6774000,q_lt_q20,
6775500,q_lt_q20,38600
6775900,q_lt_q20,40200
6777495,q_lt_q20,40250
6781600,q_lt_q20,39650
6781900,q_lt_q20,39850
6784000,q_lt_q20,40300
6785000,q_lt_q20,40350
6785500,q_lt_q20,38900
6786000,q_lt_q20,40450
6790500,q_lt_q20,40500
6792500,q_lt_q20,40800
6793000,q_lt_q20,40200
6794000,q_lt_q20,40350
6794650,q_lt_q20,39800
6795500,q_lt_q20,40600
6796000,q_lt_q20,
6796500,q_lt_q20,41200
6797500,q_lt_q20,38100
6799000,q_lt_q20,40700
6799100,q_lt_q20,40100
6799315,q_lt_q20,40500
6799350,q_lt_q20,41200
6799445,q_lt_q20,41000
6799500,q_lt_q20,41100
6800000,q_lt_q20,41150
6800500,q_lt_q20,40300
6803000,q_lt_q20,40600
6803080,q_lt_q20,41300
6803093,q_lt_q20,40800
6803170,q_lt_q20,40200
6803300,q_lt_q20,40400
6803420,q_lt_q20,41100
6803430,q_lt_q20,40700
6803486,q_lt_q20,40650
6803495,q_lt_q20,41550
6803500,q_lt_q20,41000
6803502,q_lt_q20,40550
6803510,q_lt_q20,41100
6803513,q_lt_q20,41150
6803520,q_lt_q20,40600
6803530,q_lt_q20,40250
6803555,q_lt_q20,41150
6804000,q_lt_q20,41150
6804700,q_lt_q20,41100
6805500,q_lt_q20,
6806500,q_lt_q20,41600
6807000,q_lt_q20,
6807410,q_lt_q20,40850
6808500,q_lt_q20,42000
6809210,q_lt_q20,41150
6809500,q_lt_q20,40650
6810000,q_lt_q20,41450
6811500,q_lt_q20,42050
6813000,q_lt_q20,42150
6813500,q_lt_q20,
6814000,q_lt_q20,40700
6814500,q_lt_q20,41500
6815000,q_lt_q20,41850
6817000,q_lt_q20,41600
6817700,q_lt_q20,41250
6818000,q_lt_q20,41300
6819185,q_lt_q20,40300
6819500,q_lt_q20,40900
6820410,q_lt_q20,42100
6820500,q_lt_q20,41250
6821080,q_lt_q20,41150
6821150,q_lt_q20,41550
6821190,q_lt_q20,41800
6821250,q_lt_q20,
6821500,q_lt_q20,40100
6823000,q_lt_q20,39500
6823500,q_lt_q20,39900
6824000,q_lt_q20,39200
6824500,q_lt_q20,39650
6827000,q_lt_q20,39900
6827500,q_lt_q20,40100
6828500,q_lt_q20,40150
6834000,q_lt_q20,40050
6835500,q_lt_q20,39900
6836500,q_lt_q20,40600
6837000,q_lt_q20,40250
6838000,q_lt_q20,40350
6843500,q_lt_q20,40350
6844500,q_lt_q20,40950
6845110,q_lt_q20,40100
6847000,q_lt_q20,39950
6847500,q_lt_q20,40200
6847900,q_lt_q20,40550
6848500,q_lt_q20,39850
6852500,q_lt_q20,40350
6853020,q_lt_q20,39750
6853500,q_lt_q20,40300
6853800,q_lt_q20,40200
6854500,q_lt_q20,39650
6855850,q_lt_q20,40050
6856000,q_lt_q20,39600
6856600,q_lt_q20,40200
6857100,q_lt_q20,40500
6860000,q_lt_q20,40500
6861000,q_lt_q20,40750
6862700,q_lt_q20,39600
6862850,q_lt_q20,40050
6863000,q_lt_q20,39800
6863420,q_lt_q20,41050
6863500,q_lt_q20,38800
6864000,q_lt_q20,39200
6864500,q_lt_q20,38400
6865500,q_lt_q20,38550
6866500,q_lt_q20,38100
6866900,q_lt_q20,40750
6867000,q_lt_q20,39350
6868200,q_lt_q20,39200
6868850,q_lt_q20,39300
6869500,q_lt_q20,38500
6869950,q_lt_q20,39500
6870300,q_lt_q20,37700
6871000,q_lt_q20,39250
6871500,q_lt_q20,39200
6872500,q_lt_q20,39950
6873000,q_lt_q20,39400
6873460,q_lt_q20,39400
6874000,q_lt_q20,38800
6875900,q_lt_q20,39200
6876700,q_lt_q20,38900
6876900,q_lt_q20,39300
6877600,q_lt_q20,41050
6878000,q_lt_q20,40300
6879100,q_lt_q20,40200
6879650,q_lt_q20,41650
6879810,q_lt_q20,41050
6880800,q_lt_q20,40550
6881000,q_lt_q20,40350
6881380,q_lt_q20,40450
6882000,q_lt_q20,40500
6882510,q_lt_q20,40200
6883000,q_lt_q20,39500
6883530,q_lt_q20,39900
6884000,q_lt_q20,40450
6884025,q_lt_q20,40250
6884200,q_lt_q20,39800
6884400,q_lt_q20,40550
6885500,q_lt_q20,40150
6887000,q_lt_q20,40750
6887500,q_lt_q20,
6888000,q_lt_q20,40200
6888350,q_lt_q20,40150
6888500,q_lt_q20,40800
6888990,q_lt_q20,40050
6889000,q_lt_q20,39600
6889110,q_lt_q20,39800
6889200,q_lt_q20,40450
6889500,q_lt_q20,40000
6889630,q_lt_q20,40350
6890100,q_lt_q20,40400
6890900,q_lt_q20,39900
6891000,q_lt_q20,40450
6891080,q_lt_q20,39750
6891260,q_lt_q20,40300
6891500,q_lt_q20,40000
6891850,q_lt_q20,40900
6892000,q_lt_q20,41150
6892350,q_lt_q20,40350
6892360,q_lt_q20,40800
6892495,q_lt_q20,40950
6892513,q_lt_q20,41000
6892518,q_lt_q20,40700
6893000,q_lt_q20,40550
6893080,q_lt_q20,42100
6893100,q_lt_q20,41600
6893150,q_lt_q20,41500
6893300,q_lt_q20,40800
6893350,q_lt_q20,40800
6893390,q_lt_q20,41200
6893500,q_lt_q20,41800
6893557,q_lt_q20,41150
6893578,q_lt_q20,40850
6893820,q_lt_q20,41100
6893830,q_lt_q20,41400
6893970,q_lt_q20,41300
6894000,q_lt_q20,41450
6894200,q_lt_q20,41800
6894650,q_lt_q20,
6895000,q_lt_q20,41750
6895500,q_lt_q20,
6896000,q_lt_q20,41450
6896400,q_lt_q20,41450
6896900,q_lt_q20,41600
6897000,q_lt_q20,41050
6897500,q_lt_q20,41300
6898000,q_lt_q20,40700
6899500,q_lt_q20,41300
6899700,q_lt_q20,42300
6899900,q_lt_q20,40700
6900050,q_lt_q20,41750
6900800,q_lt_q20,43200
6901205,q_lt_q20,41300
6901500,q_lt_q20,41750
6902000,q_lt_q20,41900
6903400,q_lt_q20,40200
6903700,q_lt_q20,40450
6904010,q_lt_q20,40500
6904500,q_lt_q20,41200
6904650,q_lt_q20,40650
6905500,q_lt_q20,41950
6906000,q_lt_q20,41500
6906150,q_lt_q20,41350
6906200,q_lt_q20,41500
6906500,q_lt_q20,41350
6906800,q_lt_q20,41450
6907700,q_lt_q20,41450
6908000,q_lt_q20,42550
6909000,q_lt_q20,40550
6909500,q_lt_q20,41450
6909950,q_lt_q20,42000
6910230,q_lt_q20,41150
6910450,q_lt_q20,
6910750,q_lt_q20,40900
6910800,q_lt_q20,40100
6911000,q_lt_q20,40350
6911490,q_lt_q20,40550
6911900,q_lt_q20,40300
6912500,q_lt_q20,39650
6913000,q_lt_q20,41000
6913500,q_lt_q20,40350
6914950,q_lt_q20,41250
6914990,q_lt_q20,41400
6915000,q_lt_q20,41050
6915800,q_lt_q20,40700
6916600,q_lt_q20,41600
6917000,q_lt_q20,40900
6917060,q_lt_q20,41600
6917240,q_lt_q20,41500
6917500,q_lt_q20,40550
6917560,q_lt_q20,41400
6917630,q_lt_q20,41900
6918060,q_lt_q20,41800
6918250,q_lt_q20,42200
6918493,q_lt_q20,41600
6918740,q_lt_q20,41850
6920520,q_lt_q20,42300
6921070,q_lt_q20,42250
6921200,q_lt_q20,41800
6921350,q_lt_q20,42300
6921590,q_lt_q20,41450
6921600,q_lt_q20,41600
6921720,q_lt_q20,41950
6923250,q_lt_q20,41350
6923500,q_lt_q20,41350
6923940,q_lt_q20,41350
6923950,q_lt_q20,
6925250,q_lt_q20,41700
6926000,q_lt_q20,41400
6926080,q_lt_q20,42350
6926290,q_lt_q20,41500
6926510,q_lt_q20,41800
6927000,q_lt_q20,40950
6927240,q_lt_q20,41500
6928000,q_lt_q20,41100
6928300,q_lt_q20,40300
6928420,q_lt_q20,41850
6930000,q_lt_q20,40700
6930060,q_lt_q20,41250
6932000,q_lt_q20,41200
6933500,q_lt_q20,41600
6934000,q_lt_q20,40950
6934500,q_lt_q20,
6935450,q_lt_q20,
6935550,q_lt_q20,41200
6935755,q_lt_q20,40650
6935770,q_lt_q20,40650
6935830,q_lt_q20,40800
6935850,q_lt_q20,41250
6935890,q_lt_q20,41300
6935955,q_lt_q20,41100
6935965,q_lt_q20,40100
6935980,q_lt_q20,41000
6935997,q_lt_q20,40700
6936475,q_lt_q20,40400
6936530,q_lt_q20,40750
7001910,q_lt_q20,40600
7005000,q_lt_q20,40700
7010000,q_lt_q20,
7010022,q_lt_q20,40450
7010030,q_lt_q20,40700
7010035,q_lt_q20,40650
7010038,q_lt_q20,41000
7010040,q_lt_q20,41350
7010055,q_lt_q20,40800
7010061,q_lt_q20,41650
7010070,q_lt_q20,41250
7010075,q_lt_q20,41400
7010082,q_lt_q20,40600
7010086,q_lt_q20,40700
7010088,q_lt_q20,40650
7010090,q_lt_q20,41550
7010094,q_lt_q20,41650
7010097,q_lt_q20,41200
7010180,q_lt_q20,40800
7010208,q_lt_q20,40300
7010350,q_lt_q20,40300
7013000,q_lt_q20,40900
7014000,q_lt_q20,41300
7014500,q_lt_q20,41550
7015720,q_lt_q20,40500
7016500,q_lt_q20,40750
7017020,q_lt_q20,41250
7017200,q_lt_q20,40600
7017260,q_lt_q20,40750
7017610,q_lt_q20,41300
7018100,q_lt_q20,41500
7018500,q_lt_q20,41100
7019000,q_lt_q20,41200
7019072,q_lt_q20,41550
7019090,q_lt_q20,40800
7019120,q_lt_q20,41550
7019150,q_lt_q20,41250
7019175,q_lt_q20,41200
7019185,q_lt_q20,41350
7019195,q_lt_q20,40650
7019220,q_lt_q20,41550
7019317,q_lt_q20,41250
7019500,q_lt_q20,40550
7020500,q_lt_q20,41700
7020550,q_lt_q20,39750
7021000,q_lt_q20,39450
7022000,q_lt_q20,41550
7024000,q_lt_q20,39800
7024175,q_lt_q20,39850
7024500,q_lt_q20,39450
7025400,q_lt_q20,39500
7026040,q_lt_q20,40800
7027720,q_lt_q20,39650
7028960,q_lt_q20,39800
7029500,q_lt_q20,38900
7030050,q_lt_q20,40600
7030240,q_lt_q20,40450
7030392,q_lt_q20,38900
7030500,q_lt_q20,40450
7031650,q_lt_q20,39150
7031692,q_lt_q20,38700
7032000,q_lt_q20,
7032200,q_lt_q20,39550
7035000,q_lt_q20,40100
7035800,q_lt_q20,40500
7036100,q_lt_q20,41050
7037300,q_lt_q20,41100
7037500,q_lt_q20,41100
7039500,q_lt_q20,39500
7043500,q_lt_q20,40300
7047942,q_lt_q20,39950
7047950,q_lt_q20,41850
7047980,q_lt_q20,40700
7048550,q_lt_q20,41450
7048600,q_lt_q20,41500
7048780,q_lt_q20,41500
7049000,q_lt_q20,40700
7050152,q_lt_q20,42100
7050500,q_lt_q20,41350
7050690,q_lt_q20,40900
7050700,q_lt_q20,41400
7052000,q_lt_q20,41550
7052100,q_lt_q20,41500
7052120,q_lt_q20,40850
7052152,q_lt_q20,41300
7052250,q_lt_q20,41700
7052345,q_lt_q20,41300
7052500,q_lt_q20,41800
7052820,q_lt_q20,41100
7053250,q_lt_q20,41600
7053810,q_lt_q20,40950
7054080,q_lt_q20,40800
7055607,q_lt_q20,41500
7055646,q_lt_q20,41600
7055660,q_lt_q20,41600
7055680,q_lt_q20,41100
7055875,q_lt_q20,40950
7056000,q_lt_q20,41700
7056515,q_lt_q20,41500
7056700,q_lt_q20,42050
7057370,q_lt_q20,
7057500,q_lt_q20,39700
7058000,q_lt_q20,39900
7060500,q_lt_q20,41200
7060710,q_lt_q20,41550
7061000,q_lt_q20,40550
7061270,q_lt_q20,40900
7061290,q_lt_q20,40450
7061500,q_lt_q20,41300
7061600,q_lt_q20,40950
7061900,q_lt_q20,39700
7062500,q_lt_q20,40800
7063000,q_lt_q20,39450
7064000,q_lt_q20,40800
7064026,q_lt_q20,41150
7064440,q_lt_q20,39950
7064533,q_lt_q20,40800
7065200,q_lt_q20,39950
7065495,q_lt_q20,40050
7066000,q_lt_q20,40450
7067000,q_lt_q20,40550
7067500,q_lt_q20,40850
7068000,q_lt_q20,39750
7068510,q_lt_q20,39500
7069000,q_lt_q20,40000
7069190,q_lt_q20,40550
7069295,q_lt_q20,40300
7069305,q_lt_q20,42450
7069500,q_lt_q20,40500
7071000,q_lt_q20,41100
7071500,q_lt_q20,40000
7072000,q_lt_q20,40800
7072500,q_lt_q20,40150
7074420,q_lt_q20,40400
7074500,q_lt_q20,41050
7074670,q_lt_q20,38800
7074850,q_lt_q20,
7075000,q_lt_q20,40750
7075270,q_lt_q20,41150
7075300,q_lt_q20,40400
7076517,q_lt_q20,39750
7076750,q_lt_q20,40150
7077000,q_lt_q20,41400
7077380,q_lt_q20,40400
7077500,q_lt_q20,40450
7077555,q_lt_q20,40350
7077700,q_lt_q20,39900
7079300,q_lt_q20,41550
7081200,q_lt_q20,41150
7083000,q_lt_q20,42050
7083200,q_lt_q20,42000
7083710,q_lt_q20,43850
7087050,q_lt_q20,42550
7091200,q_lt_q20,40650
7094500,q_lt_q20,39400
7096250,q_lt_q20,41300
7099050,q_lt_q20,40450
7099060,q_lt_q20,39950
7099970,q_lt_q20,39300
7099973,q_lt_q20,40000
7103700,q_lt_q20,40350
7103703,q_lt_q20,40500
7103780,q_lt_q20,40650
7103797,q_lt_q20,43100
7103800,q_lt_q20,40650
7103970,q_lt_q20,40200
7103980,q_lt_q20,40700
7103987,q_lt_q20,40350
7103990,q_lt_q20,40300
7104000,q_lt_q20,40150
7104905,q_lt_q20,40150
7105000,q_lt_q20,41000
7105490,q_lt_q20,41200
7105500,q_lt_q20,40000
7105530,q_lt_q20,40550
7105600,q_lt_q20,39850
7105800,q_lt_q20,40850
7105815,q_lt_q20,40450
7105820,q_lt_q20,40150
7105900,q_lt_q20,39700
7105940,q_lt_q20,39850
7106000,q_lt_q20,39850
7106300,q_lt_q20,39050
7108900,q_lt_q20,39550
7109500,q_lt_q20,39500
7116500,q_lt_q20,39300
7119500,q_lt_q20,39450
7121500,q_lt_q20,39400
7124000,q_lt_q20,39750
7124200,q_lt_q20,39950
7124410,q_lt_q20,40150
7126200,q_lt_q20,39250
7126300,q_lt_q20,40550
7126485,q_lt_q20,40050
7128500,q_lt_q20,39500
7130500,q_lt_q20,39750
7133000,q_lt_q20,40400
7134180,q_lt_q20,40100
7134990,q_lt_q20,39950
7137000,q_lt_q20,39900
7137010,q_lt_q20,39900
7137500,q_lt_q20,39900
7138000,q_lt_q20,39900
7138020,q_lt_q20,39400
7138050,q_lt_q20,39850
7138063,q_lt_q20,39250
7138075,q_lt_q20,39100
7139000,q_lt_q20,39050
7140880,q_lt_q20,40900
7140890,q_lt_q20,40850
7140900,q_lt_q20,39250
7141200,q_lt_q20,38750
7141300,q_lt_q20,37950
7141780,q_lt_q20,38900
7141900,q_lt_q20,37900
7142019,q_lt_q20,37800
7142300,q_lt_q20,36550
7142575,q_lt_q20,37450
7142680,q_lt_q20,35850
7143300,q_lt_q20,38100
7143330,q_lt_q20,37250
7143375,q_lt_q20,38700
7143665,q_lt_q20,37800
7143672,q_lt_q20,37600
7144050,q_lt_q20,37500
7144100,q_lt_q20,37200
7144200,q_lt_q20,38050
7144300,q_lt_q20,37700
7144480,q_lt_q20,38000
7144486,q_lt_q20,38150
7144490,q_lt_q20,37950
7144550,q_lt_q20,39050
7144570,q_lt_q20,38500
7144780,q_lt_q20,37250
7144910,q_lt_q20,37600
7145200,q_lt_q20,37250
7145500,q_lt_q20,38400
7145600,q_lt_q20,38650
7145700,q_lt_q20,37850
7146500,q_lt_q20,38900
7146800,q_lt_q20,38950
7147070,q_lt_q20,38100
7147800,q_lt_q20,38650
7148111,q_lt_q20,39550
7148400,q_lt_q20,36950
7149000,q_lt_q20,37200
7151000,q_lt_q20,36850
7151500,q_lt_q20,37300
7152000,q_lt_q20,37950
7152500,q_lt_q20,38950
7153000,q_lt_q20,38800
7156900,q_lt_q20,38950
7157500,q_lt_q20,38600
7157740,q_lt_q20,38650
7157940,q_lt_q20,38350
7157950,q_lt_q20,38200
7158000,q_lt_q20,37400
7159100,q_lt_q20,37900
7160000,q_lt_q20,37600
7160300,q_lt_q20,37850
7160350,q_lt_q20,38050
7160500,q_lt_q20,37550
7161450,q_lt_q20,39250
7164500,q_lt_q20,39500
7164600,q_lt_q20,38250
7165562,q_lt_q20,38600
7165565,q_lt_q20,38000
7165570,q_lt_q20,39400
7165750,q_lt_q20,39050
7166500,q_lt_q20,40050
7167500,q_lt_q20,40700
7169500,q_lt_q20,39200
7169800,q_lt_q20,40600
7170500,q_lt_q20,39750
7170990,q_lt_q20,40050
7171000,q_lt_q20,39950
7172000,q_lt_q20,38750
7174400,q_lt_q20,40000
7175500,q_lt_q20,39750
7176000,q_lt_q20,39150
7176500,q_lt_q20,39050
7177500,q_lt_q20,39450
7177650,q_lt_q20,39100
7177800,q_lt_q20,38850
7178000,q_lt_q20,39350
7178200,q_lt_q20,38550
7179300,q_lt_q20,40400
7179500,q_lt_q20,40550
7179700,q_lt_q20,39850
7179730,q_lt_q20,40300
7179750,q_lt_q20,39700
7179785,q_lt_q20,40250
7179795,q_lt_q20,39950
7180400,q_lt_q20,40300
7180500,q_lt_q20,40000
7182000,q_lt_q20,40750
7182200,q_lt_q20,40250
7182250,q_lt_q20,39850
7182260,q_lt_q20,40000
7182390,q_lt_q20,40000
7182510,q_lt_q20,39200
7183000,q_lt_q20,39550
7183500,q_lt_q20,39850
7184000,q_lt_q20,40200
7184500,q_lt_q20,39700
7185000,q_lt_q20,41400
7185030,q_lt_q20,40800
7185090,q_lt_q20,40350
7185095,q_lt_q20,40150
7185700,q_lt_q20,41200
7185765,q_lt_q20,42000
7185910,q_lt_q20,42450
7186000,q_lt_q20,41750
7187000,q_lt_q20,41550
7187600,q_lt_q20,41500
7188000,q_lt_q20,40950
7188005,q_lt_q20,41650
7188653,q_lt_q20,41800
7188838,q_lt_q20,42000
7188885,q_lt_q20,41250
7189000,q_lt_q20,42000
7189100,q_lt_q20,42100
7189540,q_lt_q20,41700
7189542,q_lt_q20,41400
7189700,q_lt_q20,40500
7189710,q_lt_q20,40750
7190500,q_lt_q20,40450
7191000,q_lt_q20,39850
7191160,q_lt_q20,41650
7191179,q_lt_q20,41150
7191220,q_lt_q20,41000
7191222,q_lt_q20,40800
7191265,q_lt_q20,41000
7191288,q_lt_q20,40100
7191500,q_lt_q20,40450
7194500,q_lt_q20,39500
7194800,q_lt_q20,41200
7194880,q_lt_q20,41300
7195000,q_lt_q20,41200
7195400,q_lt_q20,41200
7195430,q_lt_q20,41600
7195500,q_lt_q20,40650
7195800,q_lt_q20,40850
7195855,q_lt_q20,41350
7195865,q_lt_q20,41500
7196000,q_lt_q20,40800
7196090,q_lt_q20,40100
7196500,q_lt_q20,40550
7196900,q_lt_q20,40700
7197000,q_lt_q20,40750
7197360,q_lt_q20,40800
7202500,q_lt_q20,39750
7203000,q_lt_q20,39850
7206000,q_lt_q20,43300
7207000,q_lt_q20,41250
7207500,q_lt_q20,40700
7208500,q_lt_q20,40150
7211500,q_lt_q20,39850
7214470,q_lt_q20,42700
7214670,q_lt_q20,42000
7214680,q_lt_q20,41800
7215500,q_lt_q20,40100
7216500,q_lt_q20,39800
7218000,q_lt_q20,40250
7221500,q_lt_q20,39500
7226500,q_lt_q20,38400
7227000,q_lt_q20,38150
7227100,q_lt_q20,38100
7227500,q_lt_q20,39050
7228000,q_lt_q20,38350
7228940,q_lt_q20,38200
7229050,q_lt_q20,37950
7229200,q_lt_q20,37100
7230000,q_lt_q20,39600
7230500,q_lt_q20,38550
7231000,q_lt_q20,38800
7231500,q_lt_q20,39200
7234000,q_lt_q20,37950
7235600,q_lt_q20,37750
7237500,q_lt_q20,37200
7238000,q_lt_q20,37250
7239300,q_lt_q20,37200
7239450,q_lt_q20,36850
7239500,q_lt_q20,37250
7239700,q_lt_q20,38850
7240000,q_lt_q20,38250
7241000,q_lt_q20,37950
7241520,q_lt_q20,38000
7241550,q_lt_q20,38250
7241780,q_lt_q20,38550
7241800,q_lt_q20,38500
7242000,q_lt_q20,37950
7242380,q_lt_q20,38400
7243500,q_lt_q20,39500
7247000,q_lt_q20,40450
7247015,q_lt_q20,40100
7247250,q_lt_q20,39650
7247500,q_lt_q20,39200
7249400,q_lt_q20,40050
7249413,q_lt_q20,40850
7249455,q_lt_q20,
7249800,q_lt_q20,40350
7249920,q_lt_q20,40850
7249985,q_lt_q20,41100
7250085,q_lt_q20,41000
7250935,q_lt_q20,40800
7250965,q_lt_q20,41650
7250974,q_lt_q20,41250
7252000,q_lt_q20,40800
7257006,q_lt_q20,40700
7257500,q_lt_q20,40350
7258500,q_lt_q20,40550
7259950,q_lt_q20,41000
7260500,q_lt_q20,40400
7261000,q_lt_q20,40550
7261090,q_lt_q20,39650
7261500,q_lt_q20,40650
7263012,q_lt_q20,39650
7263295,q_lt_q20,39850
7263296,q_lt_q20,39650
7263300,q_lt_q20,39650
7263555,q_lt_q20,39450
7263580,q_lt_q20,39400
7263605,q_lt_q20,39850
7264000,q_lt_q20,39200
7268000,q_lt_q20,39000
7274000,q_lt_q20,37550
7281600,q_lt_q20,37900
7283000,q_lt_q20,38900
7285500,q_lt_q20,37950
7288048,q_lt_q20,39100
7288068,q_lt_q20,39650
7288280,q_lt_q20,39100
7288500,q_lt_q20,38900
7288521,q_lt_q20,37400
7288650,q_lt_q20,38150
7288800,q_lt_q20,38400
7289000,q_lt_q20,
7289350,q_lt_q20,37900
7289730,q_lt_q20,39000
7290000,q_lt_q20,38150
7290650,q_lt_q20,37700
7291000,q_lt_q20,36900
7292500,q_lt_q20,37300
7295000,q_lt_q20,36600
7299540,q_lt_q20,37350
7300000,q_lt_q20,37700
7300500,q_lt_q20,36700
7301110,q_lt_q20,35600
7301300,q_lt_q20,38900
7301420,q_lt_q20,37650
7301500,q_lt_q20,36750
7303400,q_lt_q20,38400
7305000,q_lt_q20,35800
7307028,q_lt_q20,34750
7308200,q_lt_q20,35550
7308500,q_lt_q20,35700
7311000,q_lt_q20,36400
7311500,q_lt_q20,35500
7311700,q_lt_q20,36650
7311900,q_lt_q20,37200
7312100,q_lt_q20,38550
7312200,q_lt_q20,35200
7312500,q_lt_q20,35550
7315200,q_lt_q20,37200
7315700,q_lt_q20,36750
7316000,q_lt_q20,38600
7316500,q_lt_q20,37600
7324200,q_lt_q20,37750
7324400,q_lt_q20,37050
7325000,q_lt_q20,37050
7325800,q_lt_q20,37200
7325840,q_lt_q20,38100
7325850,q_lt_q20,37550
7325860,q_lt_q20,37700
7326000,q_lt_q20,37800
7326500,q_lt_q20,37200
7327442,q_lt_q20,37700
7327447,q_lt_q20,37650
7327550,q_lt_q20,38100
7328100,q_lt_q20,38400
7328180,q_lt_q20,38100
7328500,q_lt_q20,37750
7329780,q_lt_q20,38900
7329849,q_lt_q20,38850
7329852,q_lt_q20,37750
7331000,q_lt_q20,38650
7331200,q_lt_q20,38850
7331205,q_lt_q20,38500
7331295,q_lt_q20,38200
7331300,q_lt_q20,38950
7331600,q_lt_q20,40500
7332307,q_lt_q20,38600
7332348,q_lt_q20,37950
7332389,q_lt_q20,38150
7332390,q_lt_q20,38450
7332500,q_lt_q20,37600
7332605,q_lt_q20,37550
7334000,q_lt_q20,37800
7334238,q_lt_q20,38850
7334428,q_lt_q20,38300
7334800,q_lt_q20,39000
7335300,q_lt_q20,38550
7335500,q_lt_q20,39350
7335700,q_lt_q20,40950
7335790,q_lt_q20,39800
7336200,q_lt_q20,38850
7336820,q_lt_q20,38800
7337000,q_lt_q20,37900
7337900,q_lt_q20,39100
7338500,q_lt_q20,38950
7338750,q_lt_q20,40200
7339000,q_lt_q20,39200
7340000,q_lt_q20,39600
7340300,q_lt_q20,40500
7341200,q_lt_q20,38850
7344370,q_lt_q20,38850
7348700,q_lt_q20,38900
7349450,q_lt_q20,38200
7349860,q_lt_q20,37400
7351500,q_lt_q20,37750
7351750,q_lt_q20,36750
7352000,q_lt_q20,37100
7356000,q_lt_q20,40650
7358253,q_lt_q20,40550
7358284,q_lt_q20,40800
7359610,q_lt_q20,40450
7360200,q_lt_q20,39950
7361500,q_lt_q20,38700
7362000,q_lt_q20,39250
7362100,q_lt_q20,39550
7362579,q_lt_q20,41250
7362587,q_lt_q20,40100
7363000,q_lt_q20,39600
7363054,q_lt_q20,39700
7363400,q_lt_q20,40700
7363500,q_lt_q20,39550
7364078,q_lt_q20,41700
7364133,q_lt_q20,38900
7364185,q_lt_q20,38550
7364200,q_lt_q20,39500
7366200,q_lt_q20,37900
7367005,q_lt_q20,38550
7367680,q_lt_q20,38850
7367690,q_lt_q20,39950
7369000,q_lt_q20,39800
7369500,q_lt_q20,37400
7369680,q_lt_q20,37400
7369700,q_lt_q20,37800
7370600,q_lt_q20,37900
7372050,q_lt_q20,38150
7372200,q_lt_q20,37200
7373000,q_lt_q20,36200
7374000,q_lt_q20,41550
7374525,q_lt_q20,
7375000,q_lt_q20,36000
7375280,q_lt_q20,37050
7375500,q_lt_q20,36950
7375800,q_lt_q20,37200
7375960,q_lt_q20,37900
7376000,q_lt_q20,37300
7376500,q_lt_q20,36300
7377000,q_lt_q20,41700
7377600,q_lt_q20,37850
7378000,q_lt_q20,37600
7378500,q_lt_q20,37750
7380238,q_lt_q20,42300
7380401,q_lt_q20,38000
7381482,q_lt_q20,
7381490,q_lt_q20,
7382000,q_lt_q20,36950
7382500,q_lt_q20,36550
7383500,q_lt_q20,36150
7385700,q_lt_q20,37300
8010000,q_lt_q20,36200
8012000,q_lt_q20,36000
8012470,q_lt_q20,39500
8013000,q_lt_q20,38100
8013500,q_lt_q20,35250
8014500,q_lt_q20,34250
8014800,q_lt_q20,35950
8015500,q_lt_q20,36050
8022500,q_lt_q20,36900
8023080,q_lt_q20,37100
8032000,q_lt_q20,37950
8032700,q_lt_q20,36550
8033500,q_lt_q20,36200
8037180,q_lt_q20,37900
8040600,q_lt_q20,36650
8041000,q_lt_q20,36050
8041300,q_lt_q20,35250
8050350,q_lt_q20,37050
8053090,q_lt_q20,36650
8053430,q_lt_q20,36800
8057300,q_lt_q20,37500
8061548,q_lt_q20,37100
8062095,q_lt_q20,35900
8063460,q_lt_q20,36300
8065000,q_lt_q20,36800
8067000,q_lt_q20,35800
8067575,q_lt_q20,35900
8067650,q_lt_q20,35750
8068000,q_lt_q20,35700
8069800,q_lt_q20,35950
8079510,q_lt_q20,38200
8083235,q_lt_q20,38050
8083430,q_lt_q20,37700
8096500,q_lt_q20,35700
8117855,q_lt_q20,33600
8143600,q_lt_q20,37450
8167200,q_lt_q20,39900
8168710,q_lt_q20,37750
8170000,q_lt_q20,38350
8172400,q_lt_q20,35950
8180640,q_lt_q20,37900
8187500,q_lt_q20,37050
8212820,q_lt_q20,37000
8252500,q_lt_q20,43700
8253000,q_lt_q20,42200
8253500,q_lt_q20,43050
8254000,q_lt_q20,43150
8255500,q_lt_q20,41450
8261000,q_lt_q20,39000
8263500,q_lt_q20,41700
8265000,q_lt_q20,43450
8266820,q_lt_q20,41300
8267500,q_lt_q20,43000
8269000,q_lt_q20,42050
8271000,q_lt_q20,42550
8275500,q_lt_q20,40700
8276300,q_lt_q20,39900
8276500,q_lt_q20,40150
8277470,q_lt_q20,42750
8279000,q_lt_q20,40150
8279500,q_lt_q20,40400
8282300,q_lt_q20,42300
8284100,q_lt_q20,40700
8294210,q_lt_q20,40550
8328950,q_lt_q20,39650
8329928,q_lt_q20,40800
8330000,q_lt_q20,40150
8330600,q_lt_q20,39050
8330875,q_lt_q20,40200
8331160,q_lt_q20,40400
8331510,q_lt_q20,40200
8332010,q_lt_q20,39850
8353000,q_lt_q20,40000
8354900,q_lt_q20,39850
8355050,q_lt_q20,40550
8355490,q_lt_q20,40550
8358300,q_lt_q20,40500
8358400,q_lt_q20,41100
8359500,q_lt_q20,42000
8361000,q_lt_q20,40050
8378500,q_lt_q20,42600
8379500,q_lt_q20,39700
8380500,q_lt_q20,41000
8382000,q_lt_q20,40700
8382500,q_lt_q20,39300
8382600,q_lt_q20,39400
8382650,q_lt_q20,39450
8382830,q_lt_q20,39200
8383500,q_lt_q20,38800
8384500,q_lt_q20,38950
8385000,q_lt_q20,38550
8385503,q_lt_q20,38250
8385522,q_lt_q20,38850
8385630,q_lt_q20,38700
8386000,q_lt_q20,39850
8386505,q_lt_q20,43800
8387000,q_lt_q20,42100
8387550,q_lt_q20,43350
8387600,q_lt_q20,43600
8390500,q_lt_q20,40800
8393610,q_lt_q20,40600
8395500,q_lt_q20,39850
8396500,q_lt_q20,40400
8399500,q_lt_q20,39900
8401500,q_lt_q20,39100
8402000,q_lt_q20,39800
8403500,q_lt_q20,39850
8405350,q_lt_q20,41150
8405400,q_lt_q20,40750
8405450,q_lt_q20,41200
8405500,q_lt_q20,39850
8406000,q_lt_q20,39900
8406500,q_lt_q20,40400
8407000,q_lt_q20,40300
8408500,q_lt_q20,40400
8474095,q_lt_q20,39300
8474107,q_lt_q20,39650
8474108,q_lt_q20,39750
8474110,q_lt_q20,40350
8477110,q_lt_q20,41150
8481500,q_lt_q20,41100
9010500,q_lt_q20,45700
9014050,q_lt_q20,41850
9015000,q_lt_q20,41000
9019500,q_lt_q20,44500
9021000,q_lt_q20,42350
9022000,q_lt_q20,42000
9024000,q_lt_q20,40750
9025000,q_lt_q20,42150
9025300,q_lt_q20,40500
9026500,q_lt_q20,41200
9027100,q_lt_q20,43250
9031600,q_lt_q20,42900
9031700,q_lt_q20,40650
9032000,q_lt_q20,42800
9032100,q_lt_q20,41150
9033100,q_lt_q20,43200
9033300,q_lt_q20,43700
9034250,q_lt_q20,42800
9034900,q_lt_q20,46100
9035500,q_lt_q20,44300
9035700,q_lt_q20,41700
9035900,q_lt_q20,41450
9036000,q_lt_q20,42000
9037500,q_lt_q20,43400
9038500,q_lt_q20,42800
9040500,q_lt_q20,43000
9041090,q_lt_q20,44600
9041400,q_lt_q20,42600
9041900,q_lt_q20,43950
9044300,q_lt_q20,43950
9044800,q_lt_q20,43950
9046490,q_lt_q20,42250
9046600,q_lt_q20,41250
9047500,q_lt_q20,41800
9047700,q_lt_q20,41600
9050100,q_lt_q20,43550
9050700,q_lt_q20,43200
9051050,q_lt_q20,43200
9056500,q_lt_q20,41700
9057500,q_lt_q20,43300
9058000,q_lt_q20,43000
9058500,q_lt_q20,43400
9059500,q_lt_q20,43250
9060799,q_lt_q20,41650
9061600,q_lt_q20,43100
9063000,q_lt_q20,43250
9063900,q_lt_q20,42500
9064000,q_lt_q20,42150
9064600,q_lt_q20,42550
9065100,q_lt_q20,43100
9065500,q_lt_q20,42950
9066000,q_lt_q20,41200
9066200,q_lt_q20,43650
9066300,q_lt_q20,44250
9066325,q_lt_q20,43400
9066510,q_lt_q20,43700
9067000,q_lt_q20,43050
9067020,q_lt_q20,42650
9067200,q_lt_q20,43000
9070000,q_lt_q20,42200
9070500,q_lt_q20,42350
9072550,q_lt_q20,44650
9073005,q_lt_q20,46200
9073300,q_lt_q20,44350
9073400,q_lt_q20,43000
9074500,q_lt_q20,43900
9076000,q_lt_q20,43450
9078141,q_lt_q20,43950
9078475,q_lt_q20,42500
9079450,q_lt_q20,43450
9080400,q_lt_q20,42900
9081000,q_lt_q20,43050
9081600,q_lt_q20,43600
9085000,q_lt_q20,42350
9085100,q_lt_q20,43350
9085500,q_lt_q20,42400
9087500,q_lt_q20,42300
9090785,q_lt_q20,41850
9093500,q_lt_q20,40950
9095500,q_lt_q20,40950
9105000,q_lt_q20,41150
9106150,q_lt_q20,41300
9107000,q_lt_q20,42400
9107500,q_lt_q20,41950
9108250,q_lt_q20,42700
9109000,q_lt_q20,43750
9110000,q_lt_q20,43150
9111250,q_lt_q20,43450
9112200,q_lt_q20,43250
9112500,q_lt_q20,43100
9113980,q_lt_q20,44700
9114500,q_lt_q20,42300
9114520,q_lt_q20,41700
9115500,q_lt_q20,43750
9118450,q_lt_q20,42800
9119000,q_lt_q20,42750
9123450,q_lt_q20,44000
9124500,q_lt_q20,43300
9126000,q_lt_q20,43150
9127000,q_lt_q20,43500
9128000,q_lt_q20,43000
9129600,q_lt_q20,41500
9132095,q_lt_q20,43100
9132500,q_lt_q20,43450
9132960,q_lt_q20,43150
9134100,q_lt_q20,42150
9135920,q_lt_q20,41300
9136100,q_lt_q20,40500
9143000,q_lt_q20,43400
9143500,q_lt_q20,41300
9144250,q_lt_q20,39850
9146020,q_lt_q20,44100
9146200,q_lt_q20,42800
9147000,q_lt_q20,42250
9147025,q_lt_q20,42450
9147500,q_lt_q20,42550
9149500,q_lt_q20,39700
9151500,q_lt_q20,40300
9152500,q_lt_q20,40200
9163492,q_lt_q20,40050
9163500,q_lt_q20,40850
9166500,q_lt_q20,40800
9166950,q_lt_q20,41000
9168730,q_lt_q20,39550
9169500,q_lt_q20,40400
9171100,q_lt_q20,43350
9172500,q_lt_q20,41800
9174600,q_lt_q20,41050
9177000,q_lt_q20,39450
9179450,q_lt_q20,41450
9180000,q_lt_q20,40000
9180500,q_lt_q20,39200
9183500,q_lt_q20,39550
9183600,q_lt_q20,40100
9184600,q_lt_q20,40100
9185100,q_lt_q20,39850
9185600,q_lt_q20,39200
9188500,q_lt_q20,43850
9196500,q_lt_q20,41400
9205000,q_lt_q20,43100
9209400,q_lt_q20,41700
9210500,q_lt_q20,42750
9211200,q_lt_q20,41500
9213500,q_lt_q20,39600
9217000,q_lt_q20,41450
9217900,q_lt_q20,41950
9219200,q_lt_q20,40800
9220000,q_lt_q20,40300
9222400,q_lt_q20,40450
9223000,q_lt_q20,43950
9224700,q_lt_q20,41150
9229500,q_lt_q20,42050
9234500,q_lt_q20,41900
10023000,q_lt_q20,42100
10038000,q_lt_q20,43150
10068500,q_lt_q20,42900
10092700,q_lt_q20,42650
10108400,q_lt_q20,45950
10109000,q_lt_q20,44300
10109001,q_lt_q20,44300
10125850,q_lt_q20,42600
10126000,q_lt_q20,42300
10126050,q_lt_q20,43000
10130500,q_lt_q20,43750
10131000,q_lt_q20,42300
10132500,q_lt_q20,44450
10133650,q_lt_q20,43150
10133980,q_lt_q20,43500
10136500,q_lt_q20,44450
10140100,q_lt_q20,43850
10141000,q_lt_q20,41200
10141100,q_lt_q20,44200
10141200,q_lt_q20,42800
10142000,q_lt_q20,42600
10145400,q_lt_q20,43200
10146400,q_lt_q20,42050
10147100,q_lt_q20,43300
10149000,q_lt_q20,44100
10149400,q_lt_q20,44050
10150500,q_lt_q20,43900
10153100,q_lt_q20,42350
10155000,q_lt_q20,43150
10155500,q_lt_q20,43450
10157500,q_lt_q20,43300
10166430,q_lt_q20,43550
10171000,q_lt_q20,41850
10172700,q_lt_q20,43200
10172952,q_lt_q20,42600
10173450,q_lt_q20,43050
10174500,q_lt_q20,41200
10183500,q_lt_q20,41050
10205030,q_lt_q20,43400
10215900,q_lt_q20,44300
10243700,q_lt_q20,40250
10249280,q_lt_q20,44000
10251290,q_lt_q20,39700
10251300,q_lt_q20,39850
10251330,q_lt_q20,39100
10251335,q_lt_q20,39550
10254730,q_lt_q20,
10254970,q_lt_q20,39450
10256500,q_lt_q20,38400
10257500,q_lt_q20,38400
10257720,q_lt_q20,39100
10258000,q_lt_q20,38050
10258700,q_lt_q20,38050
10259000,q_lt_q20,38250
10259100,q_lt_q20,39400
10259200,q_lt_q20,38500
10259300,q_lt_q20,40100
10260500,q_lt_q20,38350
10260855,q_lt_q20,40200
10260950,q_lt_q20,38800
10261500,q_lt_q20,37900
10263000,q_lt_q20,37950
10263500,q_lt_q20,38900
10265150,q_lt_q20,39700
10293500,q_lt_q20,38950
10296000,q_lt_q20,41900
10296500,q_lt_q20,39450
10297010,q_lt_q20,38450
10297500,q_lt_q20,37600
10301742,q_lt_q20,38650
10301745,q_lt_q20,38600
10301755,q_lt_q20,38600
10302002,q_lt_q20,38750
10302025,q_lt_q20,
10308200,q_lt_q20,41750
10308785,q_lt_q20,43700
10308789,q_lt_q20,43000
10308792,q_lt_q20,42750
10308794,q_lt_q20,42750
10309000,q_lt_q20,40200
10309010,q_lt_q20,39050
10310000,q_lt_q20,41250
10310407,q_lt_q20,40000
10310500,q_lt_q20,39200
10311000,q_lt_q20,38250
10311200,q_lt_q20,39700
10311400,q_lt_q20,39450
10311750,q_lt_q20,37600
10312000,q_lt_q20,39650
10312150,q_lt_q20,38350
10312275,q_lt_q20,39750
10313900,q_lt_q20,43800
10316500,q_lt_q20,43950
10317480,q_lt_q20,43950
10318500,q_lt_q20,42750
10320000,q_lt_q20,43500
10321000,q_lt_q20,42550
10321940,q_lt_q20,43550
10322000,q_lt_q20,42350
10322150,q_lt_q20,42750
10322500,q_lt_q20,44000
10322505,q_lt_q20,43000
10322535,q_lt_q20,42850
10323425,q_lt_q20,41950
10324500,q_lt_q20,42200
9237450,q_lt_q20,43700
9237500,q_lt_q20,43300
9238900,q_lt_q20,43550
9239500,q_lt_q20,43450
9240020,q_lt_q20,43050
9242500,q_lt_q20,43800
9244490,q_lt_q20,43700
9246200,q_lt_q20,43000
9251000,q_lt_q20,41450
9258050,q_lt_q20,41450
9258980,q_lt_q20,41450
9260000,q_lt_q20,41950
9261000,q_lt_q20,41250
9261700,q_lt_q20,41200
9263500,q_lt_q20,41350
9271000,q_lt_q20,42600
9271550,q_lt_q20,40150
9272400,q_lt_q20,41200
9276700,q_lt_q20,43950
9288180,q_lt_q20,42800
9289500,q_lt_q20,42700
9292500,q_lt_q20,42700
9294500,q_lt_q20,40600
9295000,q_lt_q20,40200
9295100,q_lt_q20,40300
9296800,q_lt_q20,42450
9299500,q_lt_q20,42850
9301500,q_lt_q20,41200
9304200,q_lt_q20,43050
9304500,q_lt_q20,42950
9306242,q_lt_q20,42800
9310500,q_lt_q20,43900
9310700,q_lt_q20,44450
9312600,q_lt_q20,42700
9313520,q_lt_q20,41800
9313980,q_lt_q20,41650
9314250,q_lt_q20,41200
9314260,q_lt_q20,41100
9315000,q_lt_q20,39800
9319000,q_lt_q20,44750
9328910,q_lt_q20,39600
9328920,q_lt_q20,39250
9330000,q_lt_q20,42100
9330250,q_lt_q20,40600
9330500,q_lt_q20,41050
9333500,q_lt_q20,38150
9337000,q_lt_q20,44050
9346400,q_lt_q20,40600
9363500,q_lt_q20,39850
9364200,q_lt_q20,38900
9367000,q_lt_q20,39600
9371000,q_lt_q20,38800
9371492,q_lt_q20,39150
9372000,q_lt_q20,39700
9380000,q_lt_q20,39150
9381800,q_lt_q20,39600
9385700,q_lt_q20,38800
9386300,q_lt_q20,37900
9386900,q_lt_q20,40250
9386950,q_lt_q20,39500
9390500,q_lt_q20,40800
9397000,q_lt_q20,38550
9397500,q_lt_q20,39600
9400350,q_lt_q20,38250
9400815,q_lt_q20,40950
9401260,q_lt_q20,37600
9402300,q_lt_q20,38700
9402500,q_lt_q20,39900
9403000,q_lt_q20,38950
9403600,q_lt_q20,38450
9404104,q_lt_q20,39250
9404200,q_lt_q20,41400
9404450,q_lt_q20,40900
9404900,q_lt_q20,39200
9405500,q_lt_q20,39650
9406000,q_lt_q20,38800
9406100,q_lt_q20,39750
9408000,q_lt_q20,38250
9408135,q_lt_q20,38700
9408150,q_lt_q20,38750
9408195,q_lt_q20,38900
9408400,q_lt_q20,42400
9409100,q_lt_q20,39000
9410100,q_lt_q20,38000
9413000,q_lt_q20,39100
9413700,q_lt_q20,38100
9415060,q_lt_q20,40450
9415510,q_lt_q20,41050
9415900,q_lt_q20,39800
9415908,q_lt_q20,37550
9415910,q_lt_q20,37550
9415920,q_lt_q20,38350
9416000,q_lt_q20,38800
9417500,q_lt_q20,41450
9418500,q_lt_q20,40250
9419000,q_lt_q20,40050
9419550,q_lt_q20,38150
9419625,q_lt_q20,38900
001fc3f6-5980-42be-b553-6a09c6b69b69,q_lt_q20,43500
004d8c0d-b7cf-49ae-aee7-52e37cd11aed,q_lt_q20,45550
00dfeaa4-34bd-4975-967a-b11e5d86520e,q_lt_q20,44000
013054a3-670e-49ee-afda-e0865a449197,q_lt_q20,44150
0137acef-372d-4a4f-8e7c-5782521d4e5d,q_lt_q20,47800
024f218d-9a70-43b7-8ea2-7d038eeb2cff,q_lt_q20,42000
02732dcd-5704-4a78-872f-ecfaa8b252ba,q_lt_q20,41850
0290cb45-0d9f-468c-8503-7bcae31594d3,q_lt_q20,43600
029d4a8c-45f6-4c66-8a23-1785a26aa017,q_lt_q20,48150
02ae6414-2983-456e-9d77-9289a9e40ec7,q_lt_q20,48000
02c2361b-a383-4dfa-86f6-1475a11a9ccf,q_lt_q20,44400
02c30d3b-4cab-4632-a4e9-b293706a02fb,q_lt_q20,43700
04451d0f-759d-416b-91d4-1fff49121f43,q_lt_q20,46050
044eb050-374f-4b34-8f6c-971b492703f0,q_lt_q20,44150
052d0819-2a32-47df-9b99-c243c9c8235b,q_lt_q20,43350
05784319-693a-4d75-b29e-32f01a99ee4f,q_lt_q20,46200
05aa242f-2f89-497f-9ea3-60e7028ec36e,q_lt_q20,44050
05d216a3-0102-43d8-9907-d7698b32eb03,q_lt_q20,43750
05dbfadb-e777-46dd-888e-61e1cc4bc504,q_lt_q20,43300
06571677-e04c-47d4-bcbe-6c488fb22293,q_lt_q20,45800
065d2a2a-113d-422e-ae2c-d3c24e48c47b,q_lt_q20,46050
06e0b3c2-c771-4b8b-84e6-5846c64b5f16,q_lt_q20,41000
0736efd5-fb9b-4b14-ab96-a4f261528bc1,q_lt_q20,43600
078cbfd9-31ae-46f4-bbcc-0dbdaa191cd3,q_lt_q20,45500
07b5bff9-7205-495e-8dbc-c0116a7c7d60,q_lt_q20,43750
08167942-2551-41f7-82a6-f15d613c25cf,q_lt_q20,43700
08a56e86-d214-4288-8726-8de31eb55766,q_lt_q20,44000
08c2cb5f-28c4-459d-960a-251dfaf541b0,q_lt_q20,42650
09352081-0bcd-4e45-a581-7e396155ac01,q_lt_q20,44400
09613520-a40c-48eb-8260-6266468f5cf3,q_lt_q20,44300
09aaf1dd-28ea-4230-9670-7709ee7aa970,q_lt_q20,44350
0a084963-e332-483c-a5aa-26f555b9129a,q_lt_q20,42700
0a2c61cb-a682-403b-89ba-5d7d3c85f9f3,q_lt_q20,48150
0a8b3311-f905-40e3-9516-823b7eb8a946,q_lt_q20,51550
0ac52dcd-bf41-4a10-98be-247a5ea28c85,q_lt_q20,44450
0b2ad98d-d131-4233-9edc-f57be0b4ae31,q_lt_q20,46650
0b332600-2b40-4264-9294-9b944cc4f3ca,q_lt_q20,45050
0b351234-b489-40c7-a846-def749d91f74,q_lt_q20,42650
0b38c227-5e33-4983-82d7-bb7bbcb1a443,q_lt_q20,41950
0b61ef5d-3db7-42de-ae00-ebd8df2b7312,q_lt_q20,44500
0c4f0941-030b-49ce-8f24-f148b3baff58,q_lt_q20,48900
0d4d679c-4065-4bf7-adbd-77a1b6b8c6ee,q_lt_q20,42550
0da114ec-4886-476f-873b-2e9f91285962,q_lt_q20,45500
0daf6ff9-34de-454a-acd9-69f7a681231a,q_lt_q20,45550
0dcf81cb-5305-4e0b-b150-9b733ac44d0b,q_lt_q20,43850
0de5636a-5fc2-42de-846d-28ba870aff7b,q_lt_q20,42150
0de6e236-9381-4dee-b1c6-c80c9ed01208,q_lt_q20,44150
0df268eb-c5aa-42ac-b1b9-4a5d7bd95448,q_lt_q20,44350
0e04bb35-f2a5-4f5e-9e4c-3ffc9d6d4af2,q_lt_q20,47150
0e11ff44-2d10-4460-9b0f-1d9278be185f,q_lt_q20,43000
0e3d02a9-ecd9-4dfd-8626-a4be5105aba1,q_lt_q20,46550
0e47ccb4-c070-4b46-8885-f3168aa864d5,q_lt_q20,43750
0e5c87bc-42bb-46a5-b534-7cb1ea577c7b,q_lt_q20,43700
0ed899ca-adc1-430f-9207-c37f1766cdbe,q_lt_q20,43800
0ee042cb-d2b3-497b-9305-2ac0a8960696,q_lt_q20,43650
0f12ee41-f1e8-480d-9e77-7d60853dda93,q_lt_q20,45150
0f409f22-3a10-4200-a690-c6a72902bbdf,q_lt_q20,44150
0feede1b-3f20-4455-bd06-1305ad58b8e0,q_lt_q20,43200
10e9cd17-c7c1-431a-8daa-1d14d131d1c1,q_lt_q20,42400
11190c65-ef31-4e9d-9456-6e999a94cdba,q_lt_q20,42800
116a4260-8c89-421c-83fd-107fed334eaf,q_lt_q20,42700
116dccde-a409-4aed-b68b-496a185f79a5,q_lt_q20,48350
117e5055-a68d-4cbb-8824-cc0caf0889b0,q_lt_q20,46400
127a5a33-4f7c-4ac5-a4a7-c20b5dfe4484,q_lt_q20,44150
127b5107-82fb-4e10-a15d-77ac7766422d,q_lt_q20,47950
12e41a1b-b72e-4ea2-9a45-ce459d156560,q_lt_q20,42500
12ebc12e-43be-4599-ac5b-57c6d357cc47,q_lt_q20,49500
12ede3c0-861a-45f9-88a8-6170ff13a6ae,q_lt_q20,46000
139a7706-11ac-4ef1-b81a-4dd517bef6c2,q_lt_q20,43700
13d2950b-9382-4c47-a378-875a2e2f10de,q_lt_q20,48600
13d5c20d-089e-4e7c-bd1f-3fd850142251,q_lt_q20,44350
13e619ad-ce41-428c-94a6-a93e550e64f4,q_lt_q20,46050
141185ba-bb77-4239-849f-d17a01933e3b,q_lt_q20,45850
14846041-47d6-49c2-8419-f70fc3bbe1b5,q_lt_q20,47050
155b4b28-40ae-48fa-b112-f442b74b8e8a,q_lt_q20,42500
15aed991-8db9-48ab-9cc1-93b084b9c5a7,q_lt_q20,41900
15eae722-7f1f-41cb-a93e-2acdeca10a0a,q_lt_q20,43250
162e2bb4-a4f7-48a7-910b-65a4f5cd0a4f,q_lt_q20,43650
162e2bb4-a4f7-48a7-910b-65a4f5cd0a4f_2879_w2TH,q_lt_q20,44700
16b72267-fdbb-4e1c-9f45-c7bb401d3804,q_lt_q20,42800
17f5b1f6-9779-4cbe-a0a3-978d3326bc33,q_lt_q20,44250
18142c4b-ecf0-497c-ac4b-ccaef45aefc1,q_lt_q20,41550
183111ef-5afe-463b-8934-30889ba56be9,q_lt_q20,43600
1a5179f5-2a93-4eb4-9e49-0f2184253623,q_lt_q20,48650
1a707394-5443-4c2d-b903-8ad6e243a45e,q_lt_q20,48300
1a839fe4-72ef-4443-b572-2fcb9787be71,q_lt_q20,48100
1aa8057c-7be4-4c7c-8a7d-0616effaea2b,q_lt_q20,42900
1b3f24d1-2c00-48b9-8eb9-79ed40b1a9e7,q_lt_q20,42900
1b49a5a7-f6c5-4fc7-b919-b6fc3eb05a77,q_lt_q20,42100
1b5206df-b717-411b-982c-9b6b26418156,q_lt_q20,42250
1b5d160c-b736-4a4b-b8e1-9a6a95d92307,q_lt_q20,42850
1c1c7743-d410-49e6-a57c-4bfa9097eac7,q_lt_q20,47900
1c1e42b5-f8e3-4811-b5cc-37330e028d61,q_lt_q20,43150
1d211ed2-1bef-4d80-8ec6-57b0b37fe51b,q_lt_q20,47050
1dd7b0f3-1823-4183-8286-77154d751b96,q_lt_q20,44400
1e0926fd-67ec-4644-bad7-f61af239db7f,q_lt_q20,41550
1ec252f0-998e-4674-8b7a-4925957b4df9,q_lt_q20,43550
1f063d6d-d832-4386-b15f-025e0bc3e674,q_lt_q20,43750
1f6aa0a7-531d-4588-9092-048f528cd772,q_lt_q20,45700
1fede3ae-8d65-47ae-b9a9-2aab05fdda29,q_lt_q20,46350
20152e19-e61b-40ff-ae0a-bfd520b41ad1,q_lt_q20,45250
205a2b96-d9cb-4e0a-9b45-32b2fbf6192c,q_lt_q20,45400
208f1b0e-b937-43be-937d-fb64e90b12f2,q_lt_q20,42850
20940d11-3691-429d-b9e1-62646f8e3e71,q_lt_q20,46700
20d44942-095a-4f57-9c80-537c5ac2f0de,q_lt_q20,43200
2134c5d5-e2bb-4c03-bde5-f39a082e2b95,q_lt_q20,41450
213d70b2-894b-406b-9dc3-31d3ccec7f54,q_lt_q20,44150
2231adf7-22c8-4290-af00-a97b688a4574,q_lt_q20,42750
2234c370-5154-4bb5-aae6-b7606120f917,q_lt_q20,44650
2258aa15-417c-49cf-a3ba-f23e7a75d2f0,q_lt_q20,43350
226bb174-6c53-4c84-a455-801c438b3969,q_lt_q20,44900
2292891b-9138-44a5-a7e1-d31f4c4b7e73,q_lt_q20,46800
22a659a4-6b53-49cf-9518-aec23de5de53,q_lt_q20,42900
22b06666-bde7-49dd-a29f-559c4bed672d,q_lt_q20,46000
23312df2-1dd7-41d4-b5e7-fb675bb070c0,q_lt_q20,48050
23d8a627-dd63-47a1-a3ff-435a573da869,q_lt_q20,48400
24066dfc-316c-4093-b236-57b9d675150f,q_lt_q20,47250
244c170e-922f-4e33-8b7d-d02dd50888d3,q_lt_q20,46300
24734dfe-df3d-43fc-acda-77cbdbc2988e,q_lt_q20,44300
24cb6c6b-c859-4a45-b651-1468b010af70,q_lt_q20,44350
24db5f34-18b3-46c6-aca8-f25c6c4af017,q_lt_q20,47800
24e09f89-9598-468e-bdad-12cd705a93a9,q_lt_q20,42150
250bacb0-6ff6-4252-b0ff-e4e3bd2c69ba,q_lt_q20,42050
2530158f-c930-4664-acb5-ce38d19d3bdc,q_lt_q20,45200
2629abeb-e504-49f7-9996-080f37e15930,q_lt_q20,41750
26705c60-6bcc-4594-8222-1dfcdb3aebb8,q_lt_q20,42750
26b52bb8-6524-48ff-9b5b-1af330302556,q_lt_q20,43850
26e91f00-1139-4775-aac4-76c88f1bf1e6,q_lt_q20,43300
26e91f00-1139-4775-aac4-76c88f1bf1e6_w1,q_lt_q20,43300
26e91f00-1139-4775-aac4-76c88f1bf1e6_w2,q_lt_q20,43300
2708da58-f4ea-46cb-943a-fcf3fa1ee9bc,q_lt_q20,44950
2710c689-22a5-460b-b0cf-b8bd89e1fd12_151805001,q_lt_q20,43850
272fc811-86a6-4abc-b6e0-7ee3661744cb,q_lt_q20,44500
274563e1-9a34-42b0-8722-4518c40dee10,q_lt_q20,44700
279d5197-0819-4a62-89be-0aa177425e62,q_lt_q20,42800
27c3e7a3-3357-478d-bdd5-17a3739cbc2c,q_lt_q20,45100
280e15ee-d656-40f0-be7a-a144770a6744,q_lt_q20,43350
2836432d-1548-49d1-9330-dd4ce973a3e0,q_lt_q20,43150
284ea1dd-ee32-47ef-8cbf-4b001775f8ed,q_lt_q20,44450
28b63ceb-b74d-46ea-ad0a-1be320ce6878,q_lt_q20,43400
28bb36cf-291b-45e7-b6de-52817e2b2417,q_lt_q20,44700
29434d59-1597-4783-b0b6-9f9a821d30d8,q_lt_q20,44450
294ff705-db4d-418c-8f48-231d8a1b912f,q_lt_q20,44750
2983dfe2-9418-432c-b61d-a231c0b10b67,q_lt_q20,42450
29c364fa-5f64-4622-b309-54f6243aaa83,q_lt_q20,44800
29ee4ab6-deb1-4995-8d97-a781ec020966,q_lt_q20,44550
2a87d87d-fcb7-4a46-9363-fd07fb25752a,q_lt_q20,41700
2a9abb32-0887-4ea5-86cf-cc14cce7dc3a,q_lt_q20,41650
2ab16180-81f3-4694-8236-0ad3610bf012,q_lt_q20,47200
2b62e149-59e0-47e9-8650-dabee432da82,q_lt_q20,44000
2bae7d6b-cd13-4db3-b2e2-aae042af76e3,q_lt_q20,45800
2c255217-b063-4577-8f6a-f64d81c504ca,q_lt_q20,43900
2c273c6f-080c-46f5-b764-e6f8161ce2c5_2469TH,q_lt_q20,43400
2c33f2cb-1ad0-4f06-be13-24a5d83ad86a,q_lt_q20,44200
2c7641ce-5071-4dbb-a20f-1c7d32a1945d,q_lt_q20,43200
2c8a3836-a281-4a0e-b196-e7be47c80ddd,q_lt_q20,43500
2cfe8824-6390-42cc-91c5-10718aa0ab03,q_lt_q20,43550
2d12f3ed-1ff2-4622-9d7d-bd6483bd1e4f,q_lt_q20,44450
2d37e684-7d68-4844-8353-05ada0054d29,q_lt_q20,42850
2d88723b-45f6-46e2-b662-6b2573a7fba7,q_lt_q20,45250
2d91e39c-81a4-4fbe-9a87-7bbec794ec87,q_lt_q20,42800
2da4b74c-418a-4af1-bee6-bbab9ebaef5b,q_lt_q20,46600
2de0b16b-56ea-4fdc-86eb-e813119dc006,q_lt_q20,42650
2df2593d-17b3-4251-8145-5a7fb0fdf93c,q_lt_q20,48000
2e224cf2-9423-4a4e-b719-f56d6454bc6b,q_lt_q20,45800
2e4cd2b4-2d48-4ff5-882c-5ce9638491e9,q_lt_q20,49550
2ea3c543-66af-4a63-a413-bdba8a81c8d2,q_lt_q20,45950
2ec41641-3875-4613-8d97-2ddbe6b1a4ad,q_lt_q20,45600
2ec6d59e-e3c9-453d-9c1b-2ea1fcf4d6d9,q_lt_q20,44450
2edbe952-2f6e-403d-8dbe-5ace4a11c949,q_lt_q20,43000
2f13612c-ff31-43d4-9673-4ec0097517cd,q_lt_q20,43400
2f6eea72-5e1e-474d-bcb4-d4b078ee2e90,q_lt_q20,45150
2f7f2a98-d13e-40c9-aa30-5ec1ef326c17,q_lt_q20,42400
2faa1eb2-effd-4ce5-b700-2b766736b7b5,q_lt_q20,42800
2fc04620-13e1-46a2-83a3-17dc75b5daf6,q_lt_q20,44800
305bad2c-6aa6-417d-a101-698edc850bbd,q_lt_q20,41150
30a48024-6672-49cd-9244-df510f46d422,q_lt_q20,45000
313ae80c-424c-4907-a89e-b1eea12f028b,q_lt_q20,44300
31612a61-a7aa-4e37-8992-91be614b07b8,q_lt_q20,43800
31612a61-a7aa-4e37-8992-91be614b07b8_692421,q_lt_q20,43800
31eb9af5-6e07-4f03-ae21-5a1c05fb6d27,q_lt_q20,44050
3213ee95-4334-4bef-bfd6-62d1ce8f2493,q_lt_q20,44500
3281b3cf-9010-4f38-8fec-8f8ba1343ea3,q_lt_q20,44700
33b613be-70df-4574-893e-f54443627dc1,q_lt_q20,47750
33b6b059-e8d7-43dd-ac83-7b8dfc4e62f1,q_lt_q20,45350
34202203-d1dc-4812-843a-715467152795,q_lt_q20,47300
3435c742-67ba-42d0-8e82-b8bee647c87c,q_lt_q20,44800
34c9bee1-1499-4dc8-a567-a63543d8c509,q_lt_q20,44400
34d2f579-82e0-468f-97c8-962cf792e6e9,q_lt_q20,42250
34e23121-3c10-454d-80dc-45d824b9e2cf,q_lt_q20,43500
351f05c7-7a89-46c0-9d8a-dc56c5f7b42d,q_lt_q20,46450
35697b00-555e-48e6-9c48-ca035a78eae2,q_lt_q20,43050
35b916f9-d420-425f-807f-f927415db702,q_lt_q20,45050
35b916f9-d420-425f-807f-f927415db702_033137,q_lt_q20,45050
35ca5784-fbba-4f28-9e24-0e7aa587a6cb,q_lt_q20,43600
35d60d64-c511-444d-90bc-c5659d860583,q_lt_q20,44100
361104f3-589a-457f-aa4e-0a99257c6431,q_lt_q20,43800
361104f3-589a-457f-aa4e-0a99257c6431_032006,q_lt_q20,43800
361ea25c-e13b-4577-8689-2f3bfc3199a2,q_lt_q20,42450
36515ff1-a12b-4834-967a-582032db3775,q_lt_q20,42250
36b31933-6c0f-4c7b-af02-cc18c3f1c198,q_lt_q20,50550
36f2a050-98cd-49ae-8bdf-135dfacaeafd,q_lt_q20,45400
3704471b-d540-4c2e-a092-96bc5d398ecc,q_lt_q20,41350
370cba4c-c28e-4063-aaea-a99575c408b6,q_lt_q20,44400
3742febf-be91-48d6-b6af-35d083c65099,q_lt_q20,43650
37630f14-38e0-4e6a-a420-c1c0cc0d7ef5,q_lt_q20,44600
3769621b-8599-4bcf-b5f9-1017619dbed2,q_lt_q20,42400
37772543-7410-45ad-aa14-75d97aaffe1d,q_lt_q20,50750
37f9d60e-0bdc-4578-b03b-77103b250a09,q_lt_q20,43700
37f9d60e-0bdc-4578-b03b-77103b250a09_1090_w1TH,q_lt_q20,43700
37f9d60e-0bdc-4578-b03b-77103b250a09_1090_w2TH,q_lt_q20,43700
38131efd-7c79-4c3d-8657-6a6b18ba4b5c,q_lt_q20,42600
3890b597-f8f7-47e4-bedf-bef126dccfc3,q_lt_q20,45200
38c8cce6-4153-40e2-a91b-064b66fac61e,q_lt_q20,43350
397596af-decc-4bd6-9566-65abdad18f10,q_lt_q20,42500
3982df4e-f922-4bd7-9fc1-cb01d240d0a8,q_lt_q20,45650
39aabc65-42d9-4062-857f-aa2b8290125f_033237,q_lt_q20,45050
39b187a7-a027-4625-a7d8-bd4b9850020f,q_lt_q20,44800
39b9499d-25bb-46e5-83d6-5c97a39b9bdb,q_lt_q20,46650
3a1eb751-eb8b-49ae-b6d7-89ac8d9a2e9a,q_lt_q20,43850
3a387080-0ead-4df7-9d77-e7374f796d60,q_lt_q20,43000
3ab02013-e0a1-4215-96f2-22f078b21f21,q_lt_q20,42950
3add181c-2a69-482b-b2f3-179f26f7a211,q_lt_q20,43900
3b5fce31-211e-4999-b7b5-b9fcf1e1ae3d,q_lt_q20,42550
3bb833ed-3e1d-4ed4-b2ff-04eea975f0d4,q_lt_q20,46800
3bc1b3da-2859-41b2-9f9f-6ab2b1023572,q_lt_q20,46300
3bf40265-657a-44f4-90e3-e1e437d3c801,q_lt_q20,44250
3c43b72d-03a7-46e1-86c7-76dd97808544,q_lt_q20,44550
3c4d4f78-2d0e-474a-b884-65a9daca18fb,q_lt_q20,44400
3c5cba29-2321-4289-a1fd-c355e135f4cb,q_lt_q20,45150
3c66c370-e349-4093-a596-9671726bdcba,q_lt_q20,41300
3c6b6e7d-78d1-414c-899e-59a2bbabdce4,q_lt_q20,43250
3cdb0ed3-0644-45f1-b6fb-7c1944578bf6,q_lt_q20,45650
3cfd9161-7727-4047-9d63-af0a194620fa,q_lt_q20,48550
3d00208c-2ec1-4a84-9b0b-5b27b0fc6b7c,q_lt_q20,41600
3d095df8-dd9d-4b1b-8cb3-39982654c9b4,q_lt_q20,48400
3d09c454-540b-4fb3-a5fb-072c33cf8c4b,q_lt_q20,47250
3d267027-145d-4577-9f8d-6ad5552463b2,q_lt_q20,41700
3d58bebc-71b1-4ecb-8605-84dbc13a15b7,q_lt_q20,44600
3d79ad94-708d-412c-89d4-dc8c0cadcc01,q_lt_q20,43250
3db09b08-5c7e-4f20-9363-2691eba109f8,q_lt_q20,44150
3df68add-46f9-42e7-8439-290f63e195cd,q_lt_q20,43700
3df7a9c3-d40c-4781-a885-5f6b7abdb86a,q_lt_q20,45100
3e6fbf1a-f3f3-4dcf-a6fb-84a70cb6d12d,q_lt_q20,44200
3eb60c5b-875e-46e7-b8d9-b1208d023bc4,q_lt_q20,42500
3ef2040c-0c9a-479a-9899-460304231ce2,q_lt_q20,42400
3f391994-18fd-4dc1-8e0f-98b18a35512e,q_lt_q20,43150
3f4f88f1-b79e-4d98-ad5e-adcec06d3f00,q_lt_q20,43200
3f750cca-ba3a-470e-b320-ea12543343c1,q_lt_q20,41750
3f823183-2275-444a-9896-981be95ff3bf,q_lt_q20,46750
404429da-b05c-4c95-98ee-4941b2133cb6,q_lt_q20,44400
404d5331-0547-4b32-ba64-68766a5cc6d4,q_lt_q20,43700
406a65e7-477b-4964-ba9b-47e452eca166,q_lt_q20,45800
419bbe86-e02d-4dd7-b266-c51e8eb584bd,q_lt_q20,44650
41a2a5d6-935d-441e-a733-a0837839e344,q_lt_q20,43600
41d13879-a145-4975-83bc-1aa9878d2fb5,q_lt_q20,46000
41e8d62c-acc8-43a2-96ab-d9c90422df69,q_lt_q20,44900
420be20b-d2fe-40a7-aebc-cb270956eca6,q_lt_q20,42850
42968a1f-9f4e-4162-896d-39acbb55e58b,q_lt_q20,47600
435a330f-ef10-48ce-babf-7b08ad9d45c5,q_lt_q20,43800
437d2a8e-0946-4b22-9594-78ffbe4a104e,q_lt_q20,47600
4389ee79-c789-4ad7-aa83-f79b28f51448,q_lt_q20,44650
438e6059-f150-4dea-b17a-b21cae02ded7,q_lt_q20,42550
439b85d9-21c4-4ae9-839f-5b31d1625aba,q_lt_q20,45000
4485824a-191e-4504-b0e4-7fa2e2119fb6,q_lt_q20,46350
44d1a036-0174-4c14-9edd-a49e123d1495,q_lt_q20,41050
44dca848-5f5c-49d1-bfe3-35b1fbe13cff,q_lt_q20,45550
4517b5e9-60a5-42fe-b3ca-41c1d82decc6,q_lt_q20,44800
45d53742-1190-4e76-b9b8-5bb6ecf9bb55,q_lt_q20,43000
4662701f-d016-44e9-8fe2-e50064e5e924,q_lt_q20,47950
469d01ff-5fcb-4611-a640-812d59f68be6,q_lt_q20,42600
46f322df-e4b4-454b-9437-d94bb2636739,q_lt_q20,42950
4736e10e-0707-4e0d-89f2-a485a017a231,q_lt_q20,42500
4747aea7-d2e7-41b4-b658-3242ae1c0eb8,q_lt_q20,44600
47886d4e-a7cc-4a67-85b0-5bf685aec358,q_lt_q20,48850
47c4f71d-7016-4adb-b0e6-e84178f82a43,q_lt_q20,44400
47ed0d00-d4ab-4f3a-84c9-c9571d1a1cc1,q_lt_q20,42750
4818c69b-9ed1-4ac5-9a8f-67f2757171ba,q_lt_q20,43500
481f8042-997a-44cc-b425-51340d4cee9c,q_lt_q20,43250
48513a18-e485-4317-ae92-93bf4f7f3e54,q_lt_q20,43600
486b6f10-b986-43dc-b2e8-1a83c15d4051,q_lt_q20,44500
4879595c-8a89-41e4-8b6a-00db4b4312ea,q_lt_q20,46500
48a3cf15-34e1-4429-b1a6-64f12992c076,q_lt_q20,45050
48f022f0-31d1-4e13-98f0-f70aacd05ca3,q_lt_q20,43800
4938555f-b1ec-4d7c-8c40-211177987e14,q_lt_q20,46250
494645cb-c766-4b71-bd70-dc69fe8e7778,q_lt_q20,43500
497b4131-a273-4e6b-a0ad-27a8dd0b559e,q_lt_q20,44200
49aac0d2-d8f1-464f-989c-2564e4891401,q_lt_q20,43100
49ef0934-49fa-4150-b1d2-83b14f6e3724,q_lt_q20,43750
4a5d6a89-7891-451d-8c2f-0eba9ff7b71b,q_lt_q20,44900
4aa5c9c6-09d5-4bec-a939-caf6c12b978d,q_lt_q20,50450
4b146acd-5118-4e14-b23a-13405168a010,q_lt_q20,47050
4b6b5531-e867-43a1-ac24-ec8868795699,q_lt_q20,42450
4b7037a6-a12f-4648-9923-cc7583262bae,q_lt_q20,43250
4bdbb09a-1604-4280-95f7-a245f4fec445,q_lt_q20,44900
4c0ab2d3-ff26-47a2-bdce-abfbb07c6e0a,q_lt_q20,44950
4c69a7bf-1c64-4695-a127-513223ba81a1,q_lt_q20,43050
4d26d073-72fd-433d-811c-c964779ac260,q_lt_q20,41700
4d6127c2-e324-4177-b13a-068d150f3a5c,q_lt_q20,43350
4d693468-3dc8-4013-9fe9-a8125199be8c,q_lt_q20,43500
4d7543c9-7b18-404e-94bb-c6cceabfd5a2,q_lt_q20,46850
4d9c0d31-89d2-4330-994c-1376cdcb56c6,q_lt_q20,43950
4d9c9969-529b-4990-850c-3a3cb03eb110,q_lt_q20,46500
4e7e6fd4-ee52-4b9d-aac7-626af67cc5ac,q_lt_q20,42800
4e87c615-767d-4b34-94c1-ca47926f6a70,q_lt_q20,43900
4fa30952-af41-49a4-bedc-6ca392f09bda,q_lt_q20,45350
5073a5e4-da20-402d-85d2-904619b9d788,q_lt_q20,42800
50ee96d1-bb64-4c3d-abe9-6bdcb08764f2,q_lt_q20,45100
51190ba2-682a-493c-bf93-918c8221d81e,q_lt_q20,43000
514b2430-a3cd-46f1-a2d8-e721f3206709,q_lt_q20,43700
5174c02a-40ec-4d32-bab8-f2f83d8ec43e,q_lt_q20,42800
52814202-3a6e-475d-a6ee-ee5050b9342d,q_lt_q20,43800
5296b17d-6ed0-44f5-bf45-4d5fc5179ace,q_lt_q20,45150
52b2cda2-737f-474b-b36b-42be186bdc2a,q_lt_q20,42950
52cd7d3c-b978-4f25-bb06-6b0b2ddc8cd3,q_lt_q20,47500
52cf243f-5610-421a-94d4-f3b715fcef81,q_lt_q20,44400
532a2993-7275-4050-8df4-b2314bc4f8e0,q_lt_q20,48950
53450672-fa32-414b-888a-fc5480aaf67d,q_lt_q20,43350
535004f8-c455-40a5-8b19-f66c2d40831c,q_lt_q20,47950
535584fb-878b-41fb-a940-b97bdbd1bd8d,q_lt_q20,45600
54287cee-bbdf-4ae8-b5bb-e07858190af9,q_lt_q20,42600
544f2ad9-d14f-403c-bb42-abd8d5acfc8d,q_lt_q20,43000
54a2c462-fc61-49fb-affb-9d80607588c5,q_lt_q20,44300
54b5af26-6f8f-46a9-8b6e-33d50b109e0c,q_lt_q20,45850
54b8c99b-9301-4361-9edb-17abdf585144,q_lt_q20,44150
54d2b82b-cd8a-4fae-bde4-c11d9fb80af7,q_lt_q20,45650
553c2147-bb82-4d86-8f0a-00b892d3c314,q_lt_q20,42150
56493f12-16e9-4748-8a3d-7046a1fc93ee,q_lt_q20,51250
5741da2c-ee1d-4390-829e-30c414aa0989,q_lt_q20,43400
57b5cc50-50e7-401c-9071-9c60fc84e727,q_lt_q20,43000
57e4ead6-f356-458a-86a2-22901eccab1d_432613,q_lt_q20,43650
57e4ead6-f356-458a-86a2-22901eccab1d_432620,q_lt_q20,43650
57e8d163-310e-4d4c-a0f2-86055cc91da0,q_lt_q20,44350
584639e2-90cb-493d-8edc-b66eda95d788,q_lt_q20,42450
584695f9-3854-4ba7-b2c7-973bd9c110fd,q_lt_q20,44900
585e49e0-7070-4d85-9c52-ccd18a5a1e65,q_lt_q20,45050
5869ac48-cbf9-4c83-8617-807b406df954,q_lt_q20,42400
588e6dc1-a77f-4961-9085-4b2617acb48e,q_lt_q20,46800
58a99fce-51ea-4467-a5b3-5348997b920b,q_lt_q20,43750
58bbe65d-7372-4494-b5fc-c23788787ae7,q_lt_q20,42000
58c114c5-cc50-4bad-be18-27b2c6a42a67,q_lt_q20,43750
58f572ff-9fd1-4ebd-a05d-faf9e5c68fb5,q_lt_q20,42650
5933256d-4f27-44aa-b275-d8cc8927b7bb,q_lt_q20,41950
59abc346-440f-4d10-8da5-53d254437b98,q_lt_q20,42550
5a86361b-f14b-449d-a091-8b7fe36c78f1,q_lt_q20,48400
5ab499ce-a1d3-4b84-822b-4da15bb79bf4,q_lt_q20,42900
5b0b598c-6bec-4b5b-b5fe-39d95f837e9e,q_lt_q20,47150
5b0b8aff-bc71-48c0-b290-0f9a244ddfa1,q_lt_q20,47900
5b5cf85f-c7d5-4885-ba0f-9e6363ff8730,q_lt_q20,45350
5b9e9503-32e2-46ea-a713-be0f283c23be,q_lt_q20,46700
5e453c99-a8bc-4562-984d-e60882b43bb6,q_lt_q20,44350
5e6d925f-3102-444c-a748-1dbec611e1dc,q_lt_q20,44450
5e7a837d-d95a-4e0f-999a-402ef9b8afdd,q_lt_q20,44850
5ea01221-9252-4e29-b92c-9b452255b5be,q_lt_q20,43450
5ec01a0f-6e08-4589-8b88-b6bd3f6457b5,q_lt_q20,43550
5ee84750-6fbc-4cb7-9695-b30806127095,q_lt_q20,47700
5f1235ee-0b1a-440b-a49a-ee006039623d,q_lt_q20,43700
5f23ee39-cca5-4cf3-a793-a3098db4b071,q_lt_q20,44450
600d33ba-8994-4b3c-92fa-1c25fb3e263b,q_lt_q20,42000
605097d0-d67a-4e16-969a-e5fe8bbd7fd8,q_lt_q20,45700
6078ba41-0d4f-4053-aaea-25d628b1d97f,q_lt_q20,44800
60914c18-1838-43e3-92c3-62765dfc7a99,q_lt_q20,45300
60a090a3-f93b-4065-a56e-ff64e6eb5f5e,q_lt_q20,45450
60ce0c60-fc75-4465-8170-938241cd4424,q_lt_q20,44450
6152bfd2-a1e8-408c-abd4-076bee104444,q_lt_q20,47950
617d7d56-051e-4357-bd12-5ed0a71fa78d,q_lt_q20,43900
61e27217-2d9d-40b5-ba69-e033ad60f7fd,q_lt_q20,42050
61ef523d-8df4-43db-b8ca-c9a399290cd8,q_lt_q20,43350
624d4674-67a2-4537-874a-235e8958203a,q_lt_q20,42200
62f76bbe-e070-4f9d-a6b4-b975e4fc5e2b,q_lt_q20,46500
632f8a0c-8561-471e-96ef-d49e35c343a1,q_lt_q20,45200
639afc2f-44bf-467a-a8f0-95a74c573f27,q_lt_q20,45200
63b6ae06-60fc-4e92-8337-aa0e5fdd7e79,q_lt_q20,41700
63b8893e-1cef-40bc-8755-c0c4fe3e69dd,q_lt_q20,43700
64118c69-e564-40c3-9fec-0e6047e955b9,q_lt_q20,41450
649eb398-029b-4ebc-bb4d-e36ee07c234e,q_lt_q20,42450
64dc008e-79b9-4f5e-8c4c-033833c42b89,q_lt_q20,42800
64e8e5a8-214d-403e-8e00-d788ab94947a,q_lt_q20,45100
64ef32d2-8077-46a8-9217-9194fb18f8bd,q_lt_q20,42450
655a16a0-8498-4b83-a8f6-6816952b2262,q_lt_q20,42600
6582279b-c752-46a8-ae49-60ceec40a309,q_lt_q20,45600
65b8dffb-ee80-4b9b-b2ba-4670d2ba06c2,q_lt_q20,42950
65d8a904-f927-415c-b501-a4f8e3325e9e,q_lt_q20,44850
65e90cf2-5420-4521-a180-4d8750786e04,q_lt_q20,42850
6655e67c-b0ec-43b4-9ab0-15efa569578a,q_lt_q20,45500
676110a1-e3c3-4965-a9da-82f6a1954ed4,q_lt_q20,42900
676110a1-e3c3-4965-a9da-82f6a1954ed4_032207,q_lt_q20,42550
676110a1-e3c3-4965-a9da-82f6a1954ed4_032807,q_lt_q20,42250
678aa360-300c-4c54-a3b1-47604cb60971,q_lt_q20,43950
67b89572-9b04-42a9-a629-fd8c7e302495,q_lt_q20,41600
68903310-c62d-4434-a7d4-96e766335179,q_lt_q20,46700
68db9881-47c2-4fd3-b08f-738aa59dcc3d,q_lt_q20,44600
694320fe-4c8d-4aad-8d25-277cd44bf6de,q_lt_q20,44500
6982424f-19ec-423e-b0b6-fd0158d666a3,q_lt_q20,43900
69c693b6-12ef-43bc-a20e-74160a53350d,q_lt_q20,42850
69f4b3e5-a487-4769-aded-0d72062428e7,q_lt_q20,43000
6a856754-b3a5-45ef-b806-51f0392b17ba,q_lt_q20,42750
6add4e80-29ba-4ff6-9e5a-233795d59b26,q_lt_q20,45650
6afb7ae1-8e82-402d-ac57-d5f658c6d114,q_lt_q20,44600
6aff06c9-d547-4ee4-b62e-eee5e5efa01b,q_lt_q20,43700
6b07847d-4498-448d-b27e-2057bfca19bd,q_lt_q20,43850
6b0cab32-b905-4f3c-a554-cd5176c5d2e4,q_lt_q20,45400
6b145dc7-2400-45af-9e0e-acc59245a20a_030033,q_lt_q20,44500
6b145dc7-2400-45af-9e0e-acc59245a20a_030233,q_lt_q20,44500
6b62b651-1922-40b1-b2dc-b487a77c55b4,q_lt_q20,43900
6b80bd1c-6c19-4c26-875d-108bf8ef1a84,q_lt_q20,44250
6bf1cadc-3229-4c0d-afd9-5b1a73443ba6,q_lt_q20,43850
6c1e8f82-a59e-42c0-ac91-c7e864e22448,q_lt_q20,46800
6c67bb15-c4f3-4606-ad99-21295393de4a,q_lt_q20,49100
6c6c174e-519f-4b02-9e3e-1737f2139417_445508,q_lt_q20,43700
6c6c174e-519f-4b02-9e3e-1737f2139417_445509,q_lt_q20,43700
6c6c174e-519f-4b02-9e3e-1737f2139417_445510,q_lt_q20,44100
6c72f76a-b76c-4a28-8701-71cdca25c0f5,q_lt_q20,42650
6ca98855-a69f-458b-b798-6283f7644857,q_lt_q20,43550
6cb3004e-7ec5-4a98-91b5-b4d4c7ec17e5,q_lt_q20,42750
6d071aa3-2eba-439e-9699-7735350f19cd,q_lt_q20,43450
6dba8818-bd17-424e-8568-eb699874e76a,q_lt_q20,41550
6dd5d77f-6994-40fe-be0e-815f7febde94,q_lt_q20,44500
6e354c27-1342-485c-acad-79b15e41dcf0,q_lt_q20,42650
6e4d9ef9-131a-4712-895e-52a05dc290e9,q_lt_q20,47900
6e5781bb-8730-4bb0-a861-13480b399878,q_lt_q20,42350
6e811b46-4cc5-4e55-a39c-b73f2a4f958e,q_lt_q20,43500
6ef70833-cb0e-4853-81e2-c51459ed0034,q_lt_q20,44800
6f286b61-6cec-4434-b00e-f1993059139a,q_lt_q20,42750
6f727c14-422c-4b7f-922d-b430d9aa07a2,q_lt_q20,41800
6ff82c44-bbf2-4593-8218-76569f550b47,q_lt_q20,42950
7014b422-27a7-42b6-9619-5cd6fe16e5e7,q_lt_q20,44600
706c7b23-1e8c-4d71-accf-77f1650c2d7f,q_lt_q20,41450
708cd1a7-0d90-4511-95f2-51bf24c151f0,q_lt_q20,41700
70a6e855-44fd-424f-b3e1-b9e46da57f1c,q_lt_q20,43300
70e18a89-96dd-4a04-8163-fc685e92bb09,q_lt_q20,41650
70f658a0-3d32-47db-a97c-ed5e25da46f2,q_lt_q20,42450
710f623b-972f-40cc-8242-ae9bf21dea45,q_lt_q20,45050
71702873-e90c-46c0-b897-c0558dbbf855,q_lt_q20,42700
718c91fa-5dce-403c-b5c2-1b19763906c8_033061,q_lt_q20,43900
718c91fa-5dce-403c-b5c2-1b19763906c8_033062,q_lt_q20,43300
7195a80c-13e0-4d39-a39b-0495b789779d,q_lt_q20,44150
71d40ef2-a19b-4bc5-99f7-28f3ddd0a637_2420TH,q_lt_q20,43200
71d40ef2-a19b-4bc5-99f7-28f3ddd0a637_w1TH,q_lt_q20,43200
71d40ef2-a19b-4bc5-99f7-28f3ddd0a637_w2TH,q_lt_q20,43200
7237e282-1104-4e3a-bb60-795c90646313,q_lt_q20,43900
723a8fc4-908b-4430-91c7-9990be86540a,q_lt_q20,47750
72f71a49-eabf-4155-91da-3b4342731f42,q_lt_q20,43900
731171e5-9ea1-497f-a462-82db2dcbb339,q_lt_q20,42650
732d7a5d-7c75-4326-a488-b8169eec53e9,q_lt_q20,41900
7337c648-a4bf-4f8b-80c2-2b17efdba8cd,q_lt_q20,42700
736dd802-46b4-4864-ae7e-9c470d21ad46,q_lt_q20,44450
7391ff74-74f1-4e29-927e-1a472e7925cc,q_lt_q20,41850
73a477e1-f26a-41e0-904e-f8f39b65d7ff,q_lt_q20,47200
73a68029-540a-4d62-9c2b-2a5ffba8c0eb,q_lt_q20,51400
73ee60b4-ef40-4579-a060-db2312ea3ce1,q_lt_q20,48050
7445ef55-5e25-43d9-9e85-83406670fc65,q_lt_q20,47800
7453937b-088f-46d5-ad71-bdf9c9db0d48,q_lt_q20,44650
74996a5c-4436-4480-ab2d-129515aecebb,q_lt_q20,44850
74a2892f-8074-4d51-9a77-28de841606c2,q_lt_q20,45400
7569bff4-df95-4bac-aec1-cc051cb0e77f,q_lt_q20,42400
75dfeed5-d047-42f2-aac2-64574ed6d4e6,q_lt_q20,44450
75ed9d12-9ca5-4607-8658-c80b979a1310,q_lt_q20,46500
7663b8bf-5756-4c71-a6a2-727e4c7448a3,q_lt_q20,47500
76722cf0-d87a-42cb-98a3-56f2893547d6,q_lt_q20,42950
76769a31-93bc-4e10-bf2d-2ee642eb0f2c,q_lt_q20,45250
767b8dda-849b-400d-9a0e-feeb101a74a7,q_lt_q20,44100
7713b538-3915-4948-813a-c953c4162252,q_lt_q20,42650
7720e91c-4b92-436a-91b0-6386e8792189,q_lt_q20,44800
7765d509-e68b-4ede-8924-42b8bc5bf2a1,q_lt_q20,43900
77b42c7f-1412-4ea1-8e85-7fc99b8ee3a3,q_lt_q20,42800
77d381c3-f098-4b67-b0d5-0e08a548fe0e,q_lt_q20,41850
78a37028-e8de-4835-825a-6957d26306cf,q_lt_q20,42850
78d562f2-b455-4296-84b2-4e7f59471031,q_lt_q20,44000
78df8fd0-4075-4296-8187-b25f3c53de52,q_lt_q20,44450
79515906-3efd-424e-8e32-0db1873cb3a3,q_lt_q20,42800
7963009e-7d60-45d9-9ab6-35c176111128,q_lt_q20,42650
7998bf73-641d-4084-b00c-ca6989f2ba2b,q_lt_q20,45750
7aec20ef-6d53-43e0-80dd-7431d5ce6495,q_lt_q20,48850
7af24b77-0058-4a2e-bf8b-e058a09d3eb9,q_lt_q20,45300
7b6deaae-91ea-46b8-970c-dcd4a0703391,q_lt_q20,41700
7b8eea56-6cc1-42dc-8a18-c80bb003a37c,q_lt_q20,44900
7bd95bb6-da33-4c5a-a80d-6951f423aeee,q_lt_q20,47950
7bea321d-236c-4c21-a629-fe072db6056d,q_lt_q20,43000
7c139149-6466-425a-a287-9f8fa1e049ae,q_lt_q20,46950
7ca88e3b-d821-4093-951e-1ecd25e78ef5,q_lt_q20,42350
7d7cd52e-eed7-46a9-800a-a4d05fe52b87,q_lt_q20,44200
7e5119f6-fa25-41ec-bc7a-85dfab1ad3c4,q_lt_q20,44350
7fec3a84-082c-45c3-a379-1949f2e5b15d,q_lt_q20,43750
7ffdc72e-bc0c-4172-bfe5-342a11fe53e7,q_lt_q20,48050
801b8458-b729-4f20-8b1d-32bd7db0dce6,q_lt_q20,44050
80b9e7b3-f7a8-4411-8912-8098b1cde182,q_lt_q20,44350
814e58ed-cec3-488b-9a99-cd0b3fa24a57,q_lt_q20,44350
8179e32e-1239-4598-84da-c7db7ccff7cb,q_lt_q20,44500
81d85b5e-36b9-4933-b6be-6c4d335ae556,q_lt_q20,46500
8245803e-7926-4ff8-95fb-1f4b7be1d5cd,q_lt_q20,42400
825e7c96-b693-4366-8e39-a7fc587d442a,q_lt_q20,42750
8266a6c0-d144-4cc8-aa72-f53b6a0d7056,q_lt_q20,43450
839866a2-80ca-42a8-a695-8e6d6b165fa6,q_lt_q20,42150
848c236d-41d0-4222-bd32-21597635fdf3,q_lt_q20,44550
848df754-3005-43aa-80ce-2dba4138e942,q_lt_q20,43450
8496ce69-482c-406a-a2f0-ac418ef8f099,q_lt_q20,41250
84998ce2-8f7c-451f-ab64-a79a1394e5b1,q_lt_q20,41700
849b6df0-9cb0-4acc-b42e-59fc1071cb65,q_lt_q20,48350
84c3ec95-a8f2-4fb6-8aa9-94f91f65b5a8,q_lt_q20,43650
85aefe46-dde4-4338-9d3c-338754cbc0d6,q_lt_q20,49250
8629fcab-66fc-4c77-aaad-7504dada9ff8,q_lt_q20,43800
86993eff-b766-4bee-8ef3-e0a738008418,q_lt_q20,42800
8722ba53-2c55-40e7-acdd-9b43a486d408,q_lt_q20,43750
8736a5d8-133a-46cc-b277-b6a20b7fd88c,q_lt_q20,50800
875ae38f-80e1-4377-bcfe-6c808dfabc90,q_lt_q20,47650
87aeb75c-15d4-4cbf-a125-0bf053e46a07,q_lt_q20,43200
8820d897-a09e-4857-8095-5834fee6962f,q_lt_q20,45750
887950f8-6b72-48c3-8f25-b32c6a0e688b,q_lt_q20,42200
888a1773-405f-4da4-a35a-60fac8a5c930,q_lt_q20,45050
88bdbcaa-28c4-44db-97f7-0a60d22a4e08,q_lt_q20,44600
88be649b-6ea9-4daa-b81b-7767cbc5b995,q_lt_q20,46900
88ef1864-14bd-47e0-8bb3-bebc8e97e706,q_lt_q20,45850
89111009-6453-44ca-a7e6-529df0d9904a,q_lt_q20,45450
895e30b6-b92a-4ef1-8735-e7dbd2dd573f,q_lt_q20,43700
89ccf565-fb71-43b7-8dba-d843e01363c3,q_lt_q20,42800
89d6ea36-cd33-4c77-84a8-d5629f9c075b,q_lt_q20,47750
8a02b242-5805-4750-b141-c8bfd6028c18,q_lt_q20,43850
8a2ef48d-ddc5-4643-a1cf-2da54a045d8e,q_lt_q20,48050
8a2f47f1-711e-4805-8536-a49bfda4d06c,q_lt_q20,43100
8afc6e20-b0bd-4b79-bf65-345dac8cafee_1290TH,q_lt_q20,44050
8b07239d-fb98-4f27-b182-def7799b6c34_2044,q_lt_q20,43900
8b07239d-fb98-4f27-b182-def7799b6c34_2052,q_lt_q20,43900
8b386e12-f3d1-4a0b-9e01-3d4367bc9bc1,q_lt_q20,46750
8b58ed93-f08e-450f-9415-2b8cf912118c,q_lt_q20,43950
8b660fe4-779a-401b-b077-651a85fa7750,q_lt_q20,45200
8bbc9d9a-3124-434e-942b-264e805241de,q_lt_q20,42250
8c0977fe-d8fe-4d98-83ab-7916cbd2eb83,q_lt_q20,42400
8c15c0b7-41f7-45f4-a741-ae32b86ee49b,q_lt_q20,41650
8c5ed87f-13b4-450d-957f-5df4e4b05018,q_lt_q20,42150
8c7fe5ef-7885-481e-a426-f6442d7c5fa6,q_lt_q20,44200
8d4e3c14-3eb9-473b-a98c-51a7e88f0a7f,q_lt_q20,46100
8dfc9b31-d090-4988-acfc-562ee23bb9d7,q_lt_q20,41550
8e44ea4b-a77a-40be-9551-88585b98bc2f,q_lt_q20,42850
8e500e89-e47d-462a-bfbd-e55703c217a9,q_lt_q20,44800
8e8296b1-6e4d-49e3-a197-cfcd0962e1b3,q_lt_q20,43000
8eb010eb-3cce-4244-bde9-4c60bdd6c9b1,q_lt_q20,42450
8ed7ac07-fd8c-42b2-a6d4-3f02480244ae,q_lt_q20,44600
8eea6beb-7999-4976-9bbc-ebba4c334a83,q_lt_q20,43400
8f2b54dc-b425-4a05-a100-0ea06f4ba248,q_lt_q20,44050
8ff9f61b-d835-498e-895c-0e54293930b2,q_lt_q20,44300
90734a50-bf66-44ae-8f4a-d180130ca850,q_lt_q20,44250
907380f9-b0e8-4401-a5c9-669a66a192bc_034004,q_lt_q20,44200
90db0ee9-354c-4c0d-8c41-59a1ed012e92,q_lt_q20,45350
912a6d1f-035b-4d82-b83e-a09788190c61,q_lt_q20,42400
91375047-e239-472d-93e4-96e1413b5567,q_lt_q20,43750
9318c925-3c1f-4127-9308-7c2b205c2f04,q_lt_q20,41250
93cd0262-1cf7-45ac-8491-c9815c7fe710,q_lt_q20,44400
942995c5-95c2-413f-82e4-6b3b3b811b28,q_lt_q20,43000
94374942-acad-4197-87d8-ab4315077b08,q_lt_q20,45250
9468508c-aff1-4004-8e71-62ab2884a8fa,q_lt_q20,42550
94bab207-6492-444c-b80d-0ff2c089432f,q_lt_q20,40800
9510f840-34f7-41f2-997f-cdaf0ee57028,q_lt_q20,44450
951e3a10-1d16-4526-b767-e5056724b5b6,q_lt_q20,48250
951f7162-24d4-45f4-a03e-ee55d3c864c1,q_lt_q20,46300
959f3e4f-bb6e-4f4a-8082-0157eea99482,q_lt_q20,44300
962530ad-afe9-49e5-8fcd-33af504efdf6,q_lt_q20,44750
971d4ec4-1147-40dd-b03d-a616a02b7817,q_lt_q20,42500
975b896f-1d6a-4fb2-a888-794eb6045ee8,q_lt_q20,42800
976c372b-8d8d-4dc7-8673-bbbc707423c5,q_lt_q20,42050
977e3ab5-ec6e-4040-acf2-8a178818a5c8,q_lt_q20,44450
9796dc02-6edf-4392-b727-0d861cbb1edd,q_lt_q20,44150
98bad5bc-b99b-437c-ade6-13b576c9086b,q_lt_q20,43500
98e517e4-c709-4d16-b334-251677af1750,q_lt_q20,44100
9903a7d5-7a84-45de-b9cb-e801128f8883,q_lt_q20,45200
990c9d7a-cc5b-4ad0-b1f1-7d87642398d9,q_lt_q20,43950
996741ae-f5e6-441f-ab9f-82d774552320,q_lt_q20,46600
99d4811b-5177-469a-b217-732a8f1bdd13,q_lt_q20,43800
99ef9f3b-c468-4bd7-90b9-ff505be46b98,q_lt_q20,43200
9aa20788-e7de-449a-8b6c-2b623ba4d528,q_lt_q20,44150
9ad5d28c-7cfe-46db-b39d-58701689cd59,q_lt_q20,48000
9af510f4-5629-465b-81a9-855274a8750a,q_lt_q20,46250
9bc3045c-0781-41d2-9483-196620fd4b2d,q_lt_q20,43500
9c05cd86-875d-44b7-96fe-d30954c52977,q_lt_q20,43550
9c263b41-8984-424c-aa50-27647a0ee184,q_lt_q20,42650
9c323633-3c7f-4e96-b93e-980109bf97e8,q_lt_q20,42500
9c7f4e0b-e8e9-44a7-8f3e-d3005900c383,q_lt_q20,45250
9cee5ed4-ddd7-4903-8f74-00f52a78c05c,q_lt_q20,46000
9d5bb52d-b05b-4af1-9760-11709f004c5d,q_lt_q20,43550
9e4f7156-b832-4882-86b6-7155d30ffced,q_lt_q20,44200
9eb75798-aa46-40f5-b9c7-7fd7b919087d,q_lt_q20,43450
9f09c746-4fd6-45ec-ad13-b7163dcd7f14,q_lt_q20,43550
a1041edf-26a8-46d1-a066-91900f494f49,q_lt_q20,44300
a1041edf-26a8-46d1-a066-91900f494f49_2536,q_lt_q20,44300
a1136eb6-a447-4f77-89f6-5cb8d556898c,q_lt_q20,44600
a185e5ce-932f-40ae-a90f-6e77f1341e8e,q_lt_q20,42950
a18743e3-9809-4f93-b046-79977b9707d3,q_lt_q20,43800
a19fe1fc-0e4d-4e1f-88dd-7667af4b3d9d,q_lt_q20,49100
a2240676-e92d-4ba4-97dc-30056b152269,q_lt_q20,44550
a2ecfd41-65d6-4eb5-883e-1254de07c675,q_lt_q20,44100
a360ba77-5ae2-465f-9808-26fc197adde6,q_lt_q20,44250
a3c4766d-b704-4819-913b-0be1d2ed7b3a,q_lt_q20,45050
a3e609ce-8ecf-43e1-a1f3-c6c5cc2786b3,q_lt_q20,45250
a3eacfbb-f70b-44f4-bca2-f508ac6d1c74,q_lt_q20,44000
a473e348-c00a-46c6-a93b-921f9747f96f,q_lt_q20,44500
a491d243-2347-4c2d-9258-097bdc6fe749,q_lt_q20,44200
a49bd26a-9ea4-47ec-b7ab-3a5ceb369e70,q_lt_q20,45250
a4d15eec-2466-43aa-af4c-84f59d291e30,q_lt_q20,44000
a4d390e9-daa6-4e8f-b516-1b3a6632b02a,q_lt_q20,45950
a555bb0f-cacb-40e8-8e26-f246615c1a77,q_lt_q20,47100
a58e1321-be75-4721-90bb-09a9864cd381,q_lt_q20,43400
a5bf03e9-e63a-4cd5-8bc9-ab64c03808b9,q_lt_q20,42800
a5f8e95f-d24c-4a37-84e1-e346594a47b4,q_lt_q20,45100
a63195bf-80d6-4cee-9fb3-788f49fc088f,q_lt_q20,42300
a6f032a7-b194-4c43-93c4-de34af7ffde5,q_lt_q20,43650
a7087da1-7efa-453f-a5fb-c6a6af99e4ff_F2802,q_lt_q20,44750
a7575048-b310-43eb-9418-1f92704b9e21,q_lt_q20,41650
a7709ed1-2912-4369-b70e-b9e78568408e,q_lt_q20,42500
a9417599-e466-4b53-babe-0c81229c4328,q_lt_q20,48650
a941c6ca-6b2e-45b3-a515-198c39d4ceaa,q_lt_q20,44350
a97cc80d-f8dd-4fa9-a0db-482ab1b41f71,q_lt_q20,44300
a99b0223-fd15-4a76-8c45-4958137fa2ed,q_lt_q20,42900
a9b52c38-242c-4ab0-8121-1eae51c274d3,q_lt_q20,42850
a9bb3fc0-2b28-4bdf-8f16-d372e9f7efcc,q_lt_q20,41050
a9d74547-58ba-498f-9fe0-6d95901507ed,q_lt_q20,44250
aa93f4a2-cd35-4429-830b-c7280795f621,q_lt_q20,45750
aaac507d-5e62-474f-815d-c0b46aea04e8,q_lt_q20,43100
aaf8fe03-f3db-43f4-8ce6-701ebfac9ca7,q_lt_q20,42300
ab5db73f-059e-4d10-9b92-5a640db3c1ab,q_lt_q20,46750
ab69860c-e228-4e08-9b8f-b7d1eca1ed11,q_lt_q20,44500
ab787ffe-443f-470c-b815-57d1a1882a61,q_lt_q20,42800
ac012bfc-452d-4cce-89b9-8eb86b1cd709,q_lt_q20,42450
ac400e1e-eff8-4029-9f6f-c73eb649b4bf,q_lt_q20,44350
ac5d441f-d997-4348-a8d1-9683503835e5,q_lt_q20,48000
ac819d1a-0f60-414f-b155-4b6e095ecc8c,q_lt_q20,45350
acf6c077-f35a-4af5-9191-f8aec1831c80,q_lt_q20,44000
ad19b458-9e76-4c18-8ebc-d2a959156f82,q_lt_q20,42700
ad7dfcd5-f079-4c1e-b08e-9b982593763d,q_lt_q20,44750
addc9e63-49de-4451-9a7b-6afb822d835e,q_lt_q20,44450
adec4dd7-9cdb-4c58-8fc3-2e509aecfbcd,q_lt_q20,43300
aded6ffd-1b3c-4fce-ad90-ec995a90a2a7,q_lt_q20,43300
adfc6cac-b7fd-4006-a2f1-db7bdda426dd,q_lt_q20,44100
ae3ba171-5f03-41cb-a4bf-bb8c568b8c1b,q_lt_q20,43100
aeb7fc23-8687-4548-9f2f-c21b4cc0e59b,q_lt_q20,44800
aef77f8a-7da4-4dae-84ea-88f643d8e00d,q_lt_q20,44650
af0da814-0f9f-4928-89fe-6ef112d381d6,q_lt_q20,43150
af21bf6e-b55d-429b-a3b4-65e372f0cb58,q_lt_q20,43100
af27ed26-9dc7-4837-8235-a788b39c70d4,q_lt_q20,44100
af486db0-05c9-4707-b5fc-c039359d7a22,q_lt_q20,43450
af5d4468-4d94-49ce-bca2-8b4f73648d71,q_lt_q20,44800
afc9b823-2f50-42f1-ace0-4eb4228e4712,q_lt_q20,49000
afdcd20e-1e52-47f4-8d04-71ef656fe801,q_lt_q20,42950
aff6b7ae-ab2a-424d-8a9e-11e2d50cdc2b,q_lt_q20,44950
b0166a7b-cf7c-4ada-8688-deaa14a01898,q_lt_q20,47700
b0713e87-cab3-46e4-bfb3-f0bbb91cedf6,q_lt_q20,42650
b0a28c3c-b5dc-4a94-a661-2ef0639049c7,q_lt_q20,42850
b0d98d93-45de-40c1-a1cf-cd32484c3542_432110,q_lt_q20,45350
b0d98d93-45de-40c1-a1cf-cd32484c3542_432120,q_lt_q20,45350
b1697d0b-8974-4f1e-9a8c-94cae1c00a48,q_lt_q20,44800
b1799d01-d80b-4358-9cde-2492358e5f60,q_lt_q20,43550
b17f0895-5a5d-442c-bbad-fcf3280aae2f,q_lt_q20,48300
b2023a27-1c95-4b64-98d2-90bdf4c224ce,q_lt_q20,44000
b23821f8-f8e5-4b3d-a821-70913abe37cf,q_lt_q20,48850
b260a0a3-aaeb-40cf-b8cf-b1024a2db5d7,q_lt_q20,44250
b27ced8c-bf7d-4d8f-8148-f590ccc35f4c,q_lt_q20,43250
b2b023d8-8377-4afb-acaa-e8ce3c66bbe7,q_lt_q20,43150
b326bac6-9b5e-446c-bde5-2643a0eb5cac,q_lt_q20,43700
b34cdf4e-8f74-45b6-b97a-edde6323f25f,q_lt_q20,40950
b39a74f7-1286-48a6-a281-71520d4ccede,q_lt_q20,44250
b3bb7f19-ab52-4236-8666-b2c32ca2f787,q_lt_q20,42550
b3da16fa-2b4d-464a-a835-1028fce8b596,q_lt_q20,48050
b3da4efe-3997-4799-8c1f-399c4ae293fc,q_lt_q20,42200
b401b1e3-c946-4a3e-bca3-3427e64eebba,q_lt_q20,45400
b435c357-5e89-429d-9e2e-f52e231d7a5f,q_lt_q20,44450
b49af755-891b-490a-8a2b-0896237f1936,q_lt_q20,42500
b589aebe-0b6a-4928-b85e-14f138d250ad,q_lt_q20,42100
b5d958ce-f342-427a-a32d-199bc52b0ee2,q_lt_q20,43050
b5ee078f-e06e-4d3d-8823-5faffa77db23,q_lt_q20,42350
b69080d3-02f1-48d0-982c-0150b478a8f7,q_lt_q20,42650
b697f85e-18a0-4758-b4c5-d49dd976890f,q_lt_q20,42750
b6c4885c-cc83-4401-aeb2-5505de2cad43,q_lt_q20,45850
b7d7ad0f-c16b-485d-9dcc-f4f845995a11,q_lt_q20,44900
b7db631d-9aa8-49c1-9a61-b2824d0b42c8,q_lt_q20,44750
b82b5bd7-4174-4bef-9d90-9080ebe77b8a,q_lt_q20,42350
b855cfed-46a0-4261-9d48-9d43d21a6315,q_lt_q20,44550
b86817d4-c71b-4bd4-ab64-4982bf812b12,q_lt_q20,44450
b8969b34-a0cc-4974-8893-e869f7200726,q_lt_q20,43700
b8ddf775-3ff9-4c27-89dc-a6a7dcd628ca,q_lt_q20,45750
b8e0fbe8-8d4f-4bd7-bd4e-068972edf6ea,q_lt_q20,41500
b8e7dfb4-b7ee-452e-976f-1e59a1a661a4,q_lt_q20,41350
b92a2ca3-4eb9-4a8f-b82f-8bbc2a1dfbc9,q_lt_q20,42100
b92fdc04-60cc-49fd-b109-2ea6da11208d,q_lt_q20,43650
b990584a-6da0-414d-a165-df8f52eaa5e7,q_lt_q20,44050
b9933a62-f326-4d77-9206-ebb335161831,q_lt_q20,44200
b9a652c1-1645-4fd5-8a34-bb3aafc499db,q_lt_q20,42950
b9f6ea7e-8e51-4647-ad81-a418ef6063ab,q_lt_q20,43550
ba894894-8201-40e8-8fb8-33aa2c4878f9,q_lt_q20,42450
bb02cfc2-0819-427b-bb42-80099ce25bc6,q_lt_q20,42150
bb76f2e9-4a9d-4ffb-a78b-f457e5d0325d,q_lt_q20,41750
bb7d0230-c1be-41f4-904d-aa67307fca67,q_lt_q20,43400
bba59546-8f69-4a24-8cc1-f4cdaebd754e,q_lt_q20,47800
bbaa85be-3a06-4d2b-b5ad-7f1f55b6554d,q_lt_q20,42650
bc20e967-2251-471b-b636-ff517f9e3d39,q_lt_q20,45200
bc461833-6006-4224-8820-31c35ec58822,q_lt_q20,44650
bc7fac98-151e-4220-ab79-455a095ea290,q_lt_q20,45050
bce8bf9b-9b67-4bee-9c90-3c7f65c3444e,q_lt_q20,44200
bce9c8be-26c4-40b1-b852-715b016440e5,q_lt_q20,45850
bd2496a3-6740-41be-b251-6d2b231a55ab,q_lt_q20,42450
bd669418-92e4-48fd-baf1-617249b435d0,q_lt_q20,44200
bda687ce-f308-4f70-b53f-c172c70b0e89,q_lt_q20,46400
bdf4b017-b900-4dd5-b889-8990d9a2ee36,q_lt_q20,43800
be0a7858-95c9-43aa-a054-0dc1989349f8,q_lt_q20,43800
bed0ef93-6faa-4f98-af56-bfb3fed3ed61,q_lt_q20,44050
bf06f547-e1ed-4473-b1e8-2581d8bfc70f,q_lt_q20,43350
bf679fd0-8d8f-4815-a569-ec798d81f324,q_lt_q20,42750
bf85754c-4e6e-481b-9f58-a4fe2bf249cd,q_lt_q20,43700
bfdc1b44-5cc4-469c-886d-bcd500a32919,q_lt_q20,42900
c001fee0-4166-478c-ba13-f7a38b325012,q_lt_q20,46550
c011ca8b-b2b8-4303-85fe-27f81a17fcb9,q_lt_q20,45200
c02ac46e-bfca-4209-8521-5e1b8f2a7459,q_lt_q20,45650
c0744418-231d-4953-be28-bbef415aea01,q_lt_q20,44850
c0b28d37-0ec8-4944-a45c-4287cc506a26,q_lt_q20,43200
c0c0f44d-7ad5-4f0c-8076-a783003c1805,q_lt_q20,43800
c0d741a3-b820-4da9-a2ba-7efd545c3dd6,q_lt_q20,45500
c10d61a3-fc5d-4d96-bf9f-57a97b6256c0,q_lt_q20,40500
c126ae2b-2a89-4867-ad78-2a0685b93678,q_lt_q20,42400
c15cb7f2-77d1-4cc2-8742-5adead1be2b4,q_lt_q20,44750
c1773369-9f5c-4cc6-a934-9b7d58625cbb,q_lt_q20,49100
c18ebd8a-6bed-4687-8b80-0f20e9c2b22b,q_lt_q20,44500
c19762f5-2d97-4f44-99fe-e54536bf018c,q_lt_q20,44350
c1c64084-6c91-47b4-8c8c-ecedec9ee99d,q_lt_q20,47250
c1de8290-0a62-480b-b4e4-4084ac640aa2,q_lt_q20,42000
c1e5e157-2320-48a9-9bb7-18db98d85fcb,q_lt_q20,44550
c2322212-f769-43af-83db-08d03c1e0f49,q_lt_q20,42750
c257f8de-5cf1-4c1f-9b46-deea2006d745,q_lt_q20,42800
c2ced941-2e52-41f7-a7d3-65d3a8064c03,q_lt_q20,44650
c2edd464-b8c1-4e06-bbcd-2f2fdcd88501,q_lt_q20,46400
c2f93251-15b1-4243-ab56-96c4af4cce11,q_lt_q20,43550
c305da5e-a910-49d8-b07c-434b1d1ee109,q_lt_q20,43450
c357b418-078d-4ac2-9cf3-27eee4c4ab78,q_lt_q20,42750
c3599c4c-3209-4752-9165-542d2e9009b7,q_lt_q20,42700
c387e53c-84f5-4533-b970-8c3ea7b7a0fc,q_lt_q20,44150
c3b5b925-f539-4546-ab96-9ad257fa16d9,q_lt_q20,43950
c46d1245-e34a-4ea9-8c4c-410357e80e15,q_lt_q20,41900
c4914aa1-8d0d-4d70-9918-e760fa9aaf88,q_lt_q20,42350
c4cbc20d-2913-47d5-8d62-a15e65403434,q_lt_q20,44400
c570853f-a563-424f-aeb2-a926b1c30223,q_lt_q20,43700
c5a79e93-7589-4030-b93f-9ca42a58392c,q_lt_q20,43700
c5b13f08-cdf0-41ab-8bbf-7b8587744459,q_lt_q20,45100
c5d22f06-385f-46f2-bbce-4501ab51871f,q_lt_q20,46650
c5d27c71-07b5-4a2d-a1eb-cb858c1904d1,q_lt_q20,44050
c6b8695d-5d3f-405c-b3c5-970e8d11e4d9,q_lt_q20,43950
c7e13884-4a02-4df3-b184-09aea28cf8e8,q_lt_q20,45250
c7e88659-7744-4aa0-b62e-93cb6c25ef2b,q_lt_q20,41850
c89d57ed-e3aa-4931-820f-0ee58142ae44,q_lt_q20,43900
c8c5399f-0a0e-4a83-bf3e-475a9de5cac7,q_lt_q20,44050
c8d339ae-22a7-413e-90d5-ef4884026eba,q_lt_q20,44400
c8dd48fe-9e31-4096-986a-bf4c67648c7a,q_lt_q20,47200
c8f86ce2-0e87-441d-937b-17cce6b52e12,q_lt_q20,46600
c95332b9-0da9-4681-8e56-ac4e64a30d63,q_lt_q20,42450
ca41ca6f-ae17-4788-bcee-b32c1a918983,q_lt_q20,42400
cab00cd1-b095-4ab5-9b8c-1b5089373562,q_lt_q20,47800
cabb0f6a-7ebe-464a-b695-40fc6d08cd3c,q_lt_q20,43550
cad502d9-12f9-4449-a1e5-568b9f7d32e6,q_lt_q20,48900
cb5596d4-deb7-4784-ad4e-5c21279082ab,q_lt_q20,43700
cba899d9-2eee-4a91-b0ef-91335aaca422,q_lt_q20,47450
cbc3fc1b-88ef-4f46-b12e-6eb97e45059c,q_lt_q20,43150
cc0cedad-23fc-4893-b83c-1f47871293bd,q_lt_q20,44500
cc169352-30d8-4fc4-884e-b37cafbfad0f,q_lt_q20,44350
cc169352-30d8-4fc4-884e-b37cafbfad0f_031004,q_lt_q20,44350
ccd2dcd2-9439-41e6-9e0a-cf124e772a68,q_lt_q20,43550
cd030991-ff87-43dc-8563-284195518ffa,q_lt_q20,44900
cd8c5956-30bd-4242-9d18-ce24ce0a3f30,q_lt_q20,44900
cd911250-e87c-45d0-8668-03981c6876e5,q_lt_q20,42250
cdbecc7a-6bfa-41c2-8c38-222c43367fe2,q_lt_q20,42650
cdeb0ab1-6c05-43f5-aa47-cb6248d8ffee,q_lt_q20,47100
cdfa6633-f9c0-4bed-b0b0-098b85310b5c,q_lt_q20,48000
ce15ea40-742a-4221-ab0c-166d42ef4fa6,q_lt_q20,48400
ce975340-e8ff-4b3d-bfc5-7ba57026ac22,q_lt_q20,44300
cea9b5f0-588a-4d9c-a43c-eceffa56b782,q_lt_q20,44050
cf3b4439-a244-41c8-b3e6-089f5ba5cee2,q_lt_q20,44750
cf4bcfd5-1059-4fd2-b742-0e9866ad4997,q_lt_q20,42700
cf8c9032-6d1d-473d-b304-3837260188cb,q_lt_q20,48400
cfb660d2-2aa9-4a18-9607-6dbeec51611a,q_lt_q20,42700
d0133283-1904-4459-8ce5-88d7786ac802,q_lt_q20,48450
d030d4a1-e9bf-4d16-9116-76966ec1d112,q_lt_q20,44700
d031ef9f-4e50-4c68-aa43-9b5589c32874,q_lt_q20,45050
d0bdcc52-363a-4c03-830f-656e7e1d35f9,q_lt_q20,44050
d0bdea3c-41c2-4ad7-8b19-28f968b4ce61,q_lt_q20,41000
d0d00ab4-bfa9-458c-96c3-33dd5a401559,q_lt_q20,50750
d140f62b-b08a-4a64-be9d-f808f4e06140,q_lt_q20,43950
d173a23d-0450-4ca0-8aae-0524490e9d75,q_lt_q20,45250
d19726f9-e3db-455e-904e-b6c91934cd34,q_lt_q20,46300
d1a229c2-1eec-43dd-8b89-1999568e293c,q_lt_q20,44350
d1df8d19-d1f7-4e83-8aa6-75820613be72,q_lt_q20,43050
d209d76b-f251-4972-99d8-3a0a02c1852d,q_lt_q20,43450
d21c59dc-848c-4c13-97eb-edbb1e71b767,q_lt_q20,45800
d21f1e9f-b6ba-4491-b6cf-faf227813d47,q_lt_q20,42850
d2cd29dc-cf55-4a2e-9836-7c2ab0f8912c,q_lt_q20,46700
d2d2a44c-25cb-4b0d-b4a5-4929e1d11975,q_lt_q20,45100
d2dcdeb9-5c08-471b-8d86-e0e1bc1d4c9c,q_lt_q20,44250
d2eec541-fc9b-495b-9fdb-f9bf3e039940,q_lt_q20,47650
d30dd811-b003-4eab-ba7f-c17562766b04,q_lt_q20,42850
d32a665b-92bd-450e-98fb-2dc9398ac805,q_lt_q20,44300
d32a665b-92bd-450e-98fb-2dc9398ac805_5106_w1TH,q_lt_q20,44300
d32a665b-92bd-450e-98fb-2dc9398ac805_5106_w2TH,q_lt_q20,44300
d33ce11e-590d-4d44-af55-6a9b0c27e829,q_lt_q20,46150
d3571177-b605-4823-a6c8-507504375df3,q_lt_q20,43100
d40cdbf5-7aea-4789-8bb5-d590b2b89ae4,q_lt_q20,43250
d42b68be-0da7-4519-ba9a-e24f789d9c10,q_lt_q20,44350
d45605aa-9a74-44d7-a684-5c9f3ca763da,q_lt_q20,43150
d4c7cdbf-5fea-4ed6-9d5c-cb527ff5fd23,q_lt_q20,42650
d52a0bf4-3d55-4913-b0e7-8f1b3ca17e38,q_lt_q20,40800
d52d0eab-1e64-4d76-a1f2-e81c7948d2c0,q_lt_q20,43400
d54a74bc-7d2c-400e-abbd-e2ec37f9460f,q_lt_q20,44400
d59509c9-a7c1-4cac-8f12-2e0287c59a63,q_lt_q20,48350
d5d96cd8-8fe7-4dd3-8c57-b782a999f92b,q_lt_q20,44400
d5e3c53b-bae6-4df5-9d14-c087e9fa2467,q_lt_q20,45450
d5f9c660-4e50-47c9-bb58-190acf22cf6e,q_lt_q20,47050
d65f7681-89ab-4aff-9c42-59da80eb5120,q_lt_q20,44450
d69fc777-cc14-47e1-993f-283e08920328,q_lt_q20,43500
d6af1698-3999-4a5d-a449-693dc8bd8f98,q_lt_q20,43500
d7896c1f-b892-4272-b78a-9bb4d5a53c5b,q_lt_q20,42400
d7af3b3d-cad2-464d-bf4a-7449d85152c1,q_lt_q20,47050
d7ba84de-0fa2-4577-9ef4-978335a86360,q_lt_q20,41900
d7ea5745-0ca5-40fa-b5c9-3f788256411b,q_lt_q20,42300
d8247910-913d-471a-abb1-11ee26969d96,q_lt_q20,44600
d8fd996a-b726-4415-a41c-3150f506441c,q_lt_q20,44100
d939b5a0-012f-4082-ad1e-eba74d1f65d5,q_lt_q20,43850
d96cf58d-21f6-49bd-85e1-8db63a693645,q_lt_q20,43850
d96cf58d-21f6-49bd-85e1-8db63a693645_151805002,q_lt_q20,43850
d977db74-52e3-46a6-91e8-42aa82d83e68,q_lt_q20,44800
d9f8ae6e-a12e-4fbf-972e-21c89e521789,q_lt_q20,41400
d9ff999c-0258-41fc-abae-b4f4bcf10fee,q_lt_q20,43250
da031053-d267-49da-857a-b8e28a7205eb,q_lt_q20,45450
da7b6a82-062b-4723-9d9e-8fb7ca9b52c3,q_lt_q20,45450
da7eb1f2-d42a-4707-8f04-d414dfb2de8d,q_lt_q20,44700
daa47a41-8f5a-4edb-9840-e0a13533cc64,q_lt_q20,43900
daca0d8d-b3de-4945-81fb-b01f249210f6,q_lt_q20,41850
db1d776d-2226-4979-8b90-733c0f352d32,q_lt_q20,42700
db461ec1-3ea7-4ae3-bc19-916d7ee6358f,q_lt_q20,41350
db55568d-bd13-4e3d-bea3-7d188796ecf7,q_lt_q20,44100
db5a4b77-c057-48a5-a174-f99045ad9bf2,q_lt_q20,44750
dba1953a-a80a-4e6c-a12f-3f7a8e2e12cd,q_lt_q20,48250
dbc64462-fd71-4527-995e-7ba62c05b63c,q_lt_q20,45950
dc053ba2-8d2d-47dd-8c61-6246607bda41,q_lt_q20,42400
dc333991-0a0d-4184-a230-30457e374bed,q_lt_q20,40800
dd3c856a-bb15-42d0-bbf4-d0a816f20946,q_lt_q20,44900
ddd4ea67-eff3-47b8-972c-dc5239620add,q_lt_q20,45750
ddedb4d9-b2be-47c1-998d-acbc0ffb124b,q_lt_q20,45550
de59cc50-5443-4a4e-a560-352a4e1d9df0,q_lt_q20,44900
de8912c4-f8c4-4c98-8a7a-7f0f5ef137f2,q_lt_q20,46500
dea2b321-7f1c-4acc-8839-99cf945d61d5,q_lt_q20,49150
df197117-d3ba-4706-b6f5-a7c773ebab31,q_lt_q20,43800
dffdaf0f-e68b-465b-bc33-3b7aafbf6381_U33026,q_lt_q20,44100
e022dc85-f244-4f07-8ca5-27441bbebc0e,q_lt_q20,44400
e02a1b65-521b-4672-a336-14aae201ac78,q_lt_q20,50400
e0cc2ab9-31be-4249-9568-65b76de876c2,q_lt_q20,43250
e0d2a692-1121-4c41-9b53-d0537f2efc62,q_lt_q20,43150
e0d7edb6-75f8-422a-b533-365a1d4c03b2,q_lt_q20,43600
e110ae98-cc33-42ab-9d28-1b5d7104af3f,q_lt_q20,42150
e1167305-106b-4cd6-adbb-83d90590079e,q_lt_q20,44550
e18394ec-4cb0-4fd6-b078-f2686bdac694,q_lt_q20,43150
e1d6ff27-89cd-43d1-bd23-699952662cb4,q_lt_q20,43150
e268ebd4-97ae-4e44-857d-d01c4d838027,q_lt_q20,46100
e2b68116-d475-407a-844f-346f2750486d,q_lt_q20,41450
e2db454d-9cdd-43b0-b47c-6fb047bd6fb4,q_lt_q20,45100
e30e2f0a-e9ca-415f-8fb9-0df9f0133591,q_lt_q20,43250
e32552e7-61fc-46f0-b5eb-e89930abc712,q_lt_q20,44600
e333da21-e6fd-421c-8c30-b56f1ec745c5,q_lt_q20,42100
e3717cf6-37f9-4c3a-bfcc-6e87acbb049b,q_lt_q20,47450
e37d3d7e-592c-4f88-baac-0e359a750c74,q_lt_q20,44700
e3990cb0-3ae8-4cd4-b009-55290be90c92,q_lt_q20,43200
e3a215cc-bf59-44e6-9c07-90122efea9e5,q_lt_q20,45800
e3a3cd09-9117-4661-9ccb-4a36d5ada337,q_lt_q20,45150
e3af9eda-897e-4d7c-9367-dd6cf7f89ebc,q_lt_q20,44450
e3cbc7c6-f62f-4848-9b2c-75e0da09b9a3,q_lt_q20,44800
e4122606-b2ba-4461-9e13-0af12f5da7f6,q_lt_q20,44450
e425b61d-9bb5-4dc0-a4d7-0d31560f8a9a,q_lt_q20,43800
e4ef0a1b-2cd2-4488-b8c1-cdd506ab9b08,q_lt_q20,43550
e5a69868-4eda-4f41-bae9-772ea424752b,q_lt_q20,43500
e5dac99a-1800-40a7-be02-f9b8ac335659,q_lt_q20,42400
e61b060b-5b5b-4695-a2be-79e50c699c2d,q_lt_q20,43200
e66fe85a-e60d-4111-8c53-ff52ee56517b,q_lt_q20,42300
e6eae01c-0f7d-4748-b8f1-ee199284b543,q_lt_q20,43150
e6f18d6b-f5ab-4e66-b9c6-4fe1172219c4,q_lt_q20,45100
e748b4a1-bc3a-4023-b3e6-3abb27009f04,q_lt_q20,43750
e75cd792-de7e-4644-b36a-37edd76a76a9,q_lt_q20,44000
e786e60f-a0f1-4955-aa57-f22ba39c7427,q_lt_q20,46700
e7bc8b2f-525b-4f1f-902d-6398a291f85f,q_lt_q20,47350
e7d8bbb6-5bba-4057-9f49-a299482c3348,q_lt_q20,44950
e81f2363-eca0-4b47-a851-349da6a849b6,q_lt_q20,45150
e882d716-0531-48c0-969a-84ed85fccce6,q_lt_q20,46750
e8cc21fc-0770-4aee-8ce3-a344c8d465d3,q_lt_q20,44450
e8da76c5-b952-4142-ac96-4d16664b4494,q_lt_q20,43300
e95f12d8-a67b-459d-a9ab-bb233c20799d_F2595,q_lt_q20,46300
e95fa94f-f9e4-419a-aac4-c7bb11aadd58,q_lt_q20,45050
e96f8156-84b5-49aa-b931-5698f421b729,q_lt_q20,44650
e9c72be8-dea1-4a5d-8af7-05dce5f419ee,q_lt_q20,44200
e9d3271d-1599-4751-b98a-e7c9e783e512,q_lt_q20,43200
e9da9527-28c6-4cb1-8b70-6e5460afcae3,q_lt_q20,44450
e9f95177-02be-41bb-8728-40fe217bb6e1,q_lt_q20,45250
ea442d7a-f666-450a-a04f-449b7aec9edb,q_lt_q20,45250
eb0f6b17-4bc0-409d-90be-a6db939a8513,q_lt_q20,42150
eb97fa6f-d2c5-49db-8829-7b994b0a68be,q_lt_q20,44450
eba748a3-ebd6-4141-a671-5ef94b896ffa,q_lt_q20,43250
eba748a3-ebd6-4141-a671-5ef94b896ffa_453202901,q_lt_q20,42800
ebb603ce-8fde-4de0-acad-481632c0566a,q_lt_q20,45450
ebead23d-acc0-4a2a-89a5-8dcd327767fb,q_lt_q20,43300
ec93787b-03e6-445b-b17d-d4481b7d7e9c,q_lt_q20,42750
ecf7d51a-1308-44fd-aaf6-7d2292332eac,q_lt_q20,44200
ed2ab3fa-21c0-40db-970f-267924240421,q_lt_q20,41750
ed2d0622-1e92-4886-a748-df6b7586d52c,q_lt_q20,43950
ed9676ff-3b2e-4282-8a67-6882b2222e02,q_lt_q20,43900
edbe7bd4-b3a4-4f9f-9d33-e932017531d7,q_lt_q20,44250
ee1fdcfd-15f4-4a19-8356-acee538ae78d,q_lt_q20,41700
ee2f12c8-bf0a-470c-9a21-c0ad1ccc53f6,q_lt_q20,44350
eeeac5e4-672d-4472-893d-6ce4c6bab120,q_lt_q20,44400
ef6614a2-669d-4bc9-95e1-bb5acfb9a7d0,q_lt_q20,44500
ef76b105-7412-45fc-976d-972c1f7e185a,q_lt_q20,43150
efc7f52a-ca89-4d56-bea1-7758811ee22d,q_lt_q20,42300
efe2509e-d4c4-42a8-ae09-dcc1ffcbfe67,q_lt_q20,42650
efe53bb2-d752-4aa6-af43-e2240eae3675,q_lt_q20,42500
f02dce57-8c7c-4741-941e-9638164be462,q_lt_q20,44500
f04861d7-1fea-4282-ba7a-610c44cd039c,q_lt_q20,43750
f04ca4c9-40b2-431c-a944-863443457ac0,q_lt_q20,43600
f053c518-139a-4210-b305-ac3f7ac95075,q_lt_q20,44800
f06167e7-dd9e-4ce6-81c8-176d2d8b706d,q_lt_q20,45750
f06fd5b9-7da7-41db-a784-bd785ad3264e,q_lt_q20,44100
f06fd5b9-7da7-41db-a784-bd785ad3264e_151806011,q_lt_q20,44100
f0718c85-fbe6-4bb5-9a00-91ef53c38567,q_lt_q20,50600
f0719364-e4e5-4607-afce-a6f475d182e1,q_lt_q20,42750
f0b04c16-532d-43d4-b497-d52a57b45eb2,q_lt_q20,41900
f0ce59f5-6075-4861-8976-be2f44424535,q_lt_q20,43300
f120647f-1a02-4597-8ba7-3cd7a1c90635,q_lt_q20,44150
f1914b03-f60b-4174-9966-743e4fae2f61,q_lt_q20,49700
f22f80f8-1bb0-4e77-b225-291487060c6f,q_lt_q20,42200
f25278f2-f4b5-4d32-86b1-e00e6cd33a6f,q_lt_q20,43850
f311890e-f160-4533-9cfe-39271fc164e6,q_lt_q20,42100
f31fc8d7-3883-493b-be85-80fefa7068c5,q_lt_q20,44700
f3536ad3-46f4-4882-a605-260958220d85,q_lt_q20,41650
f357a614-cd56-4425-a685-133aa736e0c8,q_lt_q20,41550
f35edef4-7f87-4020-8088-95ea60da2b79,q_lt_q20,42800
f383556c-5233-45b1-aaa0-50959327d3d2,q_lt_q20,48750
f387d5f1-d06d-48fd-92a1-ede9bdebdc10,q_lt_q20,42750
f3904234-3063-44ac-b93a-0f52861ddbb4,q_lt_q20,48800
f409c5a2-5d4f-41d2-a734-b0707c778dd5,q_lt_q20,42200
f40d1dc8-2f89-441f-963c-2b15f4cfd7ff,q_lt_q20,44850
f44bf96d-3953-4fec-88bd-30ef4e12e523,q_lt_q20,43150
f45e1714-c4b4-44cc-9687-79d736a3a061,q_lt_q20,43250
f463f458-8115-42d8-834a-c6872116737d,q_lt_q20,42400
f47d3873-02f3-42e2-a96f-770c47772d6b,q_lt_q20,43500
f48b6a3b-96f0-40cf-9f97-22d0ba05652b,q_lt_q20,42100
f4a37857-9d23-4ab2-af0d-81171ad0d52a,q_lt_q20,41750
f4b5a4cd-85af-4782-9be0-97782029e7ab,q_lt_q20,44300
f4c0be26-7222-4c60-a6a1-bba413c33ca0,q_lt_q20,44050
f4e33ecf-176b-44e9-b45f-8f2990d18547,q_lt_q20,50400
f516b38c-16cc-4cda-94e7-6a85ee01b7b3,q_lt_q20,43950
f54d561e-dae2-4cab-94f1-215a02dfc308,q_lt_q20,43850
f5a87f88-4a45-494d-84e3-19ea46205316,q_lt_q20,44250
f5b37267-c78d-4e3e-9fca-0a380d46ffc8,q_lt_q20,47450
f5fecb83-cfac-4e5d-8b4c-1f8e2ca0ebb2,q_lt_q20,43200
f62ffa59-4994-4d08-a962-69378aa1b2e6,q_lt_q20,44250
f6570b4e-8721-4397-885a-7ecfeab86cd8,q_lt_q20,45150
f74e22c2-ba83-4a05-9303-d1e2b93c54bf,q_lt_q20,41350
f7897367-bb3b-4599-8184-b8941e889c9c,q_lt_q20,44050
f7f3bf26-071c-4119-8702-d0d410b7fc07,q_lt_q20,42800
f7fe310d-d263-486b-ab70-a4663975f7bd,q_lt_q20,45000
f8531ce2-c39e-4eaa-89a9-67302cacc66f,q_lt_q20,44750
f865f658-a32e-4601-b61e-e5c2f02c578a,q_lt_q20,45400
f868632b-012e-4605-996e-3e3becadafc2,q_lt_q20,41900
f8701e94-8375-4a79-865d-69acdea0853d,q_lt_q20,43850
f8745051-b1d4-47f0-96b5-76b67c6ebaf4,q_lt_q20,42700
f8ae6b4c-56c4-45a1-b83f-4697843b937f,q_lt_q20,45250
f8b80146-bdfd-419b-9d09-1bd05c274034,q_lt_q20,43700
f926adb6-6408-4d86-98b1-7c76f4bdbc37,q_lt_q20,45100
f9fcfbc0-af1b-46f6-bf20-6d8aedc1c72f,q_lt_q20,45550
fa1df2df-6c46-45ec-9aad-331c095431cb,q_lt_q20,43500
fa40b47d-6153-472f-9b91-f7ac3444071a,q_lt_q20,44100
faba42fb-8de9-4e60-a4f8-47c8271320e3,q_lt_q20,44450
fad760ef-0c6e-48df-a1c5-01d3f471cbb0,q_lt_q20,42500
fafd42b9-ed79-459c-98a6-83b7692eab78,q_lt_q20,44050
fb8bcdf9-89d2-419c-bdca-d1d1a8c97586,q_lt_q20,43700
fb9489af-81db-46cc-890e-1567c1f386a6,q_lt_q20,44950
fc053c40-2354-4f94-add2-1aa71fb0afc6,q_lt_q20,42100
fc26adc8-491a-4f56-a5a0-20d775dc0c7a,q_lt_q20,44500
fc5e2495-e6bf-4b91-bf05-547b8ce5fa8c,q_lt_q20,41750
fc82d49c-8b70-4e21-b1e3-0b648bf5b835,q_lt_q20,44500
fc8999c2-d9ad-4a1a-887b-2f9c10f11689,q_lt_q20,44550
fcb795f4-07bc-4ae0-8372-041644e7f275,q_lt_q20,44350
fcdd7420-c000-4db7-99fa-3835a65372fe,q_lt_q20,41050
fce4a0d2-2406-4c67-8bf4-35cd091e6545,q_lt_q20,47950
fd0f850f-2f54-46c0-ad53-1c56361d930c,q_lt_q20,50750
fd43ce67-61f8-481b-8547-0d899aa63c0b,q_lt_q20,43400
fd8ea26c-8052-48c5-a1bb-bbd5ebbbb3d3,q_lt_q20,44400
fdc0c6cb-c938-4b40-9b8d-6bc0f81dbbec,q_lt_q20,43750
fdfac74b-f168-40d6-9f97-2efc9ac6a964,q_lt_q20,44900
fe43947f-a0e9-49fe-9a11-5ef97f102fbd,q_lt_q20,43950
fe57175f-cfc7-4fcb-bed7-6a146ef67336,q_lt_q20,43150
fe6e0031-6278-4cf6-8097-8939a90a141d,q_lt_q20,45150
fe864cfb-0782-4369-8343-951e2ad01992,q_lt_q20,47400
fee4928e-59c8-4f42-b1b1-9299ae2d71f1,q_lt_q20,43400
ff467050-5094-4775-be40-2da994ad8650,q_lt_q20,49400
ff6ae1df-8fa7-4f88-9710-cb3b4fcde8a1,q_lt_q20,43900
ffe31960-febf-4c98-963d-6f23354add54,q_lt_q20,46000
fff0c2da-54e5-40af-9618-a97848d71c2e,q_lt_q20,42350
223202,q_lt_q20,44250
224201,q_lt_q20,45750
224206,q_lt_q20,44150
224213,q_lt_q20,44600
224214,q_lt_q20,48200
225213,q_lt_q20,50900
225218,q_lt_q20,46650
225219,q_lt_q20,46400
226204,q_lt_q20,49150
226209,q_lt_q20,50700
226220,q_lt_q20,52000
226226,q_lt_q20,50350
226402,q_lt_q20,46650
226410,q_lt_q20,49950
227200,q_lt_q20,47650
227202,q_lt_q20,51300
227211,q_lt_q20,50750
227219,q_lt_q20,50650
227225,q_lt_q20,48200
227226,q_lt_q20,50550
227227,q_lt_q20,49850
227231,q_lt_q20,49650
227236,q_lt_q20,51000
227237,q_lt_q20,49950
230205,q_lt_q20,46700
230210,q_lt_q20,49200
231211,q_lt_q20,46200
231213,q_lt_q20,49500
231225,q_lt_q20,48200
234200,q_lt_q20,46950
234201,q_lt_q20,46750
234203,q_lt_q20,50250
235202,q_lt_q20,51300
235203,q_lt_q20,51550
235210,q_lt_q20,50100
235211,q_lt_q20,50400
235234,q_lt_q20,51950
235237,q_lt_q20,50950
236205,q_lt_q20,50100
236212,q_lt_q20,48700
236213,q_lt_q20,49100
238204,q_lt_q20,48300
238208,q_lt_q20,49400
238223,q_lt_q20,47350
238229,q_lt_q20,48650
238230,q_lt_q20,49950
238231,q_lt_q20,46200
238235,q_lt_q20,48850
402204,q_lt_q20,42750
402206,q_lt_q20,43550
402213,q_lt_q20,42350
402217,q_lt_q20,43350
403213,q_lt_q20,41300
403214,q_lt_q20,43650
403217,q_lt_q20,47750
403221,q_lt_q20,41950
403222,q_lt_q20,45150
403224,q_lt_q20,41850
403226,q_lt_q20,42050
403232,q_lt_q20,45450
404207,q_lt_q20,42800
405205,q_lt_q20,51000
405209,q_lt_q20,45950
405214,q_lt_q20,44350
405215,q_lt_q20,45450
405218,q_lt_q20,48950
405219,q_lt_q20,49700
405226,q_lt_q20,45200
405227,q_lt_q20,51400
405228,q_lt_q20,43950
405231,q_lt_q20,48950
405234,q_lt_q20,44000
405238,q_lt_q20,45100
405241,q_lt_q20,47650
405245,q_lt_q20,43550
405248,q_lt_q20,44450
405251,q_lt_q20,43500
405263,q_lt_q20,49350
405264,q_lt_q20,51200
405274,q_lt_q20,44100
406208,q_lt_q20,49950
406213,q_lt_q20,43500
406214,q_lt_q20,42550
406226,q_lt_q20,43650
406235,q_lt_q20,42500
406250,q_lt_q20,49650
407253,q_lt_q20,40750
408200,q_lt_q20,41450
408202,q_lt_q20,44350
408206,q_lt_q20,43250
415201,q_lt_q20,43650
415207,q_lt_q20,44450
415237,q_lt_q20,43500
415245,q_lt_q20,43600
602004,q_lt_q20,44400
603003,q_lt_q20,46300
603004,q_lt_q20,44900
603005,q_lt_q20,47100
603007,q_lt_q20,45600
603136,q_lt_q20,48000
603190,q_lt_q20,47050
604001,q_lt_q20,46500
604053,q_lt_q20,47250
606001,q_lt_q20,46200
606002,q_lt_q20,46750
606195,q_lt_q20,47000
607003,q_lt_q20,46500
607004,q_lt_q20,47250
607007,q_lt_q20,44700
607013,q_lt_q20,46950
607144,q_lt_q20,44250
607220,q_lt_q20,50100
608002,q_lt_q20,48600
608151,q_lt_q20,47550
609002,q_lt_q20,44550
609005,q_lt_q20,41850
609018,q_lt_q20,47400
611004,q_lt_q20,42450
611111,q_lt_q20,44650
612001,q_lt_q20,42250
612014,q_lt_q20,42900
612025,q_lt_q20,40800
612034,q_lt_q20,42100
612230,q_lt_q20,41950
613002,q_lt_q20,47600
613146,q_lt_q20,43050
614006,q_lt_q20,45050
614037,q_lt_q20,42600
614044,q_lt_q20,44800
614196,q_lt_q20,41900
614224,q_lt_q20,42050
616001,q_lt_q20,42100
616002,q_lt_q20,41900
616006,q_lt_q20,39200
616013,q_lt_q20,41050
616019,q_lt_q20,41200
616041,q_lt_q20,44300
616178,q_lt_q20,40350
616216,q_lt_q20,40350
617002,q_lt_q20,41800
617003,q_lt_q20,41450
701009,q_lt_q20,39800
704139,q_lt_q20,38800
707005,q_lt_q20,39500
708011,q_lt_q20,39650
710003,q_lt_q20,39550
802055,q_lt_q20,41650
803003,q_lt_q20,40250
