station_id,mask,BulkDensity_rootzone_weightedMean_gcm3
410024,q_lt_q20,1352.65
410026,q_lt_q20,1456.95
410033,q_lt_q20,1363.8
410038,q_lt_q20,1429.5
410044,q_lt_q20,1478.7
410047,q_lt_q20,1508.25
410057,q_lt_q20,1412.45
410061,q_lt_q20,1370.05
410062,q_lt_q20,1360.35
410088,q_lt_q20,1276.9
410141,q_lt_q20,1362.25
410156,q_lt_q20,1477.65
410705,q_lt_q20,1390.3
410713,q_lt_q20,1385.4
410730,q_lt_q20,1231.45
410731,q_lt_q20,1346.75
410734,q_lt_q20,1345.95
410761,q_lt_q20,1372.1
411003,q_lt_q20,1370.2
10500000,q_lt_q20,1289.8
11400000,q_lt_q20,1126.95
12370000,q_lt_q20,1412.025
12500000,q_lt_q20,1421.25
12520000,q_lt_q20,1442.4
12700000,q_lt_q20,1363.6
13150000,q_lt_q20,
13470000,q_lt_q20,1445.5
13600002,q_lt_q20,1433.35
13710001,q_lt_q20,1386.2
13750000,q_lt_q20,1349.35
13870000,q_lt_q20,1343.25
13880000,q_lt_q20,
14100000,q_lt_q20,
14110000,q_lt_q20,1208.8
14230000,q_lt_q20,1372.75
14250000,q_lt_q20,
14280001,q_lt_q20,
14310000,q_lt_q20,1393.925
14330000,q_lt_q20,1350.9
14350000,q_lt_q20,1360.45
14440000,q_lt_q20,1386.05
14515000,q_lt_q20,
14526000,q_lt_q20,1476.7
14680001,q_lt_q20,1414.25
15130000,q_lt_q20,1436.95
15400000,q_lt_q20,
15700000,q_lt_q20,1413.25
15800000,q_lt_q20,1365.35
15910000,q_lt_q20,1427
15930000,q_lt_q20,1426.15
17050001,q_lt_q20,1378.6
17090000,q_lt_q20,1447.15
17200000,q_lt_q20,1416
17345000,q_lt_q20,1364.2
17350000,q_lt_q20,1365.95
18200000,q_lt_q20,1482.5
18850000,q_lt_q20,
19150000,q_lt_q20,1395.15
20200000,q_lt_q20,1430.5
20250000,q_lt_q20,1389.05
21500000,q_lt_q20,1435.9
21750000,q_lt_q20,1468.05
22050001,q_lt_q20,
22680000,q_lt_q20,1464.95
22700000,q_lt_q20,1474.85
22850000,q_lt_q20,1468.25
22900000,q_lt_q20,1453.1
23100000,q_lt_q20,
23150000,q_lt_q20,1459.4
23220000,q_lt_q20,1478.95
23230000,q_lt_q20,1479.1
23250000,q_lt_q20,1476.35
23300000,q_lt_q20,1473.6
23600000,q_lt_q20,
23700000,q_lt_q20,1401.05
23710000,q_lt_q20,
24050000,q_lt_q20,1446.6
24200000,q_lt_q20,1457.8
24500000,q_lt_q20,1468.2
24700000,q_lt_q20,1417.15
24750000,q_lt_q20,1464.85
24780000,q_lt_q20,1433.25
24800000,q_lt_q20,1430.9
24850000,q_lt_q20,
24900000,q_lt_q20,1424.65
24950000,q_lt_q20,1418.15
25100000,q_lt_q20,1410.95
25130000,q_lt_q20,1452.25
25200000,q_lt_q20,1340.45
25700000,q_lt_q20,1446.65
25950000,q_lt_q20,1450.9
26040000,q_lt_q20,1382.2
26050000,q_lt_q20,1442
26100000,q_lt_q20,1443.2
26200000,q_lt_q20,1316.5
26300000,q_lt_q20,
26350000,q_lt_q20,
26720000,q_lt_q20,1430.45
27500000,q_lt_q20,
27550000,q_lt_q20,1465.55
28150000,q_lt_q20,1456.45
28300000,q_lt_q20,1413.3
28850000,q_lt_q20,1402.65
29050000,q_lt_q20,1425.8
29100000,q_lt_q20,1383.65
30080000,q_lt_q20,1412.8
30400000,q_lt_q20,1432.4
31490000,q_lt_q20,1340
31520000,q_lt_q20,1438.25
31600000,q_lt_q20,1464.5
31680000,q_lt_q20,1400.2
31700000,q_lt_q20,1223.15
32400000,q_lt_q20,1454.55
32550000,q_lt_q20,1480
32620000,q_lt_q20,1358.25
32830000,q_lt_q20,1482.35
33025000,q_lt_q20,1465.95
33170000,q_lt_q20,1464.15
33190000,q_lt_q20,
33205000,q_lt_q20,1472.95
33215000,q_lt_q20,1456.7
33250000,q_lt_q20,1496.8
33260000,q_lt_q20,1479.35
33270000,q_lt_q20,1481.6
33281000,q_lt_q20,1517.3
33286000,q_lt_q20,1490.65
33290000,q_lt_q20,1487
33321000,q_lt_q20,1464.65
33330000,q_lt_q20,1487.85
33380000,q_lt_q20,1491.25
33450000,q_lt_q20,1470.15
33460000,q_lt_q20,1468.4
33480000,q_lt_q20,1461.8
33520000,q_lt_q20,1424.45
33530000,q_lt_q20,1473.75
33550000,q_lt_q20,1506.7
33620000,q_lt_q20,1487.4
33630000,q_lt_q20,1498.5
33680000,q_lt_q20,1489.15
33730000,q_lt_q20,1482.7
33760000,q_lt_q20,1361.85
33780000,q_lt_q20,1478.5
34020000,q_lt_q20,1469.2
34060000,q_lt_q20,1448.55
34070000,q_lt_q20,1462
34090000,q_lt_q20,1458.3
34130000,q_lt_q20,1508.8
34170000,q_lt_q20,1451.25
34251000,q_lt_q20,1500.9
34311000,q_lt_q20,
34571000,q_lt_q20,1523.6
34660000,q_lt_q20,1464.75
34690000,q_lt_q20,
34730000,q_lt_q20,1516.3
34750000,q_lt_q20,1439.95
34770000,q_lt_q20,1515.75
34789000,q_lt_q20,1468.3
34879500,q_lt_q20,1437.5
34930000,q_lt_q20,1524.1
34940000,q_lt_q20,1505.35
34980000,q_lt_q20,1489.95
35235000,q_lt_q20,1510
35240000,q_lt_q20,1524.75
35258000,q_lt_q20,1506.5
35260000,q_lt_q20,1546.95
35263000,q_lt_q20,1511.5
35740000,q_lt_q20,1448.2
35830000,q_lt_q20,1524.05
36020000,q_lt_q20,1524.1
36045000,q_lt_q20,1510.6
36125000,q_lt_q20,1457.2
36130000,q_lt_q20,1532.8
36160000,q_lt_q20,1530.35
36210000,q_lt_q20,1496.65
36250000,q_lt_q20,1493.6
36290000,q_lt_q20,1523.05
36320000,q_lt_q20,1520.65
36390000,q_lt_q20,1491.85
36580000,q_lt_q20,1531.7
37220000,q_lt_q20,1488.15
37380000,q_lt_q20,1514.7
37410000,q_lt_q20,1467.45
37470000,q_lt_q20,1543.5
37710150,q_lt_q20,1540.8
38790000,q_lt_q20,1482.85
38830000,q_lt_q20,1518.15
38860000,q_lt_q20,1521.85
39084010,q_lt_q20,1471.35
39140000,q_lt_q20,1469.85
39150000,q_lt_q20,1383.55
39170000,q_lt_q20,1420.8
39360000,q_lt_q20,1404.75
39480000,q_lt_q20,1437.3
39540000,q_lt_q20,1493.45
39560000,q_lt_q20,1366.05
39580000,q_lt_q20,1465.2
39760000,q_lt_q20,1482.2
39770000,q_lt_q20,1419.8
39870000,q_lt_q20,1424.85
40025000,q_lt_q20,1412.35
40037000,q_lt_q20,1419.25
40040000,q_lt_q20,1388.4
40050000,q_lt_q20,1353
40053000,q_lt_q20,1387.45
40060001,q_lt_q20,1396.45
40100000,q_lt_q20,1427.15
40150000,q_lt_q20,1394.85
40170000,q_lt_q20,1376.95
40185000,q_lt_q20,1392.15
40330000,q_lt_q20,1372.8
40500000,q_lt_q20,1430.55
40549998,q_lt_q20,1366.3
40579995,q_lt_q20,1363.4
40680000,q_lt_q20,1409.05
40710000,q_lt_q20,1399.85
40740000,q_lt_q20,1359.8
40800001,q_lt_q20,1386.05
40810350,q_lt_q20,1347.2
40810800,q_lt_q20,1388.25
40811100,q_lt_q20,1383.2
40822995,q_lt_q20,1394.65
40823500,q_lt_q20,1387.7
40850000,q_lt_q20,1404.5
40975000,q_lt_q20,1419.4
41050000,q_lt_q20,1417.15
41135000,q_lt_q20,1454.35
41199998,q_lt_q20,1361.1
41260000,q_lt_q20,1372.9
41300000,q_lt_q20,1389.75
41380000,q_lt_q20,1405.35
41410000,q_lt_q20,1423.25
41440005,q_lt_q20,1356.45
41539998,q_lt_q20,1372.3
41650002,q_lt_q20,1435.85
41685000,q_lt_q20,1426.55
41780002,q_lt_q20,1346.25
41818000,q_lt_q20,1431.95
41890000,q_lt_q20,1434.15
41990000,q_lt_q20,1387.15
42089998,q_lt_q20,1469.7
42100000,q_lt_q20,1459.4
42187000,q_lt_q20,1445.9
42210000,q_lt_q20,
42250000,q_lt_q20,1443.9
42255000,q_lt_q20,1432.9
42257000,q_lt_q20,1427.85
42290000,q_lt_q20,1415.2
42395000,q_lt_q20,1385.15
42440000,q_lt_q20,1427.05
42490000,q_lt_q20,1440.5
42540000,q_lt_q20,1444.3
42546000,q_lt_q20,1452.75
42690001,q_lt_q20,
42750000,q_lt_q20,1438.5
42840000,q_lt_q20,1422.85
42930000,q_lt_q20,
43200000,q_lt_q20,
43300000,q_lt_q20,1453.2
43670000,q_lt_q20,1483.8
43675000,q_lt_q20,1424.05
43880000,q_lt_q20,1476.15
44200000,q_lt_q20,1448.5
44250000,q_lt_q20,1475.55
44290002,q_lt_q20,1422.1
44500000,q_lt_q20,
44540000,q_lt_q20,1480.45
44670000,q_lt_q20,1497.15
45131000,q_lt_q20,1474.7
45170001,q_lt_q20,1478.2
45210000,q_lt_q20,1464.85
45220000,q_lt_q20,1454.45
45260000,q_lt_q20,1495.8
45298000,q_lt_q20,
45480000,q_lt_q20,
45590000,q_lt_q20,1462.6
45770000,q_lt_q20,1477.95
45840000,q_lt_q20,1468.05
45880000,q_lt_q20,1480.7
45910001,q_lt_q20,1483.25
45960001,q_lt_q20,1473.95
46035000,q_lt_q20,1446.6
46105000,q_lt_q20,1509.85
46360000,q_lt_q20,1460.4
46455000,q_lt_q20,1463
46570000,q_lt_q20,1468.65
46610000,q_lt_q20,1485.55
46650000,q_lt_q20,1493.55
46770000,q_lt_q20,1503.8
46830000,q_lt_q20,1514.5
46902000,q_lt_q20,1447.05
47480000,q_lt_q20,1505.35
48020000,q_lt_q20,
48290000,q_lt_q20,
49330000,q_lt_q20,
49370000,q_lt_q20,
49705000,q_lt_q20,1393.9
50040000,q_lt_q20,1430.35
50146000,q_lt_q20,1508.55
50150000,q_lt_q20,1500.8
50191000,q_lt_q20,1454.95
50250000,q_lt_q20,1485.9
50330000,q_lt_q20,1452.5
50380000,q_lt_q20,1509.95
50420000,q_lt_q20,1422.15
50430000,q_lt_q20,1514.35
50465000,q_lt_q20,1494.1
50540000,q_lt_q20,1495
50595000,q_lt_q20,1442.85
50620000,q_lt_q20,1484.45
50660000,q_lt_q20,1454
50720000,q_lt_q20,1388.45
50730000,q_lt_q20,1456.55
50740000,q_lt_q20,1486.4
50755000,q_lt_q20,1456.25
50785000,q_lt_q20,1456
50795000,q_lt_q20,1412.65
51060100,q_lt_q20,1420.85
51120000,q_lt_q20,1443.6
51140000,q_lt_q20,1398.3
51170000,q_lt_q20,1429.4
51230000,q_lt_q20,1458.9
51240000,q_lt_q20,1464.3
51280000,q_lt_q20,1492.65
51330000,q_lt_q20,1492
51350000,q_lt_q20,1468.1
51430000,q_lt_q20,1499.15
51440000,q_lt_q20,1493.1
51460000,q_lt_q20,1466.2
51560000,q_lt_q20,1435.1
51820000,q_lt_q20,1469.95
51840000,q_lt_q20,1367.05
51870000,q_lt_q20,1460.4
52050000,q_lt_q20,1467.45
52370000,q_lt_q20,1485.2
52404000,q_lt_q20,1465.15
52405000,q_lt_q20,1473.5
52570000,q_lt_q20,1459.8
52680000,q_lt_q20,1389.4
52695000,q_lt_q20,1414.45
52760000,q_lt_q20,1420.7
52790000,q_lt_q20,1446.95
52831000,q_lt_q20,
53125000,q_lt_q20,1448.65
53140000,q_lt_q20,1475.05
53160000,q_lt_q20,1445.25
53540001,q_lt_q20,1461.2
53620000,q_lt_q20,1450.5
53630000,q_lt_q20,1398
53650000,q_lt_q20,1433.15
53780000,q_lt_q20,1443.75
53880000,q_lt_q20,1370.85
53950000,q_lt_q20,1456.35
54010005,q_lt_q20,1433.3
54110002,q_lt_q20,1432.35
54150000,q_lt_q20,1420.55
54165000,q_lt_q20,1428.1
54195000,q_lt_q20,1439.5
54230000,q_lt_q20,1419.3
54260000,q_lt_q20,1393.6
54300000,q_lt_q20,1425.15
54390000,q_lt_q20,1450.8
54485000,q_lt_q20,1450.35
54500000,q_lt_q20,1488.55
54580000,q_lt_q20,1423.9
54590000,q_lt_q20,1438
54710000,q_lt_q20,1423
54730005,q_lt_q20,1413.75
54770000,q_lt_q20,1401.45
54780000,q_lt_q20,1324.5
54950000,q_lt_q20,1422.2
55330000,q_lt_q20,1399.5
55340000,q_lt_q20,1475.95
55360000,q_lt_q20,1417.15
55370000,q_lt_q20,1445.85
55380000,q_lt_q20,1438.55
55460000,q_lt_q20,1427.85
55520001,q_lt_q20,1407.4
55560000,q_lt_q20,1394.45
55610000,q_lt_q20,1413.85
55630000,q_lt_q20,1413.25
55660000,q_lt_q20,1408.9
55699998,q_lt_q20,1416.6
55790000,q_lt_q20,1425.45
55895000,q_lt_q20,1441.2
55900000,q_lt_q20,1401.6
55920000,q_lt_q20,1426.65
55960000,q_lt_q20,1434.35
56028000,q_lt_q20,1376.9
56055000,q_lt_q20,1385.75
56065000,q_lt_q20,1362.2
56075000,q_lt_q20,1394
56085000,q_lt_q20,1388.75
56090000,q_lt_q20,1374.8
56110005,q_lt_q20,1398
56240000,q_lt_q20,1358.55
56335001,q_lt_q20,1374.75
56415000,q_lt_q20,1383.9
56425000,q_lt_q20,1403.95
56460000,q_lt_q20,1395.35
56484998,q_lt_q20,1412.7
56500000,q_lt_q20,1396.3
56510000,q_lt_q20,1420.95
56539000,q_lt_q20,1344.4
56570000,q_lt_q20,1407.8
56610000,q_lt_q20,1365.9
56640000,q_lt_q20,1350.6
56659998,q_lt_q20,1402.35
56696000,q_lt_q20,1389.6
56719998,q_lt_q20,1360.4
56750000,q_lt_q20,1392.65
56775000,q_lt_q20,1357.1
56787000,q_lt_q20,1387.95
56800000,q_lt_q20,1351.45
56825000,q_lt_q20,
56845000,q_lt_q20,1346.8
56846000,q_lt_q20,1402.85
56850000,q_lt_q20,1304.25
56860000,q_lt_q20,1393.4
56870000,q_lt_q20,1428.1
56891900,q_lt_q20,1419.6
56915500,q_lt_q20,1438.95
56920000,q_lt_q20,
56940002,q_lt_q20,1438.65
56960005,q_lt_q20,1374.25
56976000,q_lt_q20,1364.85
56978000,q_lt_q20,1399.9
56983000,q_lt_q20,1412.25
56988500,q_lt_q20,1417.8
56989001,q_lt_q20,1414.3
56990000,q_lt_q20,1415.05
56990990,q_lt_q20,1394.85
56991500,q_lt_q20,1434.1
56992000,q_lt_q20,1418.9
56993551,q_lt_q20,1405.95
56994500,q_lt_q20,
56994510,q_lt_q20,1354.05
56995500,q_lt_q20,1411.75
57040008,q_lt_q20,1310.35
57130000,q_lt_q20,1377.95
57170000,q_lt_q20,1330
57250000,q_lt_q20,1369.75
57300000,q_lt_q20,1432.55
57320000,q_lt_q20,1394.15
57350000,q_lt_q20,1391.3
57360000,q_lt_q20,1422.05
57370000,q_lt_q20,1364.45
57400000,q_lt_q20,1434.05
57420000,q_lt_q20,1344.8
57450000,q_lt_q20,1407.1
57460000,q_lt_q20,1410.65
57476500,q_lt_q20,1390.05
57490000,q_lt_q20,1411.7
57550000,q_lt_q20,1400.9
57580000,q_lt_q20,1382.75
57650000,q_lt_q20,1430.85
57700000,q_lt_q20,1407.05
57720000,q_lt_q20,1362.45
57740000,q_lt_q20,1404.35
57770000,q_lt_q20,1465.95
57830000,q_lt_q20,1443.05
57880000,q_lt_q20,1422.55
57930000,q_lt_q20,1404.55
58030000,q_lt_q20,1304.55
58040000,q_lt_q20,1360.15
58060000,q_lt_q20,1314.7
58096000,q_lt_q20,1294.7
58099000,q_lt_q20,1304.65
58142200,q_lt_q20,1331.55
58183000,q_lt_q20,1339.4
58204000,q_lt_q20,1371.15
58218000,q_lt_q20,1394.05
58220000,q_lt_q20,1398.45
58235100,q_lt_q20,1368.6
58258000,q_lt_q20,1363.4
58270000,q_lt_q20,1360.85
58300000,q_lt_q20,1354.75
58305001,q_lt_q20,1391.7
58380001,q_lt_q20,1388.55
58405000,q_lt_q20,1336.45
58420000,q_lt_q20,1334.65
58425000,q_lt_q20,1343.65
58434000,q_lt_q20,1352.55
58440000,q_lt_q20,1391.9
58470000,q_lt_q20,1357.4
58480500,q_lt_q20,1380.3
58500000,q_lt_q20,1326.7
58516500,q_lt_q20,1353.75
58520000,q_lt_q20,1389.45
58530000,q_lt_q20,1286.65
58535000,q_lt_q20,1337
58542000,q_lt_q20,1359.85
58550001,q_lt_q20,1346.2
58560000,q_lt_q20,1408.1
58573000,q_lt_q20,1378.8
58585000,q_lt_q20,1382.2
58610000,q_lt_q20,1393.1
58620000,q_lt_q20,1386.55
58630002,q_lt_q20,1373.35
58645000,q_lt_q20,1400.55
58648001,q_lt_q20,1387.35
58658000,q_lt_q20,1431.6
58670002,q_lt_q20,1432.4
58710000,q_lt_q20,1395.8
58720000,q_lt_q20,1401.85
58730001,q_lt_q20,1397.9
58735000,q_lt_q20,1417.75
58736000,q_lt_q20,1408.8
58750000,q_lt_q20,1391.15
58755000,q_lt_q20,1419.5
58765001,q_lt_q20,1385.65
58770000,q_lt_q20,1423.15
58795000,q_lt_q20,1404.5
58825000,q_lt_q20,1287.15
58827000,q_lt_q20,1337.85
58846000,q_lt_q20,1393.75
58850000,q_lt_q20,1412.4
58870000,q_lt_q20,1430.65
58880001,q_lt_q20,1415.5
58910000,q_lt_q20,1418.8
58916000,q_lt_q20,1401.6
58917000,q_lt_q20,1407.8
58920000,q_lt_q20,1408.4
58930000,q_lt_q20,1412.05
58934000,q_lt_q20,1412.65
58940000,q_lt_q20,1417.65
58960000,q_lt_q20,1450.05
58974000,q_lt_q20,1343.1
59100000,q_lt_q20,1443
59120000,q_lt_q20,1357.65
59125000,q_lt_q20,1298.55
59181000,q_lt_q20,1433.4
59240000,q_lt_q20,1474.95
59355000,q_lt_q20,1264.65
60010000,q_lt_q20,1377.8
60011000,q_lt_q20,1409.05
60100000,q_lt_q20,1401.7
60110000,q_lt_q20,1439.05
60130000,q_lt_q20,1383.75
60145000,q_lt_q20,1396.4
60220000,q_lt_q20,1393.3
60250000,q_lt_q20,1397.35
60265000,q_lt_q20,1426
60381000,q_lt_q20,1402
60435000,q_lt_q20,1390.55
60435100,q_lt_q20,1427.25
60435200,q_lt_q20,1381.6
60435300,q_lt_q20,1426.5
60436000,q_lt_q20,1399.25
60471200,q_lt_q20,1418.7
60473000,q_lt_q20,1444.9
60476100,q_lt_q20,1424.95
60477400,q_lt_q20,1431.55
60477600,q_lt_q20,1373.8
60478500,q_lt_q20,1376.6
60478600,q_lt_q20,1418.4
60490000,q_lt_q20,1419.45
60500000,q_lt_q20,1442.15
60615000,q_lt_q20,1386.5
60635000,q_lt_q20,1420.6
60640000,q_lt_q20,1437.85
60642000,q_lt_q20,1436.45
60650000,q_lt_q20,1422.15
60653000,q_lt_q20,1374.2
60654000,q_lt_q20,1437.9
60665000,q_lt_q20,1455.95
60680000,q_lt_q20,1377.75
60715000,q_lt_q20,1408.5
60750000,q_lt_q20,1439
60765000,q_lt_q20,1408.45
60772000,q_lt_q20,1428.7
60774000,q_lt_q20,1380.05
60778000,q_lt_q20,1413.1
60781000,q_lt_q20,1399
60790000,q_lt_q20,1392.05
60798000,q_lt_q20,1434.4
60810000,q_lt_q20,1401.35
60850000,q_lt_q20,1418.25
60855000,q_lt_q20,1403.05
60910000,q_lt_q20,1439.75
60925001,q_lt_q20,1463.2
60930000,q_lt_q20,1384.05
60940000,q_lt_q20,1389.2
60950000,q_lt_q20,1432.9
60960000,q_lt_q20,1449.5
60968000,q_lt_q20,1420.05
60970000,q_lt_q20,1442.15
61009000,q_lt_q20,1346.5
61012000,q_lt_q20,1391.2
61014000,q_lt_q20,1299.75
61024000,q_lt_q20,1406
61031000,q_lt_q20,1375.95
61045000,q_lt_q20,1406.45
61052000,q_lt_q20,1383.95
61060000,q_lt_q20,1340.9
61075000,q_lt_q20,1410.95
61078000,q_lt_q20,1406.65
61085000,q_lt_q20,1330.4
61090000,q_lt_q20,1383.4
61100000,q_lt_q20,1371.8
61105000,q_lt_q20,1394.4
61107000,q_lt_q20,1422.15
61115000,q_lt_q20,1349.8
61122000,q_lt_q20,1397
61135000,q_lt_q20,1395
61173000,q_lt_q20,1394.9
61175000,q_lt_q20,1386.7
61250000,q_lt_q20,1211.1
61267000,q_lt_q20,1317.7
61271000,q_lt_q20,1368.35
61280000,q_lt_q20,1332.25
61285000,q_lt_q20,1346.8
61295000,q_lt_q20,1360.9
61305000,q_lt_q20,1351.5
61320000,q_lt_q20,1367.8
61343000,q_lt_q20,1346.6
61350000,q_lt_q20,1372.75
61370000,q_lt_q20,1336.85
61390000,q_lt_q20,1369
61410000,q_lt_q20,1370.25
61460000,q_lt_q20,1404.7
61473000,q_lt_q20,1367.2
61500000,q_lt_q20,1353.3
61510000,q_lt_q20,1317.15
61520000,q_lt_q20,1407.75
61537000,q_lt_q20,1364.35
61565000,q_lt_q20,1352
61610000,q_lt_q20,1412.6
61700000,q_lt_q20,1344.3
61770000,q_lt_q20,1417.85
61815000,q_lt_q20,1426.7
61826000,q_lt_q20,1428.25
61830000,q_lt_q20,1397.2
61886000,q_lt_q20,1394.3
61902000,q_lt_q20,1424.7
61910000,q_lt_q20,1401.6
61912000,q_lt_q20,1442.25
61915000,q_lt_q20,1397.85
61953001,q_lt_q20,1454.1
61956001,q_lt_q20,1452.3
62420000,q_lt_q20,1413.65
62477100,q_lt_q20,1401
62490000,q_lt_q20,1379.8
62600000,q_lt_q20,1382.05
62615000,q_lt_q20,1451.85
62622000,q_lt_q20,1363.95
62625000,q_lt_q20,1400.6
62670000,q_lt_q20,1338.35
62715000,q_lt_q20,1421.25
62760005,q_lt_q20,1363.45
62760150,q_lt_q20,1384.6
62767500,q_lt_q20,1372.8
63250000,q_lt_q20,1467.85
63350100,q_lt_q20,1454.75
63790000,q_lt_q20,1453.2
63950010,q_lt_q20,1431.05
63950100,q_lt_q20,1443.55
63955000,q_lt_q20,1430.7
63970000,q_lt_q20,1439.05
64040000,q_lt_q20,1336.1
64065000,q_lt_q20,1376.4
64075000,q_lt_q20,1367.25
64231000,q_lt_q20,1361.6
64315000,q_lt_q20,1384.15
64327000,q_lt_q20,1423.8
64360000,q_lt_q20,1363.85
64362000,q_lt_q20,1373.7
64370000,q_lt_q20,1377.9
64380000,q_lt_q20,1374.8
64382000,q_lt_q20,1370.85
64442800,q_lt_q20,1344.15
64447000,q_lt_q20,1351.55
64453000,q_lt_q20,1361.85
64465000,q_lt_q20,
64477600,q_lt_q20,1337.7
64501000,q_lt_q20,1390
64504210,q_lt_q20,1338.85
64504550,q_lt_q20,1366.4
64506000,q_lt_q20,1342.05
64507000,q_lt_q20,1383.75
64508500,q_lt_q20,1397.45
64550000,q_lt_q20,1413.6
64575003,q_lt_q20,1386.85
64613000,q_lt_q20,1418.05
64613800,q_lt_q20,1412.5
64614000,q_lt_q20,1434.8
64617000,q_lt_q20,1461.45
64618000,q_lt_q20,1455.1
64619950,q_lt_q20,1351.1
64620000,q_lt_q20,1325.4
64625000,q_lt_q20,1355.5
64645000,q_lt_q20,1357
64652000,q_lt_q20,1385.65
64655000,q_lt_q20,1359.4
64659000,q_lt_q20,1369.7
64660500,q_lt_q20,
64671000,q_lt_q20,1345.9
64673000,q_lt_q20,1371.6
64675002,q_lt_q20,
64682000,q_lt_q20,1387.7
64685000,q_lt_q20,
64693000,q_lt_q20,
64700000,q_lt_q20,1393.65
64717000,q_lt_q20,1419.5
64723000,q_lt_q20,1457
64764000,q_lt_q20,1324.35
64767000,q_lt_q20,1323.35
64771500,q_lt_q20,1317.55
64773000,q_lt_q20,1354.6
64775000,q_lt_q20,1323.6
64776100,q_lt_q20,1312.65
64785000,q_lt_q20,1329.35
64795000,q_lt_q20,
64799500,q_lt_q20,1378.55
64810000,q_lt_q20,1411.75
64815000,q_lt_q20,1371.05
64820000,q_lt_q20,1360.4
64830000,q_lt_q20,
64843000,q_lt_q20,
65006075,q_lt_q20,1295.8
65009000,q_lt_q20,1294.05
65010000,q_lt_q20,1296.3
65015400,q_lt_q20,1295.65
65021000,q_lt_q20,1356.1
65021250,q_lt_q20,1330.9
65021770,q_lt_q20,1308.95
65024000,q_lt_q20,1330.2
65025000,q_lt_q20,1353.35
65027000,q_lt_q20,1332.75
65060000,q_lt_q20,1382.4
65095000,q_lt_q20,1323.7
65100000,q_lt_q20,1324.3
65135000,q_lt_q20,1338.75
65136550,q_lt_q20,1320.4
65180000,q_lt_q20,1319.65
65220000,q_lt_q20,1340.75
65310000,q_lt_q20,
65809000,q_lt_q20,1294.4
65815050,q_lt_q20,1289.6
65855000,q_lt_q20,1334.35
65925000,q_lt_q20,1339.8
65945000,q_lt_q20,1345.75
65948000,q_lt_q20,1323.6
65960000,q_lt_q20,1343.4
65979000,q_lt_q20,1356.55
65986000,q_lt_q20,
65987000,q_lt_q20,1372.05
65993000,q_lt_q20,1273.95
66006000,q_lt_q20,1478.4
66160000,q_lt_q20,1434.65
66260001,q_lt_q20,1442.55
67100000,q_lt_q20,1472.9
70100000,q_lt_q20,1294.55
70200000,q_lt_q20,1291
70300000,q_lt_q20,1292.75
70500000,q_lt_q20,1327.15
71200000,q_lt_q20,1315.55
71250000,q_lt_q20,1300.45
71300000,q_lt_q20,1326.7
71350001,q_lt_q20,1305.85
71383000,q_lt_q20,1375.85
71498000,q_lt_q20,1343.2
71550000,q_lt_q20,1311.8
72430000,q_lt_q20,1354.7
72630000,q_lt_q20,1337.1
72680000,q_lt_q20,1359.05
72715000,q_lt_q20,1316.3
72810000,q_lt_q20,1331.95
72849000,q_lt_q20,1329.85
72870000,q_lt_q20,1336.9
73300000,q_lt_q20,1339.4
73330000,q_lt_q20,1340.8
73350000,q_lt_q20,1335.7
73550000,q_lt_q20,
73600000,q_lt_q20,1284.2
73690001,q_lt_q20,1330.15
73765000,q_lt_q20,1369.1
73770000,q_lt_q20,1351.45
73780000,q_lt_q20,1363.7
73820000,q_lt_q20,1354.55
73900000,q_lt_q20,1361.3
73960000,q_lt_q20,
74100000,q_lt_q20,
74205000,q_lt_q20,1356.85
74270000,q_lt_q20,1326.6
74295000,q_lt_q20,1367.4
74320000,q_lt_q20,1367.75
74370000,q_lt_q20,1361.85
74460000,q_lt_q20,1360.4
74470000,q_lt_q20,1374.3
74700000,q_lt_q20,1379.7
74750000,q_lt_q20,1386.6
74800000,q_lt_q20,
74880000,q_lt_q20,1374.95
74900000,q_lt_q20,1371.1
75200000,q_lt_q20,1383.25
75205000,q_lt_q20,1390.25
75230000,q_lt_q20,1361.75
75295000,q_lt_q20,1362.4
75320000,q_lt_q20,1359.15
75450000,q_lt_q20,1362.5
75500000,q_lt_q20,1381.3
75550000,q_lt_q20,1368.3
75600000,q_lt_q20,1386.35
75700000,q_lt_q20,1356.85
75780000,q_lt_q20,1349.5
76085000,q_lt_q20,1370
76100000,q_lt_q20,1397.6
76300000,q_lt_q20,1454.9
76310000,q_lt_q20,1415.7
76460000,q_lt_q20,1365.35
76750000,q_lt_q20,1419.45
77150000,q_lt_q20,1349.6
81019300,q_lt_q20,1345.1
81019350,q_lt_q20,1325.55
81102000,q_lt_q20,1323.8
81107000,q_lt_q20,1330.9
81120000,q_lt_q20,1355.75
81125000,q_lt_q20,1353.7
81135000,q_lt_q20,1369.55
81140000,q_lt_q20,1375.35
81200000,q_lt_q20,1311.5
81335000,q_lt_q20,1335.45
81585000,q_lt_q20,1349.35
81683000,q_lt_q20,1376.9
82270050,q_lt_q20,1314.75
82320000,q_lt_q20,1336.1
82350000,q_lt_q20,1316.45
82770000,q_lt_q20,1297.6
83029900,q_lt_q20,1389.75
83050000,q_lt_q20,1388.25
83105000,q_lt_q20,1384
83250000,q_lt_q20,1378.2
83300200,q_lt_q20,1317.1
83345000,q_lt_q20,1393.25
83440000,q_lt_q20,1363
83520000,q_lt_q20,
83675000,q_lt_q20,1346.6
83690000,q_lt_q20,1283.2
83800002,q_lt_q20,1332.05
83892990,q_lt_q20,1379.3
83892998,q_lt_q20,1376.7
84071000,q_lt_q20,1366.75
84095000,q_lt_q20,1370.05
84095500,q_lt_q20,1394.45
84150100,q_lt_q20,1312.85
84249998,q_lt_q20,1362
84300000,q_lt_q20,1379.8
84520000,q_lt_q20,1363.6
84520010,q_lt_q20,1354.9
84551000,q_lt_q20,1340.85
84559800,q_lt_q20,1361.45
84560000,q_lt_q20,1321.05
84580000,q_lt_q20,1363.6
84598002,q_lt_q20,1372.85
84600000,q_lt_q20,1381.15
84949000,q_lt_q20,1350.4
84949800,q_lt_q20,1289.45
84950000,q_lt_q20,1328
85400000,q_lt_q20,1416.15
85438000,q_lt_q20,1424.4
85470000,q_lt_q20,1433.5
85480000,q_lt_q20,1447.85
85600000,q_lt_q20,1435.25
85610000,q_lt_q20,1383.75
85623000,q_lt_q20,1433.25
85642000,q_lt_q20,1412.3
85900000,q_lt_q20,1445.55
86100000,q_lt_q20,1269.1
86160000,q_lt_q20,1299.7
86410000,q_lt_q20,1388.65
86420000,q_lt_q20,1348.65
86480000,q_lt_q20,1346.25
86500000,q_lt_q20,1361.7
86510000,q_lt_q20,1354.05
86560000,q_lt_q20,1365.65
86580000,q_lt_q20,1370.65
86700000,q_lt_q20,1423.15
86745000,q_lt_q20,1404.25
87160000,q_lt_q20,1381
87170000,q_lt_q20,1446.55
87270000,q_lt_q20,1394.05
87380000,q_lt_q20,1450.5
87382000,q_lt_q20,1405.25
87399000,q_lt_q20,1395.1
88750000,q_lt_q20,1469.15
88850000,q_lt_q20,1450.45
01AD002,q_lt_q20,1332.45
01AD003,q_lt_q20,1249
01AD015,q_lt_q20,1323.45
01AE001,q_lt_q20,1226.8
01AF002,q_lt_q20,
01AF007,q_lt_q20,1286.45
01AF009,q_lt_q20,1232.2
01AG003,q_lt_q20,1258.9
01AH002,q_lt_q20,1239.15
01AJ003,q_lt_q20,1311.25
01AJ004,q_lt_q20,1296.9
01AJ010,q_lt_q20,1315.1
01AK001,q_lt_q20,1310
01AK006,q_lt_q20,1317.1
01AK007,q_lt_q20,1342.6
01AL002,q_lt_q20,1315.3
01AL004,q_lt_q20,1282.05
01AM001,q_lt_q20,1342
01AN002,q_lt_q20,1305.55
01AP002,q_lt_q20,1371.35
01AP004,q_lt_q20,1291.2
01AP006,q_lt_q20,1325.25
01AQ001,q_lt_q20,1324.6
01AQ002,q_lt_q20,1332.9
01AR004,q_lt_q20,1356.15
01AR005,q_lt_q20,1395.5
01AR006,q_lt_q20,1339.1
01AR011,q_lt_q20,1345.05
01BC001,q_lt_q20,1271.55
01BD008,q_lt_q20,1257.05
01BD009,q_lt_q20,1210.85
01BE001,q_lt_q20,1261.65
01BF004,q_lt_q20,1270.45
01BG005,q_lt_q20,1221.45
01BG008,q_lt_q20,1276.1
01BG009,q_lt_q20,1282.55
01BH005,q_lt_q20,1251.75
01BH010,q_lt_q20,1292.6
01BJ003,q_lt_q20,1334.3
01BJ007,q_lt_q20,1237.6
01BJ010,q_lt_q20,1352.4
01BJ012,q_lt_q20,1307.35
01BL002,q_lt_q20,1360.55
01BL003,q_lt_q20,1333.15
01BO001,q_lt_q20,1338.95
01BP001,q_lt_q20,1350.7
01BP002,q_lt_q20,1270.35
01BQ001,q_lt_q20,1336
01BS001,q_lt_q20,1362.2
01BU002,q_lt_q20,1338.6
01BU009,q_lt_q20,1251.85
01BV006,q_lt_q20,1161.7
01CA003,q_lt_q20,1376.25
01CB018,q_lt_q20,1393.75
01CC002,q_lt_q20,1346
01DC007,q_lt_q20,1444.3
01DD005,q_lt_q20,1442.75
01DG003,q_lt_q20,1394.5
01DG043,q_lt_q20,1435.45
01DH002,q_lt_q20,1430
01DH004,q_lt_q20,1413.4
01DH006,q_lt_q20,1421.7
01DJ005,q_lt_q20,1385.1
01DL001,q_lt_q20,1282.7
01DN004,q_lt_q20,1393.05
01DP004,q_lt_q20,1396.45
01DR001,q_lt_q20,1405.6
01EA003,q_lt_q20,1337.4
01EC001,q_lt_q20,1337.35
01ED005,q_lt_q20,1315.35
01ED007,q_lt_q20,1348.55
01ED013,q_lt_q20,1374.5
01EE005,q_lt_q20,1345.35
01EF001,q_lt_q20,1388.9
01EJ001,q_lt_q20,1385
01EJ004,q_lt_q20,1419.1
01FA001,q_lt_q20,1349.4
01FB001,q_lt_q20,1317.65
01FB003,q_lt_q20,1303.1
01FF001,q_lt_q20,1331.85
01FG001,q_lt_q20,1310.15
02AB006,q_lt_q20,1204.85
02AB014,q_lt_q20,1264.45
02AB017,q_lt_q20,1261.25
02AB019,q_lt_q20,1401.45
02AB020,q_lt_q20,1275.3
02AB021,q_lt_q20,1207.95
02AB022,q_lt_q20,1294.85
02AB023,q_lt_q20,1248.3
02AB024,q_lt_q20,1275.4
02AC001,q_lt_q20,1216
02AC002,q_lt_q20,1182.6
02AD010,q_lt_q20,1133.95
02AE001,q_lt_q20,1224.5
02BA005,q_lt_q20,1139.7
02BB003,q_lt_q20,1123.55
02BB004,q_lt_q20,1133.95
02BC006,q_lt_q20,1148.35
02BC008,q_lt_q20,1150.6
02BD002,q_lt_q20,1166.95
02BF002,q_lt_q20,1216.2
02BF004,q_lt_q20,1405.75
02CA002,q_lt_q20,1395.05
02CA007,q_lt_q20,1307.85
02CA008,q_lt_q20,
02CB003,q_lt_q20,1158.35
02CC010,q_lt_q20,1216.8
02CD001,q_lt_q20,1340.75
02CD006,q_lt_q20,1206.85
02CE007,q_lt_q20,1317.4
02CF005,q_lt_q20,1342.65
02CF007,q_lt_q20,1331.95
02CF008,q_lt_q20,1345.2
02CF010,q_lt_q20,1232.4
02CF011,q_lt_q20,1238.65
02CF012,q_lt_q20,1315.4
02CF013,q_lt_q20,1285.35
02CF014,q_lt_q20,1224.9
02CG003,q_lt_q20,1316.3
02DB005,q_lt_q20,1308.45
02DB007,q_lt_q20,1293.55
02DB008,q_lt_q20,1264.8
02DC004,q_lt_q20,1284.05
02DC012,q_lt_q20,1206.25
02DC013,q_lt_q20,1225.7
02DD010,q_lt_q20,1327.95
02DD012,q_lt_q20,1368.6
02DD013,q_lt_q20,1366.9
02DD014,q_lt_q20,1354.35
02DD015,q_lt_q20,1291.25
02DD017,q_lt_q20,1277.45
02DD020,q_lt_q20,1306.05
02DD024,q_lt_q20,1283.25
02DD026,q_lt_q20,1248.95
02DD027,q_lt_q20,1313.45
02DD029,q_lt_q20,1340.65
02DD030,q_lt_q20,
02DD031,q_lt_q20,1229.1
02EA005,q_lt_q20,1329.15
02EA010,q_lt_q20,1287.5
02EA018,q_lt_q20,1294.1
02EA021,q_lt_q20,1313.75
02EB004,q_lt_q20,1319.4
02EB008,q_lt_q20,1317.3
02EB013,q_lt_q20,1265.65
02EB014,q_lt_q20,1299.8
02EC002,q_lt_q20,1357.5
02EC003,q_lt_q20,1331.55
02EC009,q_lt_q20,1402
02EC010,q_lt_q20,1440.8
02EC011,q_lt_q20,1326.8
02EC014,q_lt_q20,1335.7
02EC019,q_lt_q20,1337.8
02EC022,q_lt_q20,1324.35
02ED003,q_lt_q20,1386.85
02ED010,q_lt_q20,1370.95
02ED014,q_lt_q20,1407.95
02ED015,q_lt_q20,1401.35
02ED024,q_lt_q20,1376.2
02ED026,q_lt_q20,1389.15
02ED027,q_lt_q20,1393.65
02ED029,q_lt_q20,1408.05
02ED030,q_lt_q20,1377.25
02ED032,q_lt_q20,1399
02ED100,q_lt_q20,1420.05
02ED101,q_lt_q20,1416.95
02ED102,q_lt_q20,1400.5
02FA004,q_lt_q20,1375.25
02FB007,q_lt_q20,1343.15
02FB009,q_lt_q20,1380.8
02FB010,q_lt_q20,1358.5
02FB012,q_lt_q20,1382.05
02FB013,q_lt_q20,1344.95
02FB014,q_lt_q20,1341.1
02FC001,q_lt_q20,1370.65
02FC002,q_lt_q20,1380.95
02FC011,q_lt_q20,1388.7
02FC012,q_lt_q20,1379.5
02FC015,q_lt_q20,1378.55
02FC016,q_lt_q20,1322.8
02FC017,q_lt_q20,1356.25
02FC020,q_lt_q20,1353.95
02FC021,q_lt_q20,1341.6
02FD002,q_lt_q20,1385.8
02FE002,q_lt_q20,1383.45
02FE003,q_lt_q20,1364.1
02FE005,q_lt_q20,1381.95
02FE007,q_lt_q20,1382.5
02FE008,q_lt_q20,1389.7
02FE009,q_lt_q20,1396.05
02FE010,q_lt_q20,1394.3
02FE011,q_lt_q20,1264.2
02FE013,q_lt_q20,1381
02FE014,q_lt_q20,1395.85
02FE016,q_lt_q20,1421.55
02FE017,q_lt_q20,1360.45
02FF002,q_lt_q20,1401.7
02FF004,q_lt_q20,1438.2
02FF007,q_lt_q20,1384.65
02FF008,q_lt_q20,1398.15
02FF009,q_lt_q20,1422.45
02FF011,q_lt_q20,1362.1
02FF013,q_lt_q20,1398.65
02FF014,q_lt_q20,1400.1
02FF015,q_lt_q20,1409.05
02GA003,q_lt_q20,1408.95
02GA005,q_lt_q20,1381.3
02GA006,q_lt_q20,1389.6
02GA010,q_lt_q20,1413
02GA014,q_lt_q20,1356.45
02GA015,q_lt_q20,1406.85
02GA016,q_lt_q20,1379.65
02GA018,q_lt_q20,1386.4
02GA023,q_lt_q20,1409.75
02GA024,q_lt_q20,1408.15
02GA028,q_lt_q20,1388.3
02GA029,q_lt_q20,1375.3
02GA030,q_lt_q20,1396.6
02GA031,q_lt_q20,1367.05
02GA034,q_lt_q20,1388.55
02GA038,q_lt_q20,1396.6
02GA039,q_lt_q20,1375.05
02GA040,q_lt_q20,1394.4
02GA041,q_lt_q20,1176.3
02GA042,q_lt_q20,1364.65
02GA043,q_lt_q20,1409.3
02GA044,q_lt_q20,1405.45
02GA046,q_lt_q20,1396.9
02GA047,q_lt_q20,1406.2
02GA048,q_lt_q20,1376
02GB001,q_lt_q20,1443.55
02GB006,q_lt_q20,1388.85
02GB007,q_lt_q20,1454.25
02GB008,q_lt_q20,1403.45
02GB010,q_lt_q20,1440.7
02GC002,q_lt_q20,1420.8
02GC006,q_lt_q20,1387.5
02GC007,q_lt_q20,1415.45
02GC010,q_lt_q20,1427.6
02GC011,q_lt_q20,1407.95
02GC017,q_lt_q20,1407.45
02GC018,q_lt_q20,1432.5
02GC021,q_lt_q20,1423.35
02GC026,q_lt_q20,1410.3
02GC029,q_lt_q20,1408
02GC030,q_lt_q20,1428.15
02GC031,q_lt_q20,1430.25
02GC036,q_lt_q20,1421.95
02GD001,q_lt_q20,1401.6
02GD003,q_lt_q20,1407.75
02GD004,q_lt_q20,1398.2
02GD005,q_lt_q20,1394.8
02GD008,q_lt_q20,1428.95
02GD009,q_lt_q20,1344.25
02GD010,q_lt_q20,1393.45
02GD011,q_lt_q20,1430.8
02GD014,q_lt_q20,1395.55
02GD015,q_lt_q20,1390.3
02GD016,q_lt_q20,1414.25
02GD018,q_lt_q20,1401.45
02GD019,q_lt_q20,1392
02GD021,q_lt_q20,1398.2
02GD026,q_lt_q20,1383.15
02GD027,q_lt_q20,1399.7
02GD028,q_lt_q20,1402.35
02GE002,q_lt_q20,1409.45
02GE003,q_lt_q20,1443.3
02GE005,q_lt_q20,1422.7
02GE006,q_lt_q20,1437.1
02GE008,q_lt_q20,1422.45
02GG002,q_lt_q20,1431.7
02GG003,q_lt_q20,1434.65
02GG005,q_lt_q20,1435.85
02GG009,q_lt_q20,1468.15
02GG013,q_lt_q20,1459.15
02GH002,q_lt_q20,1482.25
02GH003,q_lt_q20,1484
02GH011,q_lt_q20,1485.2
02GH015,q_lt_q20,
02GH016,q_lt_q20,1485.95
02HA003,q_lt_q20,1394.85
02HA006,q_lt_q20,1454.25
02HA007,q_lt_q20,1440.5
02HA013,q_lt_q20,
02HA014,q_lt_q20,1460.05
02HA019,q_lt_q20,1421.3
02HA020,q_lt_q20,1437.45
02HA024,q_lt_q20,1436.55
02HA030,q_lt_q20,1457.75
02HA031,q_lt_q20,1414.8
02HB001,q_lt_q20,1379.45
02HB004,q_lt_q20,1408.55
02HB005,q_lt_q20,1450.85
02HB007,q_lt_q20,1445.3
02HB008,q_lt_q20,1415.5
02HB011,q_lt_q20,1456.65
02HB013,q_lt_q20,1380.6
02HB015,q_lt_q20,1401
02HB018,q_lt_q20,1402.55
02HB020,q_lt_q20,1354.25
02HB021,q_lt_q20,1429.9
02HB022,q_lt_q20,1402.15
02HB023,q_lt_q20,1392.3
02HB024,q_lt_q20,1396.6
02HB025,q_lt_q20,1412.55
02HB027,q_lt_q20,1450.4
02HB028,q_lt_q20,1430.55
02HB029,q_lt_q20,1438.7
02HB030,q_lt_q20,1450.5
02HB031,q_lt_q20,1368.55
02HB032,q_lt_q20,1393.7
02HB033,q_lt_q20,1423.15
02HC003,q_lt_q20,1416.65
02HC005,q_lt_q20,1391.9
02HC009,q_lt_q20,1367.7
02HC013,q_lt_q20,1416.35
02HC017,q_lt_q20,1446.55
02HC018,q_lt_q20,1419.95
02HC019,q_lt_q20,1448.9
02HC022,q_lt_q20,1390.4
02HC023,q_lt_q20,1393.25
02HC024,q_lt_q20,1415.4
02HC025,q_lt_q20,1381.5
02HC027,q_lt_q20,1407.2
02HC028,q_lt_q20,1436.3
02HC030,q_lt_q20,1423.5
02HC031,q_lt_q20,1423.75
02HC032,q_lt_q20,1418.65
02HC033,q_lt_q20,1458.35
02HC038,q_lt_q20,1424.65
02HC047,q_lt_q20,1401.75
02HC049,q_lt_q20,1413.15
02HC053,q_lt_q20,1431.95
02HC054,q_lt_q20,1430.95
02HC055,q_lt_q20,1418.6
02HC056,q_lt_q20,1411.2
02HC058,q_lt_q20,1386.75
02HC059,q_lt_q20,1411.5
02HD003,q_lt_q20,1396.95
02HD004,q_lt_q20,1415.2
02HD006,q_lt_q20,1441.45
02HD008,q_lt_q20,1420.95
02HD009,q_lt_q20,1433.5
02HD021,q_lt_q20,1376.3
02HD023,q_lt_q20,1423.75
02HE002,q_lt_q20,1415.35
02HF002,q_lt_q20,1350
02HF003,q_lt_q20,1336.5
02HF005,q_lt_q20,1346.05
02HG001,q_lt_q20,1355.9
02HG003,q_lt_q20,1382.65
02HH003,q_lt_q20,1380.1
02HJ001,q_lt_q20,1405.6
02HJ003,q_lt_q20,1387.8
02HJ006,q_lt_q20,1398.65
02HJ007,q_lt_q20,1399.8
02HK003,q_lt_q20,1371.6
02HK005,q_lt_q20,1351.6
02HK006,q_lt_q20,1384.25
02HK007,q_lt_q20,1406.6
02HK008,q_lt_q20,1418.25
02HK009,q_lt_q20,1411.75
02HK010,q_lt_q20,1391.2
02HK011,q_lt_q20,1413.95
02HK015,q_lt_q20,1386.15
02HK016,q_lt_q20,1414.8
02HK017,q_lt_q20,1392.3
02HL001,q_lt_q20,1390.05
02HL003,q_lt_q20,1412.65
02HL004,q_lt_q20,1368
02HL005,q_lt_q20,1381.35
02HL007,q_lt_q20,1389.95
02HL008,q_lt_q20,1407.55
02HM002,q_lt_q20,1405
02HM003,q_lt_q20,1416.9
02HM004,q_lt_q20,1424.35
02HM005,q_lt_q20,1397.7
02HM006,q_lt_q20,1416
02HM007,q_lt_q20,1403.8
02HM009,q_lt_q20,1425.4
02HM010,q_lt_q20,1420.8
02HM011,q_lt_q20,1397.9
02JA006,q_lt_q20,1153.2
02JB009,q_lt_q20,
02JB013,q_lt_q20,1133.9
02JC008,q_lt_q20,1160.3
02JE020,q_lt_q20,1162.6
02JE029,q_lt_q20,1183.75
02KA015,q_lt_q20,1285.3
02KB001,q_lt_q20,1367.65
02KC009,q_lt_q20,1386.5
02KC015,q_lt_q20,1367.95
02KC018,q_lt_q20,1425.25
02KD002,q_lt_q20,1366.1
02KD004,q_lt_q20,1385.55
02KF001,q_lt_q20,1339.2
02KF005,q_lt_q20,1372.85
02KF006,q_lt_q20,1319
02KF010,q_lt_q20,1375.95
02KF011,q_lt_q20,1335
02KF012,q_lt_q20,1373.7
02KF013,q_lt_q20,1340.6
02KF015,q_lt_q20,1398.55
02KF016,q_lt_q20,1362.65
02KF017,q_lt_q20,1383.75
02KF018,q_lt_q20,1385.2
02KF019,q_lt_q20,1355.45
02KJ004,q_lt_q20,1152.85
02LA004,q_lt_q20,1360.4
02LA006,q_lt_q20,1396.3
02LA007,q_lt_q20,1402.35
02LA011,q_lt_q20,1402.9
02LA012,q_lt_q20,1350.05
02LA024,q_lt_q20,1415.85
02LB005,q_lt_q20,1355.25
02LB006,q_lt_q20,1318.7
02LB007,q_lt_q20,1414.5
02LB008,q_lt_q20,1379.05
02LB009,q_lt_q20,1320.6
02LB013,q_lt_q20,1354.55
02LB017,q_lt_q20,1368.15
02LB018,q_lt_q20,1268.8
02LB020,q_lt_q20,1369.05
02LB022,q_lt_q20,1287.1
02LB031,q_lt_q20,1259.25
02LB036,q_lt_q20,1375.15
02LC008,q_lt_q20,1393.55
02LC021,q_lt_q20,1308.25
02LC027,q_lt_q20,1250.15
02LC043,q_lt_q20,1152.05
02LC070,q_lt_q20,1246.9
02LC073,q_lt_q20,1298.45
02LD005,q_lt_q20,1339.35
02LD006,q_lt_q20,1338.85
02LE024,q_lt_q20,1182.5
02LE025,q_lt_q20,1113.3
02LG005,q_lt_q20,
02LH032,q_lt_q20,1355.4
02LH033,q_lt_q20,1305.55
02MA001,q_lt_q20,1408.05
02MB006,q_lt_q20,1419.4
02MB010,q_lt_q20,1407.95
02MC001,q_lt_q20,1333.3
02MC026,q_lt_q20,1279.5
02MC027,q_lt_q20,1375.15
02MC028,q_lt_q20,1361.35
02MC030,q_lt_q20,1377.3
02MC036,q_lt_q20,1319.9
02ND003,q_lt_q20,
02NE011,q_lt_q20,1195.15
02NF003,q_lt_q20,1227.4
02OA003,q_lt_q20,1350.4
02OA004,q_lt_q20,
02OA016,q_lt_q20,
02OA033,q_lt_q20,
02OA054,q_lt_q20,1323.55
02OA057,q_lt_q20,1228.95
02OA107,q_lt_q20,
02OA108,q_lt_q20,1261.6
02OA109,q_lt_q20,1413.65
02OA110,q_lt_q20,1365.15
02OA111,q_lt_q20,1338.4
02OB008,q_lt_q20,1315.5
02OB017,q_lt_q20,1346.05
02OB032,q_lt_q20,1220
02OB037,q_lt_q20,1360.25
02OB046,q_lt_q20,1346
02OC002,q_lt_q20,1367.15
02OC004,q_lt_q20,1235.75
02OC021,q_lt_q20,1251.7
02OD001,q_lt_q20,1281.3
02OD003,q_lt_q20,1263.6
02OD010,q_lt_q20,1275.15
02OE001,q_lt_q20,1219.85
02OE005,q_lt_q20,1320.4
02OE019,q_lt_q20,1339.7
02OE022,q_lt_q20,1341.25
02OE027,q_lt_q20,1291.6
02OE032,q_lt_q20,1300.15
02OE062,q_lt_q20,1334.55
02OE070,q_lt_q20,1338.1
02OG002,q_lt_q20,1246.25
02OG007,q_lt_q20,1300.05
02OG014,q_lt_q20,1334.6
02OG019,q_lt_q20,1279.15
02OG026,q_lt_q20,1261.75
02OG042,q_lt_q20,1311.2
02OG045,q_lt_q20,1322.05
02OG047,q_lt_q20,1255.45
02OH012,q_lt_q20,1197.25
02OH013,q_lt_q20,1138.4
02OH014,q_lt_q20,1327.2
02OH015,q_lt_q20,1205.05
02OJ007,q_lt_q20,1218.5
02OJ024,q_lt_q20,1137.85
02OJ026,q_lt_q20,1275
02PA007,q_lt_q20,1298.4
02PB006,q_lt_q20,1209.95
02PB019,q_lt_q20,1260.3
02PC002,q_lt_q20,1282.65
02PC010,q_lt_q20,1268.55
02PC017,q_lt_q20,1337.9
02PC018,q_lt_q20,1216.6
02PC019,q_lt_q20,1340.4
02PC020,q_lt_q20,1306.75
02PD002,q_lt_q20,1328.9
02PD004,q_lt_q20,1155.75
02PD010,q_lt_q20,1357.3
02PD012,q_lt_q20,1184
02PD013,q_lt_q20,1090.15
02PD014,q_lt_q20,1191.35
02PD015,q_lt_q20,1220.1
02PD023,q_lt_q20,1337.35
02PD024,q_lt_q20,1220
02PF001,q_lt_q20,1342.95
02PG001,q_lt_q20,1354.05
02PG003,q_lt_q20,1269.15
02PG006,q_lt_q20,1326.3
02PG022,q_lt_q20,1327.35
02PG023,q_lt_q20,1341.55
02PJ005,q_lt_q20,
02PJ007,q_lt_q20,1319.5
02PJ012,q_lt_q20,1313.8
02PJ014,q_lt_q20,1311.7
02PJ030,q_lt_q20,1259.35
02PJ034,q_lt_q20,1285.85
02PK009,q_lt_q20,1301.35
02PL005,q_lt_q20,1323.3
02PL015,q_lt_q20,1283.55
02PL016,q_lt_q20,1298.05
02QB001,q_lt_q20,1229.8
02QB005,q_lt_q20,1333
02QC009,q_lt_q20,1233.7
02RD007,q_lt_q20,1151.3
02RF001,q_lt_q20,1189.2
02RF009,q_lt_q20,1240.25
02RF010,q_lt_q20,1267.35
02RG005,q_lt_q20,1211.3
02RG008,q_lt_q20,1201.9
02RH015,q_lt_q20,1209.5
02RH027,q_lt_q20,1147.7
02RH035,q_lt_q20,1227.2
02RH045,q_lt_q20,1169.1
02RH066,q_lt_q20,1169.5
02RH067,q_lt_q20,1269.6
02RH069,q_lt_q20,1187
02RH070,q_lt_q20,1283.2
02RH071,q_lt_q20,1176.7
02RH072,q_lt_q20,1213.15
02RH073,q_lt_q20,1223.25
02UA003,q_lt_q20,1171.7
02UC002,q_lt_q20,1167.15
02VB004,q_lt_q20,1142.05
02WB003,q_lt_q20,
02XA003,q_lt_q20,1138.5
02XA008,q_lt_q20,1266.9
02XC001,q_lt_q20,
02YC001,q_lt_q20,1293.85
02YD002,q_lt_q20,1208.4
02YG001,q_lt_q20,1247.05
02YJ001,q_lt_q20,1245.35
02YK002,q_lt_q20,1210.9
02YK005,q_lt_q20,1340.95
02YK008,q_lt_q20,1313.55
02YL001,q_lt_q20,1213.3
02YL003,q_lt_q20,1238.15
02YL004,q_lt_q20,1322.85
02YL005,q_lt_q20,1254.55
02YL008,q_lt_q20,1295.7
02YL012,q_lt_q20,1287.05
02YM004,q_lt_q20,1257.05
02YN002,q_lt_q20,1313.4
02YN004,q_lt_q20,1338.6
02YO006,q_lt_q20,1295.65
02YO008,q_lt_q20,1281.15
02YO011,q_lt_q20,
02YO012,q_lt_q20,1302.75
02YO013,q_lt_q20,1286
02YO014,q_lt_q20,1322.9
02YO015,q_lt_q20,1308.8
02YO016,q_lt_q20,1275.8
02YO018,q_lt_q20,1220.8
02YQ001,q_lt_q20,1253.55
02YQ005,q_lt_q20,1299.5
02YR001,q_lt_q20,1249.7
02YR003,q_lt_q20,1194.7
02YR004,q_lt_q20,1211.8
02YS003,q_lt_q20,1224.35
02YS005,q_lt_q20,1256.15
02YS006,q_lt_q20,1322.8
02ZA002,q_lt_q20,1257
02ZB001,q_lt_q20,1287.55
02ZC002,q_lt_q20,1266.9
02ZC003,q_lt_q20,1187.55
02ZD002,q_lt_q20,1248.55
02ZE004,q_lt_q20,1248.05
02ZF001,q_lt_q20,1215.2
02ZH001,q_lt_q20,1235.4
02ZH002,q_lt_q20,1300.8
02ZJ001,q_lt_q20,1286.8
02ZJ003,q_lt_q20,1224.55
02ZK001,q_lt_q20,1207.4
02ZK002,q_lt_q20,1224.45
02ZK004,q_lt_q20,1266.9
02ZK006,q_lt_q20,1254.8
02ZK008,q_lt_q20,1248.55
02ZL004,q_lt_q20,1278.95
02ZM009,q_lt_q20,1324.9
02ZM016,q_lt_q20,1245.5
02ZN002,q_lt_q20,1240.7
03AB002,q_lt_q20,
03BD002,q_lt_q20,1054.25
03BF001,q_lt_q20,1077.6
03ED001,q_lt_q20,1307.75
03JB004,q_lt_q20,
03KC004,q_lt_q20,
03LF002,q_lt_q20,1044.2
03MB002,q_lt_q20,959.25
03MD001,q_lt_q20,
03NE001,q_lt_q20,1221.85
03NE002,q_lt_q20,1239.5
03OA005,q_lt_q20,
03OA012,q_lt_q20,1190.6
03OA015,q_lt_q20,1350.25
03OA016,q_lt_q20,1143.25
03OA017,q_lt_q20,1160.6
03OB007,q_lt_q20,1120.7
03OC003,q_lt_q20,
03OD008,q_lt_q20,1238.85
03OD009,q_lt_q20,1166
03OD010,q_lt_q20,
03OE001,q_lt_q20,1136.7
03OE011,q_lt_q20,1206.35
03OE013,q_lt_q20,1108.5
03OE014,q_lt_q20,1118.5
03QC001,q_lt_q20,1152.15
03QC002,q_lt_q20,1197.65
04AA004,q_lt_q20,1351.55
04AB001,q_lt_q20,
04CA002,q_lt_q20,1295.45
04CA003,q_lt_q20,
04CA004,q_lt_q20,
04CA005,q_lt_q20,
04CB001,q_lt_q20,
04DA001,q_lt_q20,
04DA002,q_lt_q20,1046.65
04DB001,q_lt_q20,
04DC001,q_lt_q20,1251.1
04DC002,q_lt_q20,1063.3
04EA001,q_lt_q20,956.65
04FA001,q_lt_q20,1137.55
04FA002,q_lt_q20,1145.1
04FA003,q_lt_q20,
04FB001,q_lt_q20,1162.65
04FC001,q_lt_q20,957.55
04FC003,q_lt_q20,1019.7
04GA002,q_lt_q20,1155
04GB004,q_lt_q20,
04GB005,q_lt_q20,1163.45
04GC002,q_lt_q20,1161.05
04GD001,q_lt_q20,
04HA001,q_lt_q20,
04HA002,q_lt_q20,813.8
04JC002,q_lt_q20,1134.45
04JD005,q_lt_q20,1128.8
04JF001,q_lt_q20,1111.75
04JG001,q_lt_q20,1140.5
04KA001,q_lt_q20,1123.35
04LA002,q_lt_q20,1165.1
04LA003,q_lt_q20,1100.65
04LA004,q_lt_q20,1163.8
04LA006,q_lt_q20,1177
04LB002,q_lt_q20,1181.2
04LC003,q_lt_q20,1221.85
04LD001,q_lt_q20,1167.7
04LE002,q_lt_q20,1176.2
04LF001,q_lt_q20,1169.1
04LG004,q_lt_q20,
04LJ001,q_lt_q20,1146.65
04LK001,q_lt_q20,1240.45
04LM001,q_lt_q20,
04ME003,q_lt_q20,
04MF001,q_lt_q20,
04NA001,q_lt_q20,1162.5
04NA005,q_lt_q20,1198.4
05AA004,q_lt_q20,1454.7
05AA008,q_lt_q20,1264.15
05AA011,q_lt_q20,1402.4
05AA022,q_lt_q20,1393.9
05AA024,q_lt_q20,1436.55
05AA027,q_lt_q20,1308.9
05AA028,q_lt_q20,1300.15
05AA030,q_lt_q20,1360.95
05AA033,q_lt_q20,1446.3
05AA034,q_lt_q20,1341.95
05AA035,q_lt_q20,1400.1
05AA909,q_lt_q20,1354.15
05AB005,q_lt_q20,1465.75
05AB013,q_lt_q20,1460.5
05AB019,q_lt_q20,1467.75
05AB021,q_lt_q20,1445.8
05AB029,q_lt_q20,1472.3
05AB040,q_lt_q20,1320.95
05AB041,q_lt_q20,1415.55
05AB042,q_lt_q20,1429.1
05AB045,q_lt_q20,1422.5
05AB046,q_lt_q20,1464.6
05AC003,q_lt_q20,1454.25
05AC012,q_lt_q20,1477.35
05AC017,q_lt_q20,1512.1
05AC023,q_lt_q20,1480
05AC030,q_lt_q20,1473.85
05AC031,q_lt_q20,1419.95
05AC034,q_lt_q20,1466.15
05AC902,q_lt_q20,1495.55
05AC930,q_lt_q20,1435.95
05AC938,q_lt_q20,1454.35
05AC941,q_lt_q20,1460.1
05AD003,q_lt_q20,1417.9
05AD005,q_lt_q20,1373.85
05AD007,q_lt_q20,1483.6
05AD010,q_lt_q20,1417.55
05AD013,q_lt_q20,1438.3
05AD017,q_lt_q20,1347.5
05AD021,q_lt_q20,1430.4
05AD027,q_lt_q20,1462
05AD028,q_lt_q20,1427.8
05AD035,q_lt_q20,1479.15
05AD037,q_lt_q20,1516.9
05AD041,q_lt_q20,1402.05
05AD042,q_lt_q20,1370.75
05AD934,q_lt_q20,1496.7
05AE002,q_lt_q20,1431.8
05AE005,q_lt_q20,1420.15
05AE006,q_lt_q20,1477.75
05AE016,q_lt_q20,1496.2
05AE021,q_lt_q20,1454.5
05AE026,q_lt_q20,1426.8
05AE027,q_lt_q20,1441.95
05AE029,q_lt_q20,1433.7
05AF034,q_lt_q20,1505.1
05AG003,q_lt_q20,1505.85
05AG006,q_lt_q20,1484.85
05AG026,q_lt_q20,1513.55
05AH002,q_lt_q20,1503.45
05AH005,q_lt_q20,1465.2
05AH037,q_lt_q20,1476.75
05AH041,q_lt_q20,1507.7
05AH043,q_lt_q20,1462.35
05AH052,q_lt_q20,1509.15
05AH053,q_lt_q20,1507.7
05AJ001,q_lt_q20,1464
05BA001,q_lt_q20,1181.5
05BA002,q_lt_q20,1207.65
05BB001,q_lt_q20,1187.85
05BC001,q_lt_q20,1195.45
05BC008,q_lt_q20,1170.1
05BD004,q_lt_q20,1195.05
05BE004,q_lt_q20,1312.75
05BE007,q_lt_q20,1220.15
05BE999,q_lt_q20,1400.1
05BF003,q_lt_q20,1214.65
05BF025,q_lt_q20,1276.15
05BG006,q_lt_q20,1275.5
05BG010,q_lt_q20,1313.8
05BH004,q_lt_q20,1450.1
05BH005,q_lt_q20,1388.4
05BH008,q_lt_q20,1414.8
05BH013,q_lt_q20,1248.95
05BH014,q_lt_q20,1394.65
05BH015,q_lt_q20,1359.7
05BH016,q_lt_q20,1419.5
05BJ001,q_lt_q20,1434.35
05BJ004,q_lt_q20,1288.4
05BJ010,q_lt_q20,1385.4
05BK001,q_lt_q20,1331.7
05BL004,q_lt_q20,1366.05
05BL007,q_lt_q20,1412.35
05BL012,q_lt_q20,1419.15
05BL013,q_lt_q20,1381.6
05BL014,q_lt_q20,1372.55
05BL015,q_lt_q20,1442.35
05BL019,q_lt_q20,1311.7
05BL022,q_lt_q20,1263.6
05BL023,q_lt_q20,1386.45
05BL024,q_lt_q20,1407.45
05BL025,q_lt_q20,1425.75
05BL027,q_lt_q20,1331.05
05BM002,q_lt_q20,
05BM004,q_lt_q20,1467.7
05BM008,q_lt_q20,1437
05BM014,q_lt_q20,1438.2
05BM015,q_lt_q20,1448.8
05BM018,q_lt_q20,1424.85
05BM020,q_lt_q20,1479.55
05BM021,q_lt_q20,1427.6
05BN002,q_lt_q20,1486.95
05BN006,q_lt_q20,1521.5
05BN008,q_lt_q20,1523.8
05BN012,q_lt_q20,1443.65
05CA002,q_lt_q20,1345.35
05CA004,q_lt_q20,1270.8
05CA009,q_lt_q20,1267.9
05CA011,q_lt_q20,1359.7
05CA012,q_lt_q20,1313.95
05CB001,q_lt_q20,1360.45
05CB002,q_lt_q20,1255.1
05CB004,q_lt_q20,1349
05CB007,q_lt_q20,1359.35
05CC001,q_lt_q20,1383.85
05CC002,q_lt_q20,1400.3
05CC007,q_lt_q20,1387.85
05CC008,q_lt_q20,1359.6
05CC009,q_lt_q20,1359.85
05CC010,q_lt_q20,1382.05
05CC011,q_lt_q20,1430.25
05CC013,q_lt_q20,1364
05CD004,q_lt_q20,1398.65
05CD006,q_lt_q20,1350.3
05CD007,q_lt_q20,1405
05CD902,q_lt_q20,1402.8
05CE001,q_lt_q20,1402.05
05CE002,q_lt_q20,1368.55
05CE005,q_lt_q20,1399.45
05CE006,q_lt_q20,1386.9
05CE007,q_lt_q20,1365.45
05CE010,q_lt_q20,1363.5
05CE011,q_lt_q20,1387.75
05CE012,q_lt_q20,1389.65
05CE018,q_lt_q20,1359.35
05CE020,q_lt_q20,1400.35
05CG006,q_lt_q20,1402.5
05CG007,q_lt_q20,1451.9
05CH007,q_lt_q20,1469.9
05CH011,q_lt_q20,1440.9
05CJ006,q_lt_q20,1459.4
05CJ012,q_lt_q20,1410.05
05CK001,q_lt_q20,1483.2
05CK004,q_lt_q20,1492.45
05CK005,q_lt_q20,1481.3
05DA002,q_lt_q20,1254.55
05DA007,q_lt_q20,1227.95
05DA009,q_lt_q20,1223.35
05DA010,q_lt_q20,1222.25
05DB002,q_lt_q20,1338.85
05DB005,q_lt_q20,1280.95
05DB006,q_lt_q20,1369.6
05DC001,q_lt_q20,
05DC006,q_lt_q20,1263.7
05DC010,q_lt_q20,1249.9
05DC011,q_lt_q20,1221
05DC012,q_lt_q20,1278.25
05DD004,q_lt_q20,1231.2
05DD005,q_lt_q20,1214.3
05DD007,q_lt_q20,1244.75
05DD009,q_lt_q20,1280.65
05DE007,q_lt_q20,1275.6
05DE009,q_lt_q20,1389.4
05DE010,q_lt_q20,1260.55
05DE911,q_lt_q20,1354.8
05DF001,q_lt_q20,
05DF003,q_lt_q20,1400.5
05DF004,q_lt_q20,1414.55
05DF006,q_lt_q20,1372.5
05DF007,q_lt_q20,1378.65
05DF008,q_lt_q20,1400.9
05DF009,q_lt_q20,1381
05EA001,q_lt_q20,1373.6
05EA002,q_lt_q20,1396.75
05EA005,q_lt_q20,1365.1
05EA010,q_lt_q20,1397.65
05EA011,q_lt_q20,1393.85
05EA012,q_lt_q20,1378.65
05EA013,q_lt_q20,1361.3
05EB902,q_lt_q20,1390.6
05EC002,q_lt_q20,1332.75
05EC005,q_lt_q20,1360.3
05ED002,q_lt_q20,1331.2
05EE005,q_lt_q20,1360.65
05EE006,q_lt_q20,1369.6
05EE007,q_lt_q20,1352.8
05EE009,q_lt_q20,1414.25
05EE010,q_lt_q20,1332.95
05EF001,q_lt_q20,
05EF004,q_lt_q20,1323.9
05EF005,q_lt_q20,1339.6
05EF006,q_lt_q20,1337.95
05EG004,q_lt_q20,1347.7
05EG005,q_lt_q20,1348.15
05FA001,q_lt_q20,1381.4
05FA011,q_lt_q20,1379.45
05FA012,q_lt_q20,1335.65
05FA014,q_lt_q20,1384.4
05FA024,q_lt_q20,1374
05FA025,q_lt_q20,1394
05FB002,q_lt_q20,1399.45
05FC001,q_lt_q20,1361.2
05FC002,q_lt_q20,1394.7
05FC004,q_lt_q20,1386.6
05FC007,q_lt_q20,1410.3
05FC008,q_lt_q20,1378.6
05FD001,q_lt_q20,1397.6
05FE002,q_lt_q20,1349.3
05FE004,q_lt_q20,1326.5
05FF003,q_lt_q20,1313.45
05GA003,q_lt_q20,1421.2
05GA008,q_lt_q20,1330.4
05GA010,q_lt_q20,1397.45
05GB004,q_lt_q20,1409.85
05GC006,q_lt_q20,1354.65
05GC007,q_lt_q20,1434.65
05GD001,q_lt_q20,1337.35
05GD002,q_lt_q20,1360.05
05GF001,q_lt_q20,1327.95
05GF002,q_lt_q20,1340.1
05GG001,q_lt_q20,
05GG010,q_lt_q20,1369.85
05HA003,q_lt_q20,1464.3
05HA015,q_lt_q20,1448.05
05HC003,q_lt_q20,1413.8
05HD036,q_lt_q20,1464.05
05HD039,q_lt_q20,1407.8
05HD042,q_lt_q20,1456.5
05HE001,q_lt_q20,1427.85
05HF015,q_lt_q20,1426.35
05HG001,q_lt_q20,1387.05
05HG002,q_lt_q20,1396.7
05HH002,q_lt_q20,1344.65
05HH003,q_lt_q20,1343.65
05JA002,q_lt_q20,1496.65
05JA003,q_lt_q20,1504
05JA005,q_lt_q20,1480.45
05JA006,q_lt_q20,1488.7
05JB001,q_lt_q20,1475.1
05JB004,q_lt_q20,1475.85
05JB007,q_lt_q20,1472.25
05JC004,q_lt_q20,1444.6
05JC005,q_lt_q20,1449.15
05JC006,q_lt_q20,1452.1
05JC007,q_lt_q20,1469.95
05JE001,q_lt_q20,1435.05
05JE004,q_lt_q20,1449.35
05JE005,q_lt_q20,1455.45
05JE006,q_lt_q20,1436.45
05JF001,q_lt_q20,1365.8
05JF005,q_lt_q20,1353.3
05JF006,q_lt_q20,1381.15
05JF008,q_lt_q20,1372.25
05JF011,q_lt_q20,1367.75
05JF012,q_lt_q20,1381.85
05JF014,q_lt_q20,1395.5
05JG001,q_lt_q20,1455.85
05JG004,q_lt_q20,1434.3
05JG006,q_lt_q20,1420.75
05JG013,q_lt_q20,1356.8
05JG014,q_lt_q20,1383.55
05JH001,q_lt_q20,1434.45
05JH005,q_lt_q20,1416.35
05JJ003,q_lt_q20,1378.45
05JJ009,q_lt_q20,1383.55
05JK002,q_lt_q20,1373.3
05JK004,q_lt_q20,1316.5
05JK007,q_lt_q20,1396.9
05JL005,q_lt_q20,1346.85
05JM001,q_lt_q20,1156.6
05JM010,q_lt_q20,1318.25
05JM013,q_lt_q20,1349.15
05JM015,q_lt_q20,1303.95
05KA001,q_lt_q20,1370.85
05KA009,q_lt_q20,1368.7
05KB003,q_lt_q20,1322.55
05KB005,q_lt_q20,1323.25
05KB006,q_lt_q20,1353.4
05KB011,q_lt_q20,1317.4
05KC001,q_lt_q20,1280.95
05KD003,q_lt_q20,1267.85
05KD007,q_lt_q20,1294.45
05KE002,q_lt_q20,1356.9
05KE005,q_lt_q20,1304.1
05KE007,q_lt_q20,1299.65
05KE010,q_lt_q20,1252.3
05KF001,q_lt_q20,1307.9
05KH007,q_lt_q20,1325.5
05KH009,q_lt_q20,1250.1
05KJ001,q_lt_q20,1317.4
05KJ014,q_lt_q20,1192.85
05KL001,q_lt_q20,
05LA003,q_lt_q20,1318.05
05LA004,q_lt_q20,1319.4
05LA005,q_lt_q20,1307.6
05LB004,q_lt_q20,1324
05LB005,q_lt_q20,1313.45
05LB006,q_lt_q20,1323.75
05LB007,q_lt_q20,1340
05LB010,q_lt_q20,1321.55
05LC001,q_lt_q20,1320.7
05LC004,q_lt_q20,1371.25
05LD001,q_lt_q20,1323.05
05LD003,q_lt_q20,1266.75
05LE004,q_lt_q20,1283.4
05LE005,q_lt_q20,1290.65
05LE006,q_lt_q20,1304.9
05LE008,q_lt_q20,1321.9
05LE010,q_lt_q20,1337.95
05LE011,q_lt_q20,1314.35
05LG003,q_lt_q20,1363.85
05LG004,q_lt_q20,1364.35
05LH005,q_lt_q20,1330.1
05LJ005,q_lt_q20,1364.55
05LJ007,q_lt_q20,1355.4
05LJ010,q_lt_q20,1329.65
05LJ012,q_lt_q20,1356.25
05LJ019,q_lt_q20,1358.7
05LJ025,q_lt_q20,1345.65
05LJ027,q_lt_q20,1336.95
05LJ045,q_lt_q20,1347.1
05LL005,q_lt_q20,1349
05LL014,q_lt_q20,1335.5
05LL015,q_lt_q20,1353.55
05LL021,q_lt_q20,1331.05
05LL027,q_lt_q20,1355.8
05LM006,q_lt_q20,1294.65
05LN006,q_lt_q20,1392.2
05MA011,q_lt_q20,1364.4
05MA012,q_lt_q20,1348
05MA016,q_lt_q20,1380.55
05MA020,q_lt_q20,1319.3
05MA021,q_lt_q20,1353.8
05MA025,q_lt_q20,1324.85
05MB001,q_lt_q20,1343.7
05MB003,q_lt_q20,1354.7
05MB005,q_lt_q20,1365.5
05MC001,q_lt_q20,1320.7
05MC002,q_lt_q20,1273.6
05MC003,q_lt_q20,1334.3
05MD004,q_lt_q20,1371.25
05MD005,q_lt_q20,1344.2
05MD007,q_lt_q20,1335.45
05MD010,q_lt_q20,1350.7
05ME001,q_lt_q20,1327.1
05ME003,q_lt_q20,1314.8
05ME005,q_lt_q20,1329.1
05ME006,q_lt_q20,1354.85
05ME007,q_lt_q20,1346.25
05ME009,q_lt_q20,1360.1
05ME010,q_lt_q20,1342.55
05MF001,q_lt_q20,1295.15
05MF008,q_lt_q20,1345.85
05MF018,q_lt_q20,1342.4
05MF024,q_lt_q20,1310.15
05MG001,q_lt_q20,1355.15
05MG003,q_lt_q20,1366.15
05MG004,q_lt_q20,1342.75
05MG015,q_lt_q20,1369.6
05MH001,q_lt_q20,1338.9
05MH005,q_lt_q20,1310.85
05MH006,q_lt_q20,1335.75
05MH007,q_lt_q20,1368.45
05MH008,q_lt_q20,1357.5
05MJ001,q_lt_q20,1348.75
05MJ003,q_lt_q20,1357.9
05MJ004,q_lt_q20,1383.3
05MJ013,q_lt_q20,1404.45
05NA003,q_lt_q20,1449.6
05NA004,q_lt_q20,1451.75
05NA005,q_lt_q20,1450.8
05NB001,q_lt_q20,1445.05
05NB011,q_lt_q20,1443.65
05NB018,q_lt_q20,1438
05NB021,q_lt_q20,1432.1
05NB027,q_lt_q20,1437.05
05NB031,q_lt_q20,1440.05
05NB033,q_lt_q20,1441.85
05NB036,q_lt_q20,1345.4
05NB039,q_lt_q20,1450.9
05NB040,q_lt_q20,1419.85
05NB041,q_lt_q20,1419.3
05NC001,q_lt_q20,1399.2
05ND007,q_lt_q20,1416.95
05ND010,q_lt_q20,1385.6
05ND011,q_lt_q20,1400.2
05ND013,q_lt_q20,1409.5
05NE003,q_lt_q20,1350.75
05NF001,q_lt_q20,1384.65
05NF002,q_lt_q20,1394.3
05NF006,q_lt_q20,1425.9
05NF007,q_lt_q20,1373.2
05NF010,q_lt_q20,1368.55
05NF012,q_lt_q20,1408.7
05NG001,q_lt_q20,1341.45
05NG003,q_lt_q20,1380.7
05NG007,q_lt_q20,1360.5
05NG010,q_lt_q20,1374.85
05NG012,q_lt_q20,1364.6
05NG020,q_lt_q20,1406.2
05NG021,q_lt_q20,1368.35
05NG024,q_lt_q20,1345.2
05OA001,q_lt_q20,1371.75
05OA006,q_lt_q20,1343.65
05OA007,q_lt_q20,1367.1
05OA010,q_lt_q20,1311
05OB001,q_lt_q20,1310.05
05OB007,q_lt_q20,1316.1
05OB010,q_lt_q20,1332.75
05OB016,q_lt_q20,1320.45
05OB019,q_lt_q20,1253.55
05OB021,q_lt_q20,1319.4
05OB023,q_lt_q20,1314
05OC001,q_lt_q20,1436
05OC004,q_lt_q20,1411.7
05OC008,q_lt_q20,
05OC012,q_lt_q20,1395.9
05OC016,q_lt_q20,1413.6
05OC019,q_lt_q20,1378.15
05OC022,q_lt_q20,1393
05OC024,q_lt_q20,1371.15
05OC029,q_lt_q20,1383.8
05OD001,q_lt_q20,1379.5
05OD004,q_lt_q20,1440.4
05OD028,q_lt_q20,1419.25
05OD034,q_lt_q20,1437.5
05OE001,q_lt_q20,1372.7
05OE004,q_lt_q20,1388.9
05OE006,q_lt_q20,1351.3
05OE007,q_lt_q20,1406.85
05OE009,q_lt_q20,1383.25
05OE010,q_lt_q20,1347.3
05OE011,q_lt_q20,1374
05OE014,q_lt_q20,1417.3
05OE015,q_lt_q20,1415.9
05OF003,q_lt_q20,1350.9
05OF009,q_lt_q20,1359.65
05OF011,q_lt_q20,1369.9
05OF014,q_lt_q20,1379.2
05OF017,q_lt_q20,1369.7
05OF018,q_lt_q20,1382.85
05OF020,q_lt_q20,1404.85
05OF023,q_lt_q20,1324.25
05OF024,q_lt_q20,1348
05OF026,q_lt_q20,1334.95
05OG001,q_lt_q20,1341.2
05OG005,q_lt_q20,1345.15
05OG008,q_lt_q20,1287.15
05OH007,q_lt_q20,1394.7
05OH009,q_lt_q20,1377.3
05OJ005,q_lt_q20,
05OJ008,q_lt_q20,1385.55
05OJ016,q_lt_q20,1390.9
05OJ017,q_lt_q20,1349.8
05PA006,q_lt_q20,1247
05PA012,q_lt_q20,
05PB009,q_lt_q20,1236.5
05PB018,q_lt_q20,1250.1
05PC018,q_lt_q20,1374.5
05PC019,q_lt_q20,
05PC022,q_lt_q20,1351.8
05PC023,q_lt_q20,1346.45
05PE005,q_lt_q20,1299.5
05PE006,q_lt_q20,1255.05
05PE011,q_lt_q20,1233.9
05PE020,q_lt_q20,
05PE028,q_lt_q20,1248.05
05PF063,q_lt_q20,
05PF068,q_lt_q20,
05PF069,q_lt_q20,
05PG001,q_lt_q20,1372.35
05PH003,q_lt_q20,1369.95
05PH007,q_lt_q20,1338.85
05PJ001,q_lt_q20,1340.1
05QA002,q_lt_q20,
05QA004,q_lt_q20,1191.75
05QC001,q_lt_q20,1184.8
05QC006,q_lt_q20,1193.2
05QC007,q_lt_q20,1208.9
05QD006,q_lt_q20,1243.1
05QD016,q_lt_q20,1324.95
05QE008,q_lt_q20,1142.35
05QE009,q_lt_q20,1203.6
05RA001,q_lt_q20,1360.05
05RB003,q_lt_q20,1319.45
05RC001,q_lt_q20,1174.95
05RD008,q_lt_q20,1327.25
05RE001,q_lt_q20,
05SA002,q_lt_q20,1328.5
05SC002,q_lt_q20,1362.35
05SD004,q_lt_q20,1340.15
05SD005,q_lt_q20,1352
05SD006,q_lt_q20,1317.25
05TD001,q_lt_q20,1178.45
05TE002,q_lt_q20,1314.5
05TF002,q_lt_q20,1094.8
05TG001,q_lt_q20,1194.65
05TG002,q_lt_q20,967
05TG003,q_lt_q20,1334.15
05TG006,q_lt_q20,932.45
05UA003,q_lt_q20,1301.1
05UB008,q_lt_q20,
05UB009,q_lt_q20,
05UE005,q_lt_q20,
05UF004,q_lt_q20,1235.5
05UF006,q_lt_q20,1185.35
05UF007,q_lt_q20,
05UG001,q_lt_q20,1377.15
05UH001,q_lt_q20,1413.25
05UH002,q_lt_q20,1347.65
06AA001,q_lt_q20,1324.6
06AA002,q_lt_q20,1348.9
06AB001,q_lt_q20,1269.55
06AB002,q_lt_q20,1372
06AC001,q_lt_q20,1346.4
06AD001,q_lt_q20,1306.85
06AD006,q_lt_q20,1325.6
06AD007,q_lt_q20,1368.75
06AD008,q_lt_q20,1315.5
06AD009,q_lt_q20,1295.6
06AD010,q_lt_q20,1351.1
06AD011,q_lt_q20,1330.1
06AF005,q_lt_q20,1254.35
06AG001,q_lt_q20,1273.65
06AG002,q_lt_q20,1260.3
06BA002,q_lt_q20,1263.85
06BB003,q_lt_q20,1211.7
06BB005,q_lt_q20,1256.25
06BD001,q_lt_q20,1201.45
06CA001,q_lt_q20,1208.15
06CC001,q_lt_q20,1233.45
06CD002,q_lt_q20,
06DA002,q_lt_q20,1120.95
06DA004,q_lt_q20,1219.1
06DA005,q_lt_q20,1128.25
06DC001,q_lt_q20,1079.5
06DD002,q_lt_q20,1243.9
06DD003,q_lt_q20,
06EA002,q_lt_q20,1253.85
06EA006,q_lt_q20,
06EA011,q_lt_q20,
06EB004,q_lt_q20,
06FA001,q_lt_q20,
06FB001,q_lt_q20,1350
06FC001,q_lt_q20,
06FD001,q_lt_q20,1087.15
06FD002,q_lt_q20,1232.2
06GD001,q_lt_q20,
06HB002,q_lt_q20,1154.9
06JA001,q_lt_q20,1227.85
06JB001,q_lt_q20,1133.8
06JC002,q_lt_q20,1142.5
06KB003,q_lt_q20,
06KC003,q_lt_q20,
06LA001,q_lt_q20,1107.35
06LC001,q_lt_q20,
06OA007,q_lt_q20,
07AA001,q_lt_q20,1179.7
07AA002,q_lt_q20,1209.35
07AA007,q_lt_q20,1146.1
07AC001,q_lt_q20,1255.7
07AC007,q_lt_q20,1188.05
07AC008,q_lt_q20,1267.6
07AD002,q_lt_q20,1335.4
07AE001,q_lt_q20,1227.55
07AF002,q_lt_q20,1321.15
07AF003,q_lt_q20,1269.35
07AF010,q_lt_q20,1290.05
07AF013,q_lt_q20,1244.05
07AF014,q_lt_q20,1337.15
07AF015,q_lt_q20,1308.4
07AG003,q_lt_q20,1261.85
07AG004,q_lt_q20,1221.6
07AG007,q_lt_q20,1275.45
07AG008,q_lt_q20,1261.6
07AH001,q_lt_q20,1290.6
07AH002,q_lt_q20,1243.05
07AH003,q_lt_q20,1224.5
07BA001,q_lt_q20,1253.85
07BA002,q_lt_q20,1262.85
07BA003,q_lt_q20,1285.85
07BB002,q_lt_q20,1227.25
07BB004,q_lt_q20,1363.05
07BB005,q_lt_q20,1349.75
07BB006,q_lt_q20,1338.8
07BB011,q_lt_q20,1350.35
07BB014,q_lt_q20,1374.9
07BC002,q_lt_q20,1318.05
07BC006,q_lt_q20,1359.3
07BC007,q_lt_q20,1365.75
07BE001,q_lt_q20,1331.75
07BE003,q_lt_q20,1301.9
07BE004,q_lt_q20,1338.7
07BF001,q_lt_q20,1325.95
07BF002,q_lt_q20,1301.7
07BF009,q_lt_q20,1273
07BF010,q_lt_q20,1235
07BF905,q_lt_q20,1328.3
07BG004,q_lt_q20,1296.25
07BJ001,q_lt_q20,1289.55
07BJ003,q_lt_q20,1108.45
07BK001,q_lt_q20,1316.05
07BK005,q_lt_q20,1267.7
07BK007,q_lt_q20,1266.6
07BK009,q_lt_q20,1325.6
07CA003,q_lt_q20,1386.2
07CA005,q_lt_q20,1337.1
07CA006,q_lt_q20,1326.8
07CA008,q_lt_q20,1351.2
07CA012,q_lt_q20,1219.85
07CA013,q_lt_q20,1211.65
07CB002,q_lt_q20,1230.25
07CD001,q_lt_q20,1236
07CD004,q_lt_q20,1301.3
07CD005,q_lt_q20,1218.6
07CD008,q_lt_q20,1238.45
07CD009,q_lt_q20,1183.25
07CE002,q_lt_q20,1242.1
07CE003,q_lt_q20,1219.65
07CE005,q_lt_q20,1243.45
07CE007,q_lt_q20,1191.7
07CE008,q_lt_q20,1192.25
07CE010,q_lt_q20,1232.5
07CE013,q_lt_q20,1227.3
07DA001,q_lt_q20,
07DA006,q_lt_q20,1261.85
07DA007,q_lt_q20,1184.95
07DA008,q_lt_q20,1241.15
07DA018,q_lt_q20,1193.8
07DA026,q_lt_q20,1250.9
07DA027,q_lt_q20,1241.75
07DA028,q_lt_q20,1202.25
07DA029,q_lt_q20,1151.25
07DA030,q_lt_q20,1212.95
07DA032,q_lt_q20,1226.55
07DA033,q_lt_q20,1182.85
07DA034,q_lt_q20,1236.95
07DA035,q_lt_q20,1223.5
07DA037,q_lt_q20,1232.9
07DA038,q_lt_q20,1271.6
07DA039,q_lt_q20,1182.1
07DA040,q_lt_q20,1134.7
07DA041,q_lt_q20,1128.8
07DA042,q_lt_q20,1202.8
07DA044,q_lt_q20,1183.75
07DA045,q_lt_q20,1177.35
07DB001,q_lt_q20,1192.25
07DB002,q_lt_q20,1215.9
07DB003,q_lt_q20,1254.9
07DB006,q_lt_q20,1146.55
07DC001,q_lt_q20,1222.85
07DC003,q_lt_q20,1247.55
07DC004,q_lt_q20,1186.5
07DD001,q_lt_q20,
07DD002,q_lt_q20,1211.05
07DD003,q_lt_q20,1294.85
07EA004,q_lt_q20,1241.4
07EA005,q_lt_q20,1208
07EA007,q_lt_q20,1196.75
07EB002,q_lt_q20,
07EC002,q_lt_q20,1221.2
07EC003,q_lt_q20,1170.45
07EC004,q_lt_q20,1182.35
07ED001,q_lt_q20,1221.85
07ED003,q_lt_q20,1169.9
07EE007,q_lt_q20,1230
07EE009,q_lt_q20,1239.65
07EE010,q_lt_q20,1224.2
07EF004,q_lt_q20,1159.35
07FA003,q_lt_q20,1241.7
07FA004,q_lt_q20,1263.25
07FA005,q_lt_q20,1262.75
07FA006,q_lt_q20,1167.85
07FB001,q_lt_q20,1236.6
07FB002,q_lt_q20,1197.8
07FB003,q_lt_q20,1218.75
07FB004,q_lt_q20,1204.95
07FB006,q_lt_q20,1246.25
07FB008,q_lt_q20,1211.95
07FB009,q_lt_q20,1163.35
07FC001,q_lt_q20,1215.75
07FC003,q_lt_q20,1216.6
07FD001,q_lt_q20,1174.2
07FD002,q_lt_q20,1297.2
07FD003,q_lt_q20,1226.55
07FD006,q_lt_q20,1320.3
07FD007,q_lt_q20,1276.5
07FD009,q_lt_q20,1190.75
07FD010,q_lt_q20,
07FD011,q_lt_q20,1193.65
07FD012,q_lt_q20,1251.45
07FD013,q_lt_q20,1275.95
07FD019,q_lt_q20,1165.3
07FD020,q_lt_q20,1286.85
07FD908,q_lt_q20,1229.95
07FD910,q_lt_q20,1291.55
07GA001,q_lt_q20,1220.35
07GA002,q_lt_q20,1232.7
07GB001,q_lt_q20,1209.75
07GB003,q_lt_q20,1243.7
07GC002,q_lt_q20,1237.05
07GD001,q_lt_q20,1319.55
07GD004,q_lt_q20,1329.15
07GE001,q_lt_q20,1234.85
07GE002,q_lt_q20,1298.5
07GE003,q_lt_q20,1284.4
07GE007,q_lt_q20,1310.5
07GF001,q_lt_q20,1254.85
07GF008,q_lt_q20,1286.8
07GG001,q_lt_q20,1254
07GG002,q_lt_q20,1270.55
07GG003,q_lt_q20,1290.25
07GH002,q_lt_q20,1369
07GH004,q_lt_q20,1341.05
07GJ001,q_lt_q20,1278.3
07HA001,q_lt_q20,1314.55
07HA003,q_lt_q20,1247.3
07HA005,q_lt_q20,1201.5
07HA914,q_lt_q20,1199.25
07HB001,q_lt_q20,1240.4
07HC001,q_lt_q20,1222.2
07HC002,q_lt_q20,1319.45
07HC907,q_lt_q20,1292.85
07HF001,q_lt_q20,1242.95
07HF002,q_lt_q20,1282.85
07JA003,q_lt_q20,1262.1
07JC001,q_lt_q20,1218.75
07JC002,q_lt_q20,1279.4
07JC003,q_lt_q20,1214.6
07JD002,q_lt_q20,1226.05
07JD003,q_lt_q20,1267.2
07JD004,q_lt_q20,1285.8
07JF002,q_lt_q20,1303.85
07JF003,q_lt_q20,1286.4
07JF005,q_lt_q20,1274.3
07KC001,q_lt_q20,1269.35
07KE001,q_lt_q20,1181.5
07KF015,q_lt_q20,1247.2
07LE002,q_lt_q20,1117.05
07MA003,q_lt_q20,
07MB001,q_lt_q20,1173.85
07NB001,q_lt_q20,
07OA001,q_lt_q20,1245.35
07OB003,q_lt_q20,1248.75
07OB004,q_lt_q20,1163.15
07OB006,q_lt_q20,1195.15
07OB008,q_lt_q20,1170.6
07OC001,q_lt_q20,1255.65
07QC005,q_lt_q20,1236.4
07QC006,q_lt_q20,1093.95
07QC007,q_lt_q20,1130.45
07QC008,q_lt_q20,
07QD007,q_lt_q20,1217.65
07RB001,q_lt_q20,1349.5
07RD001,q_lt_q20,1275.7
07SA002,q_lt_q20,
07SA004,q_lt_q20,
07SA008,q_lt_q20,1167.6
07SB002,q_lt_q20,1117.55
07SB003,q_lt_q20,1201.5
07SB010,q_lt_q20,1266.5
07SB013,q_lt_q20,1240.85
07SB020,q_lt_q20,1181.5
07SC001,q_lt_q20,
07SC004,q_lt_q20,
08AA003,q_lt_q20,1180.8
08AA011,q_lt_q20,1146.2
08AB001,q_lt_q20,1184.7
08AC001,q_lt_q20,1121.85
08AC002,q_lt_q20,1116.5
08BB005,q_lt_q20,1153.45
08CD001,q_lt_q20,1122
08CE001,q_lt_q20,1125.25
08CE005,q_lt_q20,1119.6
08CF003,q_lt_q20,1090.9
08CG001,q_lt_q20,1147
08DA005,q_lt_q20,1152.05
08DA012,q_lt_q20,1195.85
08DB001,q_lt_q20,1205.35
08DB013,q_lt_q20,1078.75
08EB003,q_lt_q20,1166.25
08EB004,q_lt_q20,1176.5
08EB005,q_lt_q20,1176.75
08EC001,q_lt_q20,1211.2
08EC004,q_lt_q20,1332.85
08EC013,q_lt_q20,1219.3
08EC014,q_lt_q20,1295.65
08ED001,q_lt_q20,
08ED002,q_lt_q20,1211.45
08ED004,q_lt_q20,1275
08EE003,q_lt_q20,1282.25
08EE004,q_lt_q20,1205.35
08EE005,q_lt_q20,1268.65
08EE008,q_lt_q20,1267.4
08EE012,q_lt_q20,1243.5
08EE013,q_lt_q20,1261.85
08EE020,q_lt_q20,1182.5
08EE025,q_lt_q20,1194.55
08EF001,q_lt_q20,
08EF005,q_lt_q20,1143.35
08EF006,q_lt_q20,1265.1
08EG012,q_lt_q20,1117.65
08EG018,q_lt_q20,1124.95
08EG019,q_lt_q20,1160.6
08FA002,q_lt_q20,
08FB004,q_lt_q20,1143.85
08FB006,q_lt_q20,1156.8
08FB011,q_lt_q20,1146.95
08FC003,q_lt_q20,1282
08FE002,q_lt_q20,1119.55
08FE003,q_lt_q20,1133.95
08FF001,q_lt_q20,1159.25
08FF002,q_lt_q20,1186.5
08FF003,q_lt_q20,1044.15
08FF006,q_lt_q20,1112.45
08GA010,q_lt_q20,1079.45
08GA022,q_lt_q20,
08GA026,q_lt_q20,1109.2
08GA030,q_lt_q20,1158.8
08GA043,q_lt_q20,1173.25
08GA061,q_lt_q20,1279.15
08GA071,q_lt_q20,1140.4
08GA072,q_lt_q20,1162.75
08GA075,q_lt_q20,1245.55
08GA076,q_lt_q20,
08GA077,q_lt_q20,1035
08GA079,q_lt_q20,977.7
08GB013,q_lt_q20,1120.65
08GB014,q_lt_q20,1220.65
08GC005,q_lt_q20,1097.95
08GC006,q_lt_q20,1107.85
08GC007,q_lt_q20,1107.85
08GC008,q_lt_q20,1253.9
08GD004,q_lt_q20,1247.2
08GD008,q_lt_q20,1279.3
08GD010,q_lt_q20,1201.5
08GE002,q_lt_q20,1211.5
08GE003,q_lt_q20,1167
08GF007,q_lt_q20,1090.2
08HA001,q_lt_q20,1318.7
08HA002,q_lt_q20,1290.75
08HA003,q_lt_q20,1308.3
08HA010,q_lt_q20,1103.75
08HA011,q_lt_q20,1328.15
08HA016,q_lt_q20,1333.5
08HA068,q_lt_q20,1188
08HA069,q_lt_q20,989
08HA070,q_lt_q20,1097.9
08HA072,q_lt_q20,1001.25
08HB006,q_lt_q20,1236.4
08HB008,q_lt_q20,1227
08HB011,q_lt_q20,1305
08HB017,q_lt_q20,1264
08HB022,q_lt_q20,1251.1
08HB023,q_lt_q20,1191.85
08HB025,q_lt_q20,1217.1
08HB034,q_lt_q20,1325.75
08HB041,q_lt_q20,1203.15
08HB048,q_lt_q20,1087.4
08HB074,q_lt_q20,1126.45
08HB075,q_lt_q20,1227.35
08HB084,q_lt_q20,1201.5
08HB086,q_lt_q20,895.65
08HB092,q_lt_q20,1202.9
08HC001,q_lt_q20,988.55
08HC006,q_lt_q20,992.8
08HD005,q_lt_q20,1207.8
08HD006,q_lt_q20,1146.4
08HD007,q_lt_q20,1146.5
08HD011,q_lt_q20,1227
08HD018,q_lt_q20,1046.8
08HD021,q_lt_q20,1149.7
08HD023,q_lt_q20,1204.95
08HD026,q_lt_q20,1152.95
08HD027,q_lt_q20,1241.6
08HD035,q_lt_q20,1241
08HE001,q_lt_q20,1052.3
08HE006,q_lt_q20,889.6
08HE008,q_lt_q20,911.85
08HE009,q_lt_q20,1020.85
08HF004,q_lt_q20,1010
08HF005,q_lt_q20,1076.15
08HF006,q_lt_q20,1017.5
08HF012,q_lt_q20,1026.3
08HF013,q_lt_q20,1037.7
08HF014,q_lt_q20,1117.85
08HF015,q_lt_q20,1061.05
08JA013,q_lt_q20,1254.35
08JA015,q_lt_q20,1081.15
08JA017,q_lt_q20,1287.9
08JA029,q_lt_q20,1136.15
08JB002,q_lt_q20,
08JB003,q_lt_q20,1270.25
08JB008,q_lt_q20,1248.55
08JB013,q_lt_q20,1307.95
08JC001,q_lt_q20,1287.35
08JC002,q_lt_q20,1233.35
08JD006,q_lt_q20,1154.05
08JE001,q_lt_q20,1275.6
08JE004,q_lt_q20,1296.85
08KA001,q_lt_q20,1207.25
08KA004,q_lt_q20,1231.2
08KA005,q_lt_q20,1233.05
08KA007,q_lt_q20,1102.7
08KA013,q_lt_q20,1214.95
08KB001,q_lt_q20,1249.5
08KB003,q_lt_q20,1201.75
08KB006,q_lt_q20,1200.3
08KC001,q_lt_q20,1263.8
08KD007,q_lt_q20,1230.7
08KE016,q_lt_q20,1280.4
08KE024,q_lt_q20,1254.15
08KG001,q_lt_q20,1254.75
08KH001,q_lt_q20,1220.65
08KH006,q_lt_q20,
08KH019,q_lt_q20,1275
08KH030,q_lt_q20,1231.3
08KH031,q_lt_q20,1207.95
08LA001,q_lt_q20,1267.15
08LA027,q_lt_q20,1249.45
08LB020,q_lt_q20,1362.65
08LB024,q_lt_q20,1325.3
08LB038,q_lt_q20,1159.95
08LB047,q_lt_q20,1233.35
08LB064,q_lt_q20,1263.65
08LB069,q_lt_q20,1253.1
08LB072,q_lt_q20,1346.95
08LB076,q_lt_q20,1111.2
08LB078,q_lt_q20,1205.6
08LC002,q_lt_q20,1207.6
08LC003,q_lt_q20,1308.55
08LC018,q_lt_q20,1157.4
08LC039,q_lt_q20,1297.7
08LC040,q_lt_q20,1323.85
08LC042,q_lt_q20,1378.65
08LD001,q_lt_q20,1217.1
08LE020,q_lt_q20,1282.9
08LE021,q_lt_q20,1390.3
08LE024,q_lt_q20,1255.35
08LE027,q_lt_q20,1195.7
08LE031,q_lt_q20,1371.6
08LE077,q_lt_q20,1346.2
08LE108,q_lt_q20,1310.95
08LE112,q_lt_q20,1384.85
08LF002,q_lt_q20,1366.5
08LF007,q_lt_q20,1364.1
08LF027,q_lt_q20,1371.3
08LF033,q_lt_q20,1442.1
08LF051,q_lt_q20,1342.85
08LF094,q_lt_q20,1265.5
08LF099,q_lt_q20,1359.45
08LF100,q_lt_q20,1367.25
08LG008,q_lt_q20,1339.3
08LG009,q_lt_q20,1269.2
08LG010,q_lt_q20,1386.85
08LG016,q_lt_q20,1267.35
08LG017,q_lt_q20,1355.15
08LG028,q_lt_q20,1411.25
08LG041,q_lt_q20,1268.2
08LG048,q_lt_q20,1234.6
08LG056,q_lt_q20,1255.2
08LG065,q_lt_q20,1407.75
08LG070,q_lt_q20,1298.45
08MA001,q_lt_q20,1334.2
08MA002,q_lt_q20,
08MA003,q_lt_q20,1306.85
08MA006,q_lt_q20,1272.1
08MB006,q_lt_q20,1227.5
08MB007,q_lt_q20,1269.45
08MB012,q_lt_q20,1333.9
08MC018,q_lt_q20,
08MC040,q_lt_q20,1368.9
08MC045,q_lt_q20,1199.85
08MC049,q_lt_q20,1357.2
08MD013,q_lt_q20,1347.4
08MD035,q_lt_q20,1234.1
08ME002,q_lt_q20,1293.95
08ME003,q_lt_q20,
08ME023,q_lt_q20,1233.55
08ME025,q_lt_q20,1225.9
08ME027,q_lt_q20,1270.45
08ME028,q_lt_q20,1168.45
08ME029,q_lt_q20,1205.7
08MF005,q_lt_q20,
08MF035,q_lt_q20,1305.3
08MF040,q_lt_q20,
08MF062,q_lt_q20,1044.6
08MF065,q_lt_q20,1156.5
08MF068,q_lt_q20,1155.3
08MG001,q_lt_q20,1175
08MG005,q_lt_q20,1280.85
08MG013,q_lt_q20,
08MG025,q_lt_q20,1196.35
08MG026,q_lt_q20,1277.35
08MG027,q_lt_q20,
08MG028,q_lt_q20,1171.5
08MH001,q_lt_q20,1365.45
08MH002,q_lt_q20,1332.95
08MH005,q_lt_q20,1348.5
08MH006,q_lt_q20,1326.85
08MH016,q_lt_q20,1253.9
08MH024,q_lt_q20,
08MH029,q_lt_q20,1389.25
08MH056,q_lt_q20,1195.95
08MH076,q_lt_q20,1326.1
08MH090,q_lt_q20,1362.8
08MH098,q_lt_q20,1374.3
08MH103,q_lt_q20,1193.7
08MH126,q_lt_q20,1348.1
08MH141,q_lt_q20,985.75
08MH147,q_lt_q20,1106.85
08MH152,q_lt_q20,1369.1
08MH153,q_lt_q20,1388.4
08MH155,q_lt_q20,1363.05
08MH156,q_lt_q20,1378
08MH166,q_lt_q20,1119.6
08MH168,q_lt_q20,966.65
08NA002,q_lt_q20,1259.75
08NA006,q_lt_q20,1283.1
08NA011,q_lt_q20,1164.1
08NB005,q_lt_q20,1194.25
08NB012,q_lt_q20,1105.3
08NB014,q_lt_q20,1172.15
08NB016,q_lt_q20,1163.15
08NB020,q_lt_q20,1073.35
08NB021,q_lt_q20,1158.2
08NC004,q_lt_q20,1141.6
08ND012,q_lt_q20,1156.9
08ND013,q_lt_q20,1188.9
08ND021,q_lt_q20,1182.1
08ND025,q_lt_q20,1153.7
08NE006,q_lt_q20,1119.6
08NE008,q_lt_q20,1122.65
08NE039,q_lt_q20,1257.3
08NE049,q_lt_q20,
08NE058,q_lt_q20,1307.25
08NE074,q_lt_q20,1292.15
08NE087,q_lt_q20,1254
08NE110,q_lt_q20,1231.1
08NE114,q_lt_q20,1256.55
08NE123,q_lt_q20,1109.8
08NE126,q_lt_q20,
08NE130,q_lt_q20,1205.85
08NF001,q_lt_q20,1173.95
08NG002,q_lt_q20,1338.35
08NG065,q_lt_q20,1354.55
08NG076,q_lt_q20,1296.7
08NG077,q_lt_q20,1168.1
08NH005,q_lt_q20,1155.6
08NH006,q_lt_q20,1274.3
08NH007,q_lt_q20,1023.55
08NH016,q_lt_q20,1259.7
08NH021,q_lt_q20,
08NH032,q_lt_q20,1330.65
08NH084,q_lt_q20,1302.55
08NH115,q_lt_q20,1350.5
08NH118,q_lt_q20,1173.65
08NH119,q_lt_q20,1079.35
08NH126,q_lt_q20,
08NH132,q_lt_q20,1069.45
08NH138,q_lt_q20,1133.65
08NH139,q_lt_q20,1227.4
08NJ013,q_lt_q20,1262.9
08NJ026,q_lt_q20,1176.2
08NJ061,q_lt_q20,1174.5
08NJ130,q_lt_q20,1209.2
08NJ158,q_lt_q20,
08NJ160,q_lt_q20,1201.35
08NK002,q_lt_q20,1254.1
08NK016,q_lt_q20,1327
08NK018,q_lt_q20,1244.6
08NK022,q_lt_q20,1261.95
08NK026,q_lt_q20,1229.55
08NK030,q_lt_q20,1324.1
08NL004,q_lt_q20,1298.5
08NL007,q_lt_q20,1325.45
08NL022,q_lt_q20,1418.05
08NL024,q_lt_q20,1331.35
08NL038,q_lt_q20,1330.3
08NL039,q_lt_q20,1282.95
08NL045,q_lt_q20,1322.55
08NL050,q_lt_q20,1323.05
08NL069,q_lt_q20,1188.25
08NL070,q_lt_q20,1198.7
08NL071,q_lt_q20,1172.6
08NL076,q_lt_q20,1306.2
08NM002,q_lt_q20,1402.95
08NM037,q_lt_q20,1341.6
08NM050,q_lt_q20,1427.25
08NM065,q_lt_q20,1420.55
08NM085,q_lt_q20,1372.85
08NM116,q_lt_q20,1436.4
08NM127,q_lt_q20,1428.75
08NM134,q_lt_q20,1264.4
08NM146,q_lt_q20,1330
08NM158,q_lt_q20,1411.55
08NM160,q_lt_q20,1429.5
08NM165,q_lt_q20,1254.6
08NM171,q_lt_q20,1221.6
08NM172,q_lt_q20,1248.75
08NM173,q_lt_q20,1266.9
08NM174,q_lt_q20,1255.5
08NM200,q_lt_q20,1420.25
08NM232,q_lt_q20,1218.95
08NM240,q_lt_q20,1261.4
08NM241,q_lt_q20,1178
08NM242,q_lt_q20,1189.8
08NM247,q_lt_q20,1375.1
08NM248,q_lt_q20,1374.35
08NN002,q_lt_q20,1376.45
08NN003,q_lt_q20,1248.9
08NN012,q_lt_q20,1269.85
08NN013,q_lt_q20,1358.65
08NN015,q_lt_q20,1253.65
08NN019,q_lt_q20,1306.15
08NN023,q_lt_q20,1254.75
08NN026,q_lt_q20,1293.5
08NN028,q_lt_q20,1325.7
08NP001,q_lt_q20,1237.6
08NP003,q_lt_q20,1243.1
08OA003,q_lt_q20,1110.3
08OA004,q_lt_q20,1017.8
08OA005,q_lt_q20,1044.25
08OB002,q_lt_q20,994.3
08PA012,q_lt_q20,1226.7
09AA006,q_lt_q20,
09AA013,q_lt_q20,1177.95
09AB001,q_lt_q20,
09AC001,q_lt_q20,1066.6
09AC007,q_lt_q20,1223.7
09AD002,q_lt_q20,1119.4
09AE003,q_lt_q20,1127.25
09AE006,q_lt_q20,1135.05
09AG001,q_lt_q20,1182.4
09AH001,q_lt_q20,1118.25
09AH003,q_lt_q20,1048.7
09AH004,q_lt_q20,1133.7
09AH005,q_lt_q20,1208.45
09BA001,q_lt_q20,1119.25
09BB001,q_lt_q20,1023.65
09BC001,q_lt_q20,
09BC004,q_lt_q20,
09CA002,q_lt_q20,1174.45
09CA004,q_lt_q20,1240.45
09CA006,q_lt_q20,1170.75
09CB001,q_lt_q20,1154.3
09CD001,q_lt_q20,
09DA001,q_lt_q20,884.85
09DB001,q_lt_q20,1090.2
09DD003,q_lt_q20,1022.45
09DD004,q_lt_q20,1177.85
09EA003,q_lt_q20,1128.75
09EA004,q_lt_q20,1141.45
09EA005,q_lt_q20,1107.7
09EB003,q_lt_q20,1153.95
09EB004,q_lt_q20,1063.3
09ED001,q_lt_q20,1150.5
09FA001,q_lt_q20,941.45
09FB002,q_lt_q20,1241.8
09FB003,q_lt_q20,1118.7
09FC001,q_lt_q20,941.8
09FD002,q_lt_q20,1106.55
10AA001,q_lt_q20,
10AA004,q_lt_q20,1156.55
10AA005,q_lt_q20,1163.45
10AA006,q_lt_q20,1107
10AB001,q_lt_q20,1113.95
10AC005,q_lt_q20,1136.55
10AD002,q_lt_q20,1080.05
10BD001,q_lt_q20,1155.3
10BE001,q_lt_q20,1117.6
10BE004,q_lt_q20,1175.2
10BE007,q_lt_q20,1160.45
10BE009,q_lt_q20,1106.55
10BE013,q_lt_q20,1155
10CA001,q_lt_q20,1256.25
10CB001,q_lt_q20,1113.6
10CD001,q_lt_q20,
10CD003,q_lt_q20,1197.15
10CD004,q_lt_q20,1231.35
10CD005,q_lt_q20,1242.8
10DA001,q_lt_q20,1245.45
10DB001,q_lt_q20,1182.85
10EA003,q_lt_q20,1252.1
10EB001,q_lt_q20,1150.15
10EC003,q_lt_q20,1180.3
10ED001,q_lt_q20,
10ED002,q_lt_q20,1092
10ED003,q_lt_q20,1122.7
10ED007,q_lt_q20,1212.4
10ED009,q_lt_q20,1127.65
10ED010,q_lt_q20,1064.05
10FA002,q_lt_q20,1166.5
10FB001,q_lt_q20,1168.55
10FB005,q_lt_q20,1143.15
10FB006,q_lt_q20,1178.3
10GA001,q_lt_q20,1087.7
10GB006,q_lt_q20,1182.9
10GC001,q_lt_q20,1198.2
10GC003,q_lt_q20,1060.25
10GD001,q_lt_q20,1193.05
10GD002,q_lt_q20,1159.3
10HA004,q_lt_q20,
10HB005,q_lt_q20,1023
10HC008,q_lt_q20,1333.25
10JB001,q_lt_q20,1200.15
10JD002,q_lt_q20,1203.1
10KA001,q_lt_q20,
10KA006,q_lt_q20,1137.4
10KA007,q_lt_q20,972.3
10KA008,q_lt_q20,1160.2
10KA009,q_lt_q20,1259
10KB001,q_lt_q20,1141.4
10KC001,q_lt_q20,1077.65
10KD009,q_lt_q20,1147.45
10LA002,q_lt_q20,1043.7
10LB004,q_lt_q20,1211.3
10LB005,q_lt_q20,1323.3
10LB006,q_lt_q20,1273.5
10LB007,q_lt_q20,1363.6
10LC002,q_lt_q20,1158
10LC003,q_lt_q20,1172.05
10LC007,q_lt_q20,1291.8
10LC017,q_lt_q20,1248.85
10LD004,q_lt_q20,1291.25
10MA001,q_lt_q20,1057.75
10MA002,q_lt_q20,1087
10MA003,q_lt_q20,920.9
10MA005,q_lt_q20,
10MB003,q_lt_q20,1027.55
10MB004,q_lt_q20,1130.85
10MC002,q_lt_q20,869.2
10MC007,q_lt_q20,1181.8
10MC008,q_lt_q20,
10MD001,q_lt_q20,970.05
10MD002,q_lt_q20,1053.15
10NB001,q_lt_q20,1254
10NC001,q_lt_q20,1310.75
10ND002,q_lt_q20,1019.9
10ND004,q_lt_q20,1142.35
10OB001,q_lt_q20,
10PA001,q_lt_q20,
10PA002,q_lt_q20,
10PB001,q_lt_q20,
10PC004,q_lt_q20,1250.35
10PC005,q_lt_q20,
10QA001,q_lt_q20,1182.65
10QC001,q_lt_q20,1158.8
10QD001,q_lt_q20,
10RA001,q_lt_q20,1210.1
10RA002,q_lt_q20,1259.05
10RC001,q_lt_q20,
10RC002,q_lt_q20,
10TA001,q_lt_q20,974
10UH001,q_lt_q20,1003.65
10UH002,q_lt_q20,1143.35
10UH012,q_lt_q20,1155.6
10VK001,q_lt_q20,1013.35
11AA001,q_lt_q20,1418.15
11AA005,q_lt_q20,1473.65
11AA025,q_lt_q20,1472.4
11AA028,q_lt_q20,1458.25
11AA029,q_lt_q20,1489.55
11AA031,q_lt_q20,1490.4
11AA032,q_lt_q20,1448.85
11AA038,q_lt_q20,1502.5
11AB009,q_lt_q20,1479.9
11AB018,q_lt_q20,1507.45
11AB027,q_lt_q20,1507.1
11AB044,q_lt_q20,1475.8
11AB058,q_lt_q20,1466.3
11AB060,q_lt_q20,1499.65
11AB077,q_lt_q20,1489.7
11AB078,q_lt_q20,1484.65
11AB082,q_lt_q20,1491.3
11AB083,q_lt_q20,1503.1
11AB084,q_lt_q20,1490.25
11AB096,q_lt_q20,1504.05
11AB101,q_lt_q20,1505.9
11AB102,q_lt_q20,1499.35
11AB108,q_lt_q20,1498.35
11AB117,q_lt_q20,1339.15
11AB118,q_lt_q20,1483.35
11AC017,q_lt_q20,1449.9
11AC025,q_lt_q20,1472.6
11AC041,q_lt_q20,1475.95
11AC052,q_lt_q20,1435.15
11AC054,q_lt_q20,1440.5
11AC060,q_lt_q20,1418.3
11AC064,q_lt_q20,1456.65
11AC065,q_lt_q20,1448.35
11AC066,q_lt_q20,1543.25
11AC068,q_lt_q20,1442.15
11AE003,q_lt_q20,1469.85
11AE008,q_lt_q20,1448.75
11AE009,q_lt_q20,1495.8
11AE010,q_lt_q20,1458.3
11AE014,q_lt_q20,1457.3
11AE015,q_lt_q20,1490.15
1001001,q_lt_q20,1315.65
1001002,q_lt_q20,1365.9
1001003,q_lt_q20,1382.6
10100002,q_lt_q20,1011.55
10100006,q_lt_q20,1025.4
10102001,q_lt_q20,1068.95
10111001,q_lt_q20,1115.9
10121001,q_lt_q20,1105.5
10122001,q_lt_q20,961.65
10122003,q_lt_q20,1057.1
10133000,q_lt_q20,1244.425
10134001,q_lt_q20,1078.95
10137001,q_lt_q20,1076.85
10142003,q_lt_q20,1083.35
1020002,q_lt_q20,1373.85
1020003,q_lt_q20,1390.8
1021001,q_lt_q20,1405.8
1021002,q_lt_q20,1398.3
10304001,q_lt_q20,
10305001,q_lt_q20,1163.15
10306001,q_lt_q20,1111.5
10311001,q_lt_q20,1091.7
10313001,q_lt_q20,1043.65
10322003,q_lt_q20,1008.65
10327001,q_lt_q20,1017.95
10328001,q_lt_q20,1064.3
10340001,q_lt_q20,1021.1
10343001,q_lt_q20,965.2
10343002,q_lt_q20,944.05
10344003,q_lt_q20,1098.75
10344004,q_lt_q20,962.55
10351001,q_lt_q20,982.5
10356001,q_lt_q20,1030.6
10362001,q_lt_q20,975.2
10363002,q_lt_q20,932.8
10364001,q_lt_q20,1036.25
10401001,q_lt_q20,1039.75
10405001,q_lt_q20,1098.7
10405002,q_lt_q20,992.55
10405005,q_lt_q20,1028.9
1041002,q_lt_q20,1392.35
10411002,q_lt_q20,1011.25
10414001,q_lt_q20,903.2
10431000,q_lt_q20,959.4
10431001,q_lt_q20,952.25
10432002,q_lt_q20,998.6
10432003,q_lt_q20,971.9
10440000,q_lt_q20,
1044001,q_lt_q20,1389.65
1050002,q_lt_q20,1369.8
1050004,q_lt_q20,1407
10503001,q_lt_q20,1018.9
10514001,q_lt_q20,1068.9
10520001,q_lt_q20,919.2
10523002,q_lt_q20,918.7
10701002,q_lt_q20,945.85
10702002,q_lt_q20,1149.55
10704002,q_lt_q20,947
11020004,q_lt_q20,886.35
11040001,q_lt_q20,992.95
11141001,q_lt_q20,1163.05
11143001,q_lt_q20,1125.25
11143002,q_lt_q20,1037.85
11147001,q_lt_q20,1037.85
11147002,q_lt_q20,890.45
11151001,q_lt_q20,960.65
11302001,q_lt_q20,950.2
11307001,q_lt_q20,942.55
11308001,q_lt_q20,1040.25
11310001,q_lt_q20,1140.4
11310002,q_lt_q20,1195.7
11310003,q_lt_q20,1144.35
11312001,q_lt_q20,1122.95
11314001,q_lt_q20,1108.9
11315001,q_lt_q20,1057.3
11316001,q_lt_q20,1038.9
11317001,q_lt_q20,1049.7
11337001,q_lt_q20,901.25
11405001,q_lt_q20,795.7
11500002,q_lt_q20,889.6
11504001,q_lt_q20,1218.15
11505001,q_lt_q20,1231.85
11514001,q_lt_q20,947.35
11520002,q_lt_q20,1213.05
11521001,q_lt_q20,1239.3
11530000,q_lt_q20,1276.375
11532000,q_lt_q20,1012.15
11545000,q_lt_q20,1153.25
11710000,q_lt_q20,
11711000,q_lt_q20,1025.75
1201001,q_lt_q20,1424.3
1201003,q_lt_q20,1416.95
1201005,q_lt_q20,1421
1210001,q_lt_q20,1460.65
1211001,q_lt_q20,1504.75
12285001,q_lt_q20,1080.8
12287001,q_lt_q20,1070.35
12288002,q_lt_q20,972.3
12288003,q_lt_q20,
12288004,q_lt_q20,
12289001,q_lt_q20,
12289002,q_lt_q20,
12289003,q_lt_q20,970.4
12291001,q_lt_q20,1017.95
12400003,q_lt_q20,1140.85
12400004,q_lt_q20,1120.25
12448001,q_lt_q20,1011.15
12452001,q_lt_q20,1053.05
12561001,q_lt_q20,1021.4
12563001,q_lt_q20,1018.65
12600001,q_lt_q20,1085.75
12622001,q_lt_q20,1131.05
12660001,q_lt_q20,1103.5
12802001,q_lt_q20,1140.15
12805001,q_lt_q20,1120.95
12806001,q_lt_q20,1159.05
12825002,q_lt_q20,1041.15
12861001,q_lt_q20,1177.65
12863002,q_lt_q20,1111.85
12865001,q_lt_q20,1102.1
12872001,q_lt_q20,1188.1
12876001,q_lt_q20,1082.85
12876004,q_lt_q20,1149.05
12878001,q_lt_q20,1135.25
12930001,q_lt_q20,1042.6
1300009,q_lt_q20,1405.95
1310002,q_lt_q20,1429.7
1410004,q_lt_q20,1449.7
1502002,q_lt_q20,1460
1502008,q_lt_q20,1483.4
1610002,q_lt_q20,1447.65
1610004,q_lt_q20,1399.3
1730001,q_lt_q20,1396.7
1730002,q_lt_q20,1436.45
1730003,q_lt_q20,1384.1
1730007,q_lt_q20,1491.3
1730012,q_lt_q20,1469.25
2101001,q_lt_q20,1380.75
2103001,q_lt_q20,1369
2103002,q_lt_q20,1444.2
2103003,q_lt_q20,1429.85
2103014,q_lt_q20,1352.85
2104002,q_lt_q20,1387.25
2104003,q_lt_q20,1372.95
2104013,q_lt_q20,1400.1
2105001,q_lt_q20,1388.45
2105002,q_lt_q20,1405.45
2105005,q_lt_q20,1465.3
2105007,q_lt_q20,1412.7
2110001,q_lt_q20,1510.3
2110002,q_lt_q20,1502.75
2110004,q_lt_q20,1528.8
2110031,q_lt_q20,1470.65
2112005,q_lt_q20,1493.45
2112006,q_lt_q20,1521.35
2112007,q_lt_q20,1502.9
2113001,q_lt_q20,1399.65
2120001,q_lt_q20,1472.95
2510001,q_lt_q20,1462.95
3022001,q_lt_q20,1229.9
3041001,q_lt_q20,1296.7
3041002,q_lt_q20,1218.9
3041003,q_lt_q20,1302.6
3041004,q_lt_q20,1245.7
3041005,q_lt_q20,1324.6
3050001,q_lt_q20,1279.55
3404001,q_lt_q20,1452.65
3414001,q_lt_q20,1377.45
3421001,q_lt_q20,1485.95
3430001,q_lt_q20,1472.2
3430003,q_lt_q20,1442.65
3431001,q_lt_q20,1445.7
3450001,q_lt_q20,1484.65
3453001,q_lt_q20,1483.75
3802001,q_lt_q20,1480.05
3804002,q_lt_q20,1475.15
3806001,q_lt_q20,1420
3814003,q_lt_q20,1506.55
3815001,q_lt_q20,1448.8
3815002,q_lt_q20,1407.9
3820001,q_lt_q20,1456.8
3820002,q_lt_q20,1441.25
3820003,q_lt_q20,1431.25
3825001,q_lt_q20,1467.45
3826001,q_lt_q20,1421.9
4301002,q_lt_q20,1156.55
4302001,q_lt_q20,1227.6
4306001,q_lt_q20,1453.65
4308001,q_lt_q20,1441.05
4311001,q_lt_q20,1433.3
4313001,q_lt_q20,1349.55
4314002,q_lt_q20,1460.1
4320001,q_lt_q20,1442.1
4323001,q_lt_q20,1445.45
4335001,q_lt_q20,1452.15
4400001,q_lt_q20,1462.25
4501001,q_lt_q20,1286.95
4502001,q_lt_q20,1485.25
4503001,q_lt_q20,1455.55
4511002,q_lt_q20,1262.85
4512001,q_lt_q20,1399.9
4513001,q_lt_q20,1407.05
4514001,q_lt_q20,1390.15
4515002,q_lt_q20,1459.5
4520001,q_lt_q20,1117.85
4522001,q_lt_q20,1403.45
4522002,q_lt_q20,1471.55
4523001,q_lt_q20,1433.45
4523002,q_lt_q20,1473.2
4530001,q_lt_q20,1380
4531001,q_lt_q20,1474
4531002,q_lt_q20,1447.2
4532001,q_lt_q20,1382.25
4533002,q_lt_q20,1401.65
4537001,q_lt_q20,1478.7
4540001,q_lt_q20,1476.05
4550003,q_lt_q20,1498.6
4557002,q_lt_q20,1477.55
4558001,q_lt_q20,1360.45
4703001,q_lt_q20,1388.6
4703002,q_lt_q20,1446.4
4704001,q_lt_q20,1243.7
4704002,q_lt_q20,1254.95
4711001,q_lt_q20,1432.4
4712001,q_lt_q20,1440.9
4714001,q_lt_q20,1431.8
4716001,q_lt_q20,1446.15
4716004,q_lt_q20,1410.6
4721001,q_lt_q20,1387.55
4723001,q_lt_q20,1424.8
4726001,q_lt_q20,1468.2
4730001,q_lt_q20,1445.4
4810001,q_lt_q20,1445.1
4810005,q_lt_q20,1443.55
4810006,q_lt_q20,1443.55
5100001,q_lt_q20,1417.9
5101001,q_lt_q20,1297.2
5101002,q_lt_q20,1492.25
5110002,q_lt_q20,1448.2
5120001,q_lt_q20,1381.5
5200001,q_lt_q20,1438.4
5221001,q_lt_q20,1443.15
5221002,q_lt_q20,1476.7
5320001,q_lt_q20,1435.25
5401003,q_lt_q20,1169.3
5402001,q_lt_q20,1241.2
5402015,q_lt_q20,1183.55
5403002,q_lt_q20,1237.35
5406001,q_lt_q20,1375.35
5410002,q_lt_q20,1376.35
5410005,q_lt_q20,1503.3
5411001,q_lt_q20,1354.65
5411002,q_lt_q20,1512.1
5414001,q_lt_q20,1443.05
5420002,q_lt_q20,1397.8
5421001,q_lt_q20,1403.65
5421002,q_lt_q20,1432.45
5422001,q_lt_q20,1404.05
5423002,q_lt_q20,1423.05
5423003,q_lt_q20,1420.25
5423004,q_lt_q20,1389.85
5423005,q_lt_q20,1412.45
5423006,q_lt_q20,1285.75
5427003,q_lt_q20,1408.8
5701001,q_lt_q20,1237.8
5701002,q_lt_q20,1205.4
5702001,q_lt_q20,1242.2
5703006,q_lt_q20,1132.8
5704002,q_lt_q20,1190
5705001,q_lt_q20,1205.1
5706001,q_lt_q20,1182.55
5707002,q_lt_q20,1253.7
5710001,q_lt_q20,1377.8
5716001,q_lt_q20,1467.2
5720001,q_lt_q20,1341.65
5721001,q_lt_q20,1245.7
5721016,q_lt_q20,1207.7
5722001,q_lt_q20,1347.85
5722002,q_lt_q20,1413.7
5730005,q_lt_q20,1467.55
5730008,q_lt_q20,1363.2
5734001,q_lt_q20,1505.65
5737002,q_lt_q20,1406.65
5741001,q_lt_q20,1306.25
5746001,q_lt_q20,1409.65
5748001,q_lt_q20,1341.8
6000003,q_lt_q20,1150.7
6002001,q_lt_q20,1155.15
6003001,q_lt_q20,1199.25
6006001,q_lt_q20,1198.55
6008005,q_lt_q20,1346.3
6011001,q_lt_q20,1403.7
6013001,q_lt_q20,1300.1
6015001,q_lt_q20,1277.3
6018001,q_lt_q20,1295.85
6019003,q_lt_q20,1294.35
6025001,q_lt_q20,1226.35
6027001,q_lt_q20,1276
6028001,q_lt_q20,1232.5
6033001,q_lt_q20,
6033011,q_lt_q20,1260.8
6034022,q_lt_q20,1271.25
6034023,q_lt_q20,1254.85
6035001,q_lt_q20,1364.7
6043001,q_lt_q20,1345.85
6132001,q_lt_q20,1438.95
7102001,q_lt_q20,1190.3
7102005,q_lt_q20,1247.05
7103001,q_lt_q20,1243.9
7104001,q_lt_q20,1289.95
7104002,q_lt_q20,1260.2
7112001,q_lt_q20,1193.85
7115001,q_lt_q20,1212.4
7116001,q_lt_q20,1233.1
7123001,q_lt_q20,1227.65
7200002,q_lt_q20,1210.9
7300001,q_lt_q20,1221.5
7303000,q_lt_q20,1351.525
7306001,q_lt_q20,1190.5
7308001,q_lt_q20,1169.15
7308002,q_lt_q20,1233.75
7317003,q_lt_q20,1178.75
7317005,q_lt_q20,1178.35
7320003,q_lt_q20,1268.4
7321002,q_lt_q20,1168.95
7322001,q_lt_q20,
7330001,q_lt_q20,1207.5
7331001,q_lt_q20,1212.6
7332001,q_lt_q20,1218.15
7335001,q_lt_q20,1208.2
7335002,q_lt_q20,1251.1
7336001,q_lt_q20,1222.75
7339001,q_lt_q20,1241.8
7340001,q_lt_q20,1200
7341001,q_lt_q20,1291.4
7343001,q_lt_q20,1297.2
7350001,q_lt_q20,1256.6
7350002,q_lt_q20,1288.4
7350003,q_lt_q20,1338.1
7351001,q_lt_q20,1199.2
7354001,q_lt_q20,1176.8
7354002,q_lt_q20,1192.05
7355001,q_lt_q20,1181.45
7355002,q_lt_q20,1203.45
7355003,q_lt_q20,1158.05
7357002,q_lt_q20,1191.35
7358001,q_lt_q20,1152.6
7359001,q_lt_q20,1161
7372001,q_lt_q20,1262.2
7374001,q_lt_q20,1202.95
7379001,q_lt_q20,1231.9
7379002,q_lt_q20,1199.55
7381001,q_lt_q20,1287.25
7383001,q_lt_q20,1172.55
8104001,q_lt_q20,1261.45
8105001,q_lt_q20,1066.9
8106001,q_lt_q20,1281.5
8106002,q_lt_q20,1317.95
8112001,q_lt_q20,1219.7
8114001,q_lt_q20,1170.6
8115001,q_lt_q20,1168.8
8117004,q_lt_q20,1199.6
8117005,q_lt_q20,1211.7
8117006,q_lt_q20,1188.05
8117008,q_lt_q20,1217.95
8118001,q_lt_q20,1215.6
8123001,q_lt_q20,1216.05
8124001,q_lt_q20,1203.75
8124002,q_lt_q20,1222.8
8130001,q_lt_q20,1157.8
8130002,q_lt_q20,1211.8
8132001,q_lt_q20,1130.3
8133001,q_lt_q20,1172.6
8134002,q_lt_q20,1197.5
8134003,q_lt_q20,1229
8135002,q_lt_q20,1241.6
8140002,q_lt_q20,1177.25
8141001,q_lt_q20,1142.7
8144001,q_lt_q20,1218.4
8210003,q_lt_q20,1178.5
8220001,q_lt_q20,1320.85
8220008,q_lt_q20,1309
8220009,q_lt_q20,1195.6
8220010,q_lt_q20,1226.25
8304001,q_lt_q20,1207.15
8307002,q_lt_q20,1123.55
8308000,q_lt_q20,1168.3
8312000,q_lt_q20,1117.25
8312001,q_lt_q20,1021.05
8313000,q_lt_q20,1054.9
8313001,q_lt_q20,1162.6
8316002,q_lt_q20,1252.9
8317001,q_lt_q20,1257.65
8317002,q_lt_q20,1250.6
8317004,q_lt_q20,1225.2
8317005,q_lt_q20,1322.4
8319001,q_lt_q20,1264.4
8323001,q_lt_q20,1243.75
8323002,q_lt_q20,1349
8324002,q_lt_q20,1275.5
8330001,q_lt_q20,1303.8
8332001,q_lt_q20,1274.35
8334001,q_lt_q20,1268.9
8342001,q_lt_q20,1286
8343001,q_lt_q20,1258.65
8350001,q_lt_q20,1072.2
8351001,q_lt_q20,1252.3
8356001,q_lt_q20,1304.55
8358001,q_lt_q20,1242.7
8362001,q_lt_q20,1291.4
8366002,q_lt_q20,1267
8372002,q_lt_q20,1137.3
8376001,q_lt_q20,1299.15
8380001,q_lt_q20,1334.65
8380006,q_lt_q20,1323.2
8381003,q_lt_q20,1152.5
8383001,q_lt_q20,1234.9
8385001,q_lt_q20,1213.85
8386001,q_lt_q20,
8393002,q_lt_q20,1244.1
8394001,q_lt_q20,
8700002,q_lt_q20,1228.3
8700003,q_lt_q20,1260.5
8720001,q_lt_q20,1103.5
8820001,q_lt_q20,1129.1
8821001,q_lt_q20,1176.6
8821002,q_lt_q20,1176.6
8821003,q_lt_q20,1176.4
8821006,q_lt_q20,1198.55
8822001,q_lt_q20,1235.55
8822002,q_lt_q20,1189.5
8910001,q_lt_q20,1218.4
9101001,q_lt_q20,1238
9101002,q_lt_q20,1279.55
9102001,q_lt_q20,1203.15
9104001,q_lt_q20,1215.45
9104002,q_lt_q20,1141.2
9106001,q_lt_q20,1171
9107001,q_lt_q20,1191.65
9107002,q_lt_q20,1210.2
9111001,q_lt_q20,1175.7
9113001,q_lt_q20,1256.9
9116001,q_lt_q20,1143.8
9122002,q_lt_q20,1163.75
9123001,q_lt_q20,1188.2
9126001,q_lt_q20,1199.9
9127001,q_lt_q20,1167.65
9129002,q_lt_q20,1182.85
9131001,q_lt_q20,1150.15
9134001,q_lt_q20,1215.75
9135001,q_lt_q20,1148.6
9140001,q_lt_q20,1134.45
9400000,q_lt_q20,1155.65
9402001,q_lt_q20,1221.75
9404001,q_lt_q20,1137.15
9405001,q_lt_q20,1080.6
9412001,q_lt_q20,1111.95
9414001,q_lt_q20,1109.25
9416001,q_lt_q20,1139.55
9420001,q_lt_q20,1205.35
9423001,q_lt_q20,1123.75
9433001,q_lt_q20,1115.05
9434001,q_lt_q20,1184.85
9436001,q_lt_q20,1097.55
9437002,q_lt_q20,1210.8
AARSCHOT_6220300,q_lt_q20,
AARUP_6934050,q_lt_q20,
ABISKO_6232101,q_lt_q20,
ACHLEITEN_6342900,q_lt_q20,
ACHSTETTEN_6342105,q_lt_q20,
AECKLINGEN_6233460,q_lt_q20,
AENGABAECKS KRV_6233170,q_lt_q20,
AESOO_6172041,q_lt_q20,
AFFOLDERN_6337505,q_lt_q20,
AGUILCOURT ET A ORAINVILLE_6122430,q_lt_q20,
AHJA_6172260,q_lt_q20,
AIRE-SUR-L'ADOUR_6119190,q_lt_q20,
AIVIEKSTES HES_6373219,q_lt_q20,
AKEN_6340170,q_lt_q20,
ALBA IULIA_6744201,q_lt_q20,
ALBUFEIRA DE BELVER (R.E.)_6113110,q_lt_q20,
ALLEMOND_6139750,q_lt_q20,
ALLENDORF_6337511,q_lt_q20,
ALLEVES (LA CHARNIAZ)_6139825,q_lt_q20,
ALMOUROL_6113050,q_lt_q20,
ALTKIRCH_6135800,q_lt_q20,
ANDERNACH_6335070,q_lt_q20,
ANDOUILLE (LES VAUGEOIS)_6123200,q_lt_q20,
ANJALA_6854203,q_lt_q20,
ANKARVATTNET_6233450,q_lt_q20,
APE_6373115,q_lt_q20,
ARAD_6744200,q_lt_q20,
ARCEAU (ARCELOT)_6139921,q_lt_q20,
ARDENTES_6123360,q_lt_q20,
ARGENTIERE LA BESSEE_6139282,q_lt_q20,
ARNDRUP_6934870,q_lt_q20,
AROEDAN_6229140,q_lt_q20,
ARTEMARE_6139810,q_lt_q20,
ARTHAZ-PONT-NOTRE-DAME_6139960,q_lt_q20,
ARUP_6934720,q_lt_q20,
ASBRO 3_6233100,q_lt_q20,
ASTED BRO_6934300,q_lt_q20,
ATNASJO_6729410,q_lt_q20,
AUE 1_6340627,q_lt_q20,
AULESTAD_6729453,q_lt_q20,
AUSTENA_6729280,q_lt_q20,
AUTRICOURT_6122200,q_lt_q20,
AUVERS-LE-HAMON [MOULIN LA ROCHE]_6123570,q_lt_q20,
BAD DUEBEN_6340600,q_lt_q20,
BAD ROTENFELS_6335710,q_lt_q20,
BADEN_6935305,q_lt_q20,
BAIN-DE-BRETAGNE_6119095,q_lt_q20,
BALOZI_6373454,q_lt_q20,
BANNALEC (PONT MEYA)_6119070,q_lt_q20,
BARBY_6340140,q_lt_q20,
BARCELONNETTE (ABATTOIR)_6139261,q_lt_q20,
BAUME-LES-DAMES_6139215,q_lt_q20,
BAUSKA_6373430,q_lt_q20,
BEAUFORT-SUR-GERVANNE_6139140,q_lt_q20,
BEAUJEU_6139430,q_lt_q20,
BEAUMOTTE-AUBERTANS_6139681,q_lt_q20,
BEAUVAIS_6122470,q_lt_q20,
BEDOUES (COCURES)_6125362,q_lt_q20,
BELI BROD_6545160,q_lt_q20,
BELIN-BELIET (MOULIN DU MOINE)_6119220,q_lt_q20,
BELLAC_6123800,q_lt_q20,
BERGEFORSENS KRV_6233401,q_lt_q20,
BERGHAUSEN_6335640,q_lt_q20,
BERG_6342502,q_lt_q20,
BERLIN MUEHLENDAMM OP_6340611,q_lt_q20,
BEROUN_6140250,q_lt_q20,
BERTNEM_6731555,q_lt_q20,
BEYNES_6139250,q_lt_q20,
BIERGES_6220502,q_lt_q20,
BISTRA_6744600,q_lt_q20,
BJOERNEGARDSVINGEN_6729420,q_lt_q20,
BLOIS_6123300,q_lt_q20,
BOCHENIEC_6458613,q_lt_q20,
BODENS KRV (+ VATTENVERK  TRANGFORS)_6233750,q_lt_q20,
BODENWERDER_6337514,q_lt_q20,
BOEHLEN 1_6340365,q_lt_q20,
BOGOJEVO_6542200,q_lt_q20,
BOGUSLAW_6457956,q_lt_q20,
BOHUMIN_6157100,q_lt_q20,
BOHUNOVSKO-JESENNY_6140140,q_lt_q20,
BONDONS (COCURES)_6125340,q_lt_q20,
BORGAI_6729447,q_lt_q20,
BORGHAREN_6421500,q_lt_q20,
BOROVNICE_6142270,q_lt_q20,
BOURGES_6123335,q_lt_q20,
BOXBERG_6340810,q_lt_q20,
BRANDENBURG-WILHELMSDORF_6340515,q_lt_q20,
BRATISLAVA_6142200,q_lt_q20,
BREDEBRO_6934800,q_lt_q20,
BREDSTRUP_6934600,q_lt_q20,
BREHY_6142660,q_lt_q20,
BRIENZWILER_6935019,q_lt_q20,
BRODNICA_6458510,q_lt_q20,
BROEDEBACKEN_6233180,q_lt_q20,
BROMOELLE_6934530,q_lt_q20,
BRUEGG-AEGERTEN_6935021,q_lt_q20,
BRUNIQUEL [LA GAUTERIE]_6125275,q_lt_q20,
BRUNSTATT ET A DIDENHEIM ET A MULHOUSE_6135035,q_lt_q20,
BRUSTUEN_6729132,q_lt_q20,
BRZEGI_6458610,q_lt_q20,
BULKEN_6729200,q_lt_q20,
BUVATN_6729445,q_lt_q20,
CALBE-GRIZEHNE_6340300,q_lt_q20,
CAMPAGNE_6119235,q_lt_q20,
CANDE (LA GREE)_6123171,q_lt_q20,
CARIGNAN_6121240,q_lt_q20,
CASTELBIAGUE (PONT DE RRADES)_6125220,q_lt_q20,
CASTELSAGRAT [FOURQUET]_6125305,q_lt_q20,
CELLE-EN-MORVAN (POLROY)_6123720,q_lt_q20,
CELLE_6337502,q_lt_q20,
CERNON (VOUGLANS)_6139501,q_lt_q20,
CESSEY-SUR-TILLE_6139920,q_lt_q20,
CHABLIS_6122190,q_lt_q20,
CHALABRE_6125260,q_lt_q20,
CHALUPKI_6457660,q_lt_q20,
CHAMBON-AU-LIGNON_6123780,q_lt_q20,
CHAMPAGNE-SUR-LOUE_6139790,q_lt_q20,
CHANTONNAY (ST-PHILBERT DU PONT CHARRAUL_6119320,q_lt_q20,
CHAPELLE-SAINT-FLORENT (PONT DALAINE)_6123140,q_lt_q20,
CHATEAU-GONTIER_6123655,q_lt_q20,
CHATEAUNEUF-DU-FAOU_6119035,q_lt_q20,
CHATELAIS [MARCILLE]_6123660,q_lt_q20,
CHATILLON EN MICHAINE_6139837,q_lt_q20,
CHATILLON-EN-DIOIS_6139130,q_lt_q20,
CHATILLON_6139360,q_lt_q20,
CHAUDFONTAINE_6221200,q_lt_q20,
CHAZEY_6139500,q_lt_q20,
CHEZERY-FORENS (CHEZERY)_6139831,q_lt_q20,
CHMELNICA_6158100,q_lt_q20,
CHRISTINEHOLMS REGL.DAMM_6233133,q_lt_q20,
CIGACICE_6457690,q_lt_q20,
CIRCOURT-SUR-MOUZON [VILLARS]_6121040,q_lt_q20,
CIRON [SCOURY]_6123485,q_lt_q20,
CISNA_6458620,q_lt_q20,
CLOUE [PONT DE CLOUE]_6123425,q_lt_q20,
COCHEM_6336050,q_lt_q20,
CONCARNEAU (PONT D22)_6119080,q_lt_q20,
CONDAT-SUR-VIENNE (CHAMBON VEYRINAS)_6123430,q_lt_q20,
CONQUES_6125385,q_lt_q20,
CORBES (ROC COURBE)_6139060,q_lt_q20,
CORNET_6742451,q_lt_q20,
CORVOL-ORGUEILLEUX_6122170,q_lt_q20,
COSERENI_6742912,q_lt_q20,
COUSSERGUES (RESUENHE)_6125630,q_lt_q20,
CSENGER_6444600,q_lt_q20,
CUSTINES_6136120,q_lt_q20,
DALESZYCE_6458615,q_lt_q20,
DALSBOVATN_6731147,q_lt_q20,
DALUM_6338110,q_lt_q20,
DAMELEVIERES_6136105,q_lt_q20,
DASICE_6140600,q_lt_q20,
DAUGAVPILS_6373300,q_lt_q20,
DAVERDISSE_6221551,q_lt_q20,
DECIN_6140400,q_lt_q20,
DEG_6729225,q_lt_q20,
DEMANDOLX (CASTILLON)_6139201,q_lt_q20,
DENEVRE_6139045,q_lt_q20,
DIEDENDORF_6136155,q_lt_q20,
DIGNY ST. CLAIRE_6139821,q_lt_q20,
DILLSFOSS_6731690,q_lt_q20,
DISSAY_6123455,q_lt_q20,
DJUPEVAD_6729840,q_lt_q20,
DOERVERDEN_6337515,q_lt_q20,
DOLNI STEPANICE_6140130,q_lt_q20,
DOMBAS_6729590,q_lt_q20,
DONJI MIHOLJAC C.S._6646800,q_lt_q20,
DOUCIER_6139520,q_lt_q20,
DOULAINCOURT-SAUCOURT_6122370,q_lt_q20,
DRAGESTI_6742701,q_lt_q20,
DRAWINY_6457985,q_lt_q20,
DRAWSKO POMORSKIE_6457982,q_lt_q20,
DRENNEC_6118130,q_lt_q20,
DROUX_6123810,q_lt_q20,
DUESSELDORF_6335050,q_lt_q20,
DUKUPJI_6373151,q_lt_q20,
DUNG_6139780,q_lt_q20,
DVORCE_6142250,q_lt_q20,
DZIALOSZYN_6457850,q_lt_q20,
EDSVALLA KRV_6233525,q_lt_q20,
EGGAFOSS_6731502,q_lt_q20,
EGGEDAL_6729315,q_lt_q20,
EIDFJORDVATN_6729134,q_lt_q20,
ELKAER BRO_6934310,q_lt_q20,
EMBRUN (LA CLAPIERE)_6139281,q_lt_q20,
EMSFORS BRUK_6233360,q_lt_q20,
ENGESETVATN_6731010,q_lt_q20,
ENGOMER [BALAGUERES]_6125055,q_lt_q20,
ENTRAIGUES_6139730,q_lt_q20,
EPINAL_6136200,q_lt_q20,
EPINIAC_6118195,q_lt_q20,
EPISY_6122240,q_lt_q20,
EPPEGEM_6220360,q_lt_q20,
ERGUE-GABERIC_6119090,q_lt_q20,
ERSBO_6233205,q_lt_q20,
ESPINASSES (SERRE-PONCON)_6139280,q_lt_q20,
ESSENE_6220170,q_lt_q20,
ESTIRAC_6119170,q_lt_q20,
ETANG-SUR-ARROUX_6123065,q_lt_q20,
ETIKHOVE_6220110,q_lt_q20,
ETNA_6729300,q_lt_q20,
EVAUX-LES-BAINS_6123380,q_lt_q20,
FEIGUMFOSSEN_6731580,q_lt_q20,
FELENNE_6221610,q_lt_q20,
FELLETIN_6123451,q_lt_q20,
FELSOEZSOLCA_6444380,q_lt_q20,
FEMUNDSENDEN_6733571,q_lt_q20,
FETVATN_6731105,q_lt_q20,
FIGEAC (MERLANCON)_6125600,q_lt_q20,
FLAKSVATN_6729371,q_lt_q20,
FLAM BRU_6731575,q_lt_q20,
FLEUREY-LES-FAVERNEY_6139930,q_lt_q20,
FLORAC_6125350,q_lt_q20,
FOLLES (BESSINES)_6123820,q_lt_q20,
FOLLES (FORGEFER)_6123825,q_lt_q20,
FORCE_6123190,q_lt_q20,
FORSBAKK_6731715,q_lt_q20,
FOS_6125730,q_lt_q20,
FOURILLES_6123610,q_lt_q20,
FRANCHEVILLE_6122220,q_lt_q20,
FRANKFURT OSTHAFEN_6335304,q_lt_q20,
FREMERSDORF_6336900,q_lt_q20,
FRESSELINES (PUY RAGEAUD)_6123460,q_lt_q20,
FRESSELINES_6123450,q_lt_q20,
FRIGNICOURT_6122380,q_lt_q20,
FROSTDALEN_6731560,q_lt_q20,
FURA_6729460,q_lt_q20,
FUSTVATN_6731610,q_lt_q20,
FYRAS_6233400,q_lt_q20,
GAGNIERES (BANNES)_6139070,q_lt_q20,
GAILDORF_6335291,q_lt_q20,
GARBE-KOUROU_1234130,q_lt_q20,
GASLANDSVATN_6731758,q_lt_q20,
GAULFOSS_6731501,q_lt_q20,
GENDRON_6221550,q_lt_q20,
GENLIS_6139900,q_lt_q20,
GERBEVILLER_6136095,q_lt_q20,
GIESSEN_6335450,q_lt_q20,
GILLY-SUR-LOIRE_6123095,q_lt_q20,
GIVRY_6122420,q_lt_q20,
GLUIRAS (TISONECHE)_6139240,q_lt_q20,
GLUSZYNA_6457350,q_lt_q20,
GOERITZHAIN_6340625,q_lt_q20,
GOLENIOW_6457990,q_lt_q20,
GONCOURT_6121035,q_lt_q20,
GORZOW WIELKOPOLSKI_6457800,q_lt_q20,
GOZDOWICE_6457010,q_lt_q20,
GRABNO_6457240,q_lt_q20,
GRADA KRV_6233204,q_lt_q20,
GRANAKER_6233510,q_lt_q20,
GRAND-FOUGERAY (LA BERNADAISE)_6119140,q_lt_q20,
GRAVA_6729232,q_lt_q20,
GRDELICA_6547300,q_lt_q20,
GREBENAU_6337506,q_lt_q20,
GRISKANI_6373212,q_lt_q20,
GROETSJOEN_6233200,q_lt_q20,
GRONBRO_6934560,q_lt_q20,
GROSETTJERN_6729347,q_lt_q20,
GROSSDITTMANNSDORF_6340440,q_lt_q20,
GROSSE TRAENKE WEHR UP_6340610,q_lt_q20,
GROVAI_6729342,q_lt_q20,
GRUNNFOSS_6731693,q_lt_q20,
GRYTA_6729360,q_lt_q20,
GUBEN 2_6357501,q_lt_q20,
GUBIN_6457505,q_lt_q20,
GUENIN_6119060,q_lt_q20,
GUNTERSHAUSEN_6337507,q_lt_q20,
GY-LES-NONAINS_6122040,q_lt_q20,
GYA_6729210,q_lt_q20,
HAAPAJYRAE_6854902,q_lt_q20,
HAAPAKOSKI_6832752,q_lt_q20,
HAGEBRO_6934150,q_lt_q20,
HALABAECK_6233240,q_lt_q20,
HALINEN_6854630,q_lt_q20,
HALLAMOELLA_6233165,q_lt_q20,
HALLBOSJOEN_6233440,q_lt_q20,
HALLE TROTHA UP_6340301,q_lt_q20,
HALLEDALSVATN_6729145,q_lt_q20,
HAMOIR(TABREUX)_6221500,q_lt_q20,
HAN-LES-JUVIGNY_6121085,q_lt_q20,
HANN.-MUENDEN_6337400,q_lt_q20,
HARJAVALTA_6854101,q_lt_q20,
HASTIERE_6221670,q_lt_q20,
HATTINGEN_6335030,q_lt_q20,
HAUGLAND_6729220,q_lt_q20,
HAUKEDALSVATN NDF._6731569,q_lt_q20,
HAUKIPUDAS_6854400,q_lt_q20,
HEISEL_6729260,q_lt_q20,
HELLELAND_6729217,q_lt_q20,
HELMINGHAUSEN_6337503,q_lt_q20,
HERRENHAUSEN_6337509,q_lt_q20,
HERRFORS_6854210,q_lt_q20,
HERSVIKVATN_6731820,q_lt_q20,
HESDIN_6118040,q_lt_q20,
HIRSON_6122140,q_lt_q20,
HISSMOFORS KRV_6233404,q_lt_q20,
HOFKIRCHEN_6342800,q_lt_q20,
HOGGAS BRU_6731050,q_lt_q20,
HOGHIZ_6742452,q_lt_q20,
HOLEN_6729140,q_lt_q20,
HOLERVATN_6729327,q_lt_q20,
HOLISA_6142601,q_lt_q20,
HOLJES KRV_6233523,q_lt_q20,
HOLLOESE MOELLE_6934571,q_lt_q20,
HOLMEN_6233301,q_lt_q20,
HORNINDALSVATN_6731175,q_lt_q20,
HORUP_6934510,q_lt_q20,
HRONOV_6140101,q_lt_q20,
HUHTISUONOJA_6855404,q_lt_q20,
HUOPAKINOJA_6854420,q_lt_q20,
HUURU_6172024,q_lt_q20,
HYYPPA_6854580,q_lt_q20,
IDDERGEM_6220111,q_lt_q20,
INTSCHEDE_6337200,q_lt_q20,
ISOHAARA_6854700,q_lt_q20,
JAASJARVI - OUTLET_6854205,q_lt_q20,
JALOGNY (CLUNY)_6139940,q_lt_q20,
JAMIOULX_6221130,q_lt_q20,
JASIKA_6547110,q_lt_q20,
JEKABPILS_6373304,q_lt_q20,
JEMELLE_6221510,q_lt_q20,
JEURRE_6139315,q_lt_q20,
JOGLA_6729218,q_lt_q20,
JONAVA_6574350,q_lt_q20,
JONDAL_6729320,q_lt_q20,
JORDANOW_6458200,q_lt_q20,
JORDBRUFJELL_6731727,q_lt_q20,
JOURSAC (JOURSAC-LE-VIALARD)_6123641,q_lt_q20,
JOURSAC (PONT DE VERNET)_6123645,q_lt_q20,
JUGOWICE_6457600,q_lt_q20,
JUILLAC_6119180,q_lt_q20,
JUMISKO_6854711,q_lt_q20,
JUNKERDALSELV_6731680,q_lt_q20,
JUOJARVI  PALOKKI_6855450,q_lt_q20,
JUVANKOSKI_6854650,q_lt_q20,
KAAPA_6172058,q_lt_q20,
KAARESUVANTO_6832907,q_lt_q20,
KAIDESLUOMO_6854201,q_lt_q20,
KAINASTONLUOMA_6854901,q_lt_q20,
KAJOONJARVI - OUTLET_6855411,q_lt_q20,
KALKOFEN NEU_6335349,q_lt_q20,
KALLAVESIE (KONNUS+KARVIO)_6855402,q_lt_q20,
KALLIO 2_6232901,q_lt_q20,
KALLSTORP 2_6233351,q_lt_q20,
KALTIMO_6855401,q_lt_q20,
KARANKAJARVI - OUTLET_6854272,q_lt_q20,
KARESUVANTO_6232905,q_lt_q20,
KARJALANKOSKI_6855460,q_lt_q20,
KARKKIMALA_6854560,q_lt_q20,
KARTENA_6573100,q_lt_q20,
KARUNKI_6832755,q_lt_q20,
KARVIANJOKI  (ETELAJ+POHJAJOKI+LANKOSKI)_6854170,q_lt_q20,
KASARI_6172023,q_lt_q20,
KATAJALUOMA_6854110,q_lt_q20,
KATIMA MULILO (64370001)_1291100,q_lt_q20,
KAUB_6335100,q_lt_q20,
KAUKOLANKOSKI_6854730,q_lt_q20,
KEILA_6172013,q_lt_q20,
KEPPO_6854200,q_lt_q20,
KESKASTEL_6136500,q_lt_q20,
KESSELINPURO_6855405,q_lt_q20,
KETZIN_6340510,q_lt_q20,
KILAI BRU_6729387,q_lt_q20,
KILPISJARVI  LUUSUA_6832753,q_lt_q20,
KISTA_6731920,q_lt_q20,
KITUSJARVI - OUTLET_6854107,q_lt_q20,
KLEMPENOW_6341500,q_lt_q20,
KLIPPAN 2_6233612,q_lt_q20,
KLOOSTRIMETSA_6172012,q_lt_q20,
KNAPPOM_6729530,q_lt_q20,
KOELN_6335060,q_lt_q20,
KOEPINGE_6233235,q_lt_q20,
KONGAS_6854707,q_lt_q20,
KONGEBROEN_6934370,q_lt_q20,
KONGOLA_1291200,q_lt_q20,
KONOJAD_6457340,q_lt_q20,
KONUVERE_6172025,q_lt_q20,
KORPIJOKI_6855408,q_lt_q20,
KOSCIAN_6457320,q_lt_q20,
KOSICKE OLSANY_6144350,q_lt_q20,
KOSKI_6854722,q_lt_q20,
KOWANOWKO_6457220,q_lt_q20,
KRAKFOSS_6729435,q_lt_q20,
KRAMSVAD_6934550,q_lt_q20,
KRASNYSTAW_6458713,q_lt_q20,
KRINGLERDAL_6729436,q_lt_q20,
KRINSVATN_6731070,q_lt_q20,
KROKBRAECKE_6229120,q_lt_q20,
KUDIRKOS NAUMIESTIS_6574201,q_lt_q20,
KUGGERUD_6729405,q_lt_q20,
KUIKKISENOJA_6854430,q_lt_q20,
KUKKOLANKOSKI OEVRE_6232910,q_lt_q20,
KULDIGA_6373010,q_lt_q20,
KULENIEKI_6373226,q_lt_q20,
KUMMANIVA_6854705,q_lt_q20,
KUNOW_6458520,q_lt_q20,
KUZNICA SKAKAWSKA_6457280,q_lt_q20,
KVISTFORSENS KRV_6233690,q_lt_q20,
KYLMANOJA_6854505,q_lt_q20,
KYSUCKE NOVE MESTO_6142551,q_lt_q20,
L'HUISSERIE [BONNE]_6123635,q_lt_q20,
LA FERTE-ALAIS ET A GUIGNEVILLE-SUR-ESSONNE_6122065,q_lt_q20,
LA JAVIE (ESCLANGON-PEROURE)_6139255,q_lt_q20,
LA VALLETTE_6139735,q_lt_q20,
LABARTHE-SUR-LEZE_6125115,q_lt_q20,
LAFRANCAISE [LUNEL]_6125290,q_lt_q20,
LAGASTE_6373932,q_lt_q20,
LAKE LESTIJARVI OUTLET_6854300,q_lt_q20,
LAKFORS_6731601,q_lt_q20,
LAKSA BRU_6731743,q_lt_q20,
LAKSHOLA_6731730,q_lt_q20,
LALM_6729455,q_lt_q20,
LANDBRU_6733645,q_lt_q20,
LANGEDALEN_6731582,q_lt_q20,
LANGSJOEN_6233755,q_lt_q20,
LANGTJERNBEKKEN_6729325,q_lt_q20,
LANKELA_6854720,q_lt_q20,
LANNAVAARA_6232930,q_lt_q20,
LARRA_6125135,q_lt_q20,
LATOSUONOJA_6855403,q_lt_q20,
LAUBEN_6342230,q_lt_q20,
LAUCHERTHAL_6342070,q_lt_q20,
LAUZET UBAYE (ROCHE ROUSSE)_6139260,q_lt_q20,
LAUZON_6139050,q_lt_q20,
LEIPZIG-THEKLA_6340350,q_lt_q20,
LEIRAGA_6731720,q_lt_q20,
LEIRBOTNVATN_6731930,q_lt_q20,
LEIRPOLDVATN_6731750,q_lt_q20,
LEJASCIEMS_6373113,q_lt_q20,
LELEX (NIAIZET)_6139832,q_lt_q20,
LEMPAALA - KUOKKALANKOSKI_6854102,q_lt_q20,
LEMPDES_6123640,q_lt_q20,
LENARTOVCE_6144100,q_lt_q20,
LENT_6139560,q_lt_q20,
LEPPASJARVI - OUTLET_6854108,q_lt_q20,
LEPPAVESI  LUUSUA_6854250,q_lt_q20,
LES SORINIERES (VILLENEUVE)_6123150,q_lt_q20,
LETOVICE_6142260,q_lt_q20,
LETZTER HELLER_6337513,q_lt_q20,
LEUN NEU_6335350,q_lt_q20,
LIAVATN_6729125,q_lt_q20,
LIELPECI_6373750,q_lt_q20,
LIEPVRE_6135210,q_lt_q20,
LIESJARVI - OUTLET_6854109,q_lt_q20,
LIEZELE_6220112,q_lt_q20,
LILLE LINDE_6934500,q_lt_q20,
LILLEFOSSEN_6731772,q_lt_q20,
LILLGLAEN_6233222,q_lt_q20,
LINDENBORG BRO_6934460,q_lt_q20,
LIPTOVSKY MIKULAS_6142680,q_lt_q20,
LISLEFJODD_6729227,q_lt_q20,
LITENE_6373213,q_lt_q20,
LJUSNE STROEMMAR KRV_6233221,q_lt_q20,
LJUSNEDAL OEVRE_6233227,q_lt_q20,
LOBEZ_6456105,q_lt_q20,
LOCHOW_6458924,q_lt_q20,
LODSHOLMBRO_6934480,q_lt_q20,
LOEVEL BRO_6934170,q_lt_q20,
LOEYTAENEENOJA_6854112,q_lt_q20,
LOHNAJARVI - OUTLET_6855412,q_lt_q20,
LOKOJA_1834101,q_lt_q20,
LONGCHAMP-SUR-AUJON [OUTRE AUBE]_6122225,q_lt_q20,
LOSNA_6729450,q_lt_q20,
LOUEY_6119110,q_lt_q20,
LOUVIERS_6122360,q_lt_q20,
LOVATN_6731170,q_lt_q20,
LOWICZ_6458540,q_lt_q20,
LOYAT (PONT D129)_6119015,q_lt_q20,
LOZANNE_6139361,q_lt_q20,
LUBARTOW_6458715,q_lt_q20,
LUGANUSE_6172016,q_lt_q20,
LUGUSE_6172031,q_lt_q20,
LUNEVILLE_6136085,q_lt_q20,
LUNGOCI_6742700,q_lt_q20,
LUPAWA_6456110,q_lt_q20,
LUPENE_6142190,q_lt_q20,
LUTHERSTADT WITTENBERG_6340130,q_lt_q20,
MAGDEBURG-STROMBRUECKE_6340180,q_lt_q20,
MAINZ_6335150,q_lt_q20,
MAKO_6444110,q_lt_q20,
MALANGSFOSS_6731907,q_lt_q20,
MALOWA GORA_6458555,q_lt_q20,
MANGLIEU (MOULIN DE LAVAUR)_6123630,q_lt_q20,
MANNDALEN BRU_6731765,q_lt_q20,
MAREUIL-SUR-LAY-DISSAIS_6119135,q_lt_q20,
MARIGNY-EGLISE (MENEFRIERS+CROTTEFROU)_6122160,q_lt_q20,
MARINGUES [COTE ROUGE]_6123215,q_lt_q20,
MARKLENDORF_6337501,q_lt_q20,
MARRASKOSKI_6854710,q_lt_q20,
MARSOV NAD METUJI_6140100,q_lt_q20,
MARTINRIVE_6221680,q_lt_q20,
MARTIN_6142640,q_lt_q20,
MAS-D'AGENAIS_6125100,q_lt_q20,
MASI_6731910,q_lt_q20,
MASSAIS [MOULIN BERNARD]_6123520,q_lt_q20,
MAULEON-LICHARRE_6119040,q_lt_q20,
MAXAU_6335200,q_lt_q20,
MAZSALACA_6373931,q_lt_q20,
MEDREAC_6118185,q_lt_q20,
MEDSTUGAN NEDRE_6233465,q_lt_q20,
MELTURI_6373112,q_lt_q20,
MEMBRE PONT_6221620,q_lt_q20,
MENNINGEN_6342081,q_lt_q20,
MERIKOSKI_6854500,q_lt_q20,
MERTAJARVI_6232960,q_lt_q20,
MEZOTNE_6373400,q_lt_q20,
MIDDAL_6729237,q_lt_q20,
MIKUZIAI_6573020,q_lt_q20,
MILHARS_6125270,q_lt_q20,
MILLAU_6125170,q_lt_q20,
MIRKOW_6457955,q_lt_q20,
MIRSK_6457704,q_lt_q20,
MIZOEN_6139725,q_lt_q20,
MOHACS_6442600,q_lt_q20,
MOJSINJE_6547310,q_lt_q20,
MONFORT-SUR-MEU (LABBAYE)_6119230,q_lt_q20,
MONTAGNAT_6139640,q_lt_q20,
MONTBERAUD (STE-CROIX-VOLVESTRE)_6125440,q_lt_q20,
MONTBRON_6119275,q_lt_q20,
MONTBRUN (PONT DE MONTBRUN)_6125361,q_lt_q20,
MONTCEAUX-L'ETOILE_6123040,q_lt_q20,
MONTDRAGON_6125225,q_lt_q20,
MONTESTRUC-SUR-GERS_6125335,q_lt_q20,
MONTJAUX (STAINT-HIPPOLYTE)_6125320,q_lt_q20,
MONTJEAN_6123100,q_lt_q20,
MONTPOUILLAN_6125405,q_lt_q20,
MOORSELE_6220100,q_lt_q20,
MORAVICANY_6142100,q_lt_q20,
MORAVSKY JAN_6142150,q_lt_q20,
MOREUIL_6118055,q_lt_q20,
MORRUM_6233130,q_lt_q20,
MORSANG-SUR-ORGE_6122130,q_lt_q20,
MORSTOL BRU_6731100,q_lt_q20,
MORTIERS_6122450,q_lt_q20,
MORZYCA_6457995,q_lt_q20,
MOSINA_6457330,q_lt_q20,
MOULINS_6123280,q_lt_q20,
MOURON_6122110,q_lt_q20,
MOUTIER-ROZEILLE (AUBUSSON)_6123470,q_lt_q20,
MUNKEDAL 2_6229135,q_lt_q20,
MUONIO_6832750,q_lt_q20,
MURET_6125085,q_lt_q20,
MUROLEENKOSKI_6854104,q_lt_q20,
MURR_6335675,q_lt_q20,
MUZY_6122345,q_lt_q20,
MYGLEVATN NDF_6729265,q_lt_q20,
MYLLYOJA_6854715,q_lt_q20,
MYON_6139795,q_lt_q20,
MYRKDALSVATN_6729180,q_lt_q20,
MYSZYNIEC_6458809,q_lt_q20,
NAAMIJOKI_6832918,q_lt_q20,
NAGYMAROS_6442500,q_lt_q20,
NANT (PONT DE GARDIES)_6125330,q_lt_q20,
NARSJO_6729830,q_lt_q20,
NARVA LINN_6172350,q_lt_q20,
NASIJARVI  TAMMERKOSKI_6854103,q_lt_q20,
NAUSTA_6731160,q_lt_q20,
NAUTSUNDVATN_6731161,q_lt_q20,
NEDERZWALM_6220510,q_lt_q20,
NEKOR_6140700,q_lt_q20,
NEMETICE_6140150,q_lt_q20,
NESMER_6142170,q_lt_q20,
NEU DARCHAU_6340110,q_lt_q20,
NEUBLANS-ABERGEMENT_6139770,q_lt_q20,
NEUSTADT_6335690,q_lt_q20,
NEUVILLE-LES-DAMES_6139550,q_lt_q20,
NEUVILLE-SUR-SARTHE ET A SOUILLE [MONTREUIL]_6123535,q_lt_q20,
NEZELLE_6123741,q_lt_q20,
NIAMEY_1234150,q_lt_q20,
NIECHMIROW_6457230,q_lt_q20,
NIEDERKIRCH_6342100,q_lt_q20,
NIEDERROEDERN_6135110,q_lt_q20,
NIEMISEL_6233780,q_lt_q20,
NIETULISKO DUZE_6458525,q_lt_q20,
NIGARDSVATN_6731585,q_lt_q20,
NIITTYJOKI_6854273,q_lt_q20,
NISKAKOSKI_6854800,q_lt_q20,
NISMES_6221560,q_lt_q20,
NIS_6547400,q_lt_q20,
NITRIANSKA STREDA_6142520,q_lt_q20,
NIWKI_6457880,q_lt_q20,
NOD-SUR-SEINE_6122102,q_lt_q20,
NOGENT-LE-ROTROU [PONT DE BOIS]_6123540,q_lt_q20,
NOGENT-SUR-OISE_6122465,q_lt_q20,
NORMANVILLE_6122355,q_lt_q20,
NORRSJOEN_6233555,q_lt_q20,
NORRSKOGSDIKET_6854940,q_lt_q20,
NORT-SUR-ERDRE (MOULIN DE VAUX)_6123170,q_lt_q20,
NOUATRE_6123400,q_lt_q20,
NOVOSARATOVKA_6955430,q_lt_q20,
NOWA WIES PODGORNA_6457870,q_lt_q20,
NOWE DREZDENKO_6457200,q_lt_q20,
NOWY SACZ_6458406,q_lt_q20,
NOWY TARG_6458402,q_lt_q20,
NR BROBY_6934750,q_lt_q20,
OBERLAUCHRINGEN_6335410,q_lt_q20,
OERSLEV_6934540,q_lt_q20,
OEYUNGEN_6731550,q_lt_q20,
OISILLY_6139055,q_lt_q20,
OJCOW_6458630,q_lt_q20,
OKONEK_6457215,q_lt_q20,
OKSFJORDVATN_6731770,q_lt_q20,
OLKKAJARVI  PERMANTOKOSKI_6854708,q_lt_q20,
OLOBOK_6457290,q_lt_q20,
OLORON-SAINTE-MARIE (OLORON-SNCF)_6119030,q_lt_q20,
OLORON-SAINTE-MARIE (OLORON-STE-CROIX)_6119020,q_lt_q20,
OMNESFOSS_6729525,q_lt_q20,
ONET-LE-CHATEAU ET A RODEZ_6125245,q_lt_q20,
OORE_6172050,q_lt_q20,
OOSTROZEBEKE_6220120,q_lt_q20,
OOSTVLETEREN_6238100,q_lt_q20,
ORAISON (ESCALE)_6139284,q_lt_q20,
ORIGNY-EN-THIERACHE_6122145,q_lt_q20,
ORNIAC [LES AMIS DU CELE]_6125395,q_lt_q20,
ORSOVA (1971_6742200,q_lt_q20,
OSENELV V OREN_6731123,q_lt_q20,
OSETNO_6457720,q_lt_q20,
OSIELEC_6458201,q_lt_q20,
OSTHEIM_6135040,q_lt_q20,
OUAGNE (CHAMPMOREAU)_6122180,q_lt_q20,
OULUNKYLA_6854115,q_lt_q20,
OUNASJARVI - OUTLET_6854713,q_lt_q20,
OVRE HYNDEVAD_6233412,q_lt_q20,
OVREVATN_6731906,q_lt_q20,
OYE NDF_6729240,q_lt_q20,
OYE_6729238,q_lt_q20,
PAHKAOJA_6854221,q_lt_q20,
PAIMPONT (PONT DU SECRET)_6119150,q_lt_q20,
PAJALA PUMPHUS_6232911,q_lt_q20,
PAJUPEA_6172010,q_lt_q20,
PAJUSI_6172236,q_lt_q20,
PALMAS (PONT DE MANSON)_6125620,q_lt_q20,
PAMILO_6855470,q_lt_q20,
PAULHAGUET_6123650,q_lt_q20,
PAULINET (ST-JEAN-DE-JEANNE)_6125540,q_lt_q20,
PAUNULANPURO_6854114,q_lt_q20,
PEERAJARVI  LUUSUA_6832909,q_lt_q20,
PELLO_6832917,q_lt_q20,
PELTOKOSKI_6854520,q_lt_q20,
PERL_6336800,q_lt_q20,
PESMES_6139682,q_lt_q20,
PEYREVELADE (SERVIERES)_6123401,q_lt_q20,
PFELLING_6342920,q_lt_q20,
PFORZHEIM_6335660,q_lt_q20,
PIEVIKI_6373921,q_lt_q20,
PILA_6457213,q_lt_q20,
PISEK_6140300,q_lt_q20,
PLAINES-SAINT-LANGE_6122101,q_lt_q20,
PLANCHER-BAS_6139710,q_lt_q20,
PLOUGONVEN_6118175,q_lt_q20,
PODARI_6742552,q_lt_q20,
PODGORZE_6457225,q_lt_q20,
POHJAKA I_6172020,q_lt_q20,
POLANA_6458605,q_lt_q20,
POMMEUSE_6122115,q_lt_q20,
PONT-DE-MONTVERT (FONTCHALETTES)_6125363,q_lt_q20,
PONTAUMUR_6123790,q_lt_q20,
PORAJ_6457860,q_lt_q20,
PORSCHDORF 1_6340430,q_lt_q20,
PORTA_6337518,q_lt_q20,
PORTTIPAHTA_6854706,q_lt_q20,
POZNAN-MOST ROCHA_6457820,q_lt_q20,
PROISELIERE ET LANGLE_6139935,q_lt_q20,
PRUDNIK_6457675,q_lt_q20,
PRZEDBORZ_6458753,q_lt_q20,
PTAKI_6458863,q_lt_q20,
PUCHACZOW_6458717,q_lt_q20,
PUDISOO_6172014,q_lt_q20,
PULO DO LOBO_6116200,q_lt_q20,
PUTTAKOSKI_6854810,q_lt_q20,
PYHAJARVI  LUUSUA_6854350,q_lt_q20,
PYHAJARVI LUUSA_6854310,q_lt_q20,
QUELNEUC_6119125,q_lt_q20,
QUEMPER-GUEZENNEC ET A YVIAS_6118170,q_lt_q20,
QUINCAY (ROCHECOURBE)_6123410,q_lt_q20,
QUISTINIC (KERDEC)_6119065,q_lt_q20,
RACIBORZ-MIEDONIA_6457670,q_lt_q20,
RAI_6118165,q_lt_q20,
RAJCZA_6458530,q_lt_q20,
RANSBERG_6220370,q_lt_q20,
RAON-L'ETAPE_6136065,q_lt_q20,
RAPINA_6172280,q_lt_q20,
RASKA_6547210,q_lt_q20,
RASKOV_6142101,q_lt_q20,
RATE_6731515,q_lt_q20,
RAUANA_6729380,q_lt_q20,
RAUMLAND_6337521,q_lt_q20,
RAUNHEIM_6335305,q_lt_q20,
RAVASKA_6854610,q_lt_q20,
RAVIJOKI_6854330,q_lt_q20,
RAZDORSKAYA_6978250,q_lt_q20,
REALVILLE_6125280,q_lt_q20,
REES_6335020,q_lt_q20,
REINSNOSVATN_6729131,q_lt_q20,
RENDA_6373050,q_lt_q20,
RENGEN_6233470,q_lt_q20,
RETHEM_6337250,q_lt_q20,
RHEINE UNTERSCHLEUSE_6338130,q_lt_q20,
RIEUX-VOLVESTRE [VOLVESTRE]_6125075,q_lt_q20,
RIGNY-SUR-ARROUX_6123710,q_lt_q20,
RIISA_6172042,q_lt_q20,
RISEFOSS_6731620,q_lt_q20,
RIVE-DE-GIER_6139330,q_lt_q20,
ROCKENAU SKA_6335600,q_lt_q20,
ROMAZY_6118145,q_lt_q20,
ROOSTOJA_6172037,q_lt_q20,
ROQUEFORT_6119215,q_lt_q20,
RORKAER_6934860,q_lt_q20,
ROTENBURG_6337508,q_lt_q20,
ROYKENES_6729150,q_lt_q20,
RUPT-SUR-MOSELLE_6136202,q_lt_q20,
RUUNAA_6855480,q_lt_q20,
RUUNAPURO_6854282,q_lt_q20,
RYCZYWOL_6457370,q_lt_q20,
RYSNA_6729567,q_lt_q20,
SAAKSJARVI - OUTLET_6854106,q_lt_q20,
SAETERNBEKKEN_6729425,q_lt_q20,
SAG_6742400,q_lt_q20,
SAIN-BEL_6139365,q_lt_q20,
SAINT-ANTOINE_6125295,q_lt_q20,
SAINT-AUBIN-LE-CAUF_6118230,q_lt_q20,
SAINT-BRANCHS_6123270,q_lt_q20,
SAINT-CYR-SOUS-DOURDAN_6122135,q_lt_q20,
SAINT-CYRAN-DU-JAMBOT_6123250,q_lt_q20,
SAINT-DENIS-D'ANJOU [BEFFES]_6123575,q_lt_q20,
SAINT-DIDIER-EN-VELAY (LE CROUZET)_6123750,q_lt_q20,
SAINT-DIE_6136160,q_lt_q20,
SAINT-ETIENNE-DE-BAIGORRY_6119050,q_lt_q20,
SAINT-FRAIMBAULT-DE-PRIERES_6123625,q_lt_q20,
SAINT-GEORGES-SUR-LAYON_6123181,q_lt_q20,
SAINT-HILAIRE-LE-VOUHIS_6119310,q_lt_q20,
SAINT-JEAN-BREVELAY_6119130,q_lt_q20,
SAINT-JUNIEN (LE DEROT)_6123420,q_lt_q20,
SAINT-JUST (LA RIVIERE COLOMBEL)_6119025,q_lt_q20,
SAINT-LAMBERT-DU-LATTAY (PONT BEZIGON)_6123180,q_lt_q20,
SAINT-LUPERCE_6122150,q_lt_q20,
SAINT-MARTIN-SAINTE CATHERINE_6123440,q_lt_q20,
SAINT-MARTIN-SUR-NOHAIN [VILLIERS]_6123290,q_lt_q20,
SAINT-MAUR-SUR-LE-LOIR_6123580,q_lt_q20,
SAINT-MAURICE-DE-VENTALON (LA CEPEDE)_6125370,q_lt_q20,
SAINT-MAY (PONT DE LA TUNE)_6139120,q_lt_q20,
SAINT-MEDARD-EN-FOREZ (MOULIN BRULE)_6123740,q_lt_q20,
SAINT-MIHIEL_6121055,q_lt_q20,
SAINT-NABOR (NOIR GUEUX)_6136201,q_lt_q20,
SAINT-OUEN-LA-ROUERIE_6118205,q_lt_q20,
SAINT-PATERNE-RACAN_6123230,q_lt_q20,
SAINT-PIERRE-DE-CLAIRAC_6125325,q_lt_q20,
SAINT-PROUANT (MONSIREIGNE)_6119300,q_lt_q20,
SAINT-SATURNIN_6122255,q_lt_q20,
SAINT-SAVIOL ET A VOULEME_6119270,q_lt_q20,
SAINT-USUGE_6139275,q_lt_q20,
SAINTE-SIGOLENE (VAUBARLET)_6123770,q_lt_q20,
SALA_6142620,q_lt_q20,
SALMEN  SILTA_6854360,q_lt_q20,
SALSVATN_6731850,q_lt_q20,
SAMARZEWO_6457260,q_lt_q20,
SAMI_6172036,q_lt_q20,
SANDOMIERZ_6458460,q_lt_q20,
SARRALBE (RECH)_6136520,q_lt_q20,
SATU MARE_6744500,q_lt_q20,
SAUHEID_6221501,q_lt_q20,
SAUZE ST MARTIN_6139300,q_lt_q20,
SCHERMBECK 1_6335080,q_lt_q20,
SCHMITTLOTHEIM_6337504,q_lt_q20,
SCHWABSBERG_6335680,q_lt_q20,
SCHWARMSTEDT_6337510,q_lt_q20,
SCHWEIGHOUSE-SUR-MODER D/S_6135120,q_lt_q20,
SCINAWA_6457680,q_lt_q20,
SEILH_6125160,q_lt_q20,
SEITAKORVA_6854701,q_lt_q20,
SEMPIGNY_6122141,q_lt_q20,
SENTA_6544100,q_lt_q20,
SERRES_6139270,q_lt_q20,
SERVANCE (FOURGUENONS)_6139680,q_lt_q20,
SIERADZ_6457840,q_lt_q20,
SIGULDA_6372104,q_lt_q20,
SIKFORS KRV_6233710,q_lt_q20,
SILI_6373220,q_lt_q20,
SIMLANGEN_6233150,q_lt_q20,
SIMO_6854620,q_lt_q20,
SINETTAJARVI - OUTLET_6854714,q_lt_q20,
SINT-JORIS-WEERT_6220500,q_lt_q20,
SKAERUMBRO_6934120,q_lt_q20,
SKALLBOELE KRV_6233551,q_lt_q20,
SKATILA_6854900,q_lt_q20,
SKIBBY_6934400,q_lt_q20,
SKOROGOSZCZ_6457730,q_lt_q20,
SKWIERZYNA_6457810,q_lt_q20,
SLUPSK_6456120,q_lt_q20,
SMALININKAI_6574150,q_lt_q20,
SMEDEREVO_6542510,q_lt_q20,
SNEISVATN_6731757,q_lt_q20,
SOGNE_6729395,q_lt_q20,
SOLBERGFOSS_6729403,q_lt_q20,
SOLLEFTEA KRV_6233650,q_lt_q20,
SOMBRUN_6119100,q_lt_q20,
SORSELE 2_6233680,q_lt_q20,
SOULAN (FREYCHET)_6125230,q_lt_q20,
SOUSPIERRE_6139230,q_lt_q20,
SOYA V MELHUS_6731112,q_lt_q20,
SOYANS_6139220,q_lt_q20,
SPEYER_6335170,q_lt_q20,
ST-ANDRE-DE-NAJAC (CANABRAL)_6125710,q_lt_q20,
ST-JUST-SUR-VIAUR (LA FABREGUERIE)_6125720,q_lt_q20,
ST. ANDRE LES ALPES_6139210,q_lt_q20,
ST. LAURENT DU PONT_6139450,q_lt_q20,
ST. RAMBERT_6139470,q_lt_q20,
STABBY_6233415,q_lt_q20,
STAVNAGER_6934350,q_lt_q20,
STEIN_6335290,q_lt_q20,
STIGVASSA_6729383,q_lt_q20,
STORDALSVATN_6729130,q_lt_q20,
STORHOLEN_6731120,q_lt_q20,
STORMYRA_6233175,q_lt_q20,
STORNORRFORS KRV_6233502,q_lt_q20,
STORUMAN_6233740,q_lt_q20,
STORVATN_6731675,q_lt_q20,
STORVATN_6731735,q_lt_q20,
STRANDA_6731660,q_lt_q20,
STRASBOURG [CHASSEUR FROID  LA ROBERTSAU]_6135045,q_lt_q20,
STRAZNICE_6142120,q_lt_q20,
STRECKEWALDE_6340635,q_lt_q20,
STREDA NAD BODROGOM_6144200,q_lt_q20,
STROE_6934520,q_lt_q20,
SULA_6731561,q_lt_q20,
SURAZ_6458805,q_lt_q20,
SVARTJOERNBEKKEN_6731540,q_lt_q20,
SVEDALA_6233367,q_lt_q20,
SVEG_6233223,q_lt_q20,
SZAMOTULY_6457380,q_lt_q20,
SZCZUCIN_6458450,q_lt_q20,
SZEGED_6444100,q_lt_q20,
TAENGVATTNET_6233530,q_lt_q20,
TAHKUSE_6172052,q_lt_q20,
TAINIONKOSKI_6855400,q_lt_q20,
TANEMOELLA_6233120,q_lt_q20,
TANGERMUENDE_6340160,q_lt_q20,
TANNSVATN_6729390,q_lt_q20,
TARTU_6172200,q_lt_q20,
TAUBERBISCHOFSHEIM_6335520,q_lt_q20,
TAULE (PENHOAT)_6118160,q_lt_q20,
TCZEW_6458010,q_lt_q20,
TEERESSUONOJA_6854504,q_lt_q20,
TEPLICE NAD BECVOU_6142300,q_lt_q20,
TERANDE_6372941,q_lt_q20,
TIFFAUGES (LA MOULINETTE)_6123160,q_lt_q20,
TIGHINA (BENDERY)_6781800,q_lt_q20,
TIGNIEU-JAMEYZIEU_6139310,q_lt_q20,
TINGVATN_6729250,q_lt_q20,
TINTIGNY_6221640,q_lt_q20,
TINTIGNY_6221645,q_lt_q20,
TOERNESTORP_6233540,q_lt_q20,
TOLLISTE_6172220,q_lt_q20,
TOLVFORS KRV_6233113,q_lt_q20,
TORA_6729110,q_lt_q20,
TORGAU_6340190,q_lt_q20,
TORI_6172039,q_lt_q20,
TORVA_6172033,q_lt_q20,
TORVE_6172240,q_lt_q20,
TOUCY_6122560,q_lt_q20,
TOULOUSE [SAINT-MARTIN-DU-TOUCH]_6125120,q_lt_q20,
TOURNEHEM-SUR-LA-HEM (GUEMY)_6122210,q_lt_q20,
TOURS-SUR-MEYMONT (GIROUX)_6123620,q_lt_q20,
TREIA_6334800,q_lt_q20,
TREZILIDE_6118150,q_lt_q20,
TRYNCZA_6458950,q_lt_q20,
TRZEBIATOW_6456107,q_lt_q20,
TUCHOLA_6458560,q_lt_q20,
TUDULINNA_6172230,q_lt_q20,
TUJUOJA_6854801,q_lt_q20,
TURNA NAD BODVOU_6144150,q_lt_q20,
TVEITDALEN_6729370,q_lt_q20,
TYSVAER_6729835,q_lt_q20,
UHLDINGEN_6335470,q_lt_q20,
UJSCIE I_6457205,q_lt_q20,
UKMERGE_6574360,q_lt_q20,
UNTERGRIESHEIM_6335681,q_lt_q20,
UNTERSCHMEIEN_6342810,q_lt_q20,
USCLADES-ET-RIEUTORD (RIEUTORD)_6123501,q_lt_q20,
USTI NAD LABEM_6140401,q_lt_q20,
USTRON OBLAZIEC_6458440,q_lt_q20,
UUE-LOVE_6172040,q_lt_q20,
UZINI_6373450,q_lt_q20,
V. KROGBAEKSBRO_6934015,q_lt_q20,
VAANTEENJOKI_6854660,q_lt_q20,
VAESTERSEL_6233700,q_lt_q20,
VAHA-ASKANJOKI_6854717,q_lt_q20,
VAKKOLA_6854340,q_lt_q20,
VAL D'ISERE_6139600,q_lt_q20,
VALAJASKOSKI_6854702,q_lt_q20,
VALENNES (LA CABOCHE)_6123220,q_lt_q20,
VALEX_6229110,q_lt_q20,
VALKEAKOSKI_6854116,q_lt_q20,
VALLIERES_6139850,q_lt_q20,
VALMIERA_6372100,q_lt_q20,
VANAKULA_6172026,q_lt_q20,
VANDENESSE_6123700,q_lt_q20,
VANTTAUSKOSKI_6854703,q_lt_q20,
VARGOENS KRV_6233315,q_lt_q20,
VARVARIN_6547600,q_lt_q20,
VASCOUIL_6122330,q_lt_q20,
VASKNARVA_6172351,q_lt_q20,
VASSBOTTEN_6229100,q_lt_q20,
VASSVATN_6731650,q_lt_q20,
VATTHOLMA 2_6233600,q_lt_q20,
VD LETOVICE_6142160,q_lt_q20,
VEKKOSKI_6854820,q_lt_q20,
VELEN 2_6233300,q_lt_q20,
VELENA_6373102,q_lt_q20,
VELLES [FORGES]_6123480,q_lt_q20,
VIARMES (GIEZ+BERTINVAL)_6122155,q_lt_q20,
VICAKI_6373912,q_lt_q20,
VIHTERPALU_6172028,q_lt_q20,
VIKSVATN_6731165,q_lt_q20,
VILLEFRANCHE-DE-ROUERGUE (BARRAGE CABAL)_6125610,q_lt_q20,
VILLEMUR-SUR-TARN_6125235,q_lt_q20,
VIRA (ENGRAVIES)_6125250,q_lt_q20,
VISKI_6373222,q_lt_q20,
VITRY-EN-CHAROLLAIS_6123730,q_lt_q20,
VITRY-EN-PERTHOIS_6122120,q_lt_q20,
VIVONNE [DANLOT]_6123445,q_lt_q20,
VLOTHO_6337100,q_lt_q20,
VODJA_6172056,q_lt_q20,
VRAENGEBAECKEN_6233325,q_lt_q20,
VUOHIJARVI  SIIKAKOSKI_6854260,q_lt_q20,
VUOSJARVI  HUOPANANKOSKI_6854280,q_lt_q20,
VUOTTASBAECKEN_6233785,q_lt_q20,
WADOWICE_6458203,q_lt_q20,
WAHMBECK_6337519,q_lt_q20,
WALCOURT (GARE)_6221131,q_lt_q20,
WARNANT_6221140,q_lt_q20,
WECHSELBURG 1_6340620,q_lt_q20,
WILKANOW_6457735,q_lt_q20,
WILSELE_6220501,q_lt_q20,
WISCHES_6135200,q_lt_q20,
WISLA_6458420,q_lt_q20,
WITTENBERGE_6340150,q_lt_q20,
WORMS_6335180,q_lt_q20,
YLANEENJOKI_6854151,q_lt_q20,
YLINENKOSKI_6854570,q_lt_q20,
YTTERHOLMEN_6233800,q_lt_q20,
ZAGAN_6457707,q_lt_q20,
ZAJECAR_6542700,q_lt_q20,
ZAKOPANE  HARENDA_6458403,q_lt_q20,
ZDANA_6144300,q_lt_q20,
ZELEZNY BROD_6140500,q_lt_q20,
ZELL_6335730,q_lt_q20,
ZERIND_6744100,q_lt_q20,
ZICHEM_6220301,q_lt_q20,
ZIMNICEA_6742500,q_lt_q20,
ZLEBY_6140120,q_lt_q20,
ZRUC NAD SAZAVOU_6140450,q_lt_q20,
ZWICKAU-POELBITZ_6340621,q_lt_q20,
201001,q_lt_q20,1349.7
203005,q_lt_q20,1363.8
203010,q_lt_q20,1374.15
203030,q_lt_q20,1385.3
204002,q_lt_q20,1406
204007,q_lt_q20,1406.15
204014,q_lt_q20,1444.25
204017,q_lt_q20,1290.2
204030,q_lt_q20,1382.5
204036,q_lt_q20,1394.15
204037,q_lt_q20,1346.65
204039,q_lt_q20,1403.85
204041,q_lt_q20,1463.35
204046,q_lt_q20,1428.05
204051,q_lt_q20,1403.1
204056,q_lt_q20,1427.35
204906,q_lt_q20,1408.45
206009,q_lt_q20,1397.55
206014,q_lt_q20,1421.15
206018,q_lt_q20,1285.65
206025,q_lt_q20,1447.8
207004,q_lt_q20,1376.75
207013,q_lt_q20,1359.3
207014,q_lt_q20,1366.75
207015,q_lt_q20,1385.2
208003,q_lt_q20,1408
208004,q_lt_q20,1369.05
208005,q_lt_q20,1393.05
208007,q_lt_q20,1398.2
208009,q_lt_q20,1425.2
208011,q_lt_q20,1341.95
208015,q_lt_q20,1354.4
208026,q_lt_q20,1392.75
209002,q_lt_q20,1404.45
209003,q_lt_q20,1356.1
210011,q_lt_q20,1375.9
210014,q_lt_q20,1410.15
210016,q_lt_q20,1462.85
210017,q_lt_q20,1382.1
210022,q_lt_q20,1412.5
210031,q_lt_q20,1468.8
210040,q_lt_q20,1464
210052,q_lt_q20,1461.5
211009,q_lt_q20,1380.95
211013,q_lt_q20,1341.65
211014,q_lt_q20,1422.7
212040,q_lt_q20,1425
212209,q_lt_q20,1314.9
212260,q_lt_q20,1290.75
215004,q_lt_q20,1401.85
215207,q_lt_q20,1416.75
216002,q_lt_q20,1352.15
216009,q_lt_q20,1400.45
218001,q_lt_q20,1303.55
218005,q_lt_q20,1292.55
218007,q_lt_q20,1313.85
218008,q_lt_q20,1381.3
219001,q_lt_q20,1164.65
219003,q_lt_q20,1369.25
219006,q_lt_q20,1214.75
219017,q_lt_q20,1363.3
219022,q_lt_q20,1440.25
220003,q_lt_q20,1349.25
221002,q_lt_q20,1262.45
221201,q_lt_q20,1223
221207,q_lt_q20,1231.6
221208,q_lt_q20,1191.85
221209,q_lt_q20,1245.4
221210,q_lt_q20,1277.2
221211,q_lt_q20,1234.35
221212,q_lt_q20,1252.8
222004,q_lt_q20,1351.55
222016,q_lt_q20,1408.9
222202,q_lt_q20,1217.9
222206,q_lt_q20,1311.7
222213,q_lt_q20,1359.85
222217,q_lt_q20,1352.45
401009,q_lt_q20,1383.15
401012,q_lt_q20,1318.25
401013,q_lt_q20,1375.05
401015,q_lt_q20,1463.55
401016,q_lt_q20,1317.85
401017,q_lt_q20,1372.05
401203,q_lt_q20,1279.3
401208,q_lt_q20,1288.4
401210,q_lt_q20,1240.1
401212,q_lt_q20,1252.8
401216,q_lt_q20,1348.8
401217,q_lt_q20,1207.05
401220,q_lt_q20,1359.2
410091,q_lt_q20,1510.05
412028,q_lt_q20,1355.05
412029,q_lt_q20,1507.95
412050,q_lt_q20,1351.95
412066,q_lt_q20,1316.65
416003,q_lt_q20,1483.2
416010,q_lt_q20,1437.1
416016,q_lt_q20,1477.2
416020,q_lt_q20,1437.45
416023,q_lt_q20,1447.1
416032,q_lt_q20,1421.95
418005,q_lt_q20,1465.9
418014,q_lt_q20,1453.7
418015,q_lt_q20,1476.4
418017,q_lt_q20,1436.65
418021,q_lt_q20,1466.7
418025,q_lt_q20,1477.9
418027,q_lt_q20,1470.1
418032,q_lt_q20,1469.5
419005,q_lt_q20,1467.7
419010,q_lt_q20,1437.5
419016,q_lt_q20,1442.45
419029,q_lt_q20,1499.6
419035,q_lt_q20,1505.15
419054,q_lt_q20,1444.4
420003,q_lt_q20,1448.05
420017,q_lt_q20,1456.35
421018,q_lt_q20,1478.85
421026,q_lt_q20,1352.45
421042,q_lt_q20,1465.75
421048,q_lt_q20,1464.35
421050,q_lt_q20,1461.35
424002,q_lt_q20,1420.8
809310,q_lt_q20,1494.2
809315,q_lt_q20,1487.35
809316,q_lt_q20,1471.45
809321,q_lt_q20,1529.5
809322,q_lt_q20,1458.45
A0020101,q_lt_q20,
G8110004,q_lt_q20,
G8140001,q_lt_q20,
G8140008,q_lt_q20,
G8140011,q_lt_q20,
G8140040,q_lt_q20,
G8140063,q_lt_q20,
G8140067,q_lt_q20,
G8170002,q_lt_q20,
G8190001,q_lt_q20,
G8200045,q_lt_q20,
G9030001,q_lt_q20,
G9070142,q_lt_q20,
003303A,q_lt_q20,
105101A,q_lt_q20,
105105A,q_lt_q20,
108002A,q_lt_q20,
111005A,q_lt_q20,
111007A,q_lt_q20,
112002A,q_lt_q20,
112101B,q_lt_q20,
112102A,q_lt_q20,
113004A,q_lt_q20,
114001A,q_lt_q20,
116006B,q_lt_q20,
116010A,q_lt_q20,
116011A,q_lt_q20,
116013A,q_lt_q20,
116014A,q_lt_q20,
116015A,q_lt_q20,
117002A,q_lt_q20,
117003A,q_lt_q20,
120102A,q_lt_q20,
120301B,q_lt_q20,
120304A,q_lt_q20,
121002A,q_lt_q20,
121003A,q_lt_q20,
122004A,q_lt_q20,
124002A,q_lt_q20,
125005A,q_lt_q20,
126003A,q_lt_q20,
129001A,q_lt_q20,
130004A,q_lt_q20,
130302A,q_lt_q20,
130324A,q_lt_q20,
130403A,q_lt_q20,
130410A,q_lt_q20,
130413A,q_lt_q20,
132001A,q_lt_q20,
135002A,q_lt_q20,
135004A,q_lt_q20,
136006A,q_lt_q20,
136202D,q_lt_q20,
136203A,q_lt_q20,
136208A,q_lt_q20,
136304A,q_lt_q20,
137101A,q_lt_q20,
137201A,q_lt_q20,
138009A,q_lt_q20,
138110A,q_lt_q20,
138903A,q_lt_q20,
143007A,q_lt_q20,
143009A,q_lt_q20,
143107A,q_lt_q20,
143110A,q_lt_q20,
143209B,q_lt_q20,
143303A,q_lt_q20,
145010A,q_lt_q20,
145011A,q_lt_q20,
145018A,q_lt_q20,
145101D,q_lt_q20,
145102B,q_lt_q20,
145107A,q_lt_q20,
146010A,q_lt_q20,
422202B,q_lt_q20,
422306A,q_lt_q20,
422319B,q_lt_q20,
422321B,q_lt_q20,
422334A,q_lt_q20,
422394A,q_lt_q20,
424201A,q_lt_q20,
915206A,q_lt_q20,
917107A,q_lt_q20,
919003A,q_lt_q20,
919005A,q_lt_q20,
919201A,q_lt_q20,
919309A,q_lt_q20,
925001A,q_lt_q20,
926002A,q_lt_q20,
A0030501,q_lt_q20,
A2390519,q_lt_q20,
A4260533,q_lt_q20,
A5030502,q_lt_q20,
A5040523,q_lt_q20,
A5050517,q_lt_q20,
A5060500,q_lt_q20,
A5070500,q_lt_q20,
A5070503,q_lt_q20,
A5090503,q_lt_q20,
A5130501,q_lt_q20,
302200,q_lt_q20,1270.9
303203,q_lt_q20,1150.4
304040,q_lt_q20,1104.3
304497,q_lt_q20,1105.15
304499,q_lt_q20,1049.3
305202,q_lt_q20,1090.2
306119,q_lt_q20,1014.75
307473,q_lt_q20,1011.65
308145,q_lt_q20,903.35
308799,q_lt_q20,906.2
312061,q_lt_q20,979.45
314207,q_lt_q20,1076.35
314212,q_lt_q20,1159.35
315450,q_lt_q20,1089.95
316624,q_lt_q20,1045.55
317200,q_lt_q20,1210.75
318076,q_lt_q20,1230.8
318150,q_lt_q20,1211.95
318181,q_lt_q20,1251.75
318191,q_lt_q20,1205.35
318311,q_lt_q20,1295.2
319204,q_lt_q20,1256
10327500,q_lt_q20,1472.75
10329000,q_lt_q20,1450.1
10329500,q_lt_q20,1477.45
10333000,q_lt_q20,1477.25
10335000,q_lt_q20,1470.75
10336610,q_lt_q20,1388.9
10336645,q_lt_q20,1272.6
10336660,q_lt_q20,1256.9
10336676,q_lt_q20,1247.1
10336698,q_lt_q20,1280.4
10336700,q_lt_q20,1301.55
10336780,q_lt_q20,1291.25
10337500,q_lt_q20,1288.9
10338000,q_lt_q20,1275.3
10338500,q_lt_q20,1314.55
10338700,q_lt_q20,1352.45
10339410,q_lt_q20,1349.4
10340500,q_lt_q20,1335
10343000,q_lt_q20,1231.85
10343500,q_lt_q20,1241.35
10344400,q_lt_q20,1310.85
10344500,q_lt_q20,1384.1
10344505,q_lt_q20,1377.3
10346000,q_lt_q20,1343.95
10347310,q_lt_q20,1469.15
10347460,q_lt_q20,1491.9
10347600,q_lt_q20,1492.45
10348000,q_lt_q20,1525
10348036,q_lt_q20,1506.2
10348200,q_lt_q20,1518.3
10348245,q_lt_q20,1535.75
10348295,q_lt_q20,1528.5
10348460,q_lt_q20,1374.45
10349300,q_lt_q20,1521.2
10349849,q_lt_q20,1531.65
10349980,q_lt_q20,1511.05
10350000,q_lt_q20,1513.05
10350340,q_lt_q20,1542.25
10351300,q_lt_q20,1482.9
10351400,q_lt_q20,1525.85
10351600,q_lt_q20,1493.4
10351650,q_lt_q20,1516.8
10351700,q_lt_q20,1534.65
10352500,q_lt_q20,1426.5
10396000,q_lt_q20,1399.4
10642505,q_lt_q20,1315.2
10735562,q_lt_q20,1404.1
10965852,q_lt_q20,1426.45
11012500,q_lt_q20,1555.65
11014000,q_lt_q20,1535.5
11015000,q_lt_q20,1506.45
11016200,q_lt_q20,1540.6
11022200,q_lt_q20,1560.25
11022480,q_lt_q20,1536
11023000,q_lt_q20,1498.75
11023340,q_lt_q20,1535.9
11025500,q_lt_q20,1551.9
11027000,q_lt_q20,1526.55
11028500,q_lt_q20,1547.85
11042400,q_lt_q20,1550.65
11042800,q_lt_q20,1547.9
11042900,q_lt_q20,1555.2
11044000,q_lt_q20,1522.05
11044250,q_lt_q20,1532.5
11044300,q_lt_q20,1525.15
11044350,q_lt_q20,1532.75
11044800,q_lt_q20,1510.15
11045300,q_lt_q20,1561.8
11045600,q_lt_q20,1514.75
11048175,q_lt_q20,1542
11048600,q_lt_q20,1533.25
11051499,q_lt_q20,1559.4
11051502,q_lt_q20,1559.4
11055500,q_lt_q20,1560.85
11055566,q_lt_q20,1438.1
11055800,q_lt_q20,1562
11057500,q_lt_q20,1545.4
11058500,q_lt_q20,1554.55
11058600,q_lt_q20,1555.1
11059300,q_lt_q20,1537.9
11060400,q_lt_q20,1539.15
11062000,q_lt_q20,1512.35
11062800,q_lt_q20,1558.8
11063510,q_lt_q20,1533
11063680,q_lt_q20,1533.75
11065000,q_lt_q20,1541.65
11069500,q_lt_q20,1586.7
11070270,q_lt_q20,1545.9
11070365,q_lt_q20,1532.45
11070465,q_lt_q20,1543.2
11072100,q_lt_q20,1521.55
11073300,q_lt_q20,1544.85
11073360,q_lt_q20,1547.55
11073495,q_lt_q20,1540.65
11074000,q_lt_q20,1548.65
11075720,q_lt_q20,1537.1
11075800,q_lt_q20,1513
11077500,q_lt_q20,1523.2
11078000,q_lt_q20,1524.1
11087020,q_lt_q20,1545.55
11088500,q_lt_q20,1539.1
11089500,q_lt_q20,1536.85
11098000,q_lt_q20,1497.35
11101250,q_lt_q20,1536.45
11102300,q_lt_q20,1546.65
11109000,q_lt_q20,1555.2
11109600,q_lt_q20,1547.3
11109800,q_lt_q20,1528.3
11111500,q_lt_q20,1524.1
11113000,q_lt_q20,1541.65
11113500,q_lt_q20,1522.95
11114495,q_lt_q20,1461.45
11119500,q_lt_q20,1502.15
11119750,q_lt_q20,1530.85
11119940,q_lt_q20,1540.55
11120000,q_lt_q20,1528.05
11120500,q_lt_q20,1536.2
11121900,q_lt_q20,1471.15
11123500,q_lt_q20,1531.5
11124500,q_lt_q20,1535.1
11128500,q_lt_q20,1557.25
11132500,q_lt_q20,1512.5
11133000,q_lt_q20,1506.4
11136040,q_lt_q20,1553.7
11136800,q_lt_q20,1523.45
11137900,q_lt_q20,1517
11141050,q_lt_q20,1562.1
11141280,q_lt_q20,1447.8
11143000,q_lt_q20,1400.55
11143250,q_lt_q20,1486.65
11147500,q_lt_q20,1566.4
11148900,q_lt_q20,1511.15
11149400,q_lt_q20,1530
11149900,q_lt_q20,1570.3
11150500,q_lt_q20,1540.9
11151300,q_lt_q20,1556.4
11151700,q_lt_q20,1548.95
11152000,q_lt_q20,1584
11152050,q_lt_q20,1532.6
11152300,q_lt_q20,1588
11152500,q_lt_q20,1552.3
11152650,q_lt_q20,1477.85
11153650,q_lt_q20,1569.35
11156500,q_lt_q20,1556.65
11157500,q_lt_q20,1553.1
11158600,q_lt_q20,1573.45
11159000,q_lt_q20,1520.2
11159200,q_lt_q20,1558.75
11159490,q_lt_q20,1540.5
11159500,q_lt_q20,1515.65
11160000,q_lt_q20,1505.4
11160500,q_lt_q20,1385.2
11161000,q_lt_q20,1505.85
11162500,q_lt_q20,1358.5
11162570,q_lt_q20,1374.6
11169025,q_lt_q20,1557.35
11169500,q_lt_q20,1411.15
11169800,q_lt_q20,1460.75
11172175,q_lt_q20,1587.15
11172945,q_lt_q20,1488.05
11172955,q_lt_q20,1463.45
11173200,q_lt_q20,1448.15
11173500,q_lt_q20,1492.85
11173510,q_lt_q20,1482
11173575,q_lt_q20,1526.05
11173800,q_lt_q20,1493.55
11174000,q_lt_q20,1547.25
11176400,q_lt_q20,1481.85
11176500,q_lt_q20,1543.65
11176900,q_lt_q20,1520.8
11179000,q_lt_q20,1536.65
11179100,q_lt_q20,1477.35
11180500,q_lt_q20,1552.65
11180700,q_lt_q20,1562.9
11180825,q_lt_q20,1517.6
11180900,q_lt_q20,1524.1
11180960,q_lt_q20,1500
11181000,q_lt_q20,1541
11181008,q_lt_q20,1528.95
11182500,q_lt_q20,1542.35
11189500,q_lt_q20,1545.5
11200800,q_lt_q20,1543.05
11203580,q_lt_q20,1432.35
11204100,q_lt_q20,1532.1
11206820,q_lt_q20,1297.15
11224000,q_lt_q20,1299.85
11224500,q_lt_q20,1566.55
11251000,q_lt_q20,1596.9
11253310,q_lt_q20,1554.75
11261500,q_lt_q20,1611.35
11262900,q_lt_q20,1631.45
11264500,q_lt_q20,1372.1
11266500,q_lt_q20,1338.1
11273400,q_lt_q20,1643.35
11274000,q_lt_q20,1613.95
11274550,q_lt_q20,1613.7
11274630,q_lt_q20,1574.35
11274790,q_lt_q20,1369.9
11276500,q_lt_q20,1407.45
11276600,q_lt_q20,1433.45
11276900,q_lt_q20,1395.1
11277300,q_lt_q20,1325.15
11278000,q_lt_q20,1387.85
11278300,q_lt_q20,1363.05
11278400,q_lt_q20,1372.05
11284400,q_lt_q20,1429.1
11289000,q_lt_q20,1584.05
11289500,q_lt_q20,1556.9
11289650,q_lt_q20,1562.9
11290000,q_lt_q20,1603.05
11299600,q_lt_q20,1559.45
11303000,q_lt_q20,1625.8
11303500,q_lt_q20,1578
11335000,q_lt_q20,1586.1
11342000,q_lt_q20,1405.35
11345500,q_lt_q20,1464.1
11348500,q_lt_q20,1412.55
11355010,q_lt_q20,1433
11355500,q_lt_q20,1380.1
11370500,q_lt_q20,1485.15
11370700,q_lt_q20,1511.1
11372000,q_lt_q20,1461.25
11374000,q_lt_q20,1549.05
11376000,q_lt_q20,1532.65
11376550,q_lt_q20,1561.45
11377100,q_lt_q20,1538.8
11379500,q_lt_q20,1555.55
11381500,q_lt_q20,1581.45
11383500,q_lt_q20,1498.65
11389500,q_lt_q20,1583.6
11390000,q_lt_q20,1498.85
11390500,q_lt_q20,1628.85
11401920,q_lt_q20,1412.15
11402000,q_lt_q20,1356.6
11413000,q_lt_q20,1300.2
11418500,q_lt_q20,1481.35
11421000,q_lt_q20,1581
11424000,q_lt_q20,1604.9
11425500,q_lt_q20,1571.45
11427000,q_lt_q20,1386.55
11446500,q_lt_q20,1572.85
11447360,q_lt_q20,1611.15
11448750,q_lt_q20,1429.05
11448800,q_lt_q20,1443.65
11449255,q_lt_q20,1526.2
11449500,q_lt_q20,1293.05
11449820,q_lt_q20,1517.7
11451000,q_lt_q20,1478.05
11451100,q_lt_q20,1468.65
11451300,q_lt_q20,1479.6
11451715,q_lt_q20,1517.3
11451800,q_lt_q20,1562.65
11452500,q_lt_q20,1651.7
11452900,q_lt_q20,1615.85
11453000,q_lt_q20,1592.45
11453500,q_lt_q20,1541.75
11453590,q_lt_q20,1529.1
11454000,q_lt_q20,1477.7
11456000,q_lt_q20,1543.1
11458000,q_lt_q20,1522.3
11458433,q_lt_q20,1505.05
11458500,q_lt_q20,1517.1
11458600,q_lt_q20,1527.95
11459500,q_lt_q20,1517.25
11460000,q_lt_q20,1448.3
11460400,q_lt_q20,1334.25
11460600,q_lt_q20,1407.75
11460605,q_lt_q20,1460.4
11460750,q_lt_q20,1420.9
11461500,q_lt_q20,1458.5
11462080,q_lt_q20,1515.15
11462500,q_lt_q20,1473.45
11463000,q_lt_q20,1467.6
11463170,q_lt_q20,1403.6
11463200,q_lt_q20,1444.1
11463500,q_lt_q20,1508.7
11463682,q_lt_q20,1503.35
11463980,q_lt_q20,1497.6
11464000,q_lt_q20,1447.35
11465240,q_lt_q20,1531.75
11465350,q_lt_q20,1548.8
11465390,q_lt_q20,
11465660,q_lt_q20,1532.85
11465680,q_lt_q20,1530.25
11465690,q_lt_q20,1547
11465700,q_lt_q20,1525.1
11465750,q_lt_q20,1508.4
11466170,q_lt_q20,1517.1
11466200,q_lt_q20,1520.15
11466320,q_lt_q20,1525.9
11467000,q_lt_q20,1389.65
11467200,q_lt_q20,1387
11467510,q_lt_q20,1361.15
11467553,q_lt_q20,1372.45
11468900,q_lt_q20,1352.55
11472180,q_lt_q20,1454.1
11473900,q_lt_q20,1414.9
11475000,q_lt_q20,1406.4
11476500,q_lt_q20,1370
11476600,q_lt_q20,1350.05
11477000,q_lt_q20,1352.35
11478500,q_lt_q20,1351.55
11480390,q_lt_q20,1384.45
11481000,q_lt_q20,1359.75
11481200,q_lt_q20,1289.25
11481500,q_lt_q20,1360.7
11482500,q_lt_q20,1288.85
11493500,q_lt_q20,1280.55
11501000,q_lt_q20,1279.2
11502500,q_lt_q20,1289.85
11503000,q_lt_q20,1150.8
11504115,q_lt_q20,1213.45
11507500,q_lt_q20,1388.6
11509105,q_lt_q20,1345.55
11509200,q_lt_q20,1358.4
11509250,q_lt_q20,1347.05
11509340,q_lt_q20,1323.45
11509500,q_lt_q20,1340.5
11510700,q_lt_q20,1297.65
11516530,q_lt_q20,1472.3
11517000,q_lt_q20,1456.6
11517500,q_lt_q20,1469.35
11519500,q_lt_q20,1325.95
11520500,q_lt_q20,1373.15
11521500,q_lt_q20,1310.85
11522500,q_lt_q20,1340.65
11523000,q_lt_q20,1359.25
11523200,q_lt_q20,1270.25
11525500,q_lt_q20,1382.25
11525530,q_lt_q20,1412.25
11525655,q_lt_q20,1353.7
11525670,q_lt_q20,1368.1
11525854,q_lt_q20,1383.3
11526250,q_lt_q20,1407.6
11526400,q_lt_q20,1420.05
11527000,q_lt_q20,1349.95
11528700,q_lt_q20,1375.95
11530500,q_lt_q20,1337.15
11532500,q_lt_q20,1289.6
12013500,q_lt_q20,1253
12020000,q_lt_q20,1210.5
12020525,q_lt_q20,1260.3
12020800,q_lt_q20,1333
12021800,q_lt_q20,1332.9
12024000,q_lt_q20,1359.1
12024400,q_lt_q20,1312.35
12025000,q_lt_q20,1425.8
12025700,q_lt_q20,1253.15
12026150,q_lt_q20,1325.2
12026400,q_lt_q20,1328.55
12027500,q_lt_q20,1373.25
12031000,q_lt_q20,1281.4
12035000,q_lt_q20,1284.25
12035055,q_lt_q20,1438.95
12035400,q_lt_q20,1069.65
12036000,q_lt_q20,1057.4
12037400,q_lt_q20,1193.3
12039005,q_lt_q20,1137.1
12039500,q_lt_q20,1103.6
12041200,q_lt_q20,1081
12042800,q_lt_q20,1141.85
12043000,q_lt_q20,1129.85
12043300,q_lt_q20,1148.5
12052210,q_lt_q20,1150.85
12054000,q_lt_q20,1185.35
12056500,q_lt_q20,1129.6
12058790,q_lt_q20,1218.15
12059500,q_lt_q20,1348.4
12060500,q_lt_q20,1269.75
12061500,q_lt_q20,1347.35
12073500,q_lt_q20,1336.1
12076800,q_lt_q20,1352.5
12079000,q_lt_q20,1368.65
12080010,q_lt_q20,1385.15
12082500,q_lt_q20,1184.8
12083000,q_lt_q20,1223.15
12086500,q_lt_q20,1203.45
12087000,q_lt_q20,1265.3
12088000,q_lt_q20,1354.15
12089208,q_lt_q20,1375.9
12089500,q_lt_q20,1373.9
12090400,q_lt_q20,1405.2
12090500,q_lt_q20,1406.45
12091100,q_lt_q20,1398.5
12091200,q_lt_q20,1402.1
12091290,q_lt_q20,1400
12091500,q_lt_q20,1382.95
12092000,q_lt_q20,1245.25
12093500,q_lt_q20,1340.4
12094000,q_lt_q20,1210
12095000,q_lt_q20,1370.4
12095493,q_lt_q20,1446.1
12096500,q_lt_q20,1422.5
12096505,q_lt_q20,1425.85
12096865,q_lt_q20,1180.7
12097500,q_lt_q20,1171
12097820,q_lt_q20,1158.7
12097850,q_lt_q20,1165.65
12098920,q_lt_q20,1392.75
12099200,q_lt_q20,1378.4
12099600,q_lt_q20,1366.5
12100490,q_lt_q20,1414.2
12101100,q_lt_q20,1403.15
12101470,q_lt_q20,1390.25
12101500,q_lt_q20,1400.35
12102190,q_lt_q20,1381.05
12106700,q_lt_q20,1179.6
12108500,q_lt_q20,1338
12112600,q_lt_q20,1371.85
12113000,q_lt_q20,1381.35
12113150,q_lt_q20,1408.45
12113344,q_lt_q20,1426.75
12113346,q_lt_q20,1393.15
12113347,q_lt_q20,1430.1
12113349,q_lt_q20,1408.75
12114500,q_lt_q20,1057.95
12115000,q_lt_q20,1152.25
12115500,q_lt_q20,1031.35
12115700,q_lt_q20,1096.15
12116100,q_lt_q20,1157.75
12116400,q_lt_q20,1141.55
12116500,q_lt_q20,1140.3
12117000,q_lt_q20,1125.9
12117500,q_lt_q20,1277.45
12117600,q_lt_q20,1279.7
12118400,q_lt_q20,1381.2
12119000,q_lt_q20,1406.75
12120600,q_lt_q20,1343.85
12121600,q_lt_q20,1395
12131300,q_lt_q20,1173.9
12131500,q_lt_q20,1240.95
12134500,q_lt_q20,1210.6
12137290,q_lt_q20,1097.25
12137800,q_lt_q20,1127.8
12138160,q_lt_q20,1145.2
12141300,q_lt_q20,1124.2
12142000,q_lt_q20,1140.9
12143400,q_lt_q20,1185.95
12143600,q_lt_q20,1227.95
12143700,q_lt_q20,1159.4
12143900,q_lt_q20,1236.5
12144000,q_lt_q20,1367.6
12144500,q_lt_q20,1275.5
12145500,q_lt_q20,1265.85
12147470,q_lt_q20,1150.25
12147600,q_lt_q20,1139.85
12147680,q_lt_q20,1157
12148000,q_lt_q20,1153.1
12148300,q_lt_q20,1144.9
12148500,q_lt_q20,1222.2
12149000,q_lt_q20,1349.3
12150800,q_lt_q20,1314.55
12155300,q_lt_q20,1378.95
12157250,q_lt_q20,1369.75
12158010,q_lt_q20,1329.4
12158032,q_lt_q20,1317.1
12158040,q_lt_q20,1323.35
12167000,q_lt_q20,1342.8
12172000,q_lt_q20,1165.8
12173500,q_lt_q20,1135
12175500,q_lt_q20,1144.45
12178000,q_lt_q20,1174.5
12178100,q_lt_q20,1119.45
12179900,q_lt_q20,1209.85
12181000,q_lt_q20,1298.25
12182500,q_lt_q20,1261.6
12186000,q_lt_q20,1188.15
12189500,q_lt_q20,1216.5
12190400,q_lt_q20,1137.7
12193400,q_lt_q20,1340.6
12194000,q_lt_q20,1293.55
12200500,q_lt_q20,1374.15
12201500,q_lt_q20,1339.9
12201950,q_lt_q20,1268.95
12201960,q_lt_q20,1270.75
12202300,q_lt_q20,1263.25
12202310,q_lt_q20,1325.4
12205000,q_lt_q20,1090.8
12208000,q_lt_q20,1188.6
12209490,q_lt_q20,1227.4
12210000,q_lt_q20,1299.25
12210700,q_lt_q20,1391.1
12210900,q_lt_q20,1396.65
12211200,q_lt_q20,1380.9
12212050,q_lt_q20,1400.4
12212390,q_lt_q20,1369.1
12212430,q_lt_q20,1379.6
12214500,q_lt_q20,1379.2
12301250,q_lt_q20,1432.2
12301933,q_lt_q20,1345.95
12302055,q_lt_q20,1325.05
12304500,q_lt_q20,1352.8
12305000,q_lt_q20,
12308000,q_lt_q20,1340.65
12323233,q_lt_q20,1442.45
12323250,q_lt_q20,1449.6
12323600,q_lt_q20,1448.8
12323670,q_lt_q20,1432.1
12323700,q_lt_q20,1470.05
12323710,q_lt_q20,1408.45
12323720,q_lt_q20,1449.3
12323750,q_lt_q20,1443.95
12323760,q_lt_q20,1462
12323770,q_lt_q20,1452.1
12323800,q_lt_q20,1445.95
12323840,q_lt_q20,1474.05
12323850,q_lt_q20,1442.15
12324200,q_lt_q20,1456.35
12324400,q_lt_q20,1443.15
12324590,q_lt_q20,1455.75
12324680,q_lt_q20,1450.45
12325500,q_lt_q20,1368.25
12329500,q_lt_q20,1395.9
12330000,q_lt_q20,1392.4
12331500,q_lt_q20,1433.4
12331800,q_lt_q20,1412.9
12332000,q_lt_q20,1453.55
12334510,q_lt_q20,1406.55
12334550,q_lt_q20,1393.75
12335100,q_lt_q20,1403.85
12338300,q_lt_q20,1415.95
12340500,q_lt_q20,1444.9
12342500,q_lt_q20,1366.75
12344000,q_lt_q20,1411.35
12350250,q_lt_q20,1460.75
12352500,q_lt_q20,1456.7
12353000,q_lt_q20,1403.2
12354000,q_lt_q20,1331.6
12354500,q_lt_q20,1396.3
12355000,q_lt_q20,1237.6
12355500,q_lt_q20,1340.4
12358500,q_lt_q20,1340.45
12359800,q_lt_q20,1307.4
12362500,q_lt_q20,1261.3
12363000,q_lt_q20,1382.8
12365700,q_lt_q20,1403.3
12372000,q_lt_q20,1439.75
12377150,q_lt_q20,1263.95
12381400,q_lt_q20,1260.8
12388700,q_lt_q20,1447.05
12389000,q_lt_q20,1419.85
12389500,q_lt_q20,1378.35
12390700,q_lt_q20,1374.65
12391950,q_lt_q20,1281.7
12392155,q_lt_q20,1378.65
12392300,q_lt_q20,1343.25
12393501,q_lt_q20,1308.4
12395000,q_lt_q20,1295.5
12396500,q_lt_q20,1315.9
12399500,q_lt_q20,1326.5
12401500,q_lt_q20,1358.65
12404500,q_lt_q20,1269.85
12409000,q_lt_q20,1396.75
12411000,q_lt_q20,1261.95
12413000,q_lt_q20,1315.05
12413125,q_lt_q20,1295.65
12413130,q_lt_q20,1291.15
12413131,q_lt_q20,1291.5
12413210,q_lt_q20,1378.95
12413355,q_lt_q20,1378.35
12413470,q_lt_q20,1345.2
12413500,q_lt_q20,1384.05
12413875,q_lt_q20,1231.1
12414500,q_lt_q20,1355.35
12419000,q_lt_q20,1382.6
12422500,q_lt_q20,1419.55
12422990,q_lt_q20,1418.1
12424000,q_lt_q20,1438.35
12426000,q_lt_q20,1360.7
12431000,q_lt_q20,1412.7
12431500,q_lt_q20,1391.2
12433200,q_lt_q20,1422.25
12434590,q_lt_q20,1396.15
12436500,q_lt_q20,
12438000,q_lt_q20,
12438905,q_lt_q20,1408.05
12442500,q_lt_q20,1418.05
12444290,q_lt_q20,1428.5
12444550,q_lt_q20,1441
12445000,q_lt_q20,1420.4
12445500,q_lt_q20,1440.75
12446150,q_lt_q20,1315.45
12446400,q_lt_q20,1307.75
12446995,q_lt_q20,1412.8
12447200,q_lt_q20,1423.4
12447285,q_lt_q20,1400.55
12447383,q_lt_q20,1332.95
12447390,q_lt_q20,1322.35
12448000,q_lt_q20,1394.6
12448500,q_lt_q20,1358.85
12448998,q_lt_q20,1254.9
12449500,q_lt_q20,1397.75
12449950,q_lt_q20,1391.45
12450700,q_lt_q20,1394.7
12451000,q_lt_q20,1195.85
12452550,q_lt_q20,1438.35
12452800,q_lt_q20,1330.6
12452890,q_lt_q20,1379.25
12452990,q_lt_q20,1392.15
12453700,q_lt_q20,1402.65
12456500,q_lt_q20,1273.8
12457000,q_lt_q20,1310.85
12458000,q_lt_q20,1266.85
12459000,q_lt_q20,1385
12462500,q_lt_q20,1394.25
12462600,q_lt_q20,1453.55
12464800,q_lt_q20,1404.25
12465000,q_lt_q20,1451.65
12465400,q_lt_q20,1415.05
12467000,q_lt_q20,1437.75
12472600,q_lt_q20,1443.5
12472800,q_lt_q20,
12484500,q_lt_q20,1422.5
12488500,q_lt_q20,1233.8
12500450,q_lt_q20,1446.5
12502500,q_lt_q20,1439.1
12505450,q_lt_q20,1477.4
12508990,q_lt_q20,1433
12510500,q_lt_q20,1446.8
13010065,q_lt_q20,1348.65
13011000,q_lt_q20,1314.05
13011500,q_lt_q20,1395.65
13011900,q_lt_q20,1401.3
13013650,q_lt_q20,1399.1
13014500,q_lt_q20,1403.65
13015000,q_lt_q20,1366.4
13016305,q_lt_q20,1355.75
13016450,q_lt_q20,1397.6
13018300,q_lt_q20,1330.3
13018350,q_lt_q20,1312.3
13018750,q_lt_q20,1383.65
13022500,q_lt_q20,1328.25
13023000,q_lt_q20,1343.9
13027500,q_lt_q20,1397.55
13032500,q_lt_q20,1385.55
13037500,q_lt_q20,1411.35
13038000,q_lt_q20,1449.85
13038500,q_lt_q20,1419.6
13039500,q_lt_q20,1346.85
13042500,q_lt_q20,1355.45
13046000,q_lt_q20,1402.45
13046995,q_lt_q20,1348.3
13047500,q_lt_q20,1377
13047600,q_lt_q20,1397.8
13049500,q_lt_q20,1402.6
13050500,q_lt_q20,1420.65
13052200,q_lt_q20,1375.95
13055000,q_lt_q20,1416.6
13055250,q_lt_q20,1459.45
13056500,q_lt_q20,1428.45
13057000,q_lt_q20,1408.3
13057132,q_lt_q20,1451.15
13057155,q_lt_q20,1439.25
13057300,q_lt_q20,1382.1
13057940,q_lt_q20,1399.25
13058000,q_lt_q20,1413.15
13058510,q_lt_q20,1449.1
13058520,q_lt_q20,1456
13058529,q_lt_q20,1439.85
13058530,q_lt_q20,1456.9
13060000,q_lt_q20,1438.45
13062500,q_lt_q20,1445.85
13063000,q_lt_q20,1359.2
13066000,q_lt_q20,1436.95
13068300,q_lt_q20,1468.3
13068495,q_lt_q20,1473.2
13068500,q_lt_q20,1460.25
13069500,q_lt_q20,1466.45
13073000,q_lt_q20,1421.9
13075000,q_lt_q20,1418.55
13075500,q_lt_q20,1447.9
13075910,q_lt_q20,1405.8
13075983,q_lt_q20,1420.35
13077000,q_lt_q20,
13078000,q_lt_q20,1410.25
13079300,q_lt_q20,1416.55
13082500,q_lt_q20,1409.65
13087995,q_lt_q20,1444.15
13089500,q_lt_q20,1445.9
13090500,q_lt_q20,1469.95
13092747,q_lt_q20,1450.75
13093383,q_lt_q20,
13094000,q_lt_q20,1478.9
13095175,q_lt_q20,1484.7
13095500,q_lt_q20,1483.8
13105000,q_lt_q20,1409.7
13108150,q_lt_q20,1479.15
13112000,q_lt_q20,1484.65
13116500,q_lt_q20,1425.7
13118700,q_lt_q20,1449.35
13118975,q_lt_q20,1471.15
13119000,q_lt_q20,1454.9
13120000,q_lt_q20,1370.3
13120500,q_lt_q20,1384.5
13122000,q_lt_q20,1415.2
13124265,q_lt_q20,1376.95
13127000,q_lt_q20,1365.3
13130300,q_lt_q20,1428.7
13132100,q_lt_q20,1423.45
13135500,q_lt_q20,1343.5
13135520,q_lt_q20,1359.55
13136550,q_lt_q20,1333.55
13137500,q_lt_q20,1391.7
13138000,q_lt_q20,1366.9
13139510,q_lt_q20,1395.45
13140335,q_lt_q20,1379.6
13140800,q_lt_q20,1431.3
13141500,q_lt_q20,1460.9
13142500,q_lt_q20,1409.95
13147900,q_lt_q20,1388.85
13148500,q_lt_q20,1416.45
13150430,q_lt_q20,1385.2
13152500,q_lt_q20,1505.6
13154500,q_lt_q20,1446.85
13159800,q_lt_q20,1466.7
13161500,q_lt_q20,1397.2
13162225,q_lt_q20,1357.35
13168500,q_lt_q20,1456.45
13174500,q_lt_q20,1363.1
13175100,q_lt_q20,1386.65
13176305,q_lt_q20,1427.75
13176400,q_lt_q20,1421.55
13181000,q_lt_q20,1439.15
13183000,q_lt_q20,1445.75
13185000,q_lt_q20,1396.1
13186000,q_lt_q20,1351.6
13190500,q_lt_q20,1382.5
13200000,q_lt_q20,1407.75
13206000,q_lt_q20,1482.95
13206305,q_lt_q20,1481
13206400,q_lt_q20,1481.45
13210810,q_lt_q20,1496.05
13210824,q_lt_q20,1481.95
13210831,q_lt_q20,1489.1
13210980,q_lt_q20,1495.2
13210986,q_lt_q20,1504.4
13211205,q_lt_q20,1478.7
13212549,q_lt_q20,1490.85
13213000,q_lt_q20,1480.75
13213100,q_lt_q20,1459.7
13233300,q_lt_q20,1472.8
13235000,q_lt_q20,1351.15
13236500,q_lt_q20,1317.75
13237920,q_lt_q20,1394.25
13239000,q_lt_q20,1324.3
13240000,q_lt_q20,1318.3
13246000,q_lt_q20,1335.1
13247500,q_lt_q20,1436.2
13249500,q_lt_q20,1481.65
13250000,q_lt_q20,1434.85
13251000,q_lt_q20,1496.05
13258500,q_lt_q20,1404.45
13265500,q_lt_q20,1478.2
13269000,q_lt_q20,1431.05
13295000,q_lt_q20,1324.55
13296000,q_lt_q20,1356.65
13296500,q_lt_q20,1360.1
13297330,q_lt_q20,1337.95
13297355,q_lt_q20,1361.75
13297380,q_lt_q20,1373.6
13302005,q_lt_q20,1441.55
13302500,q_lt_q20,1399.5
13304050,q_lt_q20,1430.7
13304700,q_lt_q20,1412.8
13305000,q_lt_q20,1370.4
13305310,q_lt_q20,1398.8
13306370,q_lt_q20,1317
13306385,q_lt_q20,1378.85
13307000,q_lt_q20,1388.2
13309220,q_lt_q20,1407.65
13310199,q_lt_q20,1354
13310700,q_lt_q20,1358.95
13310800,q_lt_q20,1354.25
13310850,q_lt_q20,1368
13311000,q_lt_q20,1358.85
13311250,q_lt_q20,1377.8
13311450,q_lt_q20,1377.8
13313000,q_lt_q20,1326.25
13316500,q_lt_q20,1422.8
13317000,q_lt_q20,1408.55
13317660,q_lt_q20,1419.7
13325000,q_lt_q20,1261.85
13331500,q_lt_q20,1338.9
13333000,q_lt_q20,1392.55
13334300,q_lt_q20,
13335050,q_lt_q20,1439.45
13336500,q_lt_q20,1281.95
13337000,q_lt_q20,1275.4
13338500,q_lt_q20,1409.2
13338950,q_lt_q20,1387.55
13340000,q_lt_q20,
13340600,q_lt_q20,1300.35
13341050,q_lt_q20,1382.9
13341140,q_lt_q20,1401.8
13341570,q_lt_q20,1398.65
13342450,q_lt_q20,1380.6
13342500,q_lt_q20,1395.85
13344500,q_lt_q20,1455.85
13345000,q_lt_q20,1358.1
13346800,q_lt_q20,1419.9
13348000,q_lt_q20,1408.05
13351000,q_lt_q20,1435.55
13621955,q_lt_q20,1380.95
14013000,q_lt_q20,1387.15
14013700,q_lt_q20,1461.05
14015000,q_lt_q20,1462.65
14015350,q_lt_q20,1482.55
14018500,q_lt_q20,1451.05
14020000,q_lt_q20,1376.9
14020300,q_lt_q20,1373.25
14020850,q_lt_q20,1457.7
14033500,q_lt_q20,1460.6
14034470,q_lt_q20,1427.35
14034500,q_lt_q20,1422.35
14034608,q_lt_q20,1412.95
14038530,q_lt_q20,1414.9
14043840,q_lt_q20,1364.4
14044000,q_lt_q20,1451.35
14046000,q_lt_q20,1455.15
14046500,q_lt_q20,1457.15
14046778,q_lt_q20,1462.85
14048000,q_lt_q20,1435.9
14070615,q_lt_q20,1141.45
14070624,q_lt_q20,1141.45
14076500,q_lt_q20,1443.85
14087380,q_lt_q20,1409.8
14087400,q_lt_q20,1420.3
14091500,q_lt_q20,1380.8
14092500,q_lt_q20,1431.35
14092750,q_lt_q20,1223.25
14093000,q_lt_q20,1451.1
14096850,q_lt_q20,1414.3
14097100,q_lt_q20,1487.4
14103000,q_lt_q20,1415.7
14105700,q_lt_q20,
14107000,q_lt_q20,1272.3
14111400,q_lt_q20,1349.2
14113000,q_lt_q20,1404.1
14113200,q_lt_q20,1425.45
14120000,q_lt_q20,1413.05
14123500,q_lt_q20,1357.05
14137000,q_lt_q20,1254.75
14138720,q_lt_q20,1060.05
14138800,q_lt_q20,1160.95
14138850,q_lt_q20,1102.25
14138870,q_lt_q20,1099.3
14138900,q_lt_q20,1153.45
14139800,q_lt_q20,1114.9
14140000,q_lt_q20,1216.15
14141500,q_lt_q20,1262.45
14142500,q_lt_q20,1265.4
14142800,q_lt_q20,1424.4
14145500,q_lt_q20,1243.6
14148000,q_lt_q20,1228.85
14150000,q_lt_q20,1414.85
14150800,q_lt_q20,1300.15
14151000,q_lt_q20,1368.15
14152000,q_lt_q20,1417.1
14153500,q_lt_q20,1321.1
14154500,q_lt_q20,1310.55
14155500,q_lt_q20,1376.6
14157500,q_lt_q20,1430.4
14158500,q_lt_q20,1147.75
14158740,q_lt_q20,1171.7
14158790,q_lt_q20,1174
14158798,q_lt_q20,1128
14158850,q_lt_q20,1166.4
14159200,q_lt_q20,1099.1
14159500,q_lt_q20,1279.6
14161500,q_lt_q20,1153.45
14162050,q_lt_q20,1141.5
14162200,q_lt_q20,1193.3
14162500,q_lt_q20,1241.7
14163150,q_lt_q20,1323.6
14163900,q_lt_q20,1329.6
14164700,q_lt_q20,1425.6
14164900,q_lt_q20,1408.2
14165000,q_lt_q20,1386.5
14166000,q_lt_q20,1432.45
14166500,q_lt_q20,1371.1
14169000,q_lt_q20,1389.55
14170000,q_lt_q20,1448.15
14171000,q_lt_q20,1438.35
14171600,q_lt_q20,1466.05
14174000,q_lt_q20,1445.55
14178000,q_lt_q20,1174.15
14179000,q_lt_q20,1149.75
14180300,q_lt_q20,1168.65
14181500,q_lt_q20,1189.4
14182500,q_lt_q20,1323
14183000,q_lt_q20,1373.3
14184100,q_lt_q20,1457
14185000,q_lt_q20,1278.4
14185900,q_lt_q20,1174.5
14187000,q_lt_q20,1336.45
14187200,q_lt_q20,1381.45
14187500,q_lt_q20,1413.6
14187600,q_lt_q20,1437.5
14188610,q_lt_q20,1120.35
14188800,q_lt_q20,1387.9
14189000,q_lt_q20,1421.4
14190500,q_lt_q20,1434.1
14191000,q_lt_q20,1412.3
14194150,q_lt_q20,1417.15
14197900,q_lt_q20,1422.1
14198400,q_lt_q20,1135.2
14199704,q_lt_q20,1355.65
14201340,q_lt_q20,1448.6
14201500,q_lt_q20,1439.2
14202000,q_lt_q20,1425.85
14203500,q_lt_q20,1423.85
14206241,q_lt_q20,1437.55
14206900,q_lt_q20,1411.5
14206950,q_lt_q20,1432.4
14207500,q_lt_q20,1366.75
14208700,q_lt_q20,1147.7
14209000,q_lt_q20,1152.55
14209250,q_lt_q20,1106.9
14209500,q_lt_q20,1117.1
14210000,q_lt_q20,1387.45
14211010,q_lt_q20,1420.55
14211315,q_lt_q20,1344.15
14211400,q_lt_q20,1427.7
14211499,q_lt_q20,1400.75
14211500,q_lt_q20,1415.6
14211550,q_lt_q20,1404.55
14211720,q_lt_q20,
14211814,q_lt_q20,
14211820,q_lt_q20,1426.95
14216000,q_lt_q20,1210.5
14216500,q_lt_q20,1163.3
14219000,q_lt_q20,1239.85
14219800,q_lt_q20,1311.95
14220500,q_lt_q20,1305.8
14222500,q_lt_q20,1245.35
14226500,q_lt_q20,1317.65
14231000,q_lt_q20,1333.5
14231900,q_lt_q20,1218
14233500,q_lt_q20,1264.2
14236200,q_lt_q20,1241.65
14238000,q_lt_q20,1276
14240525,q_lt_q20,1254.9
14242580,q_lt_q20,1333.3
14243000,q_lt_q20,1445.2
14246900,q_lt_q20,
14299800,q_lt_q20,1279.45
14301000,q_lt_q20,1154.65
14301500,q_lt_q20,1166.8
14302480,q_lt_q20,1105.55
14303200,q_lt_q20,1119.45
14303600,q_lt_q20,1127.45
14305500,q_lt_q20,1195.75
14306340,q_lt_q20,1225.2
14306500,q_lt_q20,1154
14307620,q_lt_q20,1181.2
14308000,q_lt_q20,1350.1
14308500,q_lt_q20,1363.75
14308990,q_lt_q20,1355.7
14309000,q_lt_q20,1361.25
14309500,q_lt_q20,1337
14312000,q_lt_q20,1443
14313200,q_lt_q20,1156.1
14313600,q_lt_q20,1222.95
14313700,q_lt_q20,1097.9
14314400,q_lt_q20,1184.8
14314500,q_lt_q20,1236.55
14314700,q_lt_q20,1108.4
14315500,q_lt_q20,1295.65
14315700,q_lt_q20,1266.5
14315950,q_lt_q20,1253.25
14316455,q_lt_q20,1290.95
14316495,q_lt_q20,1271.9
14316500,q_lt_q20,1332.9
14316700,q_lt_q20,1302.65
14319500,q_lt_q20,1433.15
14320934,q_lt_q20,1341.8
14321000,q_lt_q20,1340.75
14325000,q_lt_q20,1359.65
14332000,q_lt_q20,1230.3
14335072,q_lt_q20,1425.1
14337500,q_lt_q20,1443.45
14337600,q_lt_q20,1388.05
14338000,q_lt_q20,1383.3
14339000,q_lt_q20,1454.35
14353000,q_lt_q20,1290.05
14353500,q_lt_q20,1333.55
14354200,q_lt_q20,1431.85
14357500,q_lt_q20,1476.65
14359000,q_lt_q20,1431.7
14361500,q_lt_q20,1441
14362000,q_lt_q20,1363.7
14362250,q_lt_q20,1344.1
14366000,q_lt_q20,1410.55
14369500,q_lt_q20,1364.7
14372300,q_lt_q20,1301.3
14375100,q_lt_q20,1347.05
14377100,q_lt_q20,1371.9
14400000,q_lt_q20,1309.3
15008000,q_lt_q20,1095.05
15024800,q_lt_q20,1056.15
15041200,q_lt_q20,1151.55
15052000,q_lt_q20,1151.7
15052500,q_lt_q20,
15055500,q_lt_q20,1281.3
15056210,q_lt_q20,1162.7
St101,q_lt_q20,1265.05
St104,q_lt_q20,1185.525
St105,q_lt_q20,1218.55
St107,q_lt_q20,1227.4
St11,q_lt_q20,1301.6
St117,q_lt_q20,1209.775
St119,q_lt_q20,1229.8
St120,q_lt_q20,1165.275
St121,q_lt_q20,1173.875
St126,q_lt_q20,1509.6
St127,q_lt_q20,1365.2
St130,q_lt_q20,1343.375
St131,q_lt_q20,1469.2
St133,q_lt_q20,1361.975
St134,q_lt_q20,1394.65
St135,q_lt_q20,1390.5
St136,q_lt_q20,1226
St138,q_lt_q20,1348.325
St139,q_lt_q20,1356.775
St14,q_lt_q20,1245.05
St140,q_lt_q20,1362.5
St141,q_lt_q20,1338.175
St142,q_lt_q20,1226.35
St148,q_lt_q20,1403.975
St149,q_lt_q20,1352.725
St150,q_lt_q20,1363.35
St151,q_lt_q20,1291.55
St152,q_lt_q20,1354.7
St154,q_lt_q20,1334.5
St155,q_lt_q20,1382.3
St156,q_lt_q20,1339.875
St157,q_lt_q20,1345.45
St158,q_lt_q20,1344.95
St159,q_lt_q20,1338.55
St160,q_lt_q20,1336.7
St161,q_lt_q20,1313.775
St162,q_lt_q20,1297.675
St163,q_lt_q20,1335.325
St164,q_lt_q20,1309.15
St165,q_lt_q20,1271.55
St166,q_lt_q20,1318.325
St167,q_lt_q20,1288.4
St168,q_lt_q20,1373.625
St169,q_lt_q20,1324.925
St17,q_lt_q20,1256.45
St170,q_lt_q20,1301.1
St171,q_lt_q20,1291.45
St172,q_lt_q20,1362.9
St173,q_lt_q20,1361.75
St175,q_lt_q20,1302.925
St176,q_lt_q20,1337.025
St177,q_lt_q20,1328.2
St178,q_lt_q20,1334.875
St179,q_lt_q20,1285.45
St18,q_lt_q20,1325.325
St181,q_lt_q20,1315.225
St182,q_lt_q20,1335.25
St19,q_lt_q20,1343.4875
St20,q_lt_q20,1251.4375
St209,q_lt_q20,1436.775
St210,q_lt_q20,1459.675
St211,q_lt_q20,1404.5
St212,q_lt_q20,1439.225
St213,q_lt_q20,1376.125
St214,q_lt_q20,1477.425
St215,q_lt_q20,1467.65
St217,q_lt_q20,1395.625
St218,q_lt_q20,1415.95
St219,q_lt_q20,1472.625
St22,q_lt_q20,1311.125
St220,q_lt_q20,1442
St221,q_lt_q20,1533.825
St224,q_lt_q20,1461.75
St225,q_lt_q20,1425.3
St227,q_lt_q20,1505.775
St228,q_lt_q20,1488.825
St229,q_lt_q20,1486.225
St230,q_lt_q20,1469.45
St231,q_lt_q20,1414.35
St232,q_lt_q20,1382.225
St233,q_lt_q20,1403.375
St234,q_lt_q20,1338.975
St235,q_lt_q20,1445.775
St236,q_lt_q20,1505.7
St237,q_lt_q20,1483.25
St239,q_lt_q20,1463.05
St240,q_lt_q20,1506.275
St241,q_lt_q20,1498.975
St242,q_lt_q20,1482.55
St244,q_lt_q20,1524.375
St245,q_lt_q20,1478.85
St246,q_lt_q20,1501.375
St247,q_lt_q20,1404.05
St248,q_lt_q20,1423.025
St249,q_lt_q20,1393.05
St25,q_lt_q20,1248.3875
St250,q_lt_q20,1464.2
St252,q_lt_q20,1474.825
St253,q_lt_q20,1454.65
St254,q_lt_q20,1446.675
St255,q_lt_q20,1430.6
St256,q_lt_q20,1451.3
St257,q_lt_q20,1460.425
St259,q_lt_q20,1455.15
St26,q_lt_q20,1211.4375
St260,q_lt_q20,1435.15
St261,q_lt_q20,1453.8
St262,q_lt_q20,1469.875
St265,q_lt_q20,1414.925
St266,q_lt_q20,1453.85
St267,q_lt_q20,1405.475
St268,q_lt_q20,1434.175
St27,q_lt_q20,1326.15
St270,q_lt_q20,1409.95
St271,q_lt_q20,1469.725
St273,q_lt_q20,1443.1
St274,q_lt_q20,1395.15
St276,q_lt_q20,1375.075
St277,q_lt_q20,1396.775
St279,q_lt_q20,1458.25
St280,q_lt_q20,1441.05
St281,q_lt_q20,1461.275
St282,q_lt_q20,1412.825
St283,q_lt_q20,1434.9
St284,q_lt_q20,1509.125
St286,q_lt_q20,1473.975
St287,q_lt_q20,1440.4
St288,q_lt_q20,1427.1
St289,q_lt_q20,1437.7
St290,q_lt_q20,1518.25
St292,q_lt_q20,1473.975
St293,q_lt_q20,1461.025
St295,q_lt_q20,1449.55
St296,q_lt_q20,1476.975
St297,q_lt_q20,1456.575
St298,q_lt_q20,1450.625
St3,q_lt_q20,1226.825
St301,q_lt_q20,1466.125
St304,q_lt_q20,1454.2
St305,q_lt_q20,1415.225
St306,q_lt_q20,1432.7
St308,q_lt_q20,1446.45
St309,q_lt_q20,1446.925
St312,q_lt_q20,1489.45
St313,q_lt_q20,1452.675
St314,q_lt_q20,1099.4
St315,q_lt_q20,862.65
St316,q_lt_q20,1382.5
St318,q_lt_q20,1350.075
St319,q_lt_q20,1284.9
St32,q_lt_q20,1332.575
St320,q_lt_q20,1288.225
St321,q_lt_q20,1262.925
St34,q_lt_q20,1296.525
St35,q_lt_q20,1322.65
St36,q_lt_q20,1101.525
St37,q_lt_q20,1315.6375
St38,q_lt_q20,1312.1375
St39,q_lt_q20,1311.075
St42,q_lt_q20,1293.55
St43,q_lt_q20,1333.725
St44,q_lt_q20,1340
St45,q_lt_q20,1312.9375
St46,q_lt_q20,1314.9875
St48,q_lt_q20,1315.675
St5,q_lt_q20,1298.55
St50,q_lt_q20,1236.25
St51,q_lt_q20,1150.225
St53,q_lt_q20,1208.65
St55,q_lt_q20,1231.4
St56,q_lt_q20,1138.8
St57,q_lt_q20,1189.9
St58,q_lt_q20,1232.525
St59,q_lt_q20,1194.325
St6,q_lt_q20,1356.5375
St60,q_lt_q20,1177.7
St61,q_lt_q20,1176.9
St62,q_lt_q20,1148.025
St63,q_lt_q20,1194.65
St64,q_lt_q20,1137.45
St65,q_lt_q20,1130.325
St66,q_lt_q20,1146.575
St67,q_lt_q20,1161.45
St68,q_lt_q20,1198.55
St7,q_lt_q20,1412.8
St70,q_lt_q20,1087.125
St72,q_lt_q20,1112.5
St73,q_lt_q20,1307.275
St75,q_lt_q20,995.425
St76,q_lt_q20,1047.45
St77,q_lt_q20,1106.2
St88,q_lt_q20,1277.225
St9,q_lt_q20,1323.575
St97,q_lt_q20,1233.45
St98,q_lt_q20,1233.85
St99,q_lt_q20,1293.575
St1,q_lt_q20,1213.95
St10,q_lt_q20,1340.9125
St12,q_lt_q20,1319.05
St2,q_lt_q20,1181.6375
St21,q_lt_q20,1311.3625
St23,q_lt_q20,1319.85
St24,q_lt_q20,1206.0125
St28,q_lt_q20,1286.0875
St29,q_lt_q20,1328.6
St30,q_lt_q20,1337.1625
St31,q_lt_q20,1319.3125
St33,q_lt_q20,1343.8125
St4,q_lt_q20,1325.625
St40,q_lt_q20,1270.0625
St41,q_lt_q20,1321.5625
St47,q_lt_q20,1305.3
St49,q_lt_q20,1276.5
3107500,q_lt_q20,1429.35
3108000,q_lt_q20,1449.4
3109500,q_lt_q20,1450.25
3110000,q_lt_q20,1431.55
3110830,q_lt_q20,1458.8
3111500,q_lt_q20,1458.1
3111548,q_lt_q20,1461.75
3112000,q_lt_q20,1453.15
3113990,q_lt_q20,1450.1
3114306,q_lt_q20,
3114500,q_lt_q20,1469.4
3115400,q_lt_q20,1469.6
3115644,q_lt_q20,1480.6
3115712,q_lt_q20,1456.75
3115786,q_lt_q20,1479.25
3115917,q_lt_q20,1486.05
3116077,q_lt_q20,1481.2
3117000,q_lt_q20,1480.45
3117500,q_lt_q20,1457.85
3118000,q_lt_q20,1483.8
3118500,q_lt_q20,1474.4
3121500,q_lt_q20,1471.95
3124500,q_lt_q20,1493.7
3125900,q_lt_q20,1488.5
3126910,q_lt_q20,1473.35
3129000,q_lt_q20,1457.95
3129197,q_lt_q20,1487.3
3136500,q_lt_q20,1489.85
3139000,q_lt_q20,1451.65
3140000,q_lt_q20,1466.9
3140500,q_lt_q20,1479
3141870,q_lt_q20,1477.1
3142000,q_lt_q20,1468.75
3144000,q_lt_q20,1484.5
3144500,q_lt_q20,1471.8
3144816,q_lt_q20,1513.15
3145000,q_lt_q20,1508.5
3145173,q_lt_q20,1487.65
3145483,q_lt_q20,1496.85
3145534,q_lt_q20,1505.55
3146402,q_lt_q20,1478.95
3146500,q_lt_q20,1485.35
3149500,q_lt_q20,1497
3150000,q_lt_q20,1462.65
3150500,q_lt_q20,1489.2
3151400,q_lt_q20,1458.15
3154000,q_lt_q20,1464.7
3155000,q_lt_q20,1471.15
3155220,q_lt_q20,1463.5
3157000,q_lt_q20,1457.4
3157500,q_lt_q20,1508
3159500,q_lt_q20,1475.95
3159540,q_lt_q20,1482.35
3164000,q_lt_q20,1413.7
3165000,q_lt_q20,1425.25
3165500,q_lt_q20,1437.5
3167000,q_lt_q20,1447.35
3168000,q_lt_q20,1425.4
3170000,q_lt_q20,1450.85
3171000,q_lt_q20,1447.4
3173000,q_lt_q20,1432.2
3175500,q_lt_q20,1427.95
3176500,q_lt_q20,1428.35
3177120,q_lt_q20,1413.25
3177710,q_lt_q20,1437.55
3179000,q_lt_q20,1404.85
3180500,q_lt_q20,1361.95
3182500,q_lt_q20,1428.5
3183500,q_lt_q20,1444.05
3184000,q_lt_q20,1423.25
3185000,q_lt_q20,1424.25
3185400,q_lt_q20,1414
3186500,q_lt_q20,1382.2
3187500,q_lt_q20,1387.6
3188900,q_lt_q20,1404.15
3189100,q_lt_q20,1421.3
3191500,q_lt_q20,1455.55
3192000,q_lt_q20,1426.9
3193000,q_lt_q20,1425.7
3194700,q_lt_q20,1420
3197000,q_lt_q20,1443.3
3197950,q_lt_q20,1427.25
3198350,q_lt_q20,1435.35
3198500,q_lt_q20,1425.55
3200500,q_lt_q20,1475.85
3201000,q_lt_q20,1459.55
3201405,q_lt_q20,1465.2
3202000,q_lt_q20,1474.5
3202400,q_lt_q20,1408.75
3202750,q_lt_q20,1439.45
3203600,q_lt_q20,1376.55
3205470,q_lt_q20,1482.6
3206600,q_lt_q20,1422.85
3207800,q_lt_q20,1384.45
3207965,q_lt_q20,1427.5
3208500,q_lt_q20,1418.8
3208950,q_lt_q20,1410
3209000,q_lt_q20,1414.1
3209500,q_lt_q20,1406.6
3210000,q_lt_q20,1436.95
3212500,q_lt_q20,1434.6
3212750,q_lt_q20,1416.5
3212980,q_lt_q20,1402.25
3213500,q_lt_q20,1424.3
3213700,q_lt_q20,1424.4
3214500,q_lt_q20,1433.95
3215410,q_lt_q20,1448.8
3216070,q_lt_q20,
3216500,q_lt_q20,1470.85
3216777,q_lt_q20,1453.65
3217000,q_lt_q20,1475.95
3217424,q_lt_q20,1488.2
3217500,q_lt_q20,1505.55
3219500,q_lt_q20,1501.2
3219781,q_lt_q20,1496.7
3220000,q_lt_q20,1488.4
3221000,q_lt_q20,1476.05
3221646,q_lt_q20,1464.95
3223425,q_lt_q20,1492.15
3225500,q_lt_q20,1481.9
3226800,q_lt_q20,1490.85
3227107,q_lt_q20,1468.15
3227500,q_lt_q20,1507.95
3228300,q_lt_q20,1529.05
3228500,q_lt_q20,1493.65
3228689,q_lt_q20,1510.75
3228750,q_lt_q20,1483.4
3228805,q_lt_q20,1500.3
3229500,q_lt_q20,1521.15
3229610,q_lt_q20,1509.35
3229796,q_lt_q20,1531.75
3230310,q_lt_q20,1497.75
3230450,q_lt_q20,1515.05
3230500,q_lt_q20,1515.25
3230800,q_lt_q20,1499.95
3231500,q_lt_q20,1508.2
3232000,q_lt_q20,1508.3
3232500,q_lt_q20,1497.45
3234000,q_lt_q20,1480.1
3234300,q_lt_q20,1498.95
3234500,q_lt_q20,1461.5
3237020,q_lt_q20,1488.9
3237280,q_lt_q20,1460.35
3237500,q_lt_q20,1456.45
3238140,q_lt_q20,1475.5
3238495,q_lt_q20,1496.95
3238745,q_lt_q20,1482.7
3238772,q_lt_q20,1468.6
3238785,q_lt_q20,1477.2
3240000,q_lt_q20,1501.55
3241500,q_lt_q20,1489.65
3244936,q_lt_q20,1508
3245500,q_lt_q20,1472.35
3246500,q_lt_q20,1503
3247500,q_lt_q20,1480.05
3248300,q_lt_q20,1447.6
3249500,q_lt_q20,1442.15
3250100,q_lt_q20,1459.95
3250190,q_lt_q20,1493.3
3250322,q_lt_q20,1448.4
3250500,q_lt_q20,1472.6
3251200,q_lt_q20,1488.05
3251500,q_lt_q20,1480.6
3251900,q_lt_q20,1487
3252300,q_lt_q20,1484.3
3253000,q_lt_q20,1495.6
3253500,q_lt_q20,1496.1
3254520,q_lt_q20,1464.5
3254550,q_lt_q20,1463.95
3255349,q_lt_q20,1478.6
3255420,q_lt_q20,1465.75
3259000,q_lt_q20,1480.85
3260015,q_lt_q20,1458.1
3260050,q_lt_q20,1439.35
3260100,q_lt_q20,1501.1
3260706,q_lt_q20,1488.9
3261500,q_lt_q20,1477.1
3261950,q_lt_q20,1467.15
3262000,q_lt_q20,1462.75
3262001,q_lt_q20,1459.4
3262500,q_lt_q20,1488.3
3262700,q_lt_q20,1506.65
3263000,q_lt_q20,1469.05
3264000,q_lt_q20,1476.85
3265000,q_lt_q20,1495.95
3266560,q_lt_q20,1501.2
3267000,q_lt_q20,1476.85
3267900,q_lt_q20,1503.4
3269500,q_lt_q20,1492.9
3270000,q_lt_q20,1478.9
3270500,q_lt_q20,1469.45
3271000,q_lt_q20,1474.8
3271300,q_lt_q20,1489
3271620,q_lt_q20,1482.1
3272000,q_lt_q20,1498.7
3272100,q_lt_q20,1481
3272700,q_lt_q20,1464.65
3274000,q_lt_q20,1474.1
3274650,q_lt_q20,1492.9
3275000,q_lt_q20,1472.4
3275500,q_lt_q20,1478.25
3275600,q_lt_q20,1477.25
3276500,q_lt_q20,1478.35
3277075,q_lt_q20,1493
3277130,q_lt_q20,1478.65
3277200,q_lt_q20,
3277300,q_lt_q20,1419.6
3277500,q_lt_q20,1441.35
3280700,q_lt_q20,1424.05
3280902,q_lt_q20,1427.5
3281000,q_lt_q20,1466.05
3281100,q_lt_q20,1420.5
3281500,q_lt_q20,1473.2
3282000,q_lt_q20,1435.2
3282040,q_lt_q20,1447.25
3282060,q_lt_q20,1438
3282120,q_lt_q20,1465.75
3282290,q_lt_q20,1454.2
3282500,q_lt_q20,1492.45
3283500,q_lt_q20,1483.25
3284000,q_lt_q20,1444.95
3284230,q_lt_q20,1441.65
3284525,q_lt_q20,1479.7
3284533,q_lt_q20,1471.8
3284552,q_lt_q20,1490.3
3285000,q_lt_q20,1487.8
3286200,q_lt_q20,1472.4
3287000,q_lt_q20,1424.65
3287250,q_lt_q20,1430.3
3287500,q_lt_q20,1457.2
3287590,q_lt_q20,1478.05
3287600,q_lt_q20,1484.8
3288100,q_lt_q20,1464.45
3288110,q_lt_q20,1464.1
3288180,q_lt_q20,1454.8
3288190,q_lt_q20,1482.85
3289000,q_lt_q20,1497.05
3289193,q_lt_q20,1466.05
3289200,q_lt_q20,1487.25
3289300,q_lt_q20,1484.35
3289500,q_lt_q20,1488.8
3290080,q_lt_q20,1478.5
3290500,q_lt_q20,
3291000,q_lt_q20,1501.7
3291500,q_lt_q20,1468.8
3291780,q_lt_q20,1471.65
3292470,q_lt_q20,1491.7
3292474,q_lt_q20,1489.7
3292475,q_lt_q20,1487.55
3292480,q_lt_q20,1496.75
3292500,q_lt_q20,1460.2
3292550,q_lt_q20,1487.55
3293000,q_lt_q20,1502.9
3293510,q_lt_q20,1479.6
3294000,q_lt_q20,1516.85
3294500,q_lt_q20,1468.65
3294550,q_lt_q20,1488.55
3294570,q_lt_q20,1501.4
3295400,q_lt_q20,1485
3295890,q_lt_q20,1498.75
3297800,q_lt_q20,1499.7
3297900,q_lt_q20,1499.6
3298000,q_lt_q20,1482.35
3298135,q_lt_q20,1463.85
3298150,q_lt_q20,1493.9
3298200,q_lt_q20,1488
3298250,q_lt_q20,1499.75
3298300,q_lt_q20,1491.2
3298500,q_lt_q20,1517.3
3298550,q_lt_q20,1488.35
3300400,q_lt_q20,1492.2
3301500,q_lt_q20,1497.9
3301900,q_lt_q20,1470.2
3301940,q_lt_q20,1511.15
3302000,q_lt_q20,1499.55
3302030,q_lt_q20,1503.1
3302050,q_lt_q20,1479.8
3302220,q_lt_q20,1504.45
3302680,q_lt_q20,1483.05
3302800,q_lt_q20,1509.8
3303000,q_lt_q20,1484.95
3303280,q_lt_q20,
3303300,q_lt_q20,1514.1
3305000,q_lt_q20,1499.6
3307000,q_lt_q20,1487.55
3308500,q_lt_q20,1494.55
3310000,q_lt_q20,1501
3310300,q_lt_q20,1502
3310400,q_lt_q20,1502.3
3313700,q_lt_q20,1492.7
3314000,q_lt_q20,1497.8
3314500,q_lt_q20,1463.15
3316500,q_lt_q20,1474.9
3318800,q_lt_q20,1495.3
3320000,q_lt_q20,1513.65
3320500,q_lt_q20,1480.85
3321350,q_lt_q20,1502.3
3321500,q_lt_q20,1486.85
3322485,q_lt_q20,1478.05
3322900,q_lt_q20,1492.85
3323000,q_lt_q20,1492
3324000,q_lt_q20,1483.5
3324300,q_lt_q20,1492.9
3325000,q_lt_q20,1467.25
3325519,q_lt_q20,1496.15
3326500,q_lt_q20,1479.1
3327500,q_lt_q20,1459
3328000,q_lt_q20,1490.5
3328500,q_lt_q20,1480.2
3329000,q_lt_q20,1457.7
3329700,q_lt_q20,1475.35
3330241,q_lt_q20,1500.1
3330500,q_lt_q20,1502.5
3331500,q_lt_q20,1476.25
3331753,q_lt_q20,1480
3332345,q_lt_q20,1472.65
3332349,q_lt_q20,1482.7
3332555,q_lt_q20,1468.3
3332605,q_lt_q20,1471.65
3333050,q_lt_q20,1469.55
3333450,q_lt_q20,1489.55
3334000,q_lt_q20,1480.95
3334500,q_lt_q20,1472.3
3335000,q_lt_q20,1463.45
3335500,q_lt_q20,1463.8
3335960,q_lt_q20,1494.95
3336000,q_lt_q20,1457.75
3336645,q_lt_q20,1471
3336890,q_lt_q20,1449
3336900,q_lt_q20,1442.8
3337000,q_lt_q20,1471.3
3337100,q_lt_q20,1453.9
3339000,q_lt_q20,1486.75
3339280,q_lt_q20,1502.5
3339305,q_lt_q20,1505.6
3339500,q_lt_q20,1492.3
3340500,q_lt_q20,1488.25
3340800,q_lt_q20,1486.7
3341300,q_lt_q20,1491.3
3341500,q_lt_q20,1467.9
3342000,q_lt_q20,1486.45
3342500,q_lt_q20,1510.05
3343010,q_lt_q20,1486.6
3343400,q_lt_q20,1497.45
3345500,q_lt_q20,1507.45
3346000,q_lt_q20,1516.9
3346500,q_lt_q20,1511.95
3347000,q_lt_q20,1497.5
3348000,q_lt_q20,1466.15
3348130,q_lt_q20,1491.55
3348350,q_lt_q20,1505.8
3349000,q_lt_q20,1471.3
3349210,q_lt_q20,1515.95
3349510,q_lt_q20,1513.1
3350500,q_lt_q20,1484.2
3350655,q_lt_q20,1525.4
3350660,q_lt_q20,1503.05
3350700,q_lt_q20,1461.55
3351000,q_lt_q20,1460.55
3351072,q_lt_q20,1474.15
3351310,q_lt_q20,1492
3351350,q_lt_q20,1469.8
3351500,q_lt_q20,1491.35
3351710,q_lt_q20,1474.35
3352500,q_lt_q20,1481.8
3352953,q_lt_q20,1463.4
3352988,q_lt_q20,1464.85
3353000,q_lt_q20,1472.8
3353120,q_lt_q20,1487.65
3353200,q_lt_q20,1495.2
3353415,q_lt_q20,1504.55
3353420,q_lt_q20,1510.45
3353451,q_lt_q20,1486.75
3353460,q_lt_q20,1481.95
3353500,q_lt_q20,1488.1
3353600,q_lt_q20,1501.2
3353611,q_lt_q20,1500.55
3353620,q_lt_q20,1508.55
3353800,q_lt_q20,1487.6
3353910,q_lt_q20,1495.75
3354000,q_lt_q20,1484.5
3357000,q_lt_q20,1485.6
3357330,q_lt_q20,1493.8
3357350,q_lt_q20,1508.5
3358000,q_lt_q20,1500.6
3360000,q_lt_q20,1502
3360500,q_lt_q20,1503.45
3360600,q_lt_q20,1509.2
3361500,q_lt_q20,1480.5
3361650,q_lt_q20,1487.2
3361850,q_lt_q20,1495.2
3361872,q_lt_q20,1492
3362000,q_lt_q20,1503.6
3362500,q_lt_q20,1498.4
3363000,q_lt_q20,1488.75
3363500,q_lt_q20,1473.7
3363900,q_lt_q20,1500.5
3364000,q_lt_q20,1496.55
3364042,q_lt_q20,1493.25
3364200,q_lt_q20,1506.95
3364500,q_lt_q20,1502.75
3364650,q_lt_q20,1510.1
3365500,q_lt_q20,1499.15
3366500,q_lt_q20,1516.1
3368000,q_lt_q20,1501.6
3369500,q_lt_q20,1506.35
3371500,q_lt_q20,1494.85
3371600,q_lt_q20,1497.1
3371650,q_lt_q20,1492.6
3373500,q_lt_q20,1494.2
3373508,q_lt_q20,1482.05
3373560,q_lt_q20,1506.55
3373610,q_lt_q20,1499.3
3374000,q_lt_q20,1506.25
3374100,q_lt_q20,1490.9
3375500,q_lt_q20,1496.95
3376300,q_lt_q20,1516.2
3376500,q_lt_q20,1502.45
3377500,q_lt_q20,
3378000,q_lt_q20,1526.05
3378500,q_lt_q20,1494.1
3378550,q_lt_q20,1512.5
3378635,q_lt_q20,1502.5
3379500,q_lt_q20,1509.6
3380500,q_lt_q20,1513.85
3381500,q_lt_q20,1513.8
3381700,q_lt_q20,
3382100,q_lt_q20,1484.1
3383000,q_lt_q20,1484.8
3384100,q_lt_q20,1490.7
3384450,q_lt_q20,1487.6
3399800,q_lt_q20,
3400500,q_lt_q20,1429.9
3400785,q_lt_q20,1417.15
3400800,q_lt_q20,1433.95
3400986,q_lt_q20,1406.2
3401000,q_lt_q20,1406.15
3402900,q_lt_q20,1397.9
3403910,q_lt_q20,1474.2
3404000,q_lt_q20,1458.35
3404500,q_lt_q20,1443.6
3404900,q_lt_q20,1485.45
3406500,q_lt_q20,1441.9
3407500,q_lt_q20,1492.05
3408500,q_lt_q20,1452.05
3409500,q_lt_q20,1444.5
3410210,q_lt_q20,1435.95
3410500,q_lt_q20,1401.8
3413200,q_lt_q20,1456.4
3414078,q_lt_q20,1444.05
3414100,q_lt_q20,1455.25
3414170,q_lt_q20,1489.2
3415000,q_lt_q20,1474.35
3418224,q_lt_q20,1460.75
3419530,q_lt_q20,1489.95
3421000,q_lt_q20,1482.75
3424730,q_lt_q20,1491.55
3424860,q_lt_q20,1492.15
3425290,q_lt_q20,1487.15
3425520,q_lt_q20,1503.35
3425622,q_lt_q20,1497.1
3426470,q_lt_q20,1498.65
3427500,q_lt_q20,1509.05
3428200,q_lt_q20,1497.25
3429498,q_lt_q20,1483.65
3430200,q_lt_q20,1486.9
3431060,q_lt_q20,1488.5
3431300,q_lt_q20,1487.75
3431500,q_lt_q20,1492.15
3431599,q_lt_q20,1496.6
3431700,q_lt_q20,1466.85
3432350,q_lt_q20,1467.95
3432400,q_lt_q20,1510.6
3433500,q_lt_q20,1507.75
3434500,q_lt_q20,1483.6
3436100,q_lt_q20,1492.55
3436690,q_lt_q20,1464.95
3437480,q_lt_q20,1501.05
3437495,q_lt_q20,1498.4
3455000,q_lt_q20,1457.25
3461500,q_lt_q20,1441.5
3465500,q_lt_q20,1457.9
3466208,q_lt_q20,1477.5
3467609,q_lt_q20,1482.2
3469251,q_lt_q20,1403.6
3471500,q_lt_q20,1453.15
3473000,q_lt_q20,1465.05
3474000,q_lt_q20,1468.35
3475000,q_lt_q20,1465.5
3478400,q_lt_q20,1449.35
3488000,q_lt_q20,1437.2
3490000,q_lt_q20,1457.85
3491000,q_lt_q20,1464.9
3491544,q_lt_q20,1453.85
3495005,q_lt_q20,1488.55
3497300,q_lt_q20,1440.55
3498500,q_lt_q20,1495.2
3498850,q_lt_q20,1497.5
3518500,q_lt_q20,1458.95
3524000,q_lt_q20,1411.55
3527000,q_lt_q20,1446.35
3528000,q_lt_q20,1453.8
3529500,q_lt_q20,1410.4
3531500,q_lt_q20,1455.45
3532000,q_lt_q20,1462.45
3535000,q_lt_q20,1471.6
3535200,q_lt_q20,1502.85
3535400,q_lt_q20,1475.7
3535618,q_lt_q20,1478.1
3538830,q_lt_q20,1430.95
3538970,q_lt_q20,1496.3
3539600,q_lt_q20,1449.65
3539778,q_lt_q20,1441.75
3539800,q_lt_q20,1422.05
3540500,q_lt_q20,1436.2
3544970,q_lt_q20,1425.3
3550500,q_lt_q20,1454.3
3558000,q_lt_q20,1401.45
3565500,q_lt_q20,1491.9
3566535,q_lt_q20,1485.2
3566700,q_lt_q20,1471.4
3567340,q_lt_q20,1519.8
3567500,q_lt_q20,1490.85
3568400,q_lt_q20,1483.65
3568933,q_lt_q20,1471.25
3569190,q_lt_q20,1478.45
3571000,q_lt_q20,1495.8
3572690,q_lt_q20,1538.7
3574100,q_lt_q20,1465.4
3574500,q_lt_q20,1516.75
3575100,q_lt_q20,1500.8
3576250,q_lt_q20,1541.1
3576500,q_lt_q20,1521.5
3577225,q_lt_q20,1518.85
3578000,q_lt_q20,1511.8
3578500,q_lt_q20,1505.1
3582000,q_lt_q20,1494.9
3584045,q_lt_q20,1515.5
3584600,q_lt_q20,1528.05
3586500,q_lt_q20,1543.1
3588500,q_lt_q20,1524.85
3590000,q_lt_q20,1530.05
3593800,q_lt_q20,1499.45
3596000,q_lt_q20,1499
3597860,q_lt_q20,1500.05
3598000,q_lt_q20,1510.3
1010000,q_lt_q20,1288.45
1010070,q_lt_q20,1262.8
1010500,q_lt_q20,
1011000,q_lt_q20,1231.8
1013500,q_lt_q20,1226.8
1014000,q_lt_q20,
1015800,q_lt_q20,1329.7
1017000,q_lt_q20,1333.75
1017290,q_lt_q20,1319.25
1017550,q_lt_q20,1334.65
1017960,q_lt_q20,1347.35
1018009,q_lt_q20,1348.25
1018035,q_lt_q20,1345.7
1018500,q_lt_q20,1353.05
1019000,q_lt_q20,1351.25
1021000,q_lt_q20,1395.1
1021470,q_lt_q20,1343.2
1021480,q_lt_q20,1358.05
1022500,q_lt_q20,1410.05
1027200,q_lt_q20,1262.4
1027240,q_lt_q20,1276.35
1029200,q_lt_q20,1284.45
1029500,q_lt_q20,1360.45
1030350,q_lt_q20,1346.25
1030500,q_lt_q20,1336.65
1031300,q_lt_q20,1338.45
1031450,q_lt_q20,1370.35
1031500,q_lt_q20,1340.9
1031510,q_lt_q20,1335.8
1034000,q_lt_q20,1322.2
1034500,q_lt_q20,
1037000,q_lt_q20,1404.8
1037380,q_lt_q20,1354.8
1042500,q_lt_q20,1288.7
1043500,q_lt_q20,1238.45
1044550,q_lt_q20,1282.3
1046000,q_lt_q20,1370.2
1046500,q_lt_q20,1335.55
1047000,q_lt_q20,1351.05
1047150,q_lt_q20,1379.2
1047200,q_lt_q20,1279
1048000,q_lt_q20,1315.2
1048220,q_lt_q20,1336.75
1052500,q_lt_q20,1169.35
1053500,q_lt_q20,1286.65
1053600,q_lt_q20,1322.6
1054000,q_lt_q20,1293.8
1054114,q_lt_q20,1293.8
1054200,q_lt_q20,1293.2
1054300,q_lt_q20,1325.8
1054500,q_lt_q20,
1055000,q_lt_q20,1327.6
1055500,q_lt_q20,1394.95
1057000,q_lt_q20,1321.2
1059000,q_lt_q20,1376.4
1063310,q_lt_q20,1378.75
1064500,q_lt_q20,1352.45
1064801,q_lt_q20,1336.45
1066000,q_lt_q20,1408.85
1067950,q_lt_q20,1418.5
1068910,q_lt_q20,1418.8
1069500,q_lt_q20,1372.5
1073319,q_lt_q20,1425.6
1074520,q_lt_q20,1325.7
1075000,q_lt_q20,1307.95
1076000,q_lt_q20,1345.6
1076500,q_lt_q20,1391.05
1077400,q_lt_q20,1361.7
1078000,q_lt_q20,1362
1081000,q_lt_q20,1419.8
1081500,q_lt_q20,1405.4
1082000,q_lt_q20,1392.5
1085000,q_lt_q20,1367.25
1085500,q_lt_q20,1381.4
1086000,q_lt_q20,1407.65
1087000,q_lt_q20,1367.35
1089500,q_lt_q20,1402.8
1089925,q_lt_q20,1401.8
1091000,q_lt_q20,1396.8
1091500,q_lt_q20,1427.45
1092000,q_lt_q20,
1093852,q_lt_q20,1426.6
1094000,q_lt_q20,1430.55
1094400,q_lt_q20,1408.1
1094500,q_lt_q20,1437.55
1095220,q_lt_q20,1412.45
1095375,q_lt_q20,1389.45
1095434,q_lt_q20,1405.35
1095503,q_lt_q20,1404.75
1096000,q_lt_q20,1405.95
1096500,q_lt_q20,1439.05
1097000,q_lt_q20,1420.4
1097300,q_lt_q20,1416.25
1098500,q_lt_q20,1432.7
1098530,q_lt_q20,1435.5
1099500,q_lt_q20,1257.55
1100000,q_lt_q20,1396.35
1100505,q_lt_q20,1427.55
1100561,q_lt_q20,1450.35
1100600,q_lt_q20,1439.05
1100627,q_lt_q20,1402.45
1101000,q_lt_q20,1382.6
1101500,q_lt_q20,1395.9
1102000,q_lt_q20,1381.8
1102345,q_lt_q20,1422.15
1102500,q_lt_q20,1431.4
1103025,q_lt_q20,1434.7
1103280,q_lt_q20,1421.5
1103500,q_lt_q20,1384.35
1104000,q_lt_q20,1469.6
1104200,q_lt_q20,1400.9
1104370,q_lt_q20,1403.6
1104415,q_lt_q20,1412.7
1104420,q_lt_q20,1438
1104430,q_lt_q20,1438
1104455,q_lt_q20,1443.85
1104460,q_lt_q20,1411.75
1104475,q_lt_q20,1415.9
1104480,q_lt_q20,1385.9
1104500,q_lt_q20,1418.3
1105000,q_lt_q20,1442.05
1105500,q_lt_q20,1435.9
1105554,q_lt_q20,1416.6
1105583,q_lt_q20,1438.85
1105585,q_lt_q20,1449.05
1105600,q_lt_q20,1451.95
1105606,q_lt_q20,1439.25
1105608,q_lt_q20,1446.7
1105730,q_lt_q20,1414.2
1105870,q_lt_q20,1416.6
1105917,q_lt_q20,1420.7
1108000,q_lt_q20,1443.6
1108410,q_lt_q20,1315.65
1109000,q_lt_q20,1421.2
1109060,q_lt_q20,1416
1109070,q_lt_q20,1391.1
1109403,q_lt_q20,1393
1109730,q_lt_q20,1421.7
1110000,q_lt_q20,1439.5
1111212,q_lt_q20,1421.7
1111300,q_lt_q20,1408.05
1111500,q_lt_q20,1426.15
1112500,q_lt_q20,1439.45
1113895,q_lt_q20,1328.25
1114000,q_lt_q20,1337.4
1114500,q_lt_q20,1446.7
1115098,q_lt_q20,1400.7
1115110,q_lt_q20,1406.25
1115114,q_lt_q20,1406
1115170,q_lt_q20,1424.25
1115183,q_lt_q20,1383.7
1115185,q_lt_q20,1408
1115187,q_lt_q20,1404.95
1115190,q_lt_q20,1408.85
1115265,q_lt_q20,1402.25
1115276,q_lt_q20,1414.1
1115278,q_lt_q20,1376.45
1115280,q_lt_q20,1408.9
1115500,q_lt_q20,1434.8
1115630,q_lt_q20,1403
1116000,q_lt_q20,1439.9
1116500,q_lt_q20,1436.9
1116905,q_lt_q20,1419.15
1117000,q_lt_q20,1392.6
1117420,q_lt_q20,1419.9
1117430,q_lt_q20,1399.85
1117468,q_lt_q20,1416.85
1117500,q_lt_q20,1426.25
1117800,q_lt_q20,1419.2
1118000,q_lt_q20,1435.95
1118300,q_lt_q20,1411.8
1118500,q_lt_q20,1434.4
1119382,q_lt_q20,1405.4
1119500,q_lt_q20,1419.85
1120790,q_lt_q20,1348.5
1121000,q_lt_q20,1422.7
1121330,q_lt_q20,1402.35
1122000,q_lt_q20,1437.9
1122500,q_lt_q20,1427.85
1123000,q_lt_q20,1403.45
1123360,q_lt_q20,1386.35
1123600,q_lt_q20,1415.5
1124000,q_lt_q20,1422.65
1124151,q_lt_q20,1393.1
1125100,q_lt_q20,1412.6
1125490,q_lt_q20,1412.9
1125500,q_lt_q20,1428.4
1127000,q_lt_q20,1421.4
1129200,q_lt_q20,1290.3
1129500,q_lt_q20,1311.7
1130000,q_lt_q20,1310.65
1131500,q_lt_q20,1312.7
1133000,q_lt_q20,1289.4
1134500,q_lt_q20,1302.4
1135150,q_lt_q20,1289.7
1135300,q_lt_q20,1373.45
1135500,q_lt_q20,1364.55
1137500,q_lt_q20,1314.05
1138500,q_lt_q20,1399.65
1139000,q_lt_q20,1375.65
1139800,q_lt_q20,1274.5
1141500,q_lt_q20,1380.65
1142500,q_lt_q20,1381.75
1144000,q_lt_q20,1318.85
1144500,q_lt_q20,1336.95
1150900,q_lt_q20,1249.15
1151500,q_lt_q20,1365.8
1152010,q_lt_q20,1337.1
1152500,q_lt_q20,1371.25
1153000,q_lt_q20,1396.5
1153550,q_lt_q20,1374.95
1154500,q_lt_q20,
1154950,q_lt_q20,1375.7
1155500,q_lt_q20,1329.15
1157000,q_lt_q20,1339.2
1158000,q_lt_q20,1370.9
1158110,q_lt_q20,1419.1
1160350,q_lt_q20,1414.4
1161000,q_lt_q20,1406.1
1161280,q_lt_q20,1413.1
1162000,q_lt_q20,1379.65
1162500,q_lt_q20,1341.4
1163200,q_lt_q20,1390.95
1166500,q_lt_q20,1324.75
1168250,q_lt_q20,1281.8
1168500,q_lt_q20,1398.95
1169000,q_lt_q20,1346.05
1169900,q_lt_q20,1376.95
1170000,q_lt_q20,1374.4
1170100,q_lt_q20,1371.8
1170500,q_lt_q20,1406.3
1171000,q_lt_q20,1349.2
1171100,q_lt_q20,1420.3
1171500,q_lt_q20,1424.5
1172010,q_lt_q20,1415.1
1172500,q_lt_q20,1377.55
1173000,q_lt_q20,1373.2
1173500,q_lt_q20,1364.35
1174500,q_lt_q20,1353.4
1174565,q_lt_q20,1340.35
1175500,q_lt_q20,1374.85
1175670,q_lt_q20,1411
1176000,q_lt_q20,1343.9
1177000,q_lt_q20,1420.8
1179500,q_lt_q20,1372
1181000,q_lt_q20,1403.1
1183500,q_lt_q20,1398.85
1184000,q_lt_q20,
1184100,q_lt_q20,1438.5
1184490,q_lt_q20,1413.4
1185500,q_lt_q20,1349.8
1186000,q_lt_q20,1377.8
1186500,q_lt_q20,1392.6
1187300,q_lt_q20,1390.55
1188000,q_lt_q20,1418.85
1188090,q_lt_q20,1443.55
1189000,q_lt_q20,1443.2
1189995,q_lt_q20,1400.25
1191000,q_lt_q20,1426.35
1192500,q_lt_q20,1430.55
1192883,q_lt_q20,1460.9
1193500,q_lt_q20,1401.05
1194000,q_lt_q20,1429.65
1194500,q_lt_q20,1429.4
1195100,q_lt_q20,1441.7
1195490,q_lt_q20,1460.2
1196210,q_lt_q20,1453.65
1196500,q_lt_q20,1464.35
1196561,q_lt_q20,1471.5
1196620,q_lt_q20,1454.2
1197000,q_lt_q20,1436.45
1197500,q_lt_q20,1404.6
1198000,q_lt_q20,1446.4
1198125,q_lt_q20,1454
1199000,q_lt_q20,1416.6
1199050,q_lt_q20,1400.5
1200000,q_lt_q20,1431.5
1200500,q_lt_q20,1411.7
1201487,q_lt_q20,1445.15
1202501,q_lt_q20,1376.3
1203510,q_lt_q20,1442.35
1203600,q_lt_q20,1427.3
1203805,q_lt_q20,1437.5
1204000,q_lt_q20,1459.7
1205500,q_lt_q20,1412.25
1206900,q_lt_q20,1406.95
1208171,q_lt_q20,1434.7
1208500,q_lt_q20,1429.3
1208873,q_lt_q20,1440.05
1208925,q_lt_q20,1447.05
1208950,q_lt_q20,1435.3
1209005,q_lt_q20,1430.45
1209105,q_lt_q20,1450.05
1209500,q_lt_q20,1448
1209700,q_lt_q20,1457.2
1209761,q_lt_q20,1448
1212500,q_lt_q20,1455.65
1304500,q_lt_q20,1431.4
1312000,q_lt_q20,1312.35
1315000,q_lt_q20,1316.85
1315500,q_lt_q20,1337.2
1318500,q_lt_q20,1407.05
1321000,q_lt_q20,1315.9
1325000,q_lt_q20,1366.95
1327500,q_lt_q20,1423.45
1327750,q_lt_q20,1403.85
1329490,q_lt_q20,1428.5
1330000,q_lt_q20,1439.75
1331500,q_lt_q20,1377.7
1332500,q_lt_q20,1398.6
1333000,q_lt_q20,1436.85
1334000,q_lt_q20,1425.85
1334500,q_lt_q20,1416.35
1335754,q_lt_q20,
1336000,q_lt_q20,1392.35
1338000,q_lt_q20,1400.95
1339060,q_lt_q20,1442.15
1342602,q_lt_q20,1375.5
1342682,q_lt_q20,1429.05
1342730,q_lt_q20,1412.15
1342743,q_lt_q20,1391.05
1343060,q_lt_q20,1314.6
1343403,q_lt_q20,1332.55
1346000,q_lt_q20,1380.15
1347000,q_lt_q20,1405.9
1348000,q_lt_q20,1385.95
1349000,q_lt_q20,1424.45
1349150,q_lt_q20,1429.45
1349700,q_lt_q20,1369.45
1349705,q_lt_q20,1413.25
1349711,q_lt_q20,1245.75
1349810,q_lt_q20,1381.7
1349950,q_lt_q20,1385.2
1350000,q_lt_q20,1401.95
1350035,q_lt_q20,1389.25
1350080,q_lt_q20,1401.75
1350101,q_lt_q20,1415.55
1350120,q_lt_q20,1411.1
1350140,q_lt_q20,1428.9
1350180,q_lt_q20,1413.8
1350355,q_lt_q20,1436.5
1351500,q_lt_q20,1418.4
1354500,q_lt_q20,1432.65
1357499,q_lt_q20,1456.35
1357500,q_lt_q20,1415.45
1359528,q_lt_q20,1436.1
1360640,q_lt_q20,1438
1361000,q_lt_q20,1427.45
1362200,q_lt_q20,1400.3
1362230,q_lt_q20,1412.9
1362342,q_lt_q20,1307.7
1362357,q_lt_q20,1375.9
1362370,q_lt_q20,1401.9
1362487,q_lt_q20,1398.3
1362497,q_lt_q20,1398.7
1362500,q_lt_q20,1388.45
1363382,q_lt_q20,1380.7
1363556,q_lt_q20,1431.65
1364500,q_lt_q20,1454.65
1365000,q_lt_q20,1391.95
1365500,q_lt_q20,1404.45
1367500,q_lt_q20,1430.35
1371500,q_lt_q20,1443.75
1372500,q_lt_q20,1441.45
1374505,q_lt_q20,1452.55
1374531,q_lt_q20,1417
1374559,q_lt_q20,1396.45
1374581,q_lt_q20,1380.8
1374598,q_lt_q20,1400.05
1374701,q_lt_q20,
1374781,q_lt_q20,1440.85
1374821,q_lt_q20,1418.8
1374890,q_lt_q20,1445.5
1374901,q_lt_q20,1437.5
1374930,q_lt_q20,1440.2
1374941,q_lt_q20,1414.85
1375000,q_lt_q20,1409.6
1376800,q_lt_q20,1447.85
1377000,q_lt_q20,1453.1
1377370,q_lt_q20,1478.8
1377500,q_lt_q20,1460
1378500,q_lt_q20,1465.55
1379000,q_lt_q20,1453.05
1379500,q_lt_q20,1452.35
1379530,q_lt_q20,1442.15
1379773,q_lt_q20,1422.2
1379780,q_lt_q20,1455.05
1379845,q_lt_q20,1430.4
1380450,q_lt_q20,1452.7
1381000,q_lt_q20,1466.85
1381400,q_lt_q20,1461.8
1381500,q_lt_q20,1463.25
1381800,q_lt_q20,1477.65
1381900,q_lt_q20,1447.8
1382210,q_lt_q20,1447.8
1382385,q_lt_q20,1433.85
1382500,q_lt_q20,1434.9
1382800,q_lt_q20,1457.55
1383500,q_lt_q20,1397.8
1384500,q_lt_q20,1451.35
1386000,q_lt_q20,1448.7
1387000,q_lt_q20,1415.7
1387400,q_lt_q20,1451.6
1387420,q_lt_q20,1431.2
1387450,q_lt_q20,1460.05
1387500,q_lt_q20,1454.3
1387905,q_lt_q20,1457.9
1388000,q_lt_q20,1455.7
1388500,q_lt_q20,1473.4
1389010,q_lt_q20,1456.25
1389500,q_lt_q20,1460.2
1389550,q_lt_q20,1465.8
1389890,q_lt_q20,
1390450,q_lt_q20,1474.65
1390500,q_lt_q20,1478.8
1391000,q_lt_q20,1461.75
1391102,q_lt_q20,1468.05
1392500,q_lt_q20,1466.5
1393450,q_lt_q20,1461.9
1394500,q_lt_q20,1479.95
1395000,q_lt_q20,1465.7
1396500,q_lt_q20,1439.2
1396582,q_lt_q20,1444.05
1396660,q_lt_q20,1491.1
1396800,q_lt_q20,1472.15
1397000,q_lt_q20,1496.1
1398000,q_lt_q20,1486
1398500,q_lt_q20,1440.95
1399100,q_lt_q20,1486.6
1399500,q_lt_q20,1469.25
1399670,q_lt_q20,1479
1400000,q_lt_q20,1461.35
1400500,q_lt_q20,1457.5
1401000,q_lt_q20,1476.65
1401650,q_lt_q20,1486.2
1402000,q_lt_q20,1468.75
1402630,q_lt_q20,1464.1
1403060,q_lt_q20,1440.6
1403150,q_lt_q20,1463.4
1403400,q_lt_q20,1430.35
1403540,q_lt_q20,1429.45
1403900,q_lt_q20,1471.15
1405030,q_lt_q20,1453.1
1405400,q_lt_q20,1482.25
1406050,q_lt_q20,1464.85
1407290,q_lt_q20,1510.05
1407500,q_lt_q20,1474
1408000,q_lt_q20,1516.1
1408029,q_lt_q20,1493.85
1408120,q_lt_q20,1498.9
1408500,q_lt_q20,1491.9
1408900,q_lt_q20,1497.9
1409280,q_lt_q20,1478.05
1409400,q_lt_q20,1492.6
1409810,q_lt_q20,1554.05
1410000,q_lt_q20,1517.85
1410150,q_lt_q20,1534.75
1410784,q_lt_q20,1488.6
1410820,q_lt_q20,1486.4
1411000,q_lt_q20,1493.75
1411300,q_lt_q20,1508.3
1411500,q_lt_q20,1473.25
1412080,q_lt_q20,1517.6
1412800,q_lt_q20,1506.8
1413088,q_lt_q20,1382.95
1413398,q_lt_q20,1370.2
1413408,q_lt_q20,1386
1413500,q_lt_q20,1377.45
1414000,q_lt_q20,1378.85
1414500,q_lt_q20,1377.9
1415000,q_lt_q20,1349.6
1417000,q_lt_q20,1376.35
1417500,q_lt_q20,1371.25
1420500,q_lt_q20,1338.4
1421000,q_lt_q20,1372.35
1421610,q_lt_q20,1409.65
1421618,q_lt_q20,1400.2
1421900,q_lt_q20,1386.1
1422500,q_lt_q20,1408.4
1423000,q_lt_q20,1397.6
1425000,q_lt_q20,1425.6
1426500,q_lt_q20,1371.3
1427195,q_lt_q20,1403.4
1427207,q_lt_q20,1384.85
1427510,q_lt_q20,
1428500,q_lt_q20,1419.95
1428750,q_lt_q20,1403.65
1429000,q_lt_q20,1417.45
1429301,q_lt_q20,1401.7
1429500,q_lt_q20,1406.35
1430000,q_lt_q20,1431.5
1431500,q_lt_q20,1415.65
1432110,q_lt_q20,1414.6
1432495,q_lt_q20,1412.35
1432900,q_lt_q20,1437.05
1433500,q_lt_q20,1373.1
1434000,q_lt_q20,
1434017,q_lt_q20,1342.35
1434021,q_lt_q20,1246.85
1434025,q_lt_q20,1335.1
1434498,q_lt_q20,1337
1435000,q_lt_q20,1347.7
1436000,q_lt_q20,1385.7
1436690,q_lt_q20,1418.85
1437500,q_lt_q20,1415.3
1438500,q_lt_q20,1441.05
1439500,q_lt_q20,1451.15
1439590,q_lt_q20,1401.3
1440000,q_lt_q20,1444.65
1440400,q_lt_q20,1433.75
1440485,q_lt_q20,1457.95
1442500,q_lt_q20,1451.95
1443280,q_lt_q20,1458.85
1443500,q_lt_q20,1439.3
1443900,q_lt_q20,1461.95
1445000,q_lt_q20,1472.45
1445500,q_lt_q20,1451.1
1446000,q_lt_q20,1482.05
1446500,q_lt_q20,1449.95
1446775,q_lt_q20,1453.05
1446776,q_lt_q20,1463.5
1447500,q_lt_q20,1414
1447680,q_lt_q20,1381.8
1447720,q_lt_q20,1416.85
1447800,q_lt_q20,1401.55
1449000,q_lt_q20,1448.85
1449360,q_lt_q20,1461.65
1449800,q_lt_q20,1454.05
1450500,q_lt_q20,1444.85
1451000,q_lt_q20,
1451380,q_lt_q20,1476.85
1451400,q_lt_q20,1482.4
1451500,q_lt_q20,1450.25
1451630,q_lt_q20,1457.6
1451650,q_lt_q20,1467.05
1451800,q_lt_q20,1477.25
1452000,q_lt_q20,1450
1452500,q_lt_q20,1455.5
1453000,q_lt_q20,1402.2
1454700,q_lt_q20,1457.85
1455290,q_lt_q20,1471.55
1455500,q_lt_q20,1433.85
1457000,q_lt_q20,1464.1
1457500,q_lt_q20,
1459500,q_lt_q20,1472.95
1460440,q_lt_q20,1484.7
1463500,q_lt_q20,
1463620,q_lt_q20,1465.55
1463740,q_lt_q20,1475.15
1464000,q_lt_q20,1445.4
1464290,q_lt_q20,1485.55
1464500,q_lt_q20,1512.85
1464645,q_lt_q20,1488
1464720,q_lt_q20,1485.35
1464750,q_lt_q20,1490.65
1464899,q_lt_q20,1481.6
1464907,q_lt_q20,1485.4
1464984,q_lt_q20,1473.85
1465200,q_lt_q20,1478.4
1465798,q_lt_q20,1472
1465850,q_lt_q20,1536.85
1466500,q_lt_q20,1484.5
1466900,q_lt_q20,1495.85
1467000,q_lt_q20,1517.65
1467042,q_lt_q20,1489.4
1467048,q_lt_q20,1459.25
1467081,q_lt_q20,1498.35
1467086,q_lt_q20,1459.7
1467150,q_lt_q20,1484.15
1468500,q_lt_q20,1460.4
1469500,q_lt_q20,1435.6
1470500,q_lt_q20,1479.35
1470755,q_lt_q20,1488.95
1470761,q_lt_q20,1442.1
1470779,q_lt_q20,1472.45
1470960,q_lt_q20,1472.25
1471000,q_lt_q20,1481.05
1471510,q_lt_q20,1450.35
1471875,q_lt_q20,1471.55
1472000,q_lt_q20,1452.95
1472157,q_lt_q20,1497.5
1472198,q_lt_q20,1489.8
1472199,q_lt_q20,1486.65
1472620,q_lt_q20,1470.6
1472810,q_lt_q20,1465.3
1473000,q_lt_q20,1489.65
1473169,q_lt_q20,1477.9
1473470,q_lt_q20,1498.85
1473500,q_lt_q20,
1473900,q_lt_q20,1475.9
1474000,q_lt_q20,1465.65
1474500,q_lt_q20,
1475001,q_lt_q20,1501.25
1475530,q_lt_q20,1483.4
1475548,q_lt_q20,1456.8
1475850,q_lt_q20,1478.8
1476480,q_lt_q20,1465.2
1477000,q_lt_q20,1491.85
1477120,q_lt_q20,1514.8
1478100,q_lt_q20,1483.85
1478120,q_lt_q20,1474.25
1478245,q_lt_q20,1473.75
1479820,q_lt_q20,1477.2
1480300,q_lt_q20,1475.3
1480400,q_lt_q20,1462.9
1480500,q_lt_q20,1462.1
1480617,q_lt_q20,1466.3
1480675,q_lt_q20,1477.9
1480685,q_lt_q20,1443.1
1480700,q_lt_q20,1465.8
1480870,q_lt_q20,1482.15
1481000,q_lt_q20,1478.9
1482500,q_lt_q20,1530.65
1494850,q_lt_q20,1500.4
1500000,q_lt_q20,1396.85
1500500,q_lt_q20,1407.65
1502500,q_lt_q20,1408.15
1502632,q_lt_q20,1427
1502731,q_lt_q20,1441.9
1503000,q_lt_q20,1442.85
1505000,q_lt_q20,1410.35
1505810,q_lt_q20,1402.7
1507000,q_lt_q20,1421.05
1509000,q_lt_q20,1424.4
1510000,q_lt_q20,1417.65
1512500,q_lt_q20,
1513500,q_lt_q20,1451.2
1513550,q_lt_q20,1404.4
1513831,q_lt_q20,1435.5
1514850,q_lt_q20,1431.85
1515000,q_lt_q20,1420.85
1516350,q_lt_q20,1451.3
1516500,q_lt_q20,1449.65
1518000,q_lt_q20,1458.25
1518420,q_lt_q20,1430.9
1518700,q_lt_q20,1473.6
1518862,q_lt_q20,1433.35
1519200,q_lt_q20,1460.05
1520000,q_lt_q20,1429.5
1520500,q_lt_q20,1440.4
1521500,q_lt_q20,1462.6
1523500,q_lt_q20,1437.8
1524500,q_lt_q20,1430.05
1525500,q_lt_q20,1419.45
1525981,q_lt_q20,1430.95
1526500,q_lt_q20,1462.45
1527500,q_lt_q20,1463.3
1529500,q_lt_q20,1457.1
1529950,q_lt_q20,1465.55
1530332,q_lt_q20,1451.7
1531000,q_lt_q20,1456.6
1531250,q_lt_q20,1459.6
1531325,q_lt_q20,1471.55
1531500,q_lt_q20,1430.45
1531908,q_lt_q20,1461.4
1532000,q_lt_q20,1456.7
1533400,q_lt_q20,1449.9
1534000,q_lt_q20,1440.65
1534300,q_lt_q20,1365.05
1534500,q_lt_q20,1434.4
1534860,q_lt_q20,1435.95
1536000,q_lt_q20,1455.9
1536500,q_lt_q20,1457.75
1538000,q_lt_q20,1469.75
1538700,q_lt_q20,
1539000,q_lt_q20,1472.95
1540500,q_lt_q20,
1541000,q_lt_q20,1438.25
1541200,q_lt_q20,1455.1
1541303,q_lt_q20,1435.35
1541500,q_lt_q20,1424.7
1542500,q_lt_q20,1433.4
1542810,q_lt_q20,1408.05
1543000,q_lt_q20,1388.75
1543500,q_lt_q20,1415.05
1543693,q_lt_q20,1406.55
1543700,q_lt_q20,1412.95
1544000,q_lt_q20,1426.2
1544500,q_lt_q20,1416.2
1545000,q_lt_q20,1401.2
1545500,q_lt_q20,1399.95
1545600,q_lt_q20,1392.1
1546400,q_lt_q20,1474.8
1546500,q_lt_q20,1468.2
1547100,q_lt_q20,1445.9
1547200,q_lt_q20,1475.65
1547500,q_lt_q20,1463.1
1547700,q_lt_q20,1497.45
1547950,q_lt_q20,1420.2
1548005,q_lt_q20,1452.65
1548500,q_lt_q20,1432.7
1549500,q_lt_q20,1386
1549700,q_lt_q20,1383.9
1549760,q_lt_q20,1472.9
1550000,q_lt_q20,1419.6
1551500,q_lt_q20,1425.5
1552000,q_lt_q20,1446.95
1552500,q_lt_q20,1444.15
1553025,q_lt_q20,
1553500,q_lt_q20,1451
1553700,q_lt_q20,1479.45
1553850,q_lt_q20,1476.85
1554000,q_lt_q20,
1555000,q_lt_q20,1489.7
1555500,q_lt_q20,1484.8
1556000,q_lt_q20,1471.55
1557500,q_lt_q20,1466.1
1558000,q_lt_q20,1471.1
1559000,q_lt_q20,1439.45
1560000,q_lt_q20,1472.55
1562000,q_lt_q20,1463.15
1563200,q_lt_q20,1437.6
1563500,q_lt_q20,1443.4
1564500,q_lt_q20,1470.6
1564512,q_lt_q20,1475.55
1564895,q_lt_q20,1447.15
1565000,q_lt_q20,1447
1566000,q_lt_q20,1488.3
1567000,q_lt_q20,
1567500,q_lt_q20,1483.7
1568000,q_lt_q20,1482.85
1570000,q_lt_q20,1459.65
1570500,q_lt_q20,1410.6
1571005,q_lt_q20,1475.15
1571184,q_lt_q20,1440.35
1571500,q_lt_q20,1470.9
1572025,q_lt_q20,1480.8
1572190,q_lt_q20,1442.25
1573000,q_lt_q20,1488.8
1573160,q_lt_q20,1483.45
1573560,q_lt_q20,1463.05
1573660,q_lt_q20,1481.85
1573695,q_lt_q20,1494.15
1573710,q_lt_q20,1478.95
1573825,q_lt_q20,1491.35
1573849,q_lt_q20,1472.3
1574000,q_lt_q20,1472.15
1575500,q_lt_q20,1478.9
1575598,q_lt_q20,1459.85
1576000,q_lt_q20,
1576007,q_lt_q20,1460.2
1576045,q_lt_q20,1471.15
1576500,q_lt_q20,1473.75
1576754,q_lt_q20,1456.8
1576767,q_lt_q20,1472.85
1576787,q_lt_q20,1437.9
1577500,q_lt_q20,1476.5
1578475,q_lt_q20,1463.25
1601000,q_lt_q20,1446.5
1604500,q_lt_q20,1464.45
1605500,q_lt_q20,1450.8
1606000,q_lt_q20,1440.65
1606500,q_lt_q20,1441.45
1607500,q_lt_q20,1433.4
1608000,q_lt_q20,1437.55
1608500,q_lt_q20,1466.7
1610400,q_lt_q20,1442.25
1611500,q_lt_q20,1442.05
1613030,q_lt_q20,1454.5
1613050,q_lt_q20,1484.85
1613900,q_lt_q20,1476.3
1614000,q_lt_q20,1464.8
1615000,q_lt_q20,1475.75
1616100,q_lt_q20,1477.25
1616400,q_lt_q20,1496.55
1616425,q_lt_q20,1506.05
1616500,q_lt_q20,1488.35
1617000,q_lt_q20,1470.75
1618100,q_lt_q20,1493.1
1620500,q_lt_q20,1428.3
1621050,q_lt_q20,1470.05
1622000,q_lt_q20,1447.85
1625000,q_lt_q20,1468.25
1626000,q_lt_q20,1470.35
1626850,q_lt_q20,1476
1627500,q_lt_q20,1460.55
1628500,q_lt_q20,1471.75
1629500,q_lt_q20,1457.9
1631000,q_lt_q20,
1632000,q_lt_q20,1465.75
1632082,q_lt_q20,1456
1632900,q_lt_q20,1492.3
1633000,q_lt_q20,1464.4
1634000,q_lt_q20,1461.45
1634500,q_lt_q20,1468.75
1635500,q_lt_q20,1468.6
1636316,q_lt_q20,1473.05
1636464,q_lt_q20,1486.55
1636500,q_lt_q20,1438.35
1636690,q_lt_q20,1460
1638350,q_lt_q20,1473.4
1638420,q_lt_q20,1475.25
1638480,q_lt_q20,1463.5
1643500,q_lt_q20,1462.15
1643590,q_lt_q20,1489.65
1643700,q_lt_q20,1461.5
1643805,q_lt_q20,1469.35
1643880,q_lt_q20,1478.05
1644000,q_lt_q20,1499.7
1644280,q_lt_q20,1484.2
1645704,q_lt_q20,1488.15
1645762,q_lt_q20,1499.5
1646000,q_lt_q20,1484.05
1646305,q_lt_q20,1487.85
1652500,q_lt_q20,1483.8
1653000,q_lt_q20,1489.8
1654000,q_lt_q20,1496.05
1656000,q_lt_q20,1505.8
1656903,q_lt_q20,1451.65
1658500,q_lt_q20,1516.55
1660400,q_lt_q20,1512.05
1662800,q_lt_q20,1465.3
1663500,q_lt_q20,1468.95
1664000,q_lt_q20,1520.95
1665500,q_lt_q20,1493.9
1666500,q_lt_q20,1497.6
1667500,q_lt_q20,1518.05
1668000,q_lt_q20,1467.7
1669000,q_lt_q20,1513.6
1669520,q_lt_q20,1476.35
1670400,q_lt_q20,1504.85
1671020,q_lt_q20,1521.8
1671100,q_lt_q20,1499.3
1672500,q_lt_q20,1497.65
1673000,q_lt_q20,1527.5
1673550,q_lt_q20,1521.35
1673800,q_lt_q20,1506.55
1674000,q_lt_q20,1507.1
1674182,q_lt_q20,1514.35
1674500,q_lt_q20,1504.7
2011400,q_lt_q20,1415.4
2011460,q_lt_q20,1371.6
2011470,q_lt_q20,1415.7
2011490,q_lt_q20,1390.25
2011500,q_lt_q20,1407.8
2011800,q_lt_q20,1427.1
2013000,q_lt_q20,1428.5
2013100,q_lt_q20,1437.4
2014000,q_lt_q20,1433.15
2015700,q_lt_q20,1430.8
2016000,q_lt_q20,1455.45
2016500,q_lt_q20,1446.45
2017500,q_lt_q20,1452
2018000,q_lt_q20,1443.6
2018500,q_lt_q20,1437.95
2019500,q_lt_q20,1453.3
2020500,q_lt_q20,1448.15
2021500,q_lt_q20,1437.75
2022500,q_lt_q20,1437.3
2024000,q_lt_q20,1446.35
2024752,q_lt_q20,1437.4
2024915,q_lt_q20,1416.45
2025500,q_lt_q20,1442.3
2025652,q_lt_q20,1455.05
2026000,q_lt_q20,1444.85
2027000,q_lt_q20,1462.7
2027500,q_lt_q20,1461.45
2028500,q_lt_q20,1445.05
2029000,q_lt_q20,1472.35
2030000,q_lt_q20,1482.2
2030500,q_lt_q20,1458.65
2031000,q_lt_q20,1456.9
2032250,q_lt_q20,1465.75
2032640,q_lt_q20,1471.15
2034000,q_lt_q20,1476.9
2035000,q_lt_q20,1494.65
2036500,q_lt_q20,1518.8
2037000,q_lt_q20,1522.7
2037500,q_lt_q20,
2038850,q_lt_q20,1471.85
2039000,q_lt_q20,1490.5
2039500,q_lt_q20,1507.4
2040000,q_lt_q20,1510.9
2040892,q_lt_q20,1506.05
2041000,q_lt_q20,1521.7
2041650,q_lt_q20,1518.3
2042500,q_lt_q20,1483
2044500,q_lt_q20,1517.8
2045320,q_lt_q20,1501.05
2045500,q_lt_q20,1508.7
2046000,q_lt_q20,1516.45
2047000,q_lt_q20,1491.4
2047500,q_lt_q20,1501.35
2047783,q_lt_q20,1477.35
2049500,q_lt_q20,1507.45
2051000,q_lt_q20,1496.45
2051190,q_lt_q20,1513.65
2051500,q_lt_q20,1517.15
2052000,q_lt_q20,1544.65
2052090,q_lt_q20,1492
2053800,q_lt_q20,1434.4
2054500,q_lt_q20,1459.2
2054530,q_lt_q20,1456.4
2055000,q_lt_q20,1451.75
2055100,q_lt_q20,1429.2
2056000,q_lt_q20,1448.45
2056650,q_lt_q20,1452.2
2056900,q_lt_q20,1467.8
2058400,q_lt_q20,1494.25
2059500,q_lt_q20,1464.2
2060500,q_lt_q20,1467.05
2061500,q_lt_q20,1485.55
2062500,q_lt_q20,1478.55
2064000,q_lt_q20,1475.95
2065500,q_lt_q20,1497
2066000,q_lt_q20,1498.75
2069700,q_lt_q20,1486.2
2070000,q_lt_q20,1484.2
2071530,q_lt_q20,1470.25
2072000,q_lt_q20,1451.25
2072500,q_lt_q20,1445.85
2073000,q_lt_q20,1492.75
2074500,q_lt_q20,1505.05
2075045,q_lt_q20,1503.65
2075500,q_lt_q20,1509.25
2076000,q_lt_q20,1508.5
2077000,q_lt_q20,1505.45
2079640,q_lt_q20,1517.05
2086849,q_lt_q20,1540.55
2090504,q_lt_q20,1535.95
2091814,q_lt_q20,1495.9
2097280,q_lt_q20,1543.3
2097386,q_lt_q20,1549.7
2098206,q_lt_q20,1537.5
2102907,q_lt_q20,1566.8
2108000,q_lt_q20,1445.85
2123500,q_lt_q20,1528.25
2123629,q_lt_q20,1545.55
2145910,q_lt_q20,1514.55
2147500,q_lt_q20,1546.4
2168810,q_lt_q20,1550.6
2171500,q_lt_q20,1495.55
2174000,q_lt_q20,1539.75
2175025,q_lt_q20,1475.4
2175500,q_lt_q20,1492.15
2176930,q_lt_q20,1351.35
2177000,q_lt_q20,1418.6
2180400,q_lt_q20,1440.15
2181350,q_lt_q20,1420.65
2181580,q_lt_q20,1435
2185010,q_lt_q20,1468.4
2186645,q_lt_q20,1495
2191227,q_lt_q20,1504.9
2191300,q_lt_q20,1505.35
2192000,q_lt_q20,1532.8
2193340,q_lt_q20,1524.5
2193500,q_lt_q20,1521
2195320,q_lt_q20,1562
2197020,q_lt_q20,1566.95
2197598,q_lt_q20,1537.1
2197830,q_lt_q20,1501.15
2198000,q_lt_q20,1516.95
2198100,q_lt_q20,1526.45
2198690,q_lt_q20,1497.9
2200120,q_lt_q20,1544.5
2201000,q_lt_q20,1547.75
2202190,q_lt_q20,1460.9
2202500,q_lt_q20,1505.3
2202600,q_lt_q20,1525
2202680,q_lt_q20,1465.6
2203000,q_lt_q20,1502.6
2203518,q_lt_q20,1484.7
2203557,q_lt_q20,1509.45
2203831,q_lt_q20,1503.8
2203863,q_lt_q20,1515.9
2203873,q_lt_q20,1501.75
2203900,q_lt_q20,1501.95
2203950,q_lt_q20,1495.45
2203960,q_lt_q20,1506.05
2204037,q_lt_q20,1490.4
2204070,q_lt_q20,1496.9
2204130,q_lt_q20,1509.6
2204285,q_lt_q20,1496.3
2205865,q_lt_q20,1481.05
2206500,q_lt_q20,1493
2207120,q_lt_q20,1510.55
2207135,q_lt_q20,1495.75
2207160,q_lt_q20,1500
2207220,q_lt_q20,1497.95
2207335,q_lt_q20,1521.35
2207385,q_lt_q20,1509.65
2207400,q_lt_q20,1514.3
2207418,q_lt_q20,1443.05
2207448,q_lt_q20,1518.95
2208000,q_lt_q20,1507.65
2208150,q_lt_q20,1511.1
2208450,q_lt_q20,1506
2208485,q_lt_q20,1518.25
2208487,q_lt_q20,1506.3
2208493,q_lt_q20,1523.3
2209000,q_lt_q20,1547.45
2209360,q_lt_q20,1545.3
2210500,q_lt_q20,1517
2211800,q_lt_q20,1532.2
2212600,q_lt_q20,1521.4
2212735,q_lt_q20,1534
2213000,q_lt_q20,1533.1
2213500,q_lt_q20,1530.65
2214075,q_lt_q20,1498.15
2214590,q_lt_q20,1520.8
2215000,q_lt_q20,1536.45
2215100,q_lt_q20,1525.05
2215260,q_lt_q20,1506.75
2215500,q_lt_q20,1512.35
2216180,q_lt_q20,1545.5
2217274,q_lt_q20,1501.25
2217297,q_lt_q20,1507.5
2217475,q_lt_q20,1515.65
2217500,q_lt_q20,1516.8
2217615,q_lt_q20,1495.35
2217643,q_lt_q20,1496.75
2217770,q_lt_q20,1530.85
2218300,q_lt_q20,1535.4
2218900,q_lt_q20,1528.45
2219000,q_lt_q20,1537.95
2220788,q_lt_q20,1517.5
2220900,q_lt_q20,1542.6
2223000,q_lt_q20,1530.6
2223056,q_lt_q20,1499.65
2223110,q_lt_q20,1493.05
2223190,q_lt_q20,1505.15
2223248,q_lt_q20,1518.95
2223360,q_lt_q20,1524.4
2223500,q_lt_q20,1543.3
2224500,q_lt_q20,1509.5
2224940,q_lt_q20,1472.4
2225000,q_lt_q20,1499.85
2225270,q_lt_q20,1500.7
2225500,q_lt_q20,1512.5
2226000,q_lt_q20,1488.05
2226500,q_lt_q20,1491.2
2227270,q_lt_q20,1505.25
2227500,q_lt_q20,1481.75
2228000,q_lt_q20,1480.9
2228500,q_lt_q20,1494.55
2231000,q_lt_q20,1490.55
2231291,q_lt_q20,
2231322,q_lt_q20,1285.15
2231342,q_lt_q20,1366.25
2231396,q_lt_q20,1372.95
2231600,q_lt_q20,1402.95
2232000,q_lt_q20,1355.75
2232155,q_lt_q20,1391.9
2232200,q_lt_q20,1366.65
2232400,q_lt_q20,1382.95
2232500,q_lt_q20,1392.25
2233475,q_lt_q20,1457.25
2233484,q_lt_q20,1424.3
2233500,q_lt_q20,1385.5
2234000,q_lt_q20,
2234308,q_lt_q20,1456
2234324,q_lt_q20,1468
2234344,q_lt_q20,1453.35
2234384,q_lt_q20,1464.1
2234400,q_lt_q20,1468.6
2234435,q_lt_q20,1373.65
2234500,q_lt_q20,
2234990,q_lt_q20,1457.8
2235000,q_lt_q20,1446.6
2235200,q_lt_q20,1454.7
2235500,q_lt_q20,1446
2236000,q_lt_q20,1417
2236125,q_lt_q20,1427.4
2236160,q_lt_q20,1453.45
2236350,q_lt_q20,1444.45
2236500,q_lt_q20,1457.65
2236605,q_lt_q20,1476.9
2236900,q_lt_q20,
2237293,q_lt_q20,1494.05
2237734,q_lt_q20,1459.95
2238500,q_lt_q20,1492.1
2239000,q_lt_q20,1402.95
2239501,q_lt_q20,1472.3
2240000,q_lt_q20,1451.2
2240500,q_lt_q20,1476
2243000,q_lt_q20,1479.75
2243960,q_lt_q20,1346.45
2244040,q_lt_q20,
2244333,q_lt_q20,1459.6
2244440,q_lt_q20,1388.35
2245260,q_lt_q20,1468.05
2245500,q_lt_q20,1495.5
2246000,q_lt_q20,1488.9
2246160,q_lt_q20,1453.55
2246318,q_lt_q20,1477.25
2246459,q_lt_q20,1451.7
2246500,q_lt_q20,
2246515,q_lt_q20,1482.95
2246518,q_lt_q20,1504.7
2246621,q_lt_q20,1435.45
2246751,q_lt_q20,1483.9
2246804,q_lt_q20,1459.55
2246825,q_lt_q20,
2247510,q_lt_q20,1489.2
2248000,q_lt_q20,1444.2
2249007,q_lt_q20,1409.4
2249500,q_lt_q20,1402.9
2250030,q_lt_q20,1405.05
2251000,q_lt_q20,1382.3
2251500,q_lt_q20,1362.5
2251767,q_lt_q20,1362.8
2252500,q_lt_q20,1393.6
2253000,q_lt_q20,1411.45
2255600,q_lt_q20,1455.2
2258800,q_lt_q20,1413.7
2262900,q_lt_q20,1456.75
2263800,q_lt_q20,1472.1
2264000,q_lt_q20,1462.3
2264003,q_lt_q20,1452
2264030,q_lt_q20,1468.75
2264051,q_lt_q20,1462.6
2264060,q_lt_q20,1484.5
2264100,q_lt_q20,1468.45
2264141,q_lt_q20,1331.95
2264495,q_lt_q20,1480.75
2266025,q_lt_q20,1468.15
2266200,q_lt_q20,1476.3
2266291,q_lt_q20,1462.05
2266293,q_lt_q20,1460.9
2266295,q_lt_q20,1463.9
2266300,q_lt_q20,1450.15
2266480,q_lt_q20,1460.5
2266496,q_lt_q20,1454.75
2266500,q_lt_q20,1454.05
2268390,q_lt_q20,1425.55
2269520,q_lt_q20,1477.8
2270000,q_lt_q20,1482.2
2270500,q_lt_q20,1448.95
2271500,q_lt_q20,1473.4
2272650,q_lt_q20,1411.35
2272676,q_lt_q20,1405.35
2273230,q_lt_q20,1375.2
2273630,q_lt_q20,1409.45
2274005,q_lt_q20,1393.8
2274010,q_lt_q20,1392.6
2274325,q_lt_q20,1403.85
2274490,q_lt_q20,1399.6
2274505,q_lt_q20,1377.5
2275197,q_lt_q20,1376.9
2287497,q_lt_q20,1278.15
2289035,q_lt_q20,1306.6
2289080,q_lt_q20,1302.25
2290767,q_lt_q20,1222.2
2291001,q_lt_q20,1281.55
2291580,q_lt_q20,1399.5
2291597,q_lt_q20,1417.05
2291669,q_lt_q20,1392.3
2291673,q_lt_q20,1421.1
2291710,q_lt_q20,1404.1
2292900,q_lt_q20,1414.65
2293230,q_lt_q20,1208.15
2293262,q_lt_q20,1424.2
2293987,q_lt_q20,1488.2
2294161,q_lt_q20,1487
2294217,q_lt_q20,1469.45
2294261,q_lt_q20,1481.75
2294290,q_lt_q20,1473.35
2294330,q_lt_q20,1476.4
2294405,q_lt_q20,1465.6
2294650,q_lt_q20,1461.95
2294655,q_lt_q20,1460.8
2294747,q_lt_q20,1467.3
2294759,q_lt_q20,1462.65
2294760,q_lt_q20,1466.7
2294775,q_lt_q20,1447.8
2294781,q_lt_q20,1454.5
2294898,q_lt_q20,1480.9
2295013,q_lt_q20,1466.75
2295163,q_lt_q20,1476.3
2295194,q_lt_q20,1475
2295420,q_lt_q20,1498.4
2295580,q_lt_q20,1505.8
2295637,q_lt_q20,1482.1
2296260,q_lt_q20,1467.75
2296500,q_lt_q20,1480.35
2296750,q_lt_q20,1450.7
2297100,q_lt_q20,1450.7
2297155,q_lt_q20,1516
2297251,q_lt_q20,1508.35
2297310,q_lt_q20,1463.45
2297600,q_lt_q20,1426.6
2298110,q_lt_q20,1424.05
2298123,q_lt_q20,1419.3
2298202,q_lt_q20,1304.2
2298488,q_lt_q20,1512.15
2298492,q_lt_q20,1504.7
2298495,q_lt_q20,1510.95
2298527,q_lt_q20,1496.5
2298530,q_lt_q20,1452.65
2298554,q_lt_q20,1490.25
2298608,q_lt_q20,1485.45
2298760,q_lt_q20,1478.75
2298830,q_lt_q20,1452.35
2298880,q_lt_q20,1422.95
2299260,q_lt_q20,1397.75
2299410,q_lt_q20,1460.5
2299450,q_lt_q20,1422.85
2299472,q_lt_q20,1416.95
2299861,q_lt_q20,1480.1
2299950,q_lt_q20,1485.5
2300017,q_lt_q20,1490.85
2300018,q_lt_q20,1472.85
2300033,q_lt_q20,1468.7
2300042,q_lt_q20,1467.25
2300075,q_lt_q20,1519.7
2300082,q_lt_q20,1474.85
2300100,q_lt_q20,1487
2300210,q_lt_q20,1484.05
2300300,q_lt_q20,1490.65
2300500,q_lt_q20,1459.5
2300700,q_lt_q20,1520.35
2300882,q_lt_q20,1446.7
2301000,q_lt_q20,1430.05
2301150,q_lt_q20,1512.55
2301300,q_lt_q20,1470.75
2301500,q_lt_q20,1407.9
2301718,q_lt_q20,1422.65
2301738,q_lt_q20,1480.5
2301740,q_lt_q20,1511.05
2301745,q_lt_q20,1489.15
2301750,q_lt_q20,1502.55
2301793,q_lt_q20,1464
2301900,q_lt_q20,1489.45
2301990,q_lt_q20,1423.15
2302010,q_lt_q20,1420
2302500,q_lt_q20,1456.8
2303000,q_lt_q20,1429.25
2303205,q_lt_q20,1495.5
2303330,q_lt_q20,1315.45
2303348,q_lt_q20,1468.75
2303350,q_lt_q20,1464
2303400,q_lt_q20,1476.55
2303410,q_lt_q20,1459.25
2303420,q_lt_q20,1504.35
2303800,q_lt_q20,1469.45
2304000,q_lt_q20,1477.6
2304500,q_lt_q20,1448.2
2305851,q_lt_q20,1512.45
2306500,q_lt_q20,1539
2306647,q_lt_q20,1497.35
2306774,q_lt_q20,1499.3
2306950,q_lt_q20,1497.05
2307000,q_lt_q20,1501.15
2307200,q_lt_q20,1463.4
2307323,q_lt_q20,1500.55
2307359,q_lt_q20,1488.6
2307445,q_lt_q20,1476.8
2307498,q_lt_q20,1481.3
2307668,q_lt_q20,1490.7
2307674,q_lt_q20,1475.8
2307780,q_lt_q20,1463.8
2308950,q_lt_q20,1490.75
2309415,q_lt_q20,1499.95
2309421,q_lt_q20,1510.5
2309447,q_lt_q20,1499.95
2309740,q_lt_q20,1474.2
2310000,q_lt_q20,1480.95
2310280,q_lt_q20,1482.95
2310286,q_lt_q20,1480.85
2310288,q_lt_q20,1484.35
2310300,q_lt_q20,1431.8
2310308,q_lt_q20,1473.6
2310525,q_lt_q20,1479.75
2310678,q_lt_q20,1313.7
2310688,q_lt_q20,1346.75
2310740,q_lt_q20,1400.55
2310743,q_lt_q20,1400.45
2310947,q_lt_q20,1431.1
2311500,q_lt_q20,1484.15
2312000,q_lt_q20,1478.4
2312180,q_lt_q20,1430.75
2312200,q_lt_q20,1434.85
2312300,q_lt_q20,1461.35
2312500,q_lt_q20,1446.3
2312558,q_lt_q20,1479.15
2312598,q_lt_q20,1413.05
2312600,q_lt_q20,1099.3
2312640,q_lt_q20,1485.95
2312645,q_lt_q20,1435.85
2312667,q_lt_q20,1446.3
2312675,q_lt_q20,1422
2312700,q_lt_q20,1413.25
2312720,q_lt_q20,1446.15
2312722,q_lt_q20,1343.55
2312762,q_lt_q20,1351.35
2312764,q_lt_q20,1346.85
2313000,q_lt_q20,1422.15
2313098,q_lt_q20,1475.75
2313100,q_lt_q20,1458.15
2313230,q_lt_q20,1383.4
2313250,q_lt_q20,1431
2313700,q_lt_q20,1440
2314500,q_lt_q20,1501.75
2315500,q_lt_q20,1522.6
2315550,q_lt_q20,1441.75
2316000,q_lt_q20,1526.8
2317500,q_lt_q20,1529.3
2317620,q_lt_q20,1521.1
2317797,q_lt_q20,1537.8
2318000,q_lt_q20,1539.6
2318380,q_lt_q20,1492.2
2318500,q_lt_q20,1504.65
2319000,q_lt_q20,1505.75
2319302,q_lt_q20,1454
2319394,q_lt_q20,1499.2
2319500,q_lt_q20,1463.2
2319800,q_lt_q20,1467
2319950,q_lt_q20,1277.55
2320000,q_lt_q20,1492.85
2320700,q_lt_q20,1514.2
2321000,q_lt_q20,1490.1
2321500,q_lt_q20,1487.1
2321898,q_lt_q20,1472.75
2321958,q_lt_q20,1219.95
2322500,q_lt_q20,1463.2
2322688,q_lt_q20,1433.25
2322700,q_lt_q20,1466.75
2322800,q_lt_q20,1462.1
2323000,q_lt_q20,1455
2323500,q_lt_q20,1446.8
2323502,q_lt_q20,1501.95
2323566,q_lt_q20,1183.85
2324000,q_lt_q20,1514.35
2324400,q_lt_q20,1515.75
2325000,q_lt_q20,1450.25
2326000,q_lt_q20,1454.1
2326500,q_lt_q20,1495.9
2326526,q_lt_q20,1101.65
2326900,q_lt_q20,1474.45
2327033,q_lt_q20,1532.45
2327100,q_lt_q20,1469
2327355,q_lt_q20,1527.7
2328522,q_lt_q20,1486.45
2329000,q_lt_q20,1477.1
2329342,q_lt_q20,1506.25
2329500,q_lt_q20,1485.95
2329600,q_lt_q20,1477.65
2330000,q_lt_q20,1461.95
2330100,q_lt_q20,1492.25
2330150,q_lt_q20,1338.7
2330400,q_lt_q20,1502.9
2330450,q_lt_q20,1452.7
2331000,q_lt_q20,1475.4
2331600,q_lt_q20,1483.95
2333500,q_lt_q20,1441.6
2334430,q_lt_q20,1467.9
2334480,q_lt_q20,1497.75
2334578,q_lt_q20,1515.15
2334620,q_lt_q20,1498.6
2334653,q_lt_q20,1506.85
2335000,q_lt_q20,1516.2
2335450,q_lt_q20,1477.4
2335580,q_lt_q20,1499.65
2335757,q_lt_q20,1482
2335790,q_lt_q20,1494
2335815,q_lt_q20,
2335910,q_lt_q20,1484.8
2336030,q_lt_q20,1492.1
2336106,q_lt_q20,1502.55
2336120,q_lt_q20,1516.45
2336152,q_lt_q20,1509.75
2336240,q_lt_q20,1506.25
2336300,q_lt_q20,1502.65
2336340,q_lt_q20,1490.55
2336360,q_lt_q20,1483.6
2336410,q_lt_q20,1505.7
2336526,q_lt_q20,1497.3
2336728,q_lt_q20,1503.3
2336840,q_lt_q20,1522.15
2336870,q_lt_q20,1501.85
2336910,q_lt_q20,1489.35
2336968,q_lt_q20,1522.75
2336986,q_lt_q20,1504.55
2337000,q_lt_q20,1496.45
2337040,q_lt_q20,1505.05
2337170,q_lt_q20,1513.25
2337410,q_lt_q20,1498.15
2337498,q_lt_q20,1484.45
2337500,q_lt_q20,1505.6
2338000,q_lt_q20,1519.95
2338500,q_lt_q20,1512.4
2338523,q_lt_q20,1509.2
2338660,q_lt_q20,1508.6
2338840,q_lt_q20,1518.65
2339495,q_lt_q20,1517
2339500,q_lt_q20,1527.75
2341460,q_lt_q20,1518.6
2342500,q_lt_q20,1536.9
2342850,q_lt_q20,1527.6
2342881,q_lt_q20,1525.85
2343225,q_lt_q20,1506.45
2343940,q_lt_q20,1527.6
2344143,q_lt_q20,1490.4
2344350,q_lt_q20,1504.85
2344396,q_lt_q20,1536.1
2344424,q_lt_q20,1500.75
2344478,q_lt_q20,1521.6
2344500,q_lt_q20,1540.3
2344605,q_lt_q20,1505.5
2344620,q_lt_q20,1512.7
2344655,q_lt_q20,1499.75
2344673,q_lt_q20,1507.6
2344700,q_lt_q20,1517.15
2344872,q_lt_q20,1535.3
2346180,q_lt_q20,1529.35
2346310,q_lt_q20,1501.4
2347500,q_lt_q20,1525.55
2349605,q_lt_q20,1530.45
2349900,q_lt_q20,1545.75
2350512,q_lt_q20,1551.35
2350600,q_lt_q20,1507.85
2350900,q_lt_q20,1543.8
2351500,q_lt_q20,1565.25
2351890,q_lt_q20,1516.5
2352500,q_lt_q20,1533.45
2353000,q_lt_q20,1542.1
2353265,q_lt_q20,1542.2
2353400,q_lt_q20,1537.3
2353500,q_lt_q20,1525.7
2354350,q_lt_q20,1501.65
2354475,q_lt_q20,1519.3
2354500,q_lt_q20,1542.65
2354800,q_lt_q20,1500.55
2355350,q_lt_q20,1511.2
2355662,q_lt_q20,1535.95
2356000,q_lt_q20,1522.75
2357000,q_lt_q20,1509.85
2357150,q_lt_q20,1485.35
2358000,q_lt_q20,
2358700,q_lt_q20,1493.75
2358789,q_lt_q20,1503.7
2359000,q_lt_q20,1463
2359170,q_lt_q20,1489.05
2359500,q_lt_q20,1464.55
2361000,q_lt_q20,1532.95
2361500,q_lt_q20,1536.95
2363000,q_lt_q20,1554.95
2364500,q_lt_q20,1554.2
2365200,q_lt_q20,1493.1
2365470,q_lt_q20,1502.05
2365500,q_lt_q20,1554.2
2365769,q_lt_q20,1532.2
2366000,q_lt_q20,1518.5
2366500,q_lt_q20,1500.7
2366996,q_lt_q20,1529.55
2367900,q_lt_q20,1524.4
2368000,q_lt_q20,1533.35
2368500,q_lt_q20,1535.55
2369000,q_lt_q20,1541.8
2369800,q_lt_q20,1533.15
2370000,q_lt_q20,1510.05
2370500,q_lt_q20,1535.6
2371500,q_lt_q20,1560
2372250,q_lt_q20,1512.9
2373000,q_lt_q20,1550.9
2374250,q_lt_q20,1522.9
2374500,q_lt_q20,1537.7
2374700,q_lt_q20,1562.15
2374745,q_lt_q20,1563.25
2374950,q_lt_q20,1548.2
2375500,q_lt_q20,1517.95
2376033,q_lt_q20,1493.1
2376100,q_lt_q20,1535.1
2376115,q_lt_q20,1549.75
2376293,q_lt_q20,1551.45
2376500,q_lt_q20,1532.85
2377570,q_lt_q20,1540.75
2379500,q_lt_q20,1430.05
2380500,q_lt_q20,1455.1
2381090,q_lt_q20,1460.35
2381600,q_lt_q20,1462.05
2382500,q_lt_q20,1470.6
2383500,q_lt_q20,1508.75
2384500,q_lt_q20,1496.45
2384540,q_lt_q20,1436.1
2385170,q_lt_q20,1504.75
2385500,q_lt_q20,1485.6
2385800,q_lt_q20,1510.5
2387000,q_lt_q20,1488.95
2387500,q_lt_q20,1511.8
2387600,q_lt_q20,1511.65
2388320,q_lt_q20,1469.25
2388350,q_lt_q20,1513.15
2388500,q_lt_q20,1507.6
2388975,q_lt_q20,1472.45
2389150,q_lt_q20,1491.45
2390000,q_lt_q20,1448.8
2390050,q_lt_q20,1491.95
2390140,q_lt_q20,1498.5
2391540,q_lt_q20,1479.5
2391840,q_lt_q20,1470.65
2391860,q_lt_q20,1476.35
2392000,q_lt_q20,1498.55
2392360,q_lt_q20,1477.75
2392780,q_lt_q20,1494.45
2392920,q_lt_q20,1497.15
2392950,q_lt_q20,1505.1
2392975,q_lt_q20,1507.55
2393377,q_lt_q20,1504.1
2393419,q_lt_q20,1483.05
2394000,q_lt_q20,1443.5
2394670,q_lt_q20,1506.15
2394682,q_lt_q20,1472.1
2394820,q_lt_q20,1497.15
2395000,q_lt_q20,1486.65
2395120,q_lt_q20,1493.45
2395980,q_lt_q20,1492.45
2397000,q_lt_q20,1496.9
2397530,q_lt_q20,1501.4
2398000,q_lt_q20,1488.15
2398300,q_lt_q20,1473.55
2399200,q_lt_q20,1458.6
2400100,q_lt_q20,1550.6
2400680,q_lt_q20,1476.75
2401000,q_lt_q20,1479.8
2401390,q_lt_q20,1508.5
2401895,q_lt_q20,1521.5
2403310,q_lt_q20,1505.7
2404400,q_lt_q20,1509.15
2405500,q_lt_q20,1524.6
2406500,q_lt_q20,1536.55
2406930,q_lt_q20,1532.25
2407000,q_lt_q20,
2407514,q_lt_q20,1508.85
2408150,q_lt_q20,1540.3
2408540,q_lt_q20,1525.25
2411930,q_lt_q20,1499.6
2412000,q_lt_q20,1501.55
2413000,q_lt_q20,1522.5
2413210,q_lt_q20,1514.35
2413300,q_lt_q20,1514.85
2414500,q_lt_q20,1525.4
2414715,q_lt_q20,1513.55
2415000,q_lt_q20,1515.15
2418230,q_lt_q20,1546.25
2418760,q_lt_q20,1524.15
2419000,q_lt_q20,1519.05
2419890,q_lt_q20,1509.5
2420000,q_lt_q20,1509.55
2421000,q_lt_q20,1542.4
2422500,q_lt_q20,1544.7
2423130,q_lt_q20,1537.85
2423160,q_lt_q20,1517.45
2423380,q_lt_q20,1488
2423397,q_lt_q20,1526.1
2423400,q_lt_q20,1492.65
2423414,q_lt_q20,1521.65
2423425,q_lt_q20,1521.6
2423496,q_lt_q20,1513.2
2423500,q_lt_q20,1519.5
2423555,q_lt_q20,1524.7
2423571,q_lt_q20,1519.6
2423630,q_lt_q20,1517.15
2424000,q_lt_q20,1558.45
2425000,q_lt_q20,1541.7
2427250,q_lt_q20,1560.5
2428400,q_lt_q20,
2430085,q_lt_q20,1515.25
2430680,q_lt_q20,1541.55
2430880,q_lt_q20,1518.2
2431000,q_lt_q20,1536.55
2432500,q_lt_q20,1521.25
2433500,q_lt_q20,1544.1
2436500,q_lt_q20,1549.85
2438000,q_lt_q20,1541.65
2439400,q_lt_q20,1542.3
2442500,q_lt_q20,1555.65
2443500,q_lt_q20,1582.55
2444160,q_lt_q20,1500.65
2446500,q_lt_q20,1510.25
2447025,q_lt_q20,1541.8
2448000,q_lt_q20,1555.9
2448500,q_lt_q20,1552.85
2448900,q_lt_q20,1559.25
2449838,q_lt_q20,1510
2449882,q_lt_q20,1501.6
2450000,q_lt_q20,1514.45
2450180,q_lt_q20,1501.05
2450250,q_lt_q20,1483
2450825,q_lt_q20,1516.8
2453000,q_lt_q20,1506.5
2453500,q_lt_q20,1532.7
2454000,q_lt_q20,1512.9
2455000,q_lt_q20,1516.85
2455185,q_lt_q20,1523.7
2455980,q_lt_q20,1500.2
2456000,q_lt_q20,1528.9
2456500,q_lt_q20,1499.45
2457595,q_lt_q20,1540.4
2457704,q_lt_q20,1478.75
2458190,q_lt_q20,1526.65
2458450,q_lt_q20,1549.55
2458502,q_lt_q20,1524.3
2458600,q_lt_q20,1543.85
2461192,q_lt_q20,1528.95
2461500,q_lt_q20,1511.95
2462000,q_lt_q20,1530.5
2464000,q_lt_q20,1523.65
2465000,q_lt_q20,
2465292,q_lt_q20,1582.45
2465493,q_lt_q20,1585.45
2467000,q_lt_q20,1517.15
2467500,q_lt_q20,1566.6
2469525,q_lt_q20,1565.2
2469761,q_lt_q20,
2469800,q_lt_q20,1562.1
2470072,q_lt_q20,1569.4
2471001,q_lt_q20,1536.65
2472000,q_lt_q20,1582.4
2472500,q_lt_q20,1605.85
2472850,q_lt_q20,1599.9
2472980,q_lt_q20,1569.95
2473000,q_lt_q20,1592.2
2474560,q_lt_q20,1560.5
2475000,q_lt_q20,1563.9
2475500,q_lt_q20,1563.85
2476500,q_lt_q20,1585.1
2476600,q_lt_q20,1555.7
2477000,q_lt_q20,1582.05
2477045,q_lt_q20,1570.75
2478500,q_lt_q20,1551.5
2479000,q_lt_q20,1538.45
2479130,q_lt_q20,1596.05
2479155,q_lt_q20,1580.5
2479300,q_lt_q20,1548.05
2479945,q_lt_q20,1571.65
2479980,q_lt_q20,1555.1
2480002,q_lt_q20,1548.2
2480020,q_lt_q20,1538.3
2481880,q_lt_q20,1543.25
2482000,q_lt_q20,1573.6
2482470,q_lt_q20,1543.1
2482550,q_lt_q20,1555.65
2483000,q_lt_q20,1537.95
2483500,q_lt_q20,1525.9
2484000,q_lt_q20,1536.45
2484500,q_lt_q20,1540.5
2485735,q_lt_q20,1583.55
2486000,q_lt_q20,1587.45
2487500,q_lt_q20,1567.6
2488500,q_lt_q20,1583.65
2489000,q_lt_q20,1573.35
2489500,q_lt_q20,1571.15
2490500,q_lt_q20,1583
2492000,q_lt_q20,1534.8
2492343,q_lt_q20,1567.5
2492360,q_lt_q20,1568.95
3007800,q_lt_q20,1405.3
3010500,q_lt_q20,1401.8
3010655,q_lt_q20,1428.1
3010820,q_lt_q20,1443.6
3011020,q_lt_q20,1432.75
3011800,q_lt_q20,1373.35
3012550,q_lt_q20,1367.8
3014500,q_lt_q20,1469.7
3015000,q_lt_q20,1417.85
3015310,q_lt_q20,1458.4
3015500,q_lt_q20,1442.2
3016000,q_lt_q20,1442.2
3017500,q_lt_q20,1406.5
3020000,q_lt_q20,1456
3020500,q_lt_q20,1438.9
3021350,q_lt_q20,1422.75
3021520,q_lt_q20,1439.9
3022540,q_lt_q20,1420.55
3022554,q_lt_q20,1428.25
3023100,q_lt_q20,1448.35
3024000,q_lt_q20,1438
3025500,q_lt_q20,1452.3
3026480,q_lt_q20,1325.95
3026500,q_lt_q20,1350.15
3027500,q_lt_q20,1314.95
3028000,q_lt_q20,1402.4
3028500,q_lt_q20,1396.65
3029000,q_lt_q20,1410.35
3029500,q_lt_q20,1406.55
3030500,q_lt_q20,1414.85
3031500,q_lt_q20,
3031882,q_lt_q20,1441.5
3032500,q_lt_q20,1434.7
3034000,q_lt_q20,1459.4
3034500,q_lt_q20,1451.5
3036000,q_lt_q20,1442.7
3036500,q_lt_q20,
3038000,q_lt_q20,1491.3
3039000,q_lt_q20,1473.65
3040000,q_lt_q20,1461.55
3041029,q_lt_q20,1455.7
3041500,q_lt_q20,1444.45
3042000,q_lt_q20,1474.2
3042280,q_lt_q20,1397.7
3042500,q_lt_q20,1488.4
3044000,q_lt_q20,1464.5
3044810,q_lt_q20,1426.45
3045000,q_lt_q20,1443.15
3047000,q_lt_q20,1463.85
3048500,q_lt_q20,1460.1
3048900,q_lt_q20,1462.95
3049500,q_lt_q20,
3049800,q_lt_q20,1477.3
3049807,q_lt_q20,1470.05
3050000,q_lt_q20,1461.3
3051000,q_lt_q20,1482.15
3052000,q_lt_q20,1446.95
3052120,q_lt_q20,1431
3052500,q_lt_q20,1440.8
3053500,q_lt_q20,1473.15
3054500,q_lt_q20,1455.5
3056000,q_lt_q20,1447.5
3056250,q_lt_q20,1450.4
3057000,q_lt_q20,1472.4
3058000,q_lt_q20,1447.55
3058500,q_lt_q20,1491.15
3058975,q_lt_q20,1476.3
3061000,q_lt_q20,1469.4
3061500,q_lt_q20,1473.65
3062500,q_lt_q20,1440.65
3065000,q_lt_q20,1424.45
3066000,q_lt_q20,1405.7
3067510,q_lt_q20,1306.3
3068800,q_lt_q20,1389.7
3069500,q_lt_q20,1428.1
3070260,q_lt_q20,1453.2
3070500,q_lt_q20,1433.3
3072000,q_lt_q20,1478.8
3072655,q_lt_q20,1449.1
3073000,q_lt_q20,1466.5
3074500,q_lt_q20,1472.4
3077500,q_lt_q20,1431.1
3079000,q_lt_q20,1426.55
3080000,q_lt_q20,1457.45
3081000,q_lt_q20,1429.9
3081500,q_lt_q20,1427.25
3082500,q_lt_q20,1462.85
3083500,q_lt_q20,1451.9
3085500,q_lt_q20,1475.95
3086000,q_lt_q20,
3090500,q_lt_q20,1464.5
3091500,q_lt_q20,1450.3
3092460,q_lt_q20,1446.45
3093000,q_lt_q20,1480.25
3094000,q_lt_q20,1462.6
3094704,q_lt_q20,1450.05
3095500,q_lt_q20,
3098600,q_lt_q20,1455.1
3099500,q_lt_q20,1457.75
3101500,q_lt_q20,1440.2
3102500,q_lt_q20,1445.25
3102850,q_lt_q20,1445.5
3103500,q_lt_q20,1440.55
3105500,q_lt_q20,1455.6
3106000,q_lt_q20,1471.9
3106300,q_lt_q20,1465
3106500,q_lt_q20,1476.7
3598185,q_lt_q20,1506.2
3599240,q_lt_q20,1506.65
3599419,q_lt_q20,1484.5
3599500,q_lt_q20,1486.9
3601600,q_lt_q20,1494.1
3601990,q_lt_q20,1508.05
3602500,q_lt_q20,1503.15
3603000,q_lt_q20,1484.8
3604000,q_lt_q20,1506.5
3604400,q_lt_q20,1496.05
3605078,q_lt_q20,1452
3606500,q_lt_q20,1478.85
3610200,q_lt_q20,1504.4
3611260,q_lt_q20,1490.6
3612000,q_lt_q20,1481.85
3612600,q_lt_q20,
4010500,q_lt_q20,1318.4
4015438,q_lt_q20,1404.1
4021520,q_lt_q20,1441.9
4024000,q_lt_q20,
4024430,q_lt_q20,1455.1
4025500,q_lt_q20,1459.85
4026160,q_lt_q20,1411.05
4026561,q_lt_q20,1428.95
4026740,q_lt_q20,1477.1
4027000,q_lt_q20,1472.95
4027500,q_lt_q20,1487.45
4031000,q_lt_q20,1418.65
4033000,q_lt_q20,1442.8
4037500,q_lt_q20,1359.8
4040000,q_lt_q20,1421
4040500,q_lt_q20,1445.5
4041500,q_lt_q20,1445.6
4043016,q_lt_q20,1430
4043050,q_lt_q20,1300.55
4043097,q_lt_q20,1486.35
4044003,q_lt_q20,1431.2
4044724,q_lt_q20,1417.8
4045500,q_lt_q20,1365.05
4056500,q_lt_q20,1373.05
4057510,q_lt_q20,1427.05
4057800,q_lt_q20,1314.9
4057813,q_lt_q20,1400.95
4057814,q_lt_q20,1383.75
4058100,q_lt_q20,1372.05
4058200,q_lt_q20,1364.7
4059000,q_lt_q20,1416.9
4059500,q_lt_q20,1434.9
4059750,q_lt_q20,1463
4060500,q_lt_q20,1432.25
4060993,q_lt_q20,1272
4062000,q_lt_q20,1453.4
4062011,q_lt_q20,1431.75
4062500,q_lt_q20,1415.9
4063000,q_lt_q20,1437.95
4063522,q_lt_q20,1435.9
4063700,q_lt_q20,1408.3
4064500,q_lt_q20,1450.65
4065106,q_lt_q20,1414.75
4065650,q_lt_q20,1465.85
4065722,q_lt_q20,
4066003,q_lt_q20,1440.6
4066030,q_lt_q20,1426.65
4066500,q_lt_q20,1429.1
4066800,q_lt_q20,1446.3
4067500,q_lt_q20,1450.35
4067958,q_lt_q20,1448.55
4069416,q_lt_q20,1472.65
4071000,q_lt_q20,1473.2
4072076,q_lt_q20,1454.9
4072150,q_lt_q20,1467.25
4073240,q_lt_q20,1473.65
4073365,q_lt_q20,1489.35
4073458,q_lt_q20,1473.1
4073466,q_lt_q20,1448.1
4073500,q_lt_q20,1482.2
4074950,q_lt_q20,1463
4077630,q_lt_q20,1453.3
4078500,q_lt_q20,1477.95
4079000,q_lt_q20,1477.65
4080798,q_lt_q20,1474.65
4082400,q_lt_q20,1454.75
4084911,q_lt_q20,1478.75
4085108,q_lt_q20,1492.9
4085427,q_lt_q20,1478.05
4086000,q_lt_q20,1467.55
4087030,q_lt_q20,1484.45
4087220,q_lt_q20,1481.25
4087233,q_lt_q20,1472
4087234,q_lt_q20,1433.2
4087240,q_lt_q20,1476.45
4087257,q_lt_q20,1468.6
4093000,q_lt_q20,1483.55
4094400,q_lt_q20,1474.4
4096405,q_lt_q20,1506.75
4096515,q_lt_q20,1518.1
4097500,q_lt_q20,1483.85
4097540,q_lt_q20,1500.55
4098980,q_lt_q20,1526.05
4099000,q_lt_q20,1466.15
4099510,q_lt_q20,1497.1
4099750,q_lt_q20,1512.3
4100222,q_lt_q20,1506.95
4100500,q_lt_q20,1482.75
4101000,q_lt_q20,1468.6
4101225,q_lt_q20,1494.6
4101370,q_lt_q20,1476.45
4101500,q_lt_q20,1481.4
4101535,q_lt_q20,1410.4
4101590,q_lt_q20,1475.9
4101800,q_lt_q20,1485.8
4102148,q_lt_q20,1491.1
4102500,q_lt_q20,1460.6
4102700,q_lt_q20,1486.7
4103490,q_lt_q20,1490.95
4103500,q_lt_q20,1483.05
4104945,q_lt_q20,1478.9
4105000,q_lt_q20,1480.95
4105500,q_lt_q20,1489.85
4105700,q_lt_q20,1485.25
4106000,q_lt_q20,1465.25
4106400,q_lt_q20,1481.7
4106500,q_lt_q20,1461.2
4108600,q_lt_q20,1485.3
4108660,q_lt_q20,1441.85
4108800,q_lt_q20,1455.55
4108862,q_lt_q20,1469.2
4109000,q_lt_q20,1474.6
4111000,q_lt_q20,1488.2
4111379,q_lt_q20,1515.65
4112000,q_lt_q20,1508.7
4112500,q_lt_q20,1500.4
4113000,q_lt_q20,1487.85
4114000,q_lt_q20,1485.5
4114498,q_lt_q20,1493.9
4115000,q_lt_q20,1467.55
4115265,q_lt_q20,1500.2
4116000,q_lt_q20,1469.05
4117004,q_lt_q20,1507.15
4117500,q_lt_q20,1490.25
4118500,q_lt_q20,1475.25
4119000,q_lt_q20,1447.75
4119055,q_lt_q20,1464
4119070,q_lt_q20,1472.85
4119160,q_lt_q20,1479.5
4119400,q_lt_q20,1437.3
4121300,q_lt_q20,1444.55
4121494,q_lt_q20,1486.65
4121500,q_lt_q20,1441.35
4121944,q_lt_q20,1450.35
4121970,q_lt_q20,1458.55
4122001,q_lt_q20,1448.2
4122100,q_lt_q20,1457.8
4122200,q_lt_q20,1447.65
4122500,q_lt_q20,1417.15
4124000,q_lt_q20,1446.6
4124200,q_lt_q20,1425.45
4124500,q_lt_q20,1457.3
4125460,q_lt_q20,1464.85
4125550,q_lt_q20,1426.1
4126970,q_lt_q20,1459.05
4127200,q_lt_q20,1454.65
4127800,q_lt_q20,1436.9
4127917,q_lt_q20,1384.2
4127997,q_lt_q20,1446.05
4128990,q_lt_q20,1334.85
4133501,q_lt_q20,1433.4
4135700,q_lt_q20,1437.5
4135800,q_lt_q20,1310.6
4136000,q_lt_q20,1358.35
4136500,q_lt_q20,1448.3
4136900,q_lt_q20,1241.85
4137005,q_lt_q20,1370.45
4137500,q_lt_q20,1429.6
4142000,q_lt_q20,1444.9
4144500,q_lt_q20,1491.75
4145785,q_lt_q20,1499.45
4146000,q_lt_q20,1512.7
4146063,q_lt_q20,1479.3
4147500,q_lt_q20,1476.95
4148140,q_lt_q20,1472.15
4148295,q_lt_q20,1492.3
4148500,q_lt_q20,1517.5
4151500,q_lt_q20,1502.65
4152238,q_lt_q20,1485.7
4153300,q_lt_q20,1461.2
4153725,q_lt_q20,1478.55
4153905,q_lt_q20,1498.7
4154000,q_lt_q20,1480.35
4155500,q_lt_q20,1471.15
4156000,q_lt_q20,1480.1
4157005,q_lt_q20,1455.05
4159492,q_lt_q20,1464.75
4159900,q_lt_q20,1473.3
4160600,q_lt_q20,1478.55
4161000,q_lt_q20,1493.7
4161820,q_lt_q20,1492.45
4163400,q_lt_q20,1489.9
4164000,q_lt_q20,1476
4164100,q_lt_q20,1511.25
4164500,q_lt_q20,1512.5
4164800,q_lt_q20,1520.55
4165500,q_lt_q20,1510.7
4166100,q_lt_q20,1484.5
4166300,q_lt_q20,1502.6
4166500,q_lt_q20,1453.3
4166700,q_lt_q20,1499.75
4167000,q_lt_q20,1484.6
4168400,q_lt_q20,1484.35
4168580,q_lt_q20,1494.75
4168660,q_lt_q20,1495.45
4172000,q_lt_q20,1487.1
4173500,q_lt_q20,1505.45
4174490,q_lt_q20,1486.15
4174500,q_lt_q20,1485.5
4174518,q_lt_q20,1472.1
4175600,q_lt_q20,1472.75
4175748,q_lt_q20,1504.85
4176000,q_lt_q20,1495.5
4176400,q_lt_q20,1509.25
4176500,q_lt_q20,1502.3
4177000,q_lt_q20,1496.45
4177080,q_lt_q20,1497.9
4177266,q_lt_q20,1476.1
4177720,q_lt_q20,1496.85
4178000,q_lt_q20,1475.15
4179520,q_lt_q20,1496.45
4180000,q_lt_q20,1476.45
4180500,q_lt_q20,1474.6
4180988,q_lt_q20,1474.2
4181049,q_lt_q20,1483.7
4181120,q_lt_q20,1499.4
4181500,q_lt_q20,1485
4182000,q_lt_q20,1488.55
4182769,q_lt_q20,1463.05
4182808,q_lt_q20,1482.8
4182900,q_lt_q20,1468.8
4182950,q_lt_q20,1451.75
4183000,q_lt_q20,1490.05
4183038,q_lt_q20,1473.45
4183979,q_lt_q20,1491.95
4184500,q_lt_q20,1491.2
4185000,q_lt_q20,1488.2
4185318,q_lt_q20,1474.55
4185440,q_lt_q20,1508.5
4185935,q_lt_q20,1499
4186500,q_lt_q20,1478.1
4187100,q_lt_q20,1491.75
4188100,q_lt_q20,1480.2
4188252,q_lt_q20,1472.25
4188324,q_lt_q20,1477.55
4188337,q_lt_q20,1485
4188400,q_lt_q20,1472
4188433,q_lt_q20,1499.3
4188496,q_lt_q20,1478.5
4189000,q_lt_q20,1469.3
4189131,q_lt_q20,1500.1
4189174,q_lt_q20,1500
4189260,q_lt_q20,1494.6
4191058,q_lt_q20,1498.25
4191444,q_lt_q20,1466.25
4191500,q_lt_q20,1476.25
4192500,q_lt_q20,1450.95
4192574,q_lt_q20,1485.25
4192599,q_lt_q20,1477.6
4193500,q_lt_q20,1476.95
4193999,q_lt_q20,1461.5
4195500,q_lt_q20,1499.45
4195820,q_lt_q20,1487.25
4196000,q_lt_q20,1497.95
4196500,q_lt_q20,1488
4196800,q_lt_q20,1474.35
4197100,q_lt_q20,1509.55
4197137,q_lt_q20,1477.7
4197152,q_lt_q20,1478.3
4198000,q_lt_q20,1476.65
4199000,q_lt_q20,1478.8
4199155,q_lt_q20,1479.15
4199500,q_lt_q20,1467.7
4200500,q_lt_q20,1440.4
4201500,q_lt_q20,1462.75
4202000,q_lt_q20,1453.4
4206000,q_lt_q20,1453.85
4206413,q_lt_q20,1502.6
4206416,q_lt_q20,1486.35
4206425,q_lt_q20,1461.45
4207200,q_lt_q20,1462.6
4208000,q_lt_q20,1480.9
4208347,q_lt_q20,1470.3
4208460,q_lt_q20,1478.55
4208700,q_lt_q20,1505.35
4212100,q_lt_q20,1462.15
4213075,q_lt_q20,1445.9
4213152,q_lt_q20,1412.1
4213319,q_lt_q20,1432.5
4213500,q_lt_q20,1430.55
4214500,q_lt_q20,1430
4215000,q_lt_q20,1407.9
4215500,q_lt_q20,1403
4217000,q_lt_q20,1420.45
4218000,q_lt_q20,1433.35
4218518,q_lt_q20,1418.9
4218601,q_lt_q20,1420.7
4218700,q_lt_q20,1455.4
4220045,q_lt_q20,1457.8
4221000,q_lt_q20,1458.75
4223000,q_lt_q20,1439.1
4224775,q_lt_q20,1413.75
4226000,q_lt_q20,1470.95
4227500,q_lt_q20,1472.25
4228500,q_lt_q20,1445.8
4229500,q_lt_q20,1457
4230380,q_lt_q20,1426.25
4230500,q_lt_q20,1459.8
4231000,q_lt_q20,1468.25
4231401,q_lt_q20,1457.05
4231600,q_lt_q20,
4232034,q_lt_q20,1439.65
4232050,q_lt_q20,1442.3
4232482,q_lt_q20,1466.2
4232730,q_lt_q20,1445.55
4233255,q_lt_q20,1456.05
4233300,q_lt_q20,1439.25
4234000,q_lt_q20,1461.55
4234254,q_lt_q20,1459.45
4234398,q_lt_q20,1418.95
4235000,q_lt_q20,1462.25
4235250,q_lt_q20,1466.4
4235299,q_lt_q20,1419.4
4235440,q_lt_q20,1432.85
4235600,q_lt_q20,1413.9
4236800,q_lt_q20,1430.2
4237496,q_lt_q20,1429.5
4239000,q_lt_q20,1417.7
4240010,q_lt_q20,1431.9
4242640,q_lt_q20,1406
4243500,q_lt_q20,1443.5
4243783,q_lt_q20,1430.4
4244000,q_lt_q20,1407.5
4245840,q_lt_q20,1393.9
4247000,q_lt_q20,1411.7
4249000,q_lt_q20,1431.9
4249200,q_lt_q20,1361.75
4250200,q_lt_q20,1376.55
4250750,q_lt_q20,1414.2
4252500,q_lt_q20,1373.7
4253294,q_lt_q20,1200.85
4253295,q_lt_q20,1243.5
4253296,q_lt_q20,1234.65
4256000,q_lt_q20,1347.7
4258000,q_lt_q20,1388.5
4260500,q_lt_q20,1398.15
4262000,q_lt_q20,1314.5
4262500,q_lt_q20,1360.5
4263000,q_lt_q20,1381.05
4265432,q_lt_q20,1388.1
4266500,q_lt_q20,
4267500,q_lt_q20,1358
4268000,q_lt_q20,1402.25
4268800,q_lt_q20,1337.6
4269000,q_lt_q20,1384.65
4270200,q_lt_q20,1343.05
4271500,q_lt_q20,1428.65
4271815,q_lt_q20,1423
4273500,q_lt_q20,1430.55
4273700,q_lt_q20,1450.3
4273800,q_lt_q20,1465.85
4275000,q_lt_q20,1387.85
4275500,q_lt_q20,1391.45
4276500,q_lt_q20,1456.8
4280000,q_lt_q20,1386.6
4280450,q_lt_q20,1412.6
4282000,q_lt_q20,1419.1
4282500,q_lt_q20,1419.1
4282525,q_lt_q20,1393.55
4282581,q_lt_q20,1430.95
4282650,q_lt_q20,1444.9
4282780,q_lt_q20,1408.75
4282795,q_lt_q20,1425.2
4285500,q_lt_q20,1326.6
4286000,q_lt_q20,1345.1
4287000,q_lt_q20,1336.75
4288000,q_lt_q20,1298.65
4288225,q_lt_q20,1175.95
4288230,q_lt_q20,1236.65
4288295,q_lt_q20,1337.45
4289000,q_lt_q20,1254.05
4290500,q_lt_q20,1393.35
4292000,q_lt_q20,1369.55
4292500,q_lt_q20,1341.9
4292750,q_lt_q20,1350.55
4292810,q_lt_q20,1284.45
4293000,q_lt_q20,1331.5
4293500,q_lt_q20,1347.8
4294000,q_lt_q20,1343.9
4294140,q_lt_q20,1340.5
4294300,q_lt_q20,1351.85
4296000,q_lt_q20,1358.05
4296280,q_lt_q20,1369.4
4296500,q_lt_q20,1350.8
5014500,q_lt_q20,1277.05
5017500,q_lt_q20,
5030500,q_lt_q20,1433.7
5046000,q_lt_q20,1402.5
5046475,q_lt_q20,1416.45
5050000,q_lt_q20,1411.3
5051300,q_lt_q20,1415.25
5051522,q_lt_q20,1407.45
5051600,q_lt_q20,1424.15
5052000,q_lt_q20,1436.85
5052500,q_lt_q20,1424.75
5053000,q_lt_q20,1430.5
5053500,q_lt_q20,1437.65
5054000,q_lt_q20,1451.95
5054500,q_lt_q20,1432.15
5055300,q_lt_q20,1415.7
5055400,q_lt_q20,1419.4
5056000,q_lt_q20,1369.2
5056060,q_lt_q20,1402
5056100,q_lt_q20,1420.45
5056200,q_lt_q20,1418.45
5056215,q_lt_q20,1369.2
5056239,q_lt_q20,1398.05
5056340,q_lt_q20,1408.95
5056678,q_lt_q20,1419.8
5056770,q_lt_q20,1400.3
5057000,q_lt_q20,1389.15
5057200,q_lt_q20,1402.6
5058000,q_lt_q20,1406.55
5058700,q_lt_q20,1438.95
5059000,q_lt_q20,1415.7
5059300,q_lt_q20,1426.35
5059480,q_lt_q20,1452
5059600,q_lt_q20,1425.05
5059700,q_lt_q20,1427.3
5059715,q_lt_q20,1441.8
5060000,q_lt_q20,1437.15
5060100,q_lt_q20,1455
5060400,q_lt_q20,1444.2
5060500,q_lt_q20,1441.45
5061000,q_lt_q20,1402.95
5061500,q_lt_q20,1427.6
5062000,q_lt_q20,1422.95
5062130,q_lt_q20,1426.85
5062500,q_lt_q20,1433.05
5063398,q_lt_q20,1421.75
5064000,q_lt_q20,1457.65
5064500,q_lt_q20,1429.9
5065500,q_lt_q20,1414.85
5066500,q_lt_q20,1445.2
5067500,q_lt_q20,1419.1
5069000,q_lt_q20,1391.75
5070000,q_lt_q20,1425.3
5074500,q_lt_q20,1357.1
5076000,q_lt_q20,1413.35
5078000,q_lt_q20,1429.75
5078230,q_lt_q20,1415.7
5078500,q_lt_q20,1430.15
5079000,q_lt_q20,1442.05
5080000,q_lt_q20,1357
5082500,q_lt_q20,1462.8
5082625,q_lt_q20,1402.75
5084000,q_lt_q20,1404.9
5085000,q_lt_q20,1406.65
5085450,q_lt_q20,1428.8
5087500,q_lt_q20,1424.95
5090000,q_lt_q20,1422.65
5092000,q_lt_q20,1418.8
5094000,q_lt_q20,1456.85
5099400,q_lt_q20,1367.65
5099600,q_lt_q20,1376.85
5100000,q_lt_q20,1411.7
5101000,q_lt_q20,1400.55
5104500,q_lt_q20,1414.05
5106000,q_lt_q20,1347.7
5107500,q_lt_q20,1439.95
5112000,q_lt_q20,1439.2
5113600,q_lt_q20,1437.05
5114000,q_lt_q20,1416.95
5116000,q_lt_q20,1413.1
5116500,q_lt_q20,1428.3
5117500,q_lt_q20,1415.95
5120000,q_lt_q20,1427.6
5120500,q_lt_q20,1423.2
5122000,q_lt_q20,1434.2
5123400,q_lt_q20,1415.85
5123510,q_lt_q20,1410.1
5124000,q_lt_q20,1407.15
5124480,q_lt_q20,1221.05
5125000,q_lt_q20,1257.85
5126210,q_lt_q20,1263.65
5127500,q_lt_q20,1215.25
5129115,q_lt_q20,1380
5129515,q_lt_q20,
5131500,q_lt_q20,1424.15
5132000,q_lt_q20,1423.05
5133500,q_lt_q20,1374.5
5200510,q_lt_q20,1483.6
5211000,q_lt_q20,1451.45
5212700,q_lt_q20,1460.85
5227500,q_lt_q20,1481.95
5227530,q_lt_q20,1477.35
5242300,q_lt_q20,1453.9
5243725,q_lt_q20,1448.5
5244000,q_lt_q20,1468.05
5245100,q_lt_q20,1445.3
5247500,q_lt_q20,1447.25
5267000,q_lt_q20,1439.55
5270500,q_lt_q20,1427.45
5270700,q_lt_q20,1416.85
5275000,q_lt_q20,1427.65
5280000,q_lt_q20,1443.35
5283500,q_lt_q20,
5286000,q_lt_q20,1444.45
5287890,q_lt_q20,1426.95
5288487,q_lt_q20,1462.5
5288490,q_lt_q20,1472.6
5288500,q_lt_q20,1396.6
5288580,q_lt_q20,1438.15
5288705,q_lt_q20,1447.4
5289800,q_lt_q20,1443.9
5290000,q_lt_q20,1397.7
5291000,q_lt_q20,1404.35
5292000,q_lt_q20,1398.25
5293000,q_lt_q20,1398.1
5294000,q_lt_q20,1421.8
5300000,q_lt_q20,1395.65
5301000,q_lt_q20,1379.8
5304500,q_lt_q20,1401.35
5305000,q_lt_q20,1383.6
5311000,q_lt_q20,1396.25
5311150,q_lt_q20,1364.95
5313500,q_lt_q20,1356.35
5315000,q_lt_q20,1407.75
5316500,q_lt_q20,1379.55
5316580,q_lt_q20,1375.95
5316770,q_lt_q20,1381.35
5317000,q_lt_q20,1394.85
5319500,q_lt_q20,1380.85
5320000,q_lt_q20,1368.25
5320500,q_lt_q20,1360.55
5325000,q_lt_q20,
5327000,q_lt_q20,1378
5330000,q_lt_q20,1398.85
5331000,q_lt_q20,1422.5
5331833,q_lt_q20,1441.7
5333500,q_lt_q20,1435.35
5336700,q_lt_q20,1448.45
5338500,q_lt_q20,1460.95
5340500,q_lt_q20,1374.9
5341550,q_lt_q20,
5342000,q_lt_q20,1421.6
5344490,q_lt_q20,
5344500,q_lt_q20,
5345000,q_lt_q20,1436.85
5353800,q_lt_q20,1419.8
5354500,q_lt_q20,1422.35
5355024,q_lt_q20,1431.8
5355092,q_lt_q20,1408.3
5355200,q_lt_q20,1376.85
5355250,q_lt_q20,1407.8
5356000,q_lt_q20,1458.85
5356500,q_lt_q20,1462.85
5357335,q_lt_q20,1453.9
5360500,q_lt_q20,1479.6
5362000,q_lt_q20,1489.25
5365500,q_lt_q20,1448.65
5366800,q_lt_q20,1421.05
5367500,q_lt_q20,1447.45
5368000,q_lt_q20,1465.35
5369000,q_lt_q20,1427.1
5369500,q_lt_q20,1417.85
5370000,q_lt_q20,1415.15
5372995,q_lt_q20,1449.85
5378500,q_lt_q20,
5379400,q_lt_q20,1457.5
5379500,q_lt_q20,1424.95
5381000,q_lt_q20,1472.55
5382000,q_lt_q20,1444.05
5382255,q_lt_q20,1482.95
5382257,q_lt_q20,1481.65
5382267,q_lt_q20,1452.55
5382284,q_lt_q20,1477.65
5382325,q_lt_q20,1471.05
5383075,q_lt_q20,1467.65
5383950,q_lt_q20,1404.95
5387440,q_lt_q20,1431.9
5387500,q_lt_q20,1461.05
5388250,q_lt_q20,1401
5389000,q_lt_q20,1421.1
5389400,q_lt_q20,1430.45
5391000,q_lt_q20,1455.25
5393500,q_lt_q20,1464.45
5394500,q_lt_q20,1441.6
5395000,q_lt_q20,1467.7
5396000,q_lt_q20,1461.75
5397500,q_lt_q20,1474.7
5398000,q_lt_q20,1467.9
5399500,q_lt_q20,1462.15
5400625,q_lt_q20,1484.75
5400760,q_lt_q20,1456.2
5401034,q_lt_q20,1473.2
5401050,q_lt_q20,1493.5
5401514,q_lt_q20,1497.95
5403000,q_lt_q20,1466
5403500,q_lt_q20,1443.05
5404000,q_lt_q20,1448.25
5405000,q_lt_q20,1474.3
5406457,q_lt_q20,1463.8
5406469,q_lt_q20,1467.45
5406479,q_lt_q20,1463.95
5406500,q_lt_q20,1459.25
5407000,q_lt_q20,1428.3
5407468,q_lt_q20,1454.9
5408000,q_lt_q20,1457.5
5410490,q_lt_q20,1444.85
5411600,q_lt_q20,1472.6
5411850,q_lt_q20,1468.7
5412020,q_lt_q20,1448.5
5412400,q_lt_q20,1458.2
5412500,q_lt_q20,1463.85
5414820,q_lt_q20,1447.9
5416900,q_lt_q20,1486.7
5418400,q_lt_q20,1492.95
5418500,q_lt_q20,1476.35
5419000,q_lt_q20,1492.15
5420500,q_lt_q20,1454.45
5420680,q_lt_q20,1445.4
5421000,q_lt_q20,1490.7
5421740,q_lt_q20,1468.75
5422000,q_lt_q20,1458.65
5423500,q_lt_q20,1452.05
5424057,q_lt_q20,1470.25
5425500,q_lt_q20,1454.75
5425912,q_lt_q20,1485.05
5426000,q_lt_q20,1418.55
5426067,q_lt_q20,1446.95
5426250,q_lt_q20,1418.9
5427085,q_lt_q20,1471.55
5427530,q_lt_q20,1430.25
5427718,q_lt_q20,1470.25
5427850,q_lt_q20,1460.6
5427880,q_lt_q20,1469.75
5427910,q_lt_q20,1449
5427927,q_lt_q20,1462.6
5427930,q_lt_q20,1448.2
5427943,q_lt_q20,1489.6
5427948,q_lt_q20,1483.2
5427965,q_lt_q20,1438.85
5428500,q_lt_q20,1490.45
5429369,q_lt_q20,1474.5
5429700,q_lt_q20,1471.05
5430150,q_lt_q20,1451.1
5430175,q_lt_q20,1413.3
5430500,q_lt_q20,1423.3
5431016,q_lt_q20,1457.8
5431486,q_lt_q20,1441.25
5432500,q_lt_q20,1440.25
5433000,q_lt_q20,1458.6
5434500,q_lt_q20,1463.25
5435500,q_lt_q20,1465.45
5435943,q_lt_q20,1474.6
5435950,q_lt_q20,1472.55
5436500,q_lt_q20,1458.45
5437050,q_lt_q20,1437.25
5437500,q_lt_q20,1424.05
5438170,q_lt_q20,1485.55
5438283,q_lt_q20,1472.05
5438500,q_lt_q20,1499.7
5439000,q_lt_q20,1472
5439500,q_lt_q20,1465.85
5440000,q_lt_q20,1457.15
5440700,q_lt_q20,1479.6
5442300,q_lt_q20,1479.35
5443500,q_lt_q20,1440
5444000,q_lt_q20,1465.25
5446500,q_lt_q20,1453
5447500,q_lt_q20,1474.45
5448000,q_lt_q20,1479.25
5449500,q_lt_q20,1456.55
5451210,q_lt_q20,1491.2
5451500,q_lt_q20,1500.05
5451700,q_lt_q20,1491.05
5451770,q_lt_q20,1453.85
5451900,q_lt_q20,1493.95
5452000,q_lt_q20,1495.45
5452200,q_lt_q20,1482.25
5453000,q_lt_q20,1495.35
5453100,q_lt_q20,1458.15
5453520,q_lt_q20,1483.5
5454000,q_lt_q20,1502.8
5454090,q_lt_q20,1500.2
5454220,q_lt_q20,1497.6
5454300,q_lt_q20,1497.35
5454500,q_lt_q20,1489.45
5455100,q_lt_q20,1515.65
5455500,q_lt_q20,1484.25
5455700,q_lt_q20,1511.65
5457000,q_lt_q20,1444.8
5457700,q_lt_q20,1475.05
5458000,q_lt_q20,1474.05
5458300,q_lt_q20,1492.75
5458500,q_lt_q20,1505.15
5458900,q_lt_q20,1450.05
5459500,q_lt_q20,1471.1
5462000,q_lt_q20,1475.55
5463000,q_lt_q20,1474
5463050,q_lt_q20,1477.8
5463500,q_lt_q20,1487.5
5464000,q_lt_q20,1505.1
5464220,q_lt_q20,1490.1
5464315,q_lt_q20,1475.7
5464420,q_lt_q20,1435.75
5464500,q_lt_q20,1489.1
5464695,q_lt_q20,1489.9
5464730,q_lt_q20,1459.35
5464780,q_lt_q20,1470.25
5465000,q_lt_q20,1455.4
5465500,q_lt_q20,1493.6
5465700,q_lt_q20,1469
5466500,q_lt_q20,1473.85
5467000,q_lt_q20,1468.65
5469000,q_lt_q20,1471.2
5470000,q_lt_q20,1491.2
5470500,q_lt_q20,1492.2
5471000,q_lt_q20,1490.9
5471050,q_lt_q20,1482.85
5471200,q_lt_q20,1481.6
5471500,q_lt_q20,1479.85
5472500,q_lt_q20,1502.2
5473400,q_lt_q20,1490.6
5473450,q_lt_q20,1489.85
5474000,q_lt_q20,1477.6
5476000,q_lt_q20,1406.05
5476590,q_lt_q20,1466.75
5476750,q_lt_q20,1480.55
5478265,q_lt_q20,1404.35
5479000,q_lt_q20,1497.15
5480500,q_lt_q20,1486.05
5480820,q_lt_q20,1476
5481000,q_lt_q20,1491.6
5481300,q_lt_q20,1469.4
5481650,q_lt_q20,1477.7
5481950,q_lt_q20,1486.8
5482000,q_lt_q20,1480.2
5482300,q_lt_q20,1498.6
5482500,q_lt_q20,1494.75
5483450,q_lt_q20,1500.9
5483600,q_lt_q20,1499.25
5484000,q_lt_q20,1499.55
5484500,q_lt_q20,1485.4
5484650,q_lt_q20,1494.4
5484800,q_lt_q20,1493.1
5484900,q_lt_q20,1491.15
5485500,q_lt_q20,1477.1
5485605,q_lt_q20,1510.25
5485640,q_lt_q20,1500
5486000,q_lt_q20,1506.45
5486490,q_lt_q20,1477.55
5487470,q_lt_q20,1472.4
5487520,q_lt_q20,1499.5
5487980,q_lt_q20,1498.25
5488110,q_lt_q20,
5488200,q_lt_q20,1484.25
5488500,q_lt_q20,
5489000,q_lt_q20,1497.9
5489500,q_lt_q20,1489.7
5490500,q_lt_q20,1481.4
5495000,q_lt_q20,1473.25
5495500,q_lt_q20,1483.4
5496000,q_lt_q20,1486.25
5497150,q_lt_q20,1480.25
5498150,q_lt_q20,1465.6
5498700,q_lt_q20,1471.65
5500000,q_lt_q20,1467.75
5501000,q_lt_q20,1477.7
5502000,q_lt_q20,1461.35
5502300,q_lt_q20,1460.6
5502500,q_lt_q20,1461.9
5503800,q_lt_q20,1461.65
5504800,q_lt_q20,1454.1
5506100,q_lt_q20,1456.65
5506350,q_lt_q20,1477.35
5506800,q_lt_q20,1464.8
5507600,q_lt_q20,1464.7
5507800,q_lt_q20,1462.4
5508000,q_lt_q20,1483.8
5508805,q_lt_q20,1478.5
5514500,q_lt_q20,1473.3
5514840,q_lt_q20,1477.15
5514860,q_lt_q20,1484.1
5515500,q_lt_q20,1457.95
5516500,q_lt_q20,1448.15
5516665,q_lt_q20,1485.05
5517000,q_lt_q20,1488.05
5517500,q_lt_q20,1462.25
5517530,q_lt_q20,1448.95
5518000,q_lt_q20,1460.95
5520500,q_lt_q20,1467.85
5522500,q_lt_q20,1475.35
5524500,q_lt_q20,1463.2
5525000,q_lt_q20,1483.2
5525500,q_lt_q20,1481.55
5526000,q_lt_q20,1451.1
5527500,q_lt_q20,
5527800,q_lt_q20,1476.8
5527950,q_lt_q20,1460.8
5528000,q_lt_q20,1465.25
5528100,q_lt_q20,1468.05
5528500,q_lt_q20,1464.1
5529000,q_lt_q20,1452.55
5529500,q_lt_q20,1483.25
5530000,q_lt_q20,1464.35
5530990,q_lt_q20,1466.85
5531045,q_lt_q20,1477.4
5531300,q_lt_q20,1470.45
5531500,q_lt_q20,1445.1
5532000,q_lt_q20,1467.15
5532500,q_lt_q20,1461.3
5533000,q_lt_q20,1476.2
5533400,q_lt_q20,1479.15
5533600,q_lt_q20,1426.95
5534500,q_lt_q20,1483.6
5535000,q_lt_q20,1462.75
5535070,q_lt_q20,1479.8
5535500,q_lt_q20,1457.9
5536000,q_lt_q20,1450.6
5536085,q_lt_q20,1484.8
5536162,q_lt_q20,1463.65
5536179,q_lt_q20,1482.45
5536190,q_lt_q20,1474.45
5536195,q_lt_q20,1477.65
5536215,q_lt_q20,1469.05
5536235,q_lt_q20,1482.9
5536255,q_lt_q20,1473.3
5536265,q_lt_q20,1458.8
5536275,q_lt_q20,1469.3
5536340,q_lt_q20,1468.05
5536500,q_lt_q20,1464.25
5537500,q_lt_q20,1464.7
5539000,q_lt_q20,1461.95
5539900,q_lt_q20,1482.1
5540060,q_lt_q20,1487.15
5540095,q_lt_q20,1484.9
5540130,q_lt_q20,1485.45
5540160,q_lt_q20,1479.75
5540195,q_lt_q20,1467.05
5540250,q_lt_q20,1462.1
5540275,q_lt_q20,1479.4
5540290,q_lt_q20,1471.5
5540500,q_lt_q20,1463.15
5541710,q_lt_q20,1479.1
5542000,q_lt_q20,1488.1
5543500,q_lt_q20,1471.2
5543830,q_lt_q20,1474.2
5544200,q_lt_q20,1487.65
5545750,q_lt_q20,1433.1
5548105,q_lt_q20,1453.7
5548280,q_lt_q20,1467.25
5550001,q_lt_q20,1481.05
5550300,q_lt_q20,1485.25
5550500,q_lt_q20,1466.7
5551000,q_lt_q20,1462.05
5551200,q_lt_q20,1488.8
5551330,q_lt_q20,1489.85
5551540,q_lt_q20,1470.6
5551545,q_lt_q20,1480.95
5551580,q_lt_q20,1480.55
5551675,q_lt_q20,1485.5
5551700,q_lt_q20,1489.15
5552500,q_lt_q20,1488.75
5554500,q_lt_q20,1480.55
5555300,q_lt_q20,1489.8
5556500,q_lt_q20,1488.35
5558300,q_lt_q20,1455.85
5560500,q_lt_q20,1473.35
5561500,q_lt_q20,1488.7
5567500,q_lt_q20,1490.3
5568000,q_lt_q20,1472.1
5568800,q_lt_q20,1464.9
5569500,q_lt_q20,1490.3
5570000,q_lt_q20,1488.8
5570910,q_lt_q20,1474.55
5572000,q_lt_q20,1476.9
5573540,q_lt_q20,1470.2
5576000,q_lt_q20,1491.25
5576250,q_lt_q20,1472.25
5576500,q_lt_q20,1489.5
5577500,q_lt_q20,1479.55
5578000,q_lt_q20,1476.6
5578100,q_lt_q20,1478.4
5578250,q_lt_q20,1491.9
5578500,q_lt_q20,1491.75
5579500,q_lt_q20,1480.3
5579725,q_lt_q20,1476.15
5580000,q_lt_q20,1488.65
5580950,q_lt_q20,1476.85
5582000,q_lt_q20,1481.65
5583000,q_lt_q20,1470.1
5584500,q_lt_q20,1474.2
5585000,q_lt_q20,1469.7
5586100,q_lt_q20,1448.75
5587000,q_lt_q20,1474.05
5587900,q_lt_q20,1493
5588000,q_lt_q20,1502.6
5590050,q_lt_q20,1485.35
5590520,q_lt_q20,1501.2
5590800,q_lt_q20,1501.85
5591200,q_lt_q20,1512.65
5591550,q_lt_q20,1501.5
5591700,q_lt_q20,1511.8
5592000,q_lt_q20,1494.4
5592050,q_lt_q20,1485.25
5592100,q_lt_q20,1477.35
5592500,q_lt_q20,1483.95
5592575,q_lt_q20,1511
5592800,q_lt_q20,1491.65
5592900,q_lt_q20,1497.8
5593000,q_lt_q20,1504.5
5593575,q_lt_q20,1517.3
5593900,q_lt_q20,1494.7
5593945,q_lt_q20,1492.75
5594000,q_lt_q20,1508.15
5594100,q_lt_q20,1510.2
5594450,q_lt_q20,1482.9
5594800,q_lt_q20,1500.2
5595000,q_lt_q20,1485.4
5595200,q_lt_q20,1519.65
5595730,q_lt_q20,1513.75
5595820,q_lt_q20,1524.3
5597000,q_lt_q20,1515.75
5597500,q_lt_q20,1526.1
5599490,q_lt_q20,1489.5
6006000,q_lt_q20,1370.4
6012500,q_lt_q20,1368.95
6016000,q_lt_q20,1441.9
6017000,q_lt_q20,1455.6
6018500,q_lt_q20,1435.95
6019500,q_lt_q20,1424.55
6020600,q_lt_q20,1451.9
6023000,q_lt_q20,1422.6
6023100,q_lt_q20,1445.6
6024450,q_lt_q20,1418.25
6024540,q_lt_q20,1338.1
6025250,q_lt_q20,1388.05
6025500,q_lt_q20,1392
6026210,q_lt_q20,1434.4
6026420,q_lt_q20,1452.8
6026500,q_lt_q20,1431.4
6027600,q_lt_q20,1446.45
6033000,q_lt_q20,1475.25
6035000,q_lt_q20,1481.15
6036650,q_lt_q20,1443.75
6036905,q_lt_q20,1385.85
6036940,q_lt_q20,1379.2
6037100,q_lt_q20,1354.7
6038800,q_lt_q20,1365.45
6040000,q_lt_q20,1444.5
6040800,q_lt_q20,1394.65
6041000,q_lt_q20,1367.6
6043120,q_lt_q20,1340.3
6043500,q_lt_q20,1402.45
6048650,q_lt_q20,1415.65
6050000,q_lt_q20,1282.65
6052500,q_lt_q20,1467
6054500,q_lt_q20,1453.9
6061500,q_lt_q20,1416.9
6062500,q_lt_q20,1311.9
6063000,q_lt_q20,1460.2
6065500,q_lt_q20,1410
6066500,q_lt_q20,1434.4
6071300,q_lt_q20,1404.1
6073500,q_lt_q20,1452.5
6074000,q_lt_q20,1469.75
6076690,q_lt_q20,1441.3
6077200,q_lt_q20,1419.6
6077500,q_lt_q20,1474.15
6078200,q_lt_q20,1458.95
6078500,q_lt_q20,1352.05
6079000,q_lt_q20,1360.75
6082200,q_lt_q20,1456.35
6085800,q_lt_q20,1495.25
6088500,q_lt_q20,1516.65
6089000,q_lt_q20,1534.5
6090300,q_lt_q20,1476.4
6090500,q_lt_q20,1415.15
6090800,q_lt_q20,
6092020,q_lt_q20,1458.65
6093200,q_lt_q20,1506.35
6098120,q_lt_q20,1484.4
6098800,q_lt_q20,1465.2
6099000,q_lt_q20,1487.5
6099500,q_lt_q20,1516.75
6101500,q_lt_q20,1494.45
6102050,q_lt_q20,1485.2
6102500,q_lt_q20,1477.3
6108800,q_lt_q20,1500.05
6109500,q_lt_q20,1486.5
6110020,q_lt_q20,1484.2
6111800,q_lt_q20,1466.75
6114700,q_lt_q20,1454.25
6115200,q_lt_q20,1424.9
6119600,q_lt_q20,1446.75
6120500,q_lt_q20,1472.15
6123030,q_lt_q20,1483.2
6125600,q_lt_q20,1502.25
6126500,q_lt_q20,1494.65
6127500,q_lt_q20,1496.65
6130000,q_lt_q20,1493.3
6130500,q_lt_q20,1491.05
6131200,q_lt_q20,1508.3
6133500,q_lt_q20,1448.85
6135000,q_lt_q20,1500.85
6137575,q_lt_q20,1531.9
6138580,q_lt_q20,1508.15
6139500,q_lt_q20,1523.2
6140500,q_lt_q20,1500.95
6142400,q_lt_q20,1525.75
6151500,q_lt_q20,1500.65
6154100,q_lt_q20,1501.15
6154400,q_lt_q20,1525.7
6155030,q_lt_q20,1513.4
6155500,q_lt_q20,1521.85
6164510,q_lt_q20,1497.4
6166000,q_lt_q20,1529.4
6167500,q_lt_q20,1517.6
6169500,q_lt_q20,1486.8
6172310,q_lt_q20,1507.95
6174500,q_lt_q20,1505.8
6177000,q_lt_q20,1480.4
6177500,q_lt_q20,1498.1
6178000,q_lt_q20,1448.75
6181000,q_lt_q20,1492.9
6183450,q_lt_q20,1458.85
6185110,q_lt_q20,1464.1
6185500,q_lt_q20,1277
6187915,q_lt_q20,1334.1
6188000,q_lt_q20,1389.7
6190540,q_lt_q20,1399.3
6191000,q_lt_q20,1395.3
6191500,q_lt_q20,1396
6192500,q_lt_q20,1401.7
6195600,q_lt_q20,1460.9
6197800,q_lt_q20,1353.65
6200000,q_lt_q20,1447.15
6204050,q_lt_q20,1287.25
6204070,q_lt_q20,1314.35
6205000,q_lt_q20,1474.45
6207500,q_lt_q20,1431.7
6209500,q_lt_q20,1334.55
6211000,q_lt_q20,1486.15
6211500,q_lt_q20,1479.7
6214500,q_lt_q20,
6218500,q_lt_q20,1371.5
6220800,q_lt_q20,1412.75
6221400,q_lt_q20,1418.95
6224000,q_lt_q20,1404.4
6227600,q_lt_q20,1422.4
6228000,q_lt_q20,1509.95
6235500,q_lt_q20,1480.05
6253000,q_lt_q20,1505.65
6274300,q_lt_q20,1461.2
6279500,q_lt_q20,1464.65
6279940,q_lt_q20,1439.8
6281000,q_lt_q20,1441.1
6285100,q_lt_q20,1463.3
6287000,q_lt_q20,1461.65
6288400,q_lt_q20,1480.3
6289000,q_lt_q20,1435.2
6294500,q_lt_q20,1492.85
6295000,q_lt_q20,1470.3
6295113,q_lt_q20,1437.2
6295220,q_lt_q20,1487.75
6306300,q_lt_q20,1488
6307500,q_lt_q20,1474.15
6307616,q_lt_q20,1476.6
6308500,q_lt_q20,1502.4
6309000,q_lt_q20,1475.8
6309200,q_lt_q20,1394.7
6317000,q_lt_q20,1485.65
6318500,q_lt_q20,1427.8
6324500,q_lt_q20,1489.7
6326500,q_lt_q20,1486.45
6327500,q_lt_q20,1468.75
6329500,q_lt_q20,1482.25
6331000,q_lt_q20,1476.5
6331680,q_lt_q20,1467.95
6332000,q_lt_q20,1439.8
6332515,q_lt_q20,1447.1
6332523,q_lt_q20,1472.45
6332770,q_lt_q20,1476.45
6334500,q_lt_q20,1538.1
6335500,q_lt_q20,1501
6335750,q_lt_q20,1478.3
6336000,q_lt_q20,1435.5
6336600,q_lt_q20,1446.3
6337000,q_lt_q20,1431.1
6337200,q_lt_q20,1484.5
6339100,q_lt_q20,1479.8
6339500,q_lt_q20,1469.5
6340000,q_lt_q20,1469.55
6340010,q_lt_q20,1448.75
6340500,q_lt_q20,1454.55
6342260,q_lt_q20,1434.15
6342450,q_lt_q20,1436.6
6342500,q_lt_q20,1451.35
6343000,q_lt_q20,1491.3
6344600,q_lt_q20,1492.2
6345500,q_lt_q20,1475
6345780,q_lt_q20,1456.4
6347000,q_lt_q20,1470.9
6347500,q_lt_q20,1479
6348300,q_lt_q20,1453.1
6348500,q_lt_q20,1447.5
6349000,q_lt_q20,1433.3
6349500,q_lt_q20,1447.25
6349600,q_lt_q20,1481.4
6350000,q_lt_q20,1505.65
6351200,q_lt_q20,1498.8
6352000,q_lt_q20,1508.45
6353000,q_lt_q20,1488
6354000,q_lt_q20,1463.65
6354480,q_lt_q20,1462.5
6354580,q_lt_q20,1438.3
6355500,q_lt_q20,1510.6
6356500,q_lt_q20,1512.9
6359500,q_lt_q20,1535.7
6360500,q_lt_q20,1504.45
6386500,q_lt_q20,1499.7
6395000,q_lt_q20,1498
6400000,q_lt_q20,1515.2
6400875,q_lt_q20,1506.55
6401500,q_lt_q20,
6402000,q_lt_q20,1470.55
6402430,q_lt_q20,1435.95
6402500,q_lt_q20,1496.9
6402600,q_lt_q20,1498.1
6403300,q_lt_q20,1394.1
6403700,q_lt_q20,1518.95
6404000,q_lt_q20,1442.5
6404998,q_lt_q20,1413.1
6406000,q_lt_q20,1503.2
6406500,q_lt_q20,1502.45
6407500,q_lt_q20,1396.05
6408650,q_lt_q20,1531.4
6408700,q_lt_q20,1362.95
6409000,q_lt_q20,1402.4
6410000,q_lt_q20,1375.55
6410500,q_lt_q20,1388.35
6411500,q_lt_q20,1410.05
6412500,q_lt_q20,1415.4
6412810,q_lt_q20,1457.85
6414000,q_lt_q20,1494.65
6418800,q_lt_q20,1494.4
6421500,q_lt_q20,1518.65
6422500,q_lt_q20,1420.3
6423500,q_lt_q20,1512
6425100,q_lt_q20,1520.35
6425500,q_lt_q20,1525
6426500,q_lt_q20,1504.35
6428500,q_lt_q20,1507.65
6429997,q_lt_q20,1512.3
6430500,q_lt_q20,1513.35
6430770,q_lt_q20,1355
6430850,q_lt_q20,1384.7
6431500,q_lt_q20,1433.2
6433000,q_lt_q20,1507.25
6434505,q_lt_q20,1506.95
6436000,q_lt_q20,1512.6
6436180,q_lt_q20,1430.95
6436190,q_lt_q20,1500.6
6436198,q_lt_q20,1511.2
6437000,q_lt_q20,1544.2
6437020,q_lt_q20,1391.75
6438000,q_lt_q20,1509.75
6438500,q_lt_q20,1516.3
6440200,q_lt_q20,1571.5
6441500,q_lt_q20,1556.15
6442130,q_lt_q20,1556.8
6442600,q_lt_q20,1547.45
6445685,q_lt_q20,1490.2
6446000,q_lt_q20,1488.3
6446500,q_lt_q20,1565.3
6446700,q_lt_q20,1519.1
6447000,q_lt_q20,1537.2
6447230,q_lt_q20,1540.45
6447450,q_lt_q20,1549.8
6447500,q_lt_q20,1487.2
6449000,q_lt_q20,1518.1
6449100,q_lt_q20,1494.95
6449500,q_lt_q20,1512.15
6450500,q_lt_q20,1525.85
6452000,q_lt_q20,1524.05
6452320,q_lt_q20,1499.95
6453600,q_lt_q20,1488.65
6461500,q_lt_q20,1476.3
6463500,q_lt_q20,1475.6
6463720,q_lt_q20,1478.95
6464100,q_lt_q20,1555.9
6464500,q_lt_q20,1531.65
6465500,q_lt_q20,
6466400,q_lt_q20,1485.8
6466470,q_lt_q20,1490.5
6466500,q_lt_q20,1492.1
6468170,q_lt_q20,1430.7
6468250,q_lt_q20,1415.8
6469400,q_lt_q20,1422.95
6470000,q_lt_q20,1432.35
6470500,q_lt_q20,1427.8
6470800,q_lt_q20,1429.75
6470878,q_lt_q20,
6471000,q_lt_q20,1393.25
6471200,q_lt_q20,1415.35
6471500,q_lt_q20,1437.55
6471800,q_lt_q20,1443.6
6472000,q_lt_q20,1419.9
6473000,q_lt_q20,1446.85
6475000,q_lt_q20,1458.2
6476000,q_lt_q20,1461.4
6477000,q_lt_q20,1444.3
6477500,q_lt_q20,1511.15
6478000,q_lt_q20,1501.1
6478500,q_lt_q20,1509
6478513,q_lt_q20,1490.1
6478522,q_lt_q20,1496.4
6478600,q_lt_q20,1463.8
6478690,q_lt_q20,1453.85
6479010,q_lt_q20,1489.3
6479215,q_lt_q20,1416.65
6479438,q_lt_q20,1415.55
6479500,q_lt_q20,1427.5
6479525,q_lt_q20,1427.8
6479770,q_lt_q20,1430.3
6480000,q_lt_q20,1428.45
6480650,q_lt_q20,1428.8
6481000,q_lt_q20,1425.4
6481480,q_lt_q20,1415.4
6481500,q_lt_q20,1463.8
6482000,q_lt_q20,1449.3
6482020,q_lt_q20,1477.85
6482610,q_lt_q20,1440.7
6483290,q_lt_q20,1466.35
6483500,q_lt_q20,1467.3
6483950,q_lt_q20,1470.9
6485500,q_lt_q20,1481.5
6485910,q_lt_q20,1487.6
6485950,q_lt_q20,1485.25
6486000,q_lt_q20,1486.35
6600100,q_lt_q20,1473.25
6600500,q_lt_q20,1487.7
6600900,q_lt_q20,1497.9
6601000,q_lt_q20,1501.45
6601200,q_lt_q20,
6602400,q_lt_q20,1506.95
6605000,q_lt_q20,1470.2
6605850,q_lt_q20,1468.2
6606600,q_lt_q20,1471.2
6607200,q_lt_q20,1456.2
6607500,q_lt_q20,1496.15
6608500,q_lt_q20,1476.85
6609500,q_lt_q20,1486.2
6610000,q_lt_q20,1487.7
6610720,q_lt_q20,1490.3
6610732,q_lt_q20,1495.35
6610750,q_lt_q20,1505.8
6610765,q_lt_q20,1492
6610770,q_lt_q20,1496.5
6610785,q_lt_q20,1491.3
6610788,q_lt_q20,1506.15
6610793,q_lt_q20,1494.15
6614800,q_lt_q20,1330.3
6620000,q_lt_q20,1424.4
6622700,q_lt_q20,1392.65
6623800,q_lt_q20,1433.3
6625000,q_lt_q20,1477.05
6630000,q_lt_q20,1498.25
6632400,q_lt_q20,1380.05
6634060,q_lt_q20,1499.7
6634620,q_lt_q20,1465.45
6635000,q_lt_q20,1484.7
6638090,q_lt_q20,1499.25
6646000,q_lt_q20,1403.45
6652000,q_lt_q20,1470.25
6657000,q_lt_q20,1446.7
6660000,q_lt_q20,1449.2
6696980,q_lt_q20,1365.45
6700000,q_lt_q20,1441.7
6701900,q_lt_q20,1507.8
6708600,q_lt_q20,1474.8
6708690,q_lt_q20,1477.9
6708800,q_lt_q20,1497.05
6709000,q_lt_q20,1493.55
6709530,q_lt_q20,1513.2
6709740,q_lt_q20,1521.15
6709910,q_lt_q20,1513.8
6710150,q_lt_q20,1510.7
6710247,q_lt_q20,1504.6
6710385,q_lt_q20,1440
6710605,q_lt_q20,1502.9
6711515,q_lt_q20,1503.1
6711555,q_lt_q20,1514.55
6711565,q_lt_q20,1495.85
6711570,q_lt_q20,1505.45
6711575,q_lt_q20,1524.35
6711618,q_lt_q20,1515.15
6711770,q_lt_q20,1510.9
6711780,q_lt_q20,1512.25
6712000,q_lt_q20,1485.1
6713500,q_lt_q20,1503
6714215,q_lt_q20,1498.35
6714360,q_lt_q20,1503
6714400,q_lt_q20,1317.8
6714500,q_lt_q20,1334.4
6714800,q_lt_q20,1376.35
6715000,q_lt_q20,1382.7
6716100,q_lt_q20,1390.25
6716500,q_lt_q20,1393.9
6718550,q_lt_q20,1428
6719505,q_lt_q20,1467.9
6719560,q_lt_q20,1518.75
6719840,q_lt_q20,1505.2
6720460,q_lt_q20,1528.1
6720820,q_lt_q20,1519
6720990,q_lt_q20,1526.85
6721000,q_lt_q20,1504.9
6724970,q_lt_q20,1510
6727410,q_lt_q20,1442.65
6727500,q_lt_q20,1436.55
6730160,q_lt_q20,1449.1
6730200,q_lt_q20,1503.45
6730500,q_lt_q20,1522.65
6730525,q_lt_q20,1488
6741510,q_lt_q20,1494.25
6746110,q_lt_q20,1363.3
6751150,q_lt_q20,1464.45
6751490,q_lt_q20,1503.3
6752260,q_lt_q20,1492.8
6752280,q_lt_q20,1496
6759500,q_lt_q20,1425.6
6762500,q_lt_q20,1485.25
6764880,q_lt_q20,1511.2
6768000,q_lt_q20,1357.55
6768020,q_lt_q20,1497
6768025,q_lt_q20,1511.25
6768035,q_lt_q20,1501.35
6769000,q_lt_q20,1504.95
6769525,q_lt_q20,1495.25
6770200,q_lt_q20,1509.05
6770500,q_lt_q20,1519.7
6772100,q_lt_q20,1522.75
6772775,q_lt_q20,1480.75
6772898,q_lt_q20,1501.25
6773500,q_lt_q20,1508.8
6774000,q_lt_q20,
6775500,q_lt_q20,1525.6
6775900,q_lt_q20,1468.8
6777495,q_lt_q20,1493.8
6781600,q_lt_q20,1491.05
6781900,q_lt_q20,1497.9
6784000,q_lt_q20,1489.2
6785000,q_lt_q20,1501.55
6785500,q_lt_q20,1512
6786000,q_lt_q20,1491.45
6790500,q_lt_q20,1491.3
6792500,q_lt_q20,1496.65
6793000,q_lt_q20,1508.4
6794000,q_lt_q20,1504
6794650,q_lt_q20,1499.65
6795500,q_lt_q20,1493.9
6796000,q_lt_q20,
6796500,q_lt_q20,1491.8
6797500,q_lt_q20,1522.1
6799000,q_lt_q20,1507.4
6799100,q_lt_q20,1496.8
6799315,q_lt_q20,1497.6
6799350,q_lt_q20,1483.65
6799445,q_lt_q20,1486.9
6799500,q_lt_q20,1499.2
6800000,q_lt_q20,1490.1
6800500,q_lt_q20,1506.35
6803000,q_lt_q20,1503.35
6803080,q_lt_q20,1480
6803093,q_lt_q20,1510.5
6803170,q_lt_q20,1525.5
6803300,q_lt_q20,1510.75
6803420,q_lt_q20,1491.75
6803430,q_lt_q20,1497.5
6803486,q_lt_q20,1506.8
6803495,q_lt_q20,1488.15
6803500,q_lt_q20,1498.05
6803502,q_lt_q20,1506.9
6803510,q_lt_q20,1488.6
6803513,q_lt_q20,1495.95
6803520,q_lt_q20,1494.95
6803530,q_lt_q20,1522.75
6803555,q_lt_q20,1490.65
6804000,q_lt_q20,1490.3
6804700,q_lt_q20,1476.75
6805500,q_lt_q20,
6806500,q_lt_q20,1476.3
6807000,q_lt_q20,
6807410,q_lt_q20,1494.95
6808500,q_lt_q20,1471.55
6809210,q_lt_q20,1481.85
6809500,q_lt_q20,1490.75
6810000,q_lt_q20,1472.15
6811500,q_lt_q20,1467.95
6813000,q_lt_q20,1460.8
6813500,q_lt_q20,
6814000,q_lt_q20,1520.15
6814500,q_lt_q20,1484.5
6815000,q_lt_q20,1477.65
6817000,q_lt_q20,1487.95
6817700,q_lt_q20,1492.3
6818000,q_lt_q20,1485.3
6819185,q_lt_q20,1507.35
6819500,q_lt_q20,1490.65
6820410,q_lt_q20,1482.1
6820500,q_lt_q20,1476.25
6821080,q_lt_q20,1474.5
6821150,q_lt_q20,1479.7
6821190,q_lt_q20,1464.95
6821250,q_lt_q20,
6821500,q_lt_q20,1509.7
6823000,q_lt_q20,1506.35
6823500,q_lt_q20,1507
6824000,q_lt_q20,1516.2
6824500,q_lt_q20,1503.95
6827000,q_lt_q20,1506.85
6827500,q_lt_q20,1502.15
6828500,q_lt_q20,1505.05
6834000,q_lt_q20,1495.75
6835500,q_lt_q20,1508
6836500,q_lt_q20,1490.75
6837000,q_lt_q20,1494.9
6838000,q_lt_q20,1504.4
6843500,q_lt_q20,1501.55
6844500,q_lt_q20,1491.65
6845110,q_lt_q20,1518.7
6847000,q_lt_q20,1520.55
6847500,q_lt_q20,1496.7
6847900,q_lt_q20,1501.85
6848500,q_lt_q20,1515.3
6852500,q_lt_q20,1511.8
6853020,q_lt_q20,1501.3
6853500,q_lt_q20,1490.15
6853800,q_lt_q20,1510.4
6854500,q_lt_q20,1505.65
6855850,q_lt_q20,1517.7
6856000,q_lt_q20,1515.85
6856600,q_lt_q20,1516.95
6857100,q_lt_q20,1501.55
6860000,q_lt_q20,1486.1
6861000,q_lt_q20,1499.8
6862700,q_lt_q20,1526.75
6862850,q_lt_q20,1520.7
6863000,q_lt_q20,1520.45
6863420,q_lt_q20,1506.95
6863500,q_lt_q20,1532.55
6864000,q_lt_q20,1530.05
6864500,q_lt_q20,1558.15
6865500,q_lt_q20,1534.1
6866500,q_lt_q20,1575.95
6866900,q_lt_q20,1505.75
6867000,q_lt_q20,1530.45
6868200,q_lt_q20,1544.6
6868850,q_lt_q20,1533.2
6869500,q_lt_q20,1562.75
6869950,q_lt_q20,1542.4
6870300,q_lt_q20,1576.2
6871000,q_lt_q20,1529.1
6871500,q_lt_q20,1537.15
6872500,q_lt_q20,1522.95
6873000,q_lt_q20,1521.25
6873460,q_lt_q20,1520.4
6874000,q_lt_q20,1548.35
6875900,q_lt_q20,1524.9
6876700,q_lt_q20,1553.6
6876900,q_lt_q20,1553.45
6877600,q_lt_q20,1501.7
6878000,q_lt_q20,1521
6879100,q_lt_q20,1510.5
6879650,q_lt_q20,1485.25
6879810,q_lt_q20,1498.85
6880800,q_lt_q20,1510.6
6881000,q_lt_q20,1516.45
6881380,q_lt_q20,1509.8
6882000,q_lt_q20,1517.3
6882510,q_lt_q20,1515.9
6883000,q_lt_q20,1519.75
6883530,q_lt_q20,1507.8
6884000,q_lt_q20,1504.15
6884025,q_lt_q20,1510.85
6884200,q_lt_q20,1515.3
6884400,q_lt_q20,1506.85
6885500,q_lt_q20,1524.2
6887000,q_lt_q20,1500.65
6887500,q_lt_q20,
6888000,q_lt_q20,1510.95
6888350,q_lt_q20,1517
6888500,q_lt_q20,1514.75
6888990,q_lt_q20,1526.1
6889000,q_lt_q20,1534.75
6889110,q_lt_q20,1550
6889200,q_lt_q20,1522.25
6889500,q_lt_q20,1520.3
6889630,q_lt_q20,1528.8
6890100,q_lt_q20,1525.75
6890900,q_lt_q20,1509.3
6891000,q_lt_q20,1507.9
6891080,q_lt_q20,1522.55
6891260,q_lt_q20,1513.5
6891500,q_lt_q20,1527.95
6891850,q_lt_q20,1508.45
6892000,q_lt_q20,1486.9
6892350,q_lt_q20,1502
6892360,q_lt_q20,1494.05
6892495,q_lt_q20,1491.15
6892513,q_lt_q20,1501.3
6892518,q_lt_q20,1490.75
6893000,q_lt_q20,1494.45
6893080,q_lt_q20,1468.7
6893100,q_lt_q20,1465.65
6893150,q_lt_q20,1476.3
6893300,q_lt_q20,1496.65
6893350,q_lt_q20,1496.25
6893390,q_lt_q20,1497
6893500,q_lt_q20,1472.75
6893557,q_lt_q20,1490.25
6893578,q_lt_q20,1493.3
6893820,q_lt_q20,1475.05
6893830,q_lt_q20,1481.4
6893970,q_lt_q20,1482
6894000,q_lt_q20,1477.35
6894200,q_lt_q20,1471.4
6894650,q_lt_q20,
6895000,q_lt_q20,1476.85
6895500,q_lt_q20,
6896000,q_lt_q20,1467.35
6896400,q_lt_q20,1490.7
6896900,q_lt_q20,1475.15
6897000,q_lt_q20,1488.9
6897500,q_lt_q20,1476.7
6898000,q_lt_q20,1499.75
6899500,q_lt_q20,1476.55
6899700,q_lt_q20,1448.95
6899900,q_lt_q20,1488.75
6900050,q_lt_q20,1479.75
6900800,q_lt_q20,1427
6901205,q_lt_q20,1472.05
6901500,q_lt_q20,1468.5
6902000,q_lt_q20,1456.85
6903400,q_lt_q20,1503.1
6903700,q_lt_q20,1503.5
6904010,q_lt_q20,1503.15
6904500,q_lt_q20,1478.65
6904650,q_lt_q20,1481.6
6905500,q_lt_q20,1469.25
6906000,q_lt_q20,1460.65
6906150,q_lt_q20,1468.75
6906200,q_lt_q20,1461.85
6906500,q_lt_q20,1460.95
6906800,q_lt_q20,1465.85
6907700,q_lt_q20,1454.55
6908000,q_lt_q20,1452.25
6909000,q_lt_q20,1477
6909500,q_lt_q20,1461.35
6909950,q_lt_q20,1453.4
6910230,q_lt_q20,1467.15
6910450,q_lt_q20,
6910750,q_lt_q20,1469.6
6910800,q_lt_q20,1533.4
6911000,q_lt_q20,1536.8
6911490,q_lt_q20,1526.55
6911900,q_lt_q20,1539.65
6912500,q_lt_q20,1525.15
6913000,q_lt_q20,1507.15
6913500,q_lt_q20,1528.4
6914950,q_lt_q20,1503.95
6914990,q_lt_q20,1493.3
6915000,q_lt_q20,1504.65
6915800,q_lt_q20,1516.95
6916600,q_lt_q20,1471.65
6917000,q_lt_q20,1488.05
6917060,q_lt_q20,1459.15
6917240,q_lt_q20,1501.85
6917500,q_lt_q20,1494.45
6917560,q_lt_q20,1466.3
6917630,q_lt_q20,1454.4
6918060,q_lt_q20,1454.9
6918250,q_lt_q20,1460.3
6918493,q_lt_q20,1453.15
6918740,q_lt_q20,1447.05
6920520,q_lt_q20,1445.4
6921070,q_lt_q20,1440.9
6921200,q_lt_q20,1451.15
6921350,q_lt_q20,1437.75
6921590,q_lt_q20,1475.25
6921600,q_lt_q20,1461.1
6921720,q_lt_q20,1461.55
6923250,q_lt_q20,1448.4
6923500,q_lt_q20,1444.5
6923940,q_lt_q20,1445.9
6923950,q_lt_q20,
6925250,q_lt_q20,1441.85
6926000,q_lt_q20,1452.55
6926080,q_lt_q20,1439.15
6926290,q_lt_q20,1456.9
6926510,q_lt_q20,1455.65
6927000,q_lt_q20,1458.7
6927240,q_lt_q20,1456.35
6928000,q_lt_q20,1459.1
6928300,q_lt_q20,1461.8
6928420,q_lt_q20,1447.35
6930000,q_lt_q20,1460.75
6930060,q_lt_q20,1448.2
6932000,q_lt_q20,1455.65
6933500,q_lt_q20,1457.7
6934000,q_lt_q20,1464.95
6934500,q_lt_q20,
6935450,q_lt_q20,
6935550,q_lt_q20,1464.6
6935755,q_lt_q20,1473.85
6935770,q_lt_q20,1477
6935830,q_lt_q20,1465.9
6935850,q_lt_q20,1475.75
6935890,q_lt_q20,1470.7
6935955,q_lt_q20,1478.5
6935965,q_lt_q20,1495.8
6935980,q_lt_q20,1477.7
6935997,q_lt_q20,1467.65
6936475,q_lt_q20,1488.5
6936530,q_lt_q20,1471.35
7001910,q_lt_q20,1482.6
7005000,q_lt_q20,1475.45
7010000,q_lt_q20,
7010022,q_lt_q20,1504.4
7010030,q_lt_q20,1492.2
7010035,q_lt_q20,1482.35
7010038,q_lt_q20,1478.8
7010040,q_lt_q20,1461.4
7010055,q_lt_q20,1466.45
7010061,q_lt_q20,1464.85
7010070,q_lt_q20,1466.9
7010075,q_lt_q20,1476.55
7010082,q_lt_q20,1497.85
7010086,q_lt_q20,1492.35
7010088,q_lt_q20,1497.65
7010090,q_lt_q20,1461.7
7010094,q_lt_q20,1459.9
7010097,q_lt_q20,1484.4
7010180,q_lt_q20,1482.95
7010208,q_lt_q20,1486.7
7010350,q_lt_q20,1463.55
7013000,q_lt_q20,1460.65
7014000,q_lt_q20,1461.35
7014500,q_lt_q20,1450.6
7015720,q_lt_q20,1476.9
7016500,q_lt_q20,1476.45
7017020,q_lt_q20,1463.35
7017200,q_lt_q20,1467.9
7017260,q_lt_q20,1464.4
7017610,q_lt_q20,1461.45
7018100,q_lt_q20,1451.7
7018500,q_lt_q20,1462.4
7019000,q_lt_q20,1463.1
7019072,q_lt_q20,1445.7
7019090,q_lt_q20,1469.25
7019120,q_lt_q20,1456
7019150,q_lt_q20,1468.85
7019175,q_lt_q20,1463.15
7019185,q_lt_q20,1473.3
7019195,q_lt_q20,1471.5
7019220,q_lt_q20,1460.65
7019317,q_lt_q20,1458
7019500,q_lt_q20,1463.65
7020500,q_lt_q20,1450
7020550,q_lt_q20,1490.6
7021000,q_lt_q20,1491.9
7022000,q_lt_q20,1443.3
7024000,q_lt_q20,1485
7024175,q_lt_q20,1488.1
7024500,q_lt_q20,1495.15
7025400,q_lt_q20,1504.15
7026040,q_lt_q20,1480.5
7027720,q_lt_q20,1488.3
7028960,q_lt_q20,1504.1
7029500,q_lt_q20,1497.2
7030050,q_lt_q20,1482.7
7030240,q_lt_q20,1464.65
7030392,q_lt_q20,1514.75
7030500,q_lt_q20,1476.05
7031650,q_lt_q20,1526.4
7031692,q_lt_q20,1535.85
7032000,q_lt_q20,
7032200,q_lt_q20,1522.8
7035000,q_lt_q20,1486.4
7035800,q_lt_q20,1447.8
7036100,q_lt_q20,1450.55
7037300,q_lt_q20,1443.8
7037500,q_lt_q20,1459.65
7039500,q_lt_q20,1489.55
7043500,q_lt_q20,1483.55
7047942,q_lt_q20,1489.15
7047950,q_lt_q20,1466.6
7047980,q_lt_q20,1454.4
7048550,q_lt_q20,1441.45
7048600,q_lt_q20,1448.55
7048780,q_lt_q20,1449.2
7049000,q_lt_q20,1453.85
7050152,q_lt_q20,1422.7
7050500,q_lt_q20,1442.9
7050690,q_lt_q20,1456.05
7050700,q_lt_q20,1445.95
7052000,q_lt_q20,1457.05
7052100,q_lt_q20,1455.5
7052120,q_lt_q20,1464.85
7052152,q_lt_q20,1443.25
7052250,q_lt_q20,1439.25
7052345,q_lt_q20,1444.85
7052500,q_lt_q20,1444.4
7052820,q_lt_q20,1450.3
7053250,q_lt_q20,1444.85
7053810,q_lt_q20,1457.75
7054080,q_lt_q20,1457
7055607,q_lt_q20,1447.25
7055646,q_lt_q20,1427.1
7055660,q_lt_q20,1421.65
7055680,q_lt_q20,1442.8
7055875,q_lt_q20,1440.7
7056000,q_lt_q20,1430.3
7056515,q_lt_q20,1453.3
7056700,q_lt_q20,1415.7
7057370,q_lt_q20,
7057500,q_lt_q20,1485.8
7058000,q_lt_q20,1478.8
7060500,q_lt_q20,1456
7060710,q_lt_q20,1437.9
7061000,q_lt_q20,1476.7
7061270,q_lt_q20,1454.85
7061290,q_lt_q20,1463.9
7061500,q_lt_q20,1445.25
7061600,q_lt_q20,1453.25
7061900,q_lt_q20,1477.65
7062500,q_lt_q20,1457.6
7063000,q_lt_q20,1498.15
7064000,q_lt_q20,1481
7064026,q_lt_q20,1472.5
7064440,q_lt_q20,1469.55
7064533,q_lt_q20,1452.5
7065200,q_lt_q20,1467.25
7065495,q_lt_q20,1467.8
7066000,q_lt_q20,1473.9
7067000,q_lt_q20,1474.2
7067500,q_lt_q20,1452.35
7068000,q_lt_q20,1475.2
7068510,q_lt_q20,1484.35
7069000,q_lt_q20,1484.25
7069190,q_lt_q20,1472.95
7069295,q_lt_q20,1469
7069305,q_lt_q20,1415.4
7069500,q_lt_q20,1473.6
7071000,q_lt_q20,1436.05
7071500,q_lt_q20,1460.1
7072000,q_lt_q20,1458.05
7072500,q_lt_q20,1485.35
7074420,q_lt_q20,1488.95
7074500,q_lt_q20,1459.25
7074670,q_lt_q20,1503.1
7074850,q_lt_q20,
7075000,q_lt_q20,1435.7
7075270,q_lt_q20,1440
7075300,q_lt_q20,1461.75
7076517,q_lt_q20,1477.75
7076750,q_lt_q20,1485.8
7077000,q_lt_q20,1472.25
7077380,q_lt_q20,1489.75
7077500,q_lt_q20,1489.7
7077555,q_lt_q20,1508.35
7077700,q_lt_q20,1508.55
7079300,q_lt_q20,1416.9
7081200,q_lt_q20,1439.75
7083000,q_lt_q20,1389.8
7083200,q_lt_q20,1393.25
7083710,q_lt_q20,1379.65
7087050,q_lt_q20,1392.55
7091200,q_lt_q20,1474.5
7094500,q_lt_q20,1507.45
7096250,q_lt_q20,1451.45
7099050,q_lt_q20,1476.3
7099060,q_lt_q20,1511.3
7099970,q_lt_q20,1525.3
7099973,q_lt_q20,1510.45
7103700,q_lt_q20,1485.3
7103703,q_lt_q20,1484.35
7103780,q_lt_q20,1477.6
7103797,q_lt_q20,1367.5
7103800,q_lt_q20,1456.65
7103970,q_lt_q20,1501.9
7103980,q_lt_q20,1488.8
7103987,q_lt_q20,1493
7103990,q_lt_q20,1498.05
7104000,q_lt_q20,1499.05
7104905,q_lt_q20,1497.9
7105000,q_lt_q20,1449.95
7105490,q_lt_q20,1448.65
7105500,q_lt_q20,1500.6
7105530,q_lt_q20,1488.3
7105600,q_lt_q20,1507.25
7105800,q_lt_q20,1486.3
7105815,q_lt_q20,1504.45
7105820,q_lt_q20,1498.5
7105900,q_lt_q20,1519.85
7105940,q_lt_q20,1513.85
7106000,q_lt_q20,1517.3
7106300,q_lt_q20,1533.6
7108900,q_lt_q20,1528
7109500,q_lt_q20,1524.3
7116500,q_lt_q20,1526.8
7119500,q_lt_q20,1547.25
7121500,q_lt_q20,1537.75
7124000,q_lt_q20,1510.75
7124200,q_lt_q20,1517.6
7124410,q_lt_q20,1493.25
7126200,q_lt_q20,1533.1
7126300,q_lt_q20,1491.25
7126485,q_lt_q20,1497.2
7128500,q_lt_q20,1524.75
7130500,q_lt_q20,1507.25
7133000,q_lt_q20,1512
7134180,q_lt_q20,1509.5
7134990,q_lt_q20,1517.95
7137000,q_lt_q20,1530.3
7137010,q_lt_q20,1519.75
7137500,q_lt_q20,1519.3
7138000,q_lt_q20,1503.85
7138020,q_lt_q20,1532.25
7138050,q_lt_q20,1511.75
7138063,q_lt_q20,1523.95
7138075,q_lt_q20,1525.8
7139000,q_lt_q20,1531.9
7140880,q_lt_q20,1512.05
7140890,q_lt_q20,1513.1
7140900,q_lt_q20,1537
7141200,q_lt_q20,1537.25
7141300,q_lt_q20,1566.15
7141780,q_lt_q20,1541.95
7141900,q_lt_q20,1572.35
7142019,q_lt_q20,1565.7
7142300,q_lt_q20,1570.05
7142575,q_lt_q20,1564.6
7142680,q_lt_q20,1600.75
7143300,q_lt_q20,1548.65
7143330,q_lt_q20,1581.4
7143375,q_lt_q20,1553.1
7143665,q_lt_q20,1568.35
7143672,q_lt_q20,1575.6
7144050,q_lt_q20,1570.8
7144100,q_lt_q20,1581.9
7144200,q_lt_q20,1562.85
7144300,q_lt_q20,1584.45
7144480,q_lt_q20,1553.9
7144486,q_lt_q20,1544.25
7144490,q_lt_q20,1566.9
7144550,q_lt_q20,1555.2
7144570,q_lt_q20,1560.1
7144780,q_lt_q20,1557.05
7144910,q_lt_q20,1568
7145200,q_lt_q20,1581.25
7145500,q_lt_q20,1576.35
7145600,q_lt_q20,1558.1
7145700,q_lt_q20,1570.95
7146500,q_lt_q20,1545.25
7146800,q_lt_q20,1547.95
7147070,q_lt_q20,1568.3
7147800,q_lt_q20,1547.2
7148111,q_lt_q20,1532.1
7148400,q_lt_q20,1590.1
7149000,q_lt_q20,1581.85
7151000,q_lt_q20,1609.9
7151500,q_lt_q20,1582.95
7152000,q_lt_q20,1582.2
7152500,q_lt_q20,1536.3
7153000,q_lt_q20,1543.15
7156900,q_lt_q20,1527.35
7157500,q_lt_q20,1534.7
7157740,q_lt_q20,1528.5
7157940,q_lt_q20,1532.25
7157950,q_lt_q20,1550.3
7158000,q_lt_q20,1577.55
7159100,q_lt_q20,1577.15
7160000,q_lt_q20,1580
7160300,q_lt_q20,1573.65
7160350,q_lt_q20,1579.55
7160500,q_lt_q20,1572.6
7161450,q_lt_q20,1525.65
7164500,q_lt_q20,1528.05
7164600,q_lt_q20,1559.9
7165562,q_lt_q20,1544.5
7165565,q_lt_q20,1558.15
7165570,q_lt_q20,1529.3
7165750,q_lt_q20,1545.75
7166500,q_lt_q20,1545.7
7167500,q_lt_q20,1516.25
7169500,q_lt_q20,1541.1
7169800,q_lt_q20,1525.6
7170500,q_lt_q20,1526.45
7170990,q_lt_q20,1517.05
7171000,q_lt_q20,1528.1
7172000,q_lt_q20,1543.6
7174400,q_lt_q20,1512.25
7175500,q_lt_q20,1524.95
7176000,q_lt_q20,1517.4
7176500,q_lt_q20,1525.65
7177500,q_lt_q20,1528.35
7177650,q_lt_q20,1522.5
7177800,q_lt_q20,1548.4
7178000,q_lt_q20,1519.35
7178200,q_lt_q20,1539.35
7179300,q_lt_q20,1529.9
7179500,q_lt_q20,1508.05
7179700,q_lt_q20,1535.8
7179730,q_lt_q20,1535.05
7179750,q_lt_q20,1541.85
7179785,q_lt_q20,1532.4
7179795,q_lt_q20,1522.05
7180400,q_lt_q20,1518.6
7180500,q_lt_q20,1525.3
7182000,q_lt_q20,1506.05
7182200,q_lt_q20,1512.15
7182250,q_lt_q20,1537.5
7182260,q_lt_q20,1542.9
7182390,q_lt_q20,1542.9
7182510,q_lt_q20,1552.3
7183000,q_lt_q20,1548.65
7183500,q_lt_q20,1542.4
7184000,q_lt_q20,1506.65
7184500,q_lt_q20,1524.85
7185000,q_lt_q20,1462.1
7185030,q_lt_q20,1490.35
7185090,q_lt_q20,1493.45
7185095,q_lt_q20,1489.4
7185700,q_lt_q20,1449.4
7185765,q_lt_q20,1432.85
7185910,q_lt_q20,1431.05
7186000,q_lt_q20,1449.45
7187000,q_lt_q20,1448.55
7187600,q_lt_q20,1464
7188000,q_lt_q20,1459.55
7188005,q_lt_q20,1453.4
7188653,q_lt_q20,1430.55
7188838,q_lt_q20,1436.85
7188885,q_lt_q20,1452.9
7189000,q_lt_q20,1436.15
7189100,q_lt_q20,1435.2
7189540,q_lt_q20,1436.65
7189542,q_lt_q20,1449.7
7189700,q_lt_q20,1492.05
7189710,q_lt_q20,1486.65
7190500,q_lt_q20,1489.95
7191000,q_lt_q20,1495.55
7191160,q_lt_q20,1440.6
7191179,q_lt_q20,1447.05
7191220,q_lt_q20,1458.55
7191222,q_lt_q20,1462.95
7191265,q_lt_q20,1452.5
7191288,q_lt_q20,1486.05
7191500,q_lt_q20,1486.35
7194500,q_lt_q20,1526.4
7194800,q_lt_q20,1455.35
7194880,q_lt_q20,1445
7195000,q_lt_q20,1451.65
7195400,q_lt_q20,1453.4
7195430,q_lt_q20,1444.05
7195500,q_lt_q20,1460.75
7195800,q_lt_q20,1457.45
7195855,q_lt_q20,1448.2
7195865,q_lt_q20,1446.15
7196000,q_lt_q20,1465.7
7196090,q_lt_q20,1480.25
7196500,q_lt_q20,1472.15
7196900,q_lt_q20,1467.1
7197000,q_lt_q20,1465
7197360,q_lt_q20,1462.95
7202500,q_lt_q20,1534
7203000,q_lt_q20,1499.4
7206000,q_lt_q20,1362.75
7207000,q_lt_q20,1472.05
7207500,q_lt_q20,1487.55
7208500,q_lt_q20,1516.8
7211500,q_lt_q20,1540.95
7214470,q_lt_q20,1380.6
7214670,q_lt_q20,1397.2
7214680,q_lt_q20,1400.5
7215500,q_lt_q20,1494.95
7216500,q_lt_q20,1534.95
7218000,q_lt_q20,1491.85
7221500,q_lt_q20,1530.8
7226500,q_lt_q20,1563.6
7227000,q_lt_q20,1558.15
7227100,q_lt_q20,1560.85
7227500,q_lt_q20,1550.05
7228000,q_lt_q20,1549.25
7228940,q_lt_q20,1553.5
7229050,q_lt_q20,1570.3
7229200,q_lt_q20,1596.95
7230000,q_lt_q20,1516
7230500,q_lt_q20,1538.8
7231000,q_lt_q20,1546.2
7231500,q_lt_q20,1519.8
7234000,q_lt_q20,1555.05
7235600,q_lt_q20,1556.95
7237500,q_lt_q20,1568.7
7238000,q_lt_q20,1584.75
7239300,q_lt_q20,1584.35
7239450,q_lt_q20,1590.65
7239500,q_lt_q20,1585.45
7239700,q_lt_q20,1545.35
7240000,q_lt_q20,1578.4
7241000,q_lt_q20,1569.35
7241520,q_lt_q20,1548.7
7241550,q_lt_q20,1559.2
7241780,q_lt_q20,1537
7241800,q_lt_q20,1537
7242000,q_lt_q20,1550.3
7242380,q_lt_q20,1544.9
7243500,q_lt_q20,1515.45
7247000,q_lt_q20,1466.45
7247015,q_lt_q20,1472.75
7247250,q_lt_q20,1491.15
7247500,q_lt_q20,1515.55
7249400,q_lt_q20,1474.6
7249413,q_lt_q20,1475.85
7249455,q_lt_q20,
7249800,q_lt_q20,1468.25
7249920,q_lt_q20,1457.45
7249985,q_lt_q20,1444.9
7250085,q_lt_q20,1451.15
7250935,q_lt_q20,1452.65
7250965,q_lt_q20,1437.95
7250974,q_lt_q20,1442
7252000,q_lt_q20,1460.4
7257006,q_lt_q20,1462.85
7257500,q_lt_q20,1466.15
7258500,q_lt_q20,1466.65
7259950,q_lt_q20,1458.4
7260500,q_lt_q20,1476.65
7261000,q_lt_q20,1463.4
7261090,q_lt_q20,1477
7261500,q_lt_q20,1463
7263012,q_lt_q20,1477.2
7263295,q_lt_q20,1471.55
7263296,q_lt_q20,1484
7263300,q_lt_q20,1490.05
7263555,q_lt_q20,1506.7
7263580,q_lt_q20,1498.8
7263605,q_lt_q20,1508.3
7264000,q_lt_q20,1504.15
7268000,q_lt_q20,1512.25
7274000,q_lt_q20,1541.35
7281600,q_lt_q20,1583.25
7283000,q_lt_q20,1521.1
7285500,q_lt_q20,1554.85
7288048,q_lt_q20,1530.75
7288068,q_lt_q20,1530.2
7288280,q_lt_q20,1535.55
7288500,q_lt_q20,1559.6
7288521,q_lt_q20,1574.4
7288650,q_lt_q20,1574.05
7288800,q_lt_q20,1553.95
7289000,q_lt_q20,
7289350,q_lt_q20,1544.75
7289730,q_lt_q20,1518.6
7290000,q_lt_q20,1554.2
7290650,q_lt_q20,1552.65
7291000,q_lt_q20,1581.25
7292500,q_lt_q20,1572.7
7295000,q_lt_q20,1588.9
7299540,q_lt_q20,1597.65
7300000,q_lt_q20,1584.85
7300500,q_lt_q20,1616.05
7301110,q_lt_q20,1648
7301300,q_lt_q20,1551.35
7301420,q_lt_q20,1582.15
7301500,q_lt_q20,1617.7
7303400,q_lt_q20,1576.25
7305000,q_lt_q20,1648.05
7307028,q_lt_q20,1673.3
7308200,q_lt_q20,1649.6
7308500,q_lt_q20,1664.45
7311000,q_lt_q20,1631.05
7311500,q_lt_q20,1659.1
7311700,q_lt_q20,1633.55
7311900,q_lt_q20,1628.35
7312100,q_lt_q20,1557
7312200,q_lt_q20,1682.55
7312500,q_lt_q20,1650.55
7315200,q_lt_q20,1613.2
7315700,q_lt_q20,1609.15
7316000,q_lt_q20,1572.85
7316500,q_lt_q20,1568.65
7324200,q_lt_q20,1585.8
7324400,q_lt_q20,1591.2
7325000,q_lt_q20,1589.5
7325800,q_lt_q20,1588.05
7325840,q_lt_q20,1563.3
7325850,q_lt_q20,1576.1
7325860,q_lt_q20,1564.4
7326000,q_lt_q20,1572.85
7326500,q_lt_q20,1605.45
7327442,q_lt_q20,1586.2
7327447,q_lt_q20,1567.85
7327550,q_lt_q20,1575.6
7328100,q_lt_q20,1559.55
7328180,q_lt_q20,1559.85
7328500,q_lt_q20,1568.2
7329780,q_lt_q20,1544.05
7329849,q_lt_q20,1533.4
7329852,q_lt_q20,1560.75
7331000,q_lt_q20,1549.85
7331200,q_lt_q20,1536.7
7331205,q_lt_q20,1534.65
7331295,q_lt_q20,1532.55
7331300,q_lt_q20,1516.15
7331600,q_lt_q20,1501.35
7332307,q_lt_q20,1535.9
7332348,q_lt_q20,1540.65
7332389,q_lt_q20,1543.1
7332390,q_lt_q20,1539.8
7332500,q_lt_q20,1571.85
7332605,q_lt_q20,1576.25
7334000,q_lt_q20,1537.1
7334238,q_lt_q20,1535.05
7334428,q_lt_q20,1544.8
7334800,q_lt_q20,1535.35
7335300,q_lt_q20,1546.95
7335500,q_lt_q20,1533.85
7335700,q_lt_q20,1443.4
7335790,q_lt_q20,1504.35
7336200,q_lt_q20,1512.65
7336820,q_lt_q20,1531.25
7337000,q_lt_q20,1546.4
7337900,q_lt_q20,1497.65
7338500,q_lt_q20,1518.45
7338750,q_lt_q20,1469.8
7339000,q_lt_q20,1496.8
7340000,q_lt_q20,1502.2
7340300,q_lt_q20,1444.4
7341200,q_lt_q20,1515
7344370,q_lt_q20,1513.45
7348700,q_lt_q20,1521.85
7349450,q_lt_q20,1530.4
7349860,q_lt_q20,1587
7351500,q_lt_q20,1552.9
7351750,q_lt_q20,1574.7
7352000,q_lt_q20,1540.45
7356000,q_lt_q20,1463.3
7358253,q_lt_q20,1464.2
7358284,q_lt_q20,1482.8
7359610,q_lt_q20,1455.1
7360200,q_lt_q20,1474.55
7361500,q_lt_q20,1502.55
7362000,q_lt_q20,1505.05
7362100,q_lt_q20,1492.15
7362579,q_lt_q20,1441.55
7362587,q_lt_q20,1473.4
7363000,q_lt_q20,1488.4
7363054,q_lt_q20,1488.55
7363400,q_lt_q20,1468.25
7363500,q_lt_q20,1497.05
7364078,q_lt_q20,1469.4
7364133,q_lt_q20,1519.8
7364185,q_lt_q20,1555.65
7364200,q_lt_q20,1525.05
7366200,q_lt_q20,1531.95
7367005,q_lt_q20,1577.5
7367680,q_lt_q20,1555.6
7367690,q_lt_q20,1553.75
7369000,q_lt_q20,1511
7369500,q_lt_q20,1592.75
7369680,q_lt_q20,1564.35
7369700,q_lt_q20,1581.25
7370600,q_lt_q20,1546.6
7372050,q_lt_q20,1544.7
7372200,q_lt_q20,1571.45
7373000,q_lt_q20,1590.35
7374000,q_lt_q20,1457.8
7374525,q_lt_q20,
7375000,q_lt_q20,1588.55
7375280,q_lt_q20,1573.15
7375500,q_lt_q20,1574.5
7375800,q_lt_q20,1554.35
7375960,q_lt_q20,1544.5
7376000,q_lt_q20,1578.5
7376500,q_lt_q20,1583.65
7377000,q_lt_q20,1415.95
7377600,q_lt_q20,1535.15
7378000,q_lt_q20,1567.15
7378500,q_lt_q20,1559.4
7380238,q_lt_q20,1455.55
7380401,q_lt_q20,1590.45
7381482,q_lt_q20,
7381490,q_lt_q20,
7382000,q_lt_q20,1567.5
7382500,q_lt_q20,1593.9
7383500,q_lt_q20,1614.95
7385700,q_lt_q20,1581.1
8010000,q_lt_q20,1613.9
8012000,q_lt_q20,1598.5
8012470,q_lt_q20,1535.8
8013000,q_lt_q20,1547.6
8013500,q_lt_q20,1621.25
8014500,q_lt_q20,1633.25
8014800,q_lt_q20,1596.25
8015500,q_lt_q20,1596.25
8022500,q_lt_q20,1579.7
8023080,q_lt_q20,1568.25
8032000,q_lt_q20,1550.55
8032700,q_lt_q20,1580.5
8033500,q_lt_q20,1585.75
8037180,q_lt_q20,1561.45
8040600,q_lt_q20,1573.3
8041000,q_lt_q20,1616.25
8041300,q_lt_q20,1615.85
8050350,q_lt_q20,1611.9
8053090,q_lt_q20,1620.3
8053430,q_lt_q20,1621.15
8057300,q_lt_q20,1585.65
8061548,q_lt_q20,1598.15
8062095,q_lt_q20,1636.35
8063460,q_lt_q20,1632
8065000,q_lt_q20,1601.6
8067000,q_lt_q20,1647
8067575,q_lt_q20,1600.35
8067650,q_lt_q20,1607.8
8068000,q_lt_q20,1617.15
8069800,q_lt_q20,1605
8079510,q_lt_q20,1563.65
8083235,q_lt_q20,1594.25
8083430,q_lt_q20,1610.95
8096500,q_lt_q20,1644.45
8117855,q_lt_q20,1743.95
8143600,q_lt_q20,1597.2
8167200,q_lt_q20,1549.7
8168710,q_lt_q20,1572.6
8170000,q_lt_q20,1547.85
8172400,q_lt_q20,1667
8180640,q_lt_q20,1592.35
8187500,q_lt_q20,1600.3
8212820,q_lt_q20,1653.2
8252500,q_lt_q20,1385.5
8253000,q_lt_q20,1420.4
8253500,q_lt_q20,1387.3
8254000,q_lt_q20,1385.5
8255500,q_lt_q20,1468.05
8261000,q_lt_q20,1536.4
8263500,q_lt_q20,1473.75
8265000,q_lt_q20,1397.65
8266820,q_lt_q20,1469.2
8267500,q_lt_q20,1404.4
8269000,q_lt_q20,1438.45
8271000,q_lt_q20,1412.1
8275500,q_lt_q20,1474.25
8276300,q_lt_q20,1511.4
8276500,q_lt_q20,1505.6
8277470,q_lt_q20,1401.4
8279000,q_lt_q20,1494.65
8279500,q_lt_q20,1505
8282300,q_lt_q20,1430.8
8284100,q_lt_q20,1510.5
8294210,q_lt_q20,1480.35
8328950,q_lt_q20,1519.9
8329928,q_lt_q20,1492.1
8330000,q_lt_q20,1504
8330600,q_lt_q20,1531.1
8330875,q_lt_q20,1511.4
8331160,q_lt_q20,1501.05
8331510,q_lt_q20,1502.35
8332010,q_lt_q20,1524.95
8353000,q_lt_q20,1514.1
8354900,q_lt_q20,1512.4
8355050,q_lt_q20,1504.75
8355490,q_lt_q20,1511.4
8358300,q_lt_q20,1503
8358400,q_lt_q20,1486.1
8359500,q_lt_q20,1464.95
8361000,q_lt_q20,1516.85
8378500,q_lt_q20,1388.85
8379500,q_lt_q20,1511.95
8380500,q_lt_q20,1453.6
8382000,q_lt_q20,1494.9
8382500,q_lt_q20,1538.15
8382600,q_lt_q20,1521.9
8382650,q_lt_q20,1528.55
8382830,q_lt_q20,1524.95
8383500,q_lt_q20,1550
8384500,q_lt_q20,1541.4
8385000,q_lt_q20,1553.7
8385503,q_lt_q20,1564.65
8385522,q_lt_q20,1558.05
8385630,q_lt_q20,1556.8
8386000,q_lt_q20,1513.7
8386505,q_lt_q20,1381.4
8387000,q_lt_q20,1446.55
8387550,q_lt_q20,1387
8387600,q_lt_q20,1398.5
8390500,q_lt_q20,1487.4
8393610,q_lt_q20,1496.6
8395500,q_lt_q20,1527
8396500,q_lt_q20,1517.65
8399500,q_lt_q20,1524.35
8401500,q_lt_q20,1525.85
8402000,q_lt_q20,1511.95
8403500,q_lt_q20,1514.55
8405350,q_lt_q20,1481.9
8405400,q_lt_q20,1496.75
8405450,q_lt_q20,1486.4
8405500,q_lt_q20,1522.5
8406000,q_lt_q20,1515.5
8406500,q_lt_q20,1511.05
8407000,q_lt_q20,1511.9
8408500,q_lt_q20,1507.05
8474095,q_lt_q20,1552.7
8474107,q_lt_q20,1549.6
8474108,q_lt_q20,1522.15
8474110,q_lt_q20,1518.3
8477110,q_lt_q20,1480.55
8481500,q_lt_q20,1485.45
9010500,q_lt_q20,1282.95
9014050,q_lt_q20,1406.15
9015000,q_lt_q20,1431.35
9019500,q_lt_q20,1357.9
9021000,q_lt_q20,1424.9
9022000,q_lt_q20,1387.1
9024000,q_lt_q20,1431.8
9025000,q_lt_q20,1398.45
9025300,q_lt_q20,1417.65
9026500,q_lt_q20,1427
9027100,q_lt_q20,1380.6
9031600,q_lt_q20,1351.7
9031700,q_lt_q20,1411.95
9032000,q_lt_q20,1383.7
9032100,q_lt_q20,1414.25
9033100,q_lt_q20,1381.7
9033300,q_lt_q20,1354.3
9034250,q_lt_q20,1415.75
9034900,q_lt_q20,1251.2
9035500,q_lt_q20,1297.25
9035700,q_lt_q20,1397.15
9035900,q_lt_q20,1402.3
9036000,q_lt_q20,1398.9
9037500,q_lt_q20,1397.95
9038500,q_lt_q20,1407.3
9040500,q_lt_q20,1427.2
9041090,q_lt_q20,1380.95
9041400,q_lt_q20,1431.95
9041900,q_lt_q20,1329.45
9044300,q_lt_q20,1329.45
9044800,q_lt_q20,1329.45
9046490,q_lt_q20,1381.7
9046600,q_lt_q20,1417.5
9047500,q_lt_q20,1397.8
9047700,q_lt_q20,1393.8
9050100,q_lt_q20,1346
9050700,q_lt_q20,1396.35
9051050,q_lt_q20,1384.75
9056500,q_lt_q20,1425
9057500,q_lt_q20,1387.05
9058000,q_lt_q20,1394.65
9058500,q_lt_q20,1358.9
9059500,q_lt_q20,1397.6
9060799,q_lt_q20,1460.7
9061600,q_lt_q20,1344.3
9063000,q_lt_q20,1366.55
9063900,q_lt_q20,1369.25
9064000,q_lt_q20,1378.95
9064600,q_lt_q20,1401.9
9065100,q_lt_q20,1399.2
9065500,q_lt_q20,1370.1
9066000,q_lt_q20,1418.35
9066200,q_lt_q20,1366.5
9066300,q_lt_q20,1360.05
9066325,q_lt_q20,1379.95
9066510,q_lt_q20,1369
9067000,q_lt_q20,1396.6
9067020,q_lt_q20,1418.5
9067200,q_lt_q20,1411.25
9070000,q_lt_q20,1435.45
9070500,q_lt_q20,1438.75
9072550,q_lt_q20,1295.9
9073005,q_lt_q20,1265.75
9073300,q_lt_q20,1332.4
9073400,q_lt_q20,1378.75
9074500,q_lt_q20,1373.1
9076000,q_lt_q20,1360.7
9078141,q_lt_q20,1316.95
9078475,q_lt_q20,1403.2
9079450,q_lt_q20,1370.1
9080400,q_lt_q20,1391.75
9081000,q_lt_q20,1419.45
9081600,q_lt_q20,1366.35
9085000,q_lt_q20,1429.95
9085100,q_lt_q20,1406.6
9085500,q_lt_q20,1422.1
9087500,q_lt_q20,1442.7
9090785,q_lt_q20,1468.9
9093500,q_lt_q20,1478.45
9095500,q_lt_q20,1487.3
9105000,q_lt_q20,1472.75
9106150,q_lt_q20,1465.6
9107000,q_lt_q20,1397.4
9107500,q_lt_q20,1401.2
9108250,q_lt_q20,1381.4
9109000,q_lt_q20,1337.3
9110000,q_lt_q20,1395.15
9111250,q_lt_q20,1365.05
9112200,q_lt_q20,1382.65
9112500,q_lt_q20,1390.1
9113980,q_lt_q20,1364.95
9114500,q_lt_q20,1440.95
9114520,q_lt_q20,1454.75
9115500,q_lt_q20,1379.65
9118450,q_lt_q20,1412.2
9119000,q_lt_q20,1419.75
9123450,q_lt_q20,1349.75
9124500,q_lt_q20,1412.65
9126000,q_lt_q20,1365.6
9127000,q_lt_q20,1406.1
9128000,q_lt_q20,1407.3
9129600,q_lt_q20,1469.25
9132095,q_lt_q20,1414.95
9132500,q_lt_q20,1409.65
9132960,q_lt_q20,1418.05
9134100,q_lt_q20,1459.8
9135920,q_lt_q20,1486.15
9136100,q_lt_q20,1501.6
9143000,q_lt_q20,1390.3
9143500,q_lt_q20,1479.8
9144250,q_lt_q20,1528.5
9146020,q_lt_q20,1351.55
9146200,q_lt_q20,1432.15
9147000,q_lt_q20,1432.45
9147025,q_lt_q20,1429
9147500,q_lt_q20,1451.7
9149500,q_lt_q20,1529.15
9151500,q_lt_q20,1488.1
9152500,q_lt_q20,1500.6
9163492,q_lt_q20,1503.65
9163500,q_lt_q20,1486
9166500,q_lt_q20,1498.95
9166950,q_lt_q20,1496.65
9168730,q_lt_q20,1508.4
9169500,q_lt_q20,1491.45
9171100,q_lt_q20,1394.5
9172500,q_lt_q20,1448
9174600,q_lt_q20,1493.55
9177000,q_lt_q20,1509.15
9179450,q_lt_q20,1460
9180000,q_lt_q20,1496.45
9180500,q_lt_q20,1524.6
9183500,q_lt_q20,1518.5
9183600,q_lt_q20,1512.15
9184600,q_lt_q20,1487.35
9185100,q_lt_q20,1510.35
9185600,q_lt_q20,1518.15
9188500,q_lt_q20,1401.15
9196500,q_lt_q20,1415.15
9205000,q_lt_q20,1416.95
9209400,q_lt_q20,1463.5
9210500,q_lt_q20,1420.05
9211200,q_lt_q20,1463.7
9213500,q_lt_q20,1525.7
9217000,q_lt_q20,1464.65
9217900,q_lt_q20,1416.1
9219200,q_lt_q20,1508.3
9220000,q_lt_q20,1476.55
9222400,q_lt_q20,1514.8
9223000,q_lt_q20,1391.15
9224700,q_lt_q20,1481
9229500,q_lt_q20,1456.55
9234500,q_lt_q20,1430.1
10023000,q_lt_q20,1443
10038000,q_lt_q20,1432.3
10068500,q_lt_q20,1429.25
10092700,q_lt_q20,1464.75
10108400,q_lt_q20,1310.9
10109000,q_lt_q20,1375.95
10109001,q_lt_q20,1375.95
10125850,q_lt_q20,1439.15
10126000,q_lt_q20,1440.1
10126050,q_lt_q20,1450.25
10130500,q_lt_q20,1415.4
10131000,q_lt_q20,1437.75
10132500,q_lt_q20,1376.3
10133650,q_lt_q20,1420.35
10133980,q_lt_q20,1398.25
10136500,q_lt_q20,1367.2
10140100,q_lt_q20,1362.35
10141000,q_lt_q20,1490.05
10141100,q_lt_q20,1416.25
10141200,q_lt_q20,1468.35
10142000,q_lt_q20,1418.15
10145400,q_lt_q20,1408.85
10146400,q_lt_q20,1459.4
10147100,q_lt_q20,1410.2
10149000,q_lt_q20,1373.8
10149400,q_lt_q20,1380.55
10150500,q_lt_q20,1388.15
10153100,q_lt_q20,1450.45
10155000,q_lt_q20,1413.05
10155500,q_lt_q20,1411.3
10157500,q_lt_q20,1417.7
10166430,q_lt_q20,1406.6
10171000,q_lt_q20,1466.2
10172700,q_lt_q20,1404.5
10172952,q_lt_q20,1428.1
10173450,q_lt_q20,1415
10174500,q_lt_q20,1476.6
10183500,q_lt_q20,1480.45
10205030,q_lt_q20,1396.85
10215900,q_lt_q20,1354.75
10243700,q_lt_q20,1486
10249280,q_lt_q20,1369.25
10251290,q_lt_q20,1511.8
10251300,q_lt_q20,1510.55
10251330,q_lt_q20,1535.5
10251335,q_lt_q20,1517.4
10254730,q_lt_q20,
10254970,q_lt_q20,1564.5
10256500,q_lt_q20,1543.1
10257500,q_lt_q20,1533.3
10257720,q_lt_q20,1526.35
10258000,q_lt_q20,1566.15
10258700,q_lt_q20,1562.05
10259000,q_lt_q20,1554.1
10259100,q_lt_q20,1526.9
10259200,q_lt_q20,1567.7
10259300,q_lt_q20,1538.5
10260500,q_lt_q20,1538.8
10260855,q_lt_q20,1461.65
10260950,q_lt_q20,1535.55
10261500,q_lt_q20,1553.55
10263000,q_lt_q20,1553.6
10263500,q_lt_q20,1522.45
10265150,q_lt_q20,1483
10293500,q_lt_q20,1522.4
10296000,q_lt_q20,1410.5
10296500,q_lt_q20,1490.45
10297010,q_lt_q20,1528.8
10297500,q_lt_q20,1563
10301742,q_lt_q20,1543.8
10301745,q_lt_q20,1548.75
10301755,q_lt_q20,1548.75
10302002,q_lt_q20,1538.95
10302025,q_lt_q20,
10308200,q_lt_q20,1417.65
10308785,q_lt_q20,1355.4
10308789,q_lt_q20,1366.4
10308792,q_lt_q20,1380.75
10308794,q_lt_q20,1380.75
10309000,q_lt_q20,1482.75
10309010,q_lt_q20,1519.55
10310000,q_lt_q20,1398.25
10310407,q_lt_q20,1460.7
10310500,q_lt_q20,1495.2
10311000,q_lt_q20,1543.6
10311200,q_lt_q20,1498.75
10311400,q_lt_q20,1510.65
10311750,q_lt_q20,1564.7
10312000,q_lt_q20,1499.75
10312150,q_lt_q20,1537.25
10312275,q_lt_q20,1534.55
10313900,q_lt_q20,1402.1
10316500,q_lt_q20,1383.8
10317480,q_lt_q20,1390.7
10318500,q_lt_q20,1421.65
10320000,q_lt_q20,1399.85
10321000,q_lt_q20,1426.25
10321940,q_lt_q20,1405.9
10322000,q_lt_q20,1438.35
10322150,q_lt_q20,1422.05
10322500,q_lt_q20,1405.25
10322505,q_lt_q20,1419.9
10322535,q_lt_q20,1415.3
10323425,q_lt_q20,1450.65
10324500,q_lt_q20,1432.1
9237450,q_lt_q20,1406.15
9237500,q_lt_q20,1371.5
9238900,q_lt_q20,1394.9
9239500,q_lt_q20,1416.9
9240020,q_lt_q20,1411.6
9242500,q_lt_q20,1406.25
9244490,q_lt_q20,1409.2
9246200,q_lt_q20,1429.7
9251000,q_lt_q20,1466.15
9258050,q_lt_q20,1462.75
9258980,q_lt_q20,1475.1
9260000,q_lt_q20,1471.4
9261000,q_lt_q20,1473.15
9261700,q_lt_q20,1465.95
9263500,q_lt_q20,1493.45
9271000,q_lt_q20,1429.3
9271550,q_lt_q20,1521.15
9272400,q_lt_q20,1492.85
9276700,q_lt_q20,1390.75
9288180,q_lt_q20,1423.4
9289500,q_lt_q20,1383.05
9292500,q_lt_q20,1412.4
9294500,q_lt_q20,1516.65
9295000,q_lt_q20,1518.45
9295100,q_lt_q20,1495.05
9296800,q_lt_q20,1399.1
9299500,q_lt_q20,1378.2
9301500,q_lt_q20,1481.1
9304200,q_lt_q20,1413.35
9304500,q_lt_q20,1434.65
9306242,q_lt_q20,1421.4
9310500,q_lt_q20,1378.3
9310700,q_lt_q20,1364.5
9312600,q_lt_q20,1411.9
9313520,q_lt_q20,1456.05
9313980,q_lt_q20,1472.75
9314250,q_lt_q20,1471.05
9314260,q_lt_q20,1491.6
9315000,q_lt_q20,1511.55
9319000,q_lt_q20,1377.85
9328910,q_lt_q20,1508
9328920,q_lt_q20,1510.1
9330000,q_lt_q20,1442.25
9330250,q_lt_q20,1488.55
9330500,q_lt_q20,1468.5
9333500,q_lt_q20,1541.85
9337000,q_lt_q20,1377.55
9346400,q_lt_q20,1484.1
9363500,q_lt_q20,1516.75
9364200,q_lt_q20,1540.15
9367000,q_lt_q20,1530.65
9371000,q_lt_q20,1547.1
9371492,q_lt_q20,1534
9372000,q_lt_q20,1524.5
9380000,q_lt_q20,1522.1
9381800,q_lt_q20,1517.7
9385700,q_lt_q20,1547.65
9386300,q_lt_q20,1570.1
9386900,q_lt_q20,1520.05
9386950,q_lt_q20,1525.05
9390500,q_lt_q20,1513.5
9397000,q_lt_q20,1530.75
9397500,q_lt_q20,1529.4
9400350,q_lt_q20,1559.15
9400815,q_lt_q20,1502
9401260,q_lt_q20,1565.4
9402300,q_lt_q20,1541.55
9402500,q_lt_q20,1511.85
9403000,q_lt_q20,1533.7
9403600,q_lt_q20,1533.2
9404104,q_lt_q20,1521.6
9404200,q_lt_q20,1451.4
9404450,q_lt_q20,1472
9404900,q_lt_q20,1523.15
9405500,q_lt_q20,1502.95
9406000,q_lt_q20,1534.3
9406100,q_lt_q20,1519.2
9408000,q_lt_q20,1540.05
9408135,q_lt_q20,1545.15
9408150,q_lt_q20,1543.1
9408195,q_lt_q20,1507.45
9408400,q_lt_q20,1420.15
9409100,q_lt_q20,1534.15
9410100,q_lt_q20,1549.45
9413000,q_lt_q20,1524.15
9413700,q_lt_q20,1548.8
9415060,q_lt_q20,1493.85
9415510,q_lt_q20,1469.5
9415900,q_lt_q20,1507.95
9415908,q_lt_q20,1559.7
9415910,q_lt_q20,1559.7
9415920,q_lt_q20,1545.8
9416000,q_lt_q20,1528.7
9417500,q_lt_q20,1465.55
9418500,q_lt_q20,1498.9
9419000,q_lt_q20,1503.95
9419550,q_lt_q20,1541.75
9419625,q_lt_q20,1523.4
001fc3f6-5980-42be-b553-6a09c6b69b69,q_lt_q20,1375.2
004d8c0d-b7cf-49ae-aee7-52e37cd11aed,q_lt_q20,1334
00dfeaa4-34bd-4975-967a-b11e5d86520e,q_lt_q20,1363.6
013054a3-670e-49ee-afda-e0865a449197,q_lt_q20,1373.35
0137acef-372d-4a4f-8e7c-5782521d4e5d,q_lt_q20,1221.7
024f218d-9a70-43b7-8ea2-7d038eeb2cff,q_lt_q20,1412.4
02732dcd-5704-4a78-872f-ecfaa8b252ba,q_lt_q20,1424.2
0290cb45-0d9f-468c-8503-7bcae31594d3,q_lt_q20,1388.75
029d4a8c-45f6-4c66-8a23-1785a26aa017,q_lt_q20,1216.95
02ae6414-2983-456e-9d77-9289a9e40ec7,q_lt_q20,1213.6
02c2361b-a383-4dfa-86f6-1475a11a9ccf,q_lt_q20,1349.35
02c30d3b-4cab-4632-a4e9-b293706a02fb,q_lt_q20,1350.25
04451d0f-759d-416b-91d4-1fff49121f43,q_lt_q20,1297.6
044eb050-374f-4b34-8f6c-971b492703f0,q_lt_q20,1327.3
052d0819-2a32-47df-9b99-c243c9c8235b,q_lt_q20,1402.05
05784319-693a-4d75-b29e-32f01a99ee4f,q_lt_q20,1255.3
05aa242f-2f89-497f-9ea3-60e7028ec36e,q_lt_q20,1389.35
05d216a3-0102-43d8-9907-d7698b32eb03,q_lt_q20,1381.35
05dbfadb-e777-46dd-888e-61e1cc4bc504,q_lt_q20,1372.65
06571677-e04c-47d4-bcbe-6c488fb22293,q_lt_q20,1310.7
065d2a2a-113d-422e-ae2c-d3c24e48c47b,q_lt_q20,1293.5
06e0b3c2-c771-4b8b-84e6-5846c64b5f16,q_lt_q20,1448.6
0736efd5-fb9b-4b14-ab96-a4f261528bc1,q_lt_q20,1387.25
078cbfd9-31ae-46f4-bbcc-0dbdaa191cd3,q_lt_q20,1275.8
07b5bff9-7205-495e-8dbc-c0116a7c7d60,q_lt_q20,1380.8
08167942-2551-41f7-82a6-f15d613c25cf,q_lt_q20,1381.65
08a56e86-d214-4288-8726-8de31eb55766,q_lt_q20,1392.1
08c2cb5f-28c4-459d-960a-251dfaf541b0,q_lt_q20,1407.1
09352081-0bcd-4e45-a581-7e396155ac01,q_lt_q20,1359.85
09613520-a40c-48eb-8260-6266468f5cf3,q_lt_q20,1383.25
09aaf1dd-28ea-4230-9670-7709ee7aa970,q_lt_q20,1364.2
0a084963-e332-483c-a5aa-26f555b9129a,q_lt_q20,1411.65
0a2c61cb-a682-403b-89ba-5d7d3c85f9f3,q_lt_q20,1201.05
0a8b3311-f905-40e3-9516-823b7eb8a946,q_lt_q20,1084.1
0ac52dcd-bf41-4a10-98be-247a5ea28c85,q_lt_q20,1350.05
0b2ad98d-d131-4233-9edc-f57be0b4ae31,q_lt_q20,1249.6
0b332600-2b40-4264-9294-9b944cc4f3ca,q_lt_q20,1353.75
0b351234-b489-40c7-a846-def749d91f74,q_lt_q20,1398.6
0b38c227-5e33-4983-82d7-bb7bbcb1a443,q_lt_q20,1429.45
0b61ef5d-3db7-42de-ae00-ebd8df2b7312,q_lt_q20,1300.75
0c4f0941-030b-49ce-8f24-f148b3baff58,q_lt_q20,1193.65
0d4d679c-4065-4bf7-adbd-77a1b6b8c6ee,q_lt_q20,1425.9
0da114ec-4886-476f-873b-2e9f91285962,q_lt_q20,1337.4
0daf6ff9-34de-454a-acd9-69f7a681231a,q_lt_q20,1342.4
0dcf81cb-5305-4e0b-b150-9b733ac44d0b,q_lt_q20,1371.4
0de5636a-5fc2-42de-846d-28ba870aff7b,q_lt_q20,1425.45
0de6e236-9381-4dee-b1c6-c80c9ed01208,q_lt_q20,1369.3
0df268eb-c5aa-42ac-b1b9-4a5d7bd95448,q_lt_q20,1325.4
0e04bb35-f2a5-4f5e-9e4c-3ffc9d6d4af2,q_lt_q20,1255.5
0e11ff44-2d10-4460-9b0f-1d9278be185f,q_lt_q20,1403.4
0e3d02a9-ecd9-4dfd-8626-a4be5105aba1,q_lt_q20,1262.1
0e47ccb4-c070-4b46-8885-f3168aa864d5,q_lt_q20,1369.9
0e5c87bc-42bb-46a5-b534-7cb1ea577c7b,q_lt_q20,1382.6
0ed899ca-adc1-430f-9207-c37f1766cdbe,q_lt_q20,1396.35
0ee042cb-d2b3-497b-9305-2ac0a8960696,q_lt_q20,1372.35
0f12ee41-f1e8-480d-9e77-7d60853dda93,q_lt_q20,1325.45
0f409f22-3a10-4200-a690-c6a72902bbdf,q_lt_q20,1372.1
0feede1b-3f20-4455-bd06-1305ad58b8e0,q_lt_q20,1401.25
10e9cd17-c7c1-431a-8daa-1d14d131d1c1,q_lt_q20,1408.65
11190c65-ef31-4e9d-9456-6e999a94cdba,q_lt_q20,1402.15
116a4260-8c89-421c-83fd-107fed334eaf,q_lt_q20,1400.8
116dccde-a409-4aed-b68b-496a185f79a5,q_lt_q20,1193.75
117e5055-a68d-4cbb-8824-cc0caf0889b0,q_lt_q20,1245.7
127a5a33-4f7c-4ac5-a4a7-c20b5dfe4484,q_lt_q20,1377.45
127b5107-82fb-4e10-a15d-77ac7766422d,q_lt_q20,1219.05
12e41a1b-b72e-4ea2-9a45-ce459d156560,q_lt_q20,1417.9
12ebc12e-43be-4599-ac5b-57c6d357cc47,q_lt_q20,1166.05
12ede3c0-861a-45f9-88a8-6170ff13a6ae,q_lt_q20,1273.3
139a7706-11ac-4ef1-b81a-4dd517bef6c2,q_lt_q20,1376.1
13d2950b-9382-4c47-a378-875a2e2f10de,q_lt_q20,1195.65
13d5c20d-089e-4e7c-bd1f-3fd850142251,q_lt_q20,1367.7
13e619ad-ce41-428c-94a6-a93e550e64f4,q_lt_q20,1277.65
141185ba-bb77-4239-849f-d17a01933e3b,q_lt_q20,1296.2
14846041-47d6-49c2-8419-f70fc3bbe1b5,q_lt_q20,1258.3
155b4b28-40ae-48fa-b112-f442b74b8e8a,q_lt_q20,1393.15
15aed991-8db9-48ab-9cc1-93b084b9c5a7,q_lt_q20,1406.35
15eae722-7f1f-41cb-a93e-2acdeca10a0a,q_lt_q20,1391.2
162e2bb4-a4f7-48a7-910b-65a4f5cd0a4f,q_lt_q20,1372.35
162e2bb4-a4f7-48a7-910b-65a4f5cd0a4f_2879_w2TH,q_lt_q20,1347.45
16b72267-fdbb-4e1c-9f45-c7bb401d3804,q_lt_q20,1379.65
17f5b1f6-9779-4cbe-a0a3-978d3326bc33,q_lt_q20,1335.85
18142c4b-ecf0-497c-ac4b-ccaef45aefc1,q_lt_q20,1431
183111ef-5afe-463b-8934-30889ba56be9,q_lt_q20,1406.6
1a5179f5-2a93-4eb4-9e49-0f2184253623,q_lt_q20,1170.1
1a707394-5443-4c2d-b903-8ad6e243a45e,q_lt_q20,1198.65
1a839fe4-72ef-4443-b572-2fcb9787be71,q_lt_q20,1203.3
1aa8057c-7be4-4c7c-8a7d-0616effaea2b,q_lt_q20,1391.3
1b3f24d1-2c00-48b9-8eb9-79ed40b1a9e7,q_lt_q20,1385.2
1b49a5a7-f6c5-4fc7-b919-b6fc3eb05a77,q_lt_q20,1408.55
1b5206df-b717-411b-982c-9b6b26418156,q_lt_q20,1426.4
1b5d160c-b736-4a4b-b8e1-9a6a95d92307,q_lt_q20,1399.05
1c1c7743-d410-49e6-a57c-4bfa9097eac7,q_lt_q20,1217.1
1c1e42b5-f8e3-4811-b5cc-37330e028d61,q_lt_q20,1402.5
1d211ed2-1bef-4d80-8ec6-57b0b37fe51b,q_lt_q20,1265.1
1dd7b0f3-1823-4183-8286-77154d751b96,q_lt_q20,1359.8
1e0926fd-67ec-4644-bad7-f61af239db7f,q_lt_q20,1416.6
1ec252f0-998e-4674-8b7a-4925957b4df9,q_lt_q20,1391.95
1f063d6d-d832-4386-b15f-025e0bc3e674,q_lt_q20,1377.65
1f6aa0a7-531d-4588-9092-048f528cd772,q_lt_q20,1296.05
1fede3ae-8d65-47ae-b9a9-2aab05fdda29,q_lt_q20,1245.65
20152e19-e61b-40ff-ae0a-bfd520b41ad1,q_lt_q20,1307
205a2b96-d9cb-4e0a-9b45-32b2fbf6192c,q_lt_q20,1315.1
208f1b0e-b937-43be-937d-fb64e90b12f2,q_lt_q20,1402
20940d11-3691-429d-b9e1-62646f8e3e71,q_lt_q20,1271.2
20d44942-095a-4f57-9c80-537c5ac2f0de,q_lt_q20,1405.05
2134c5d5-e2bb-4c03-bde5-f39a082e2b95,q_lt_q20,1430.5
213d70b2-894b-406b-9dc3-31d3ccec7f54,q_lt_q20,1354.7
2231adf7-22c8-4290-af00-a97b688a4574,q_lt_q20,1405.2
2234c370-5154-4bb5-aae6-b7606120f917,q_lt_q20,1343.5
2258aa15-417c-49cf-a3ba-f23e7a75d2f0,q_lt_q20,1416.2
226bb174-6c53-4c84-a455-801c438b3969,q_lt_q20,1338.3
2292891b-9138-44a5-a7e1-d31f4c4b7e73,q_lt_q20,1256.45
22a659a4-6b53-49cf-9518-aec23de5de53,q_lt_q20,1372.5
22b06666-bde7-49dd-a29f-559c4bed672d,q_lt_q20,1312.35
23312df2-1dd7-41d4-b5e7-fb675bb070c0,q_lt_q20,1216.05
23d8a627-dd63-47a1-a3ff-435a573da869,q_lt_q20,1195.2
24066dfc-316c-4093-b236-57b9d675150f,q_lt_q20,1238.35
244c170e-922f-4e33-8b7d-d02dd50888d3,q_lt_q20,1247.5
24734dfe-df3d-43fc-acda-77cbdbc2988e,q_lt_q20,1392.1
24cb6c6b-c859-4a45-b651-1468b010af70,q_lt_q20,1357.3
24db5f34-18b3-46c6-aca8-f25c6c4af017,q_lt_q20,1231.15
24e09f89-9598-468e-bdad-12cd705a93a9,q_lt_q20,1426.95
250bacb0-6ff6-4252-b0ff-e4e3bd2c69ba,q_lt_q20,1438.85
2530158f-c930-4664-acb5-ce38d19d3bdc,q_lt_q20,1290.95
2629abeb-e504-49f7-9996-080f37e15930,q_lt_q20,1409.95
26705c60-6bcc-4594-8222-1dfcdb3aebb8,q_lt_q20,1378.85
26b52bb8-6524-48ff-9b5b-1af330302556,q_lt_q20,1395.2
26e91f00-1139-4775-aac4-76c88f1bf1e6,q_lt_q20,1395.65
26e91f00-1139-4775-aac4-76c88f1bf1e6_w1,q_lt_q20,1395.65
26e91f00-1139-4775-aac4-76c88f1bf1e6_w2,q_lt_q20,1395.65
2708da58-f4ea-46cb-943a-fcf3fa1ee9bc,q_lt_q20,1329.55
2710c689-22a5-460b-b0cf-b8bd89e1fd12_151805001,q_lt_q20,1361.25
272fc811-86a6-4abc-b6e0-7ee3661744cb,q_lt_q20,1361.65
274563e1-9a34-42b0-8722-4518c40dee10,q_lt_q20,1359.65
279d5197-0819-4a62-89be-0aa177425e62,q_lt_q20,1420.65
27c3e7a3-3357-478d-bdd5-17a3739cbc2c,q_lt_q20,1336.35
280e15ee-d656-40f0-be7a-a144770a6744,q_lt_q20,1367.9
2836432d-1548-49d1-9330-dd4ce973a3e0,q_lt_q20,1378.55
284ea1dd-ee32-47ef-8cbf-4b001775f8ed,q_lt_q20,1350.05
28b63ceb-b74d-46ea-ad0a-1be320ce6878,q_lt_q20,1363.7
28bb36cf-291b-45e7-b6de-52817e2b2417,q_lt_q20,1337.7
29434d59-1597-4783-b0b6-9f9a821d30d8,q_lt_q20,1350.75
294ff705-db4d-418c-8f48-231d8a1b912f,q_lt_q20,1349.35
2983dfe2-9418-432c-b61d-a231c0b10b67,q_lt_q20,1423.3
29c364fa-5f64-4622-b309-54f6243aaa83,q_lt_q20,1358.4
29ee4ab6-deb1-4995-8d97-a781ec020966,q_lt_q20,1366.05
2a87d87d-fcb7-4a46-9363-fd07fb25752a,q_lt_q20,1429.1
2a9abb32-0887-4ea5-86cf-cc14cce7dc3a,q_lt_q20,1426.9
2ab16180-81f3-4694-8236-0ad3610bf012,q_lt_q20,1235.75
2b62e149-59e0-47e9-8650-dabee432da82,q_lt_q20,1352.2
2bae7d6b-cd13-4db3-b2e2-aae042af76e3,q_lt_q20,1332.35
2c255217-b063-4577-8f6a-f64d81c504ca,q_lt_q20,1389.4
2c273c6f-080c-46f5-b764-e6f8161ce2c5_2469TH,q_lt_q20,1378.6
2c33f2cb-1ad0-4f06-be13-24a5d83ad86a,q_lt_q20,1342.7
2c7641ce-5071-4dbb-a20f-1c7d32a1945d,q_lt_q20,1388.2
2c8a3836-a281-4a0e-b196-e7be47c80ddd,q_lt_q20,1364.05
2cfe8824-6390-42cc-91c5-10718aa0ab03,q_lt_q20,1411.95
2d12f3ed-1ff2-4622-9d7d-bd6483bd1e4f,q_lt_q20,1335.25
2d37e684-7d68-4844-8353-05ada0054d29,q_lt_q20,1396.35
2d88723b-45f6-46e2-b662-6b2573a7fba7,q_lt_q20,1311.05
2d91e39c-81a4-4fbe-9a87-7bbec794ec87,q_lt_q20,1428.25
2da4b74c-418a-4af1-bee6-bbab9ebaef5b,q_lt_q20,1247.5
2de0b16b-56ea-4fdc-86eb-e813119dc006,q_lt_q20,1394.55
2df2593d-17b3-4251-8145-5a7fb0fdf93c,q_lt_q20,1207.65
2e224cf2-9423-4a4e-b719-f56d6454bc6b,q_lt_q20,1288.35
2e4cd2b4-2d48-4ff5-882c-5ce9638491e9,q_lt_q20,1149.65
2ea3c543-66af-4a63-a413-bdba8a81c8d2,q_lt_q20,1274.35
2ec41641-3875-4613-8d97-2ddbe6b1a4ad,q_lt_q20,1353.6
2ec6d59e-e3c9-453d-9c1b-2ea1fcf4d6d9,q_lt_q20,1375.45
2edbe952-2f6e-403d-8dbe-5ace4a11c949,q_lt_q20,1385.4
2f13612c-ff31-43d4-9673-4ec0097517cd,q_lt_q20,1385.35
2f6eea72-5e1e-474d-bcb4-d4b078ee2e90,q_lt_q20,1366.15
2f7f2a98-d13e-40c9-aa30-5ec1ef326c17,q_lt_q20,1407.45
2faa1eb2-effd-4ce5-b700-2b766736b7b5,q_lt_q20,1395.9
2fc04620-13e1-46a2-83a3-17dc75b5daf6,q_lt_q20,1357.1
305bad2c-6aa6-417d-a101-698edc850bbd,q_lt_q20,1432.95
30a48024-6672-49cd-9244-df510f46d422,q_lt_q20,1358.6
313ae80c-424c-4907-a89e-b1eea12f028b,q_lt_q20,1331.25
31612a61-a7aa-4e37-8992-91be614b07b8,q_lt_q20,1332.2
31612a61-a7aa-4e37-8992-91be614b07b8_692421,q_lt_q20,1332.2
31eb9af5-6e07-4f03-ae21-5a1c05fb6d27,q_lt_q20,1361.05
3213ee95-4334-4bef-bfd6-62d1ce8f2493,q_lt_q20,1356.15
3281b3cf-9010-4f38-8fec-8f8ba1343ea3,q_lt_q20,1381.85
33b613be-70df-4574-893e-f54443627dc1,q_lt_q20,1225.9
33b6b059-e8d7-43dd-ac83-7b8dfc4e62f1,q_lt_q20,1285.25
34202203-d1dc-4812-843a-715467152795,q_lt_q20,1245.05
3435c742-67ba-42d0-8e82-b8bee647c87c,q_lt_q20,1335.95
34c9bee1-1499-4dc8-a567-a63543d8c509,q_lt_q20,1358.95
34d2f579-82e0-468f-97c8-962cf792e6e9,q_lt_q20,1415.25
34e23121-3c10-454d-80dc-45d824b9e2cf,q_lt_q20,1389.95
351f05c7-7a89-46c0-9d8a-dc56c5f7b42d,q_lt_q20,1271.7
35697b00-555e-48e6-9c48-ca035a78eae2,q_lt_q20,1416.8
35b916f9-d420-425f-807f-f927415db702,q_lt_q20,1347.6
35b916f9-d420-425f-807f-f927415db702_033137,q_lt_q20,1347.6
35ca5784-fbba-4f28-9e24-0e7aa587a6cb,q_lt_q20,1359.9
35d60d64-c511-444d-90bc-c5659d860583,q_lt_q20,1370.55
361104f3-589a-457f-aa4e-0a99257c6431,q_lt_q20,1375.25
361104f3-589a-457f-aa4e-0a99257c6431_032006,q_lt_q20,1375.65
361ea25c-e13b-4577-8689-2f3bfc3199a2,q_lt_q20,1398.35
36515ff1-a12b-4834-967a-582032db3775,q_lt_q20,1404.9
36b31933-6c0f-4c7b-af02-cc18c3f1c198,q_lt_q20,1131.6
36f2a050-98cd-49ae-8bdf-135dfacaeafd,q_lt_q20,1310.4
3704471b-d540-4c2e-a092-96bc5d398ecc,q_lt_q20,1436.45
370cba4c-c28e-4063-aaea-a99575c408b6,q_lt_q20,1348.95
3742febf-be91-48d6-b6af-35d083c65099,q_lt_q20,1371.45
37630f14-38e0-4e6a-a420-c1c0cc0d7ef5,q_lt_q20,1349.2
3769621b-8599-4bcf-b5f9-1017619dbed2,q_lt_q20,1399.9
37772543-7410-45ad-aa14-75d97aaffe1d,q_lt_q20,1136.9
37f9d60e-0bdc-4578-b03b-77103b250a09,q_lt_q20,1369.45
37f9d60e-0bdc-4578-b03b-77103b250a09_1090_w1TH,q_lt_q20,1369.45
37f9d60e-0bdc-4578-b03b-77103b250a09_1090_w2TH,q_lt_q20,1369.45
38131efd-7c79-4c3d-8657-6a6b18ba4b5c,q_lt_q20,1407.4
3890b597-f8f7-47e4-bedf-bef126dccfc3,q_lt_q20,1360.65
38c8cce6-4153-40e2-a91b-064b66fac61e,q_lt_q20,1389.8
397596af-decc-4bd6-9566-65abdad18f10,q_lt_q20,1397.3
3982df4e-f922-4bd7-9fc1-cb01d240d0a8,q_lt_q20,1279.45
39aabc65-42d9-4062-857f-aa2b8290125f_033237,q_lt_q20,1347.6
39b187a7-a027-4625-a7d8-bd4b9850020f,q_lt_q20,1353.5
39b9499d-25bb-46e5-83d6-5c97a39b9bdb,q_lt_q20,1268.25
3a1eb751-eb8b-49ae-b6d7-89ac8d9a2e9a,q_lt_q20,1387.35
3a387080-0ead-4df7-9d77-e7374f796d60,q_lt_q20,1395.35
3ab02013-e0a1-4215-96f2-22f078b21f21,q_lt_q20,1422.8
3add181c-2a69-482b-b2f3-179f26f7a211,q_lt_q20,1391.3
3b5fce31-211e-4999-b7b5-b9fcf1e1ae3d,q_lt_q20,1397.85
3bb833ed-3e1d-4ed4-b2ff-04eea975f0d4,q_lt_q20,1236.9
3bc1b3da-2859-41b2-9f9f-6ab2b1023572,q_lt_q20,1262.45
3bf40265-657a-44f4-90e3-e1e437d3c801,q_lt_q20,1367.55
3c43b72d-03a7-46e1-86c7-76dd97808544,q_lt_q20,1356.5
3c4d4f78-2d0e-474a-b884-65a9daca18fb,q_lt_q20,1355.95
3c5cba29-2321-4289-a1fd-c355e135f4cb,q_lt_q20,1313.35
3c66c370-e349-4093-a596-9671726bdcba,q_lt_q20,1451.75
3c6b6e7d-78d1-414c-899e-59a2bbabdce4,q_lt_q20,1383.8
3cdb0ed3-0644-45f1-b6fb-7c1944578bf6,q_lt_q20,1291.15
3cfd9161-7727-4047-9d63-af0a194620fa,q_lt_q20,1196.05
3d00208c-2ec1-4a84-9b0b-5b27b0fc6b7c,q_lt_q20,1429.9
3d095df8-dd9d-4b1b-8cb3-39982654c9b4,q_lt_q20,1200.95
3d09c454-540b-4fb3-a5fb-072c33cf8c4b,q_lt_q20,1237.2
3d267027-145d-4577-9f8d-6ad5552463b2,q_lt_q20,1411.7
3d58bebc-71b1-4ecb-8605-84dbc13a15b7,q_lt_q20,1372.8
3d79ad94-708d-412c-89d4-dc8c0cadcc01,q_lt_q20,1378.8
3db09b08-5c7e-4f20-9363-2691eba109f8,q_lt_q20,1363.7
3df68add-46f9-42e7-8439-290f63e195cd,q_lt_q20,1383.6
3df7a9c3-d40c-4781-a885-5f6b7abdb86a,q_lt_q20,1311.6
3e6fbf1a-f3f3-4dcf-a6fb-84a70cb6d12d,q_lt_q20,1323.15
3eb60c5b-875e-46e7-b8d9-b1208d023bc4,q_lt_q20,1405.1
3ef2040c-0c9a-479a-9899-460304231ce2,q_lt_q20,1412.75
3f391994-18fd-4dc1-8e0f-98b18a35512e,q_lt_q20,1399.4
3f4f88f1-b79e-4d98-ad5e-adcec06d3f00,q_lt_q20,1399.8
3f750cca-ba3a-470e-b320-ea12543343c1,q_lt_q20,1431.35
3f823183-2275-444a-9896-981be95ff3bf,q_lt_q20,1249.3
404429da-b05c-4c95-98ee-4941b2133cb6,q_lt_q20,1360.15
404d5331-0547-4b32-ba64-68766a5cc6d4,q_lt_q20,1342.05
406a65e7-477b-4964-ba9b-47e452eca166,q_lt_q20,1285
419bbe86-e02d-4dd7-b266-c51e8eb584bd,q_lt_q20,1359.2
41a2a5d6-935d-441e-a733-a0837839e344,q_lt_q20,1355.55
41d13879-a145-4975-83bc-1aa9878d2fb5,q_lt_q20,1300.4
41e8d62c-acc8-43a2-96ab-d9c90422df69,q_lt_q20,1365.3
420be20b-d2fe-40a7-aebc-cb270956eca6,q_lt_q20,1410.6
42968a1f-9f4e-4162-896d-39acbb55e58b,q_lt_q20,1223.15
435a330f-ef10-48ce-babf-7b08ad9d45c5,q_lt_q20,1395.6
437d2a8e-0946-4b22-9594-78ffbe4a104e,q_lt_q20,1201.3
4389ee79-c789-4ad7-aa83-f79b28f51448,q_lt_q20,1381.95
438e6059-f150-4dea-b17a-b21cae02ded7,q_lt_q20,1379.2
439b85d9-21c4-4ae9-839f-5b31d1625aba,q_lt_q20,1337.8
4485824a-191e-4504-b0e4-7fa2e2119fb6,q_lt_q20,1311.05
44d1a036-0174-4c14-9edd-a49e123d1495,q_lt_q20,1466.3
44dca848-5f5c-49d1-bfe3-35b1fbe13cff,q_lt_q20,1332.4
4517b5e9-60a5-42fe-b3ca-41c1d82decc6,q_lt_q20,1312.15
45d53742-1190-4e76-b9b8-5bb6ecf9bb55,q_lt_q20,1404.05
4662701f-d016-44e9-8fe2-e50064e5e924,q_lt_q20,1209.35
469d01ff-5fcb-4611-a640-812d59f68be6,q_lt_q20,1397.25
46f322df-e4b4-454b-9437-d94bb2636739,q_lt_q20,1396.2
4736e10e-0707-4e0d-89f2-a485a017a231,q_lt_q20,1393.2
4747aea7-d2e7-41b4-b658-3242ae1c0eb8,q_lt_q20,1359.5
47886d4e-a7cc-4a67-85b0-5bf685aec358,q_lt_q20,1193.35
47c4f71d-7016-4adb-b0e6-e84178f82a43,q_lt_q20,1367.65
47ed0d00-d4ab-4f3a-84c9-c9571d1a1cc1,q_lt_q20,1407.7
4818c69b-9ed1-4ac5-9a8f-67f2757171ba,q_lt_q20,1358.85
481f8042-997a-44cc-b425-51340d4cee9c,q_lt_q20,1368.7
48513a18-e485-4317-ae92-93bf4f7f3e54,q_lt_q20,1363.15
486b6f10-b986-43dc-b2e8-1a83c15d4051,q_lt_q20,1344.3
4879595c-8a89-41e4-8b6a-00db4b4312ea,q_lt_q20,1256.6
48a3cf15-34e1-4429-b1a6-64f12992c076,q_lt_q20,1341.95
48f022f0-31d1-4e13-98f0-f70aacd05ca3,q_lt_q20,1365.25
4938555f-b1ec-4d7c-8c40-211177987e14,q_lt_q20,1266.45
494645cb-c766-4b71-bd70-dc69fe8e7778,q_lt_q20,1378.75
497b4131-a273-4e6b-a0ad-27a8dd0b559e,q_lt_q20,1366.65
49aac0d2-d8f1-464f-989c-2564e4891401,q_lt_q20,1381.4
49ef0934-49fa-4150-b1d2-83b14f6e3724,q_lt_q20,1394.55
4a5d6a89-7891-451d-8c2f-0eba9ff7b71b,q_lt_q20,1356.5
4aa5c9c6-09d5-4bec-a939-caf6c12b978d,q_lt_q20,1121.7
4b146acd-5118-4e14-b23a-13405168a010,q_lt_q20,1260.85
4b6b5531-e867-43a1-ac24-ec8868795699,q_lt_q20,1409.75
4b7037a6-a12f-4648-9923-cc7583262bae,q_lt_q20,1379.2
4bdbb09a-1604-4280-95f7-a245f4fec445,q_lt_q20,1358.45
4c0ab2d3-ff26-47a2-bdce-abfbb07c6e0a,q_lt_q20,1317.5
4c69a7bf-1c64-4695-a127-513223ba81a1,q_lt_q20,1386.25
4d26d073-72fd-433d-811c-c964779ac260,q_lt_q20,1434.65
4d6127c2-e324-4177-b13a-068d150f3a5c,q_lt_q20,1361.1
4d693468-3dc8-4013-9fe9-a8125199be8c,q_lt_q20,1398.2
4d7543c9-7b18-404e-94bb-c6cceabfd5a2,q_lt_q20,1252.65
4d9c0d31-89d2-4330-994c-1376cdcb56c6,q_lt_q20,1346.7
4d9c9969-529b-4990-850c-3a3cb03eb110,q_lt_q20,1238.95
4e7e6fd4-ee52-4b9d-aac7-626af67cc5ac,q_lt_q20,1420.6
4e87c615-767d-4b34-94c1-ca47926f6a70,q_lt_q20,1388
4fa30952-af41-49a4-bedc-6ca392f09bda,q_lt_q20,1313.1
5073a5e4-da20-402d-85d2-904619b9d788,q_lt_q20,1385.7
50ee96d1-bb64-4c3d-abe9-6bdcb08764f2,q_lt_q20,1356.75
51190ba2-682a-493c-bf93-918c8221d81e,q_lt_q20,1395.7
514b2430-a3cd-46f1-a2d8-e721f3206709,q_lt_q20,1378.2
5174c02a-40ec-4d32-bab8-f2f83d8ec43e,q_lt_q20,1392.35
52814202-3a6e-475d-a6ee-ee5050b9342d,q_lt_q20,1390.5
5296b17d-6ed0-44f5-bf45-4d5fc5179ace,q_lt_q20,1342.65
52b2cda2-737f-474b-b36b-42be186bdc2a,q_lt_q20,1396.2
52cd7d3c-b978-4f25-bb06-6b0b2ddc8cd3,q_lt_q20,1245.7
52cf243f-5610-421a-94d4-f3b715fcef81,q_lt_q20,1372.7
532a2993-7275-4050-8df4-b2314bc4f8e0,q_lt_q20,1174.75
53450672-fa32-414b-888a-fc5480aaf67d,q_lt_q20,1394.55
535004f8-c455-40a5-8b19-f66c2d40831c,q_lt_q20,1220.15
535584fb-878b-41fb-a940-b97bdbd1bd8d,q_lt_q20,1328.15
54287cee-bbdf-4ae8-b5bb-e07858190af9,q_lt_q20,1419.55
544f2ad9-d14f-403c-bb42-abd8d5acfc8d,q_lt_q20,1397.9
54a2c462-fc61-49fb-affb-9d80607588c5,q_lt_q20,1365.5
54b5af26-6f8f-46a9-8b6e-33d50b109e0c,q_lt_q20,1278.9
54b8c99b-9301-4361-9edb-17abdf585144,q_lt_q20,1364.35
54d2b82b-cd8a-4fae-bde4-c11d9fb80af7,q_lt_q20,1331.25
553c2147-bb82-4d86-8f0a-00b892d3c314,q_lt_q20,1407.4
56493f12-16e9-4748-8a3d-7046a1fc93ee,q_lt_q20,1099.65
5741da2c-ee1d-4390-829e-30c414aa0989,q_lt_q20,1372.05
57b5cc50-50e7-401c-9071-9c60fc84e727,q_lt_q20,1398.85
57e4ead6-f356-458a-86a2-22901eccab1d_432613,q_lt_q20,1365.7
57e4ead6-f356-458a-86a2-22901eccab1d_432620,q_lt_q20,1365.7
57e8d163-310e-4d4c-a0f2-86055cc91da0,q_lt_q20,1326.75
584639e2-90cb-493d-8edc-b66eda95d788,q_lt_q20,1393.85
584695f9-3854-4ba7-b2c7-973bd9c110fd,q_lt_q20,1346.6
585e49e0-7070-4d85-9c52-ccd18a5a1e65,q_lt_q20,1329.1
5869ac48-cbf9-4c83-8617-807b406df954,q_lt_q20,1423.05
588e6dc1-a77f-4961-9085-4b2617acb48e,q_lt_q20,1268.75
58a99fce-51ea-4467-a5b3-5348997b920b,q_lt_q20,1363.05
58bbe65d-7372-4494-b5fc-c23788787ae7,q_lt_q20,1409.7
58c114c5-cc50-4bad-be18-27b2c6a42a67,q_lt_q20,1354.75
58f572ff-9fd1-4ebd-a05d-faf9e5c68fb5,q_lt_q20,1382.45
5933256d-4f27-44aa-b275-d8cc8927b7bb,q_lt_q20,1433.3
59abc346-440f-4d10-8da5-53d254437b98,q_lt_q20,1417.35
5a86361b-f14b-449d-a091-8b7fe36c78f1,q_lt_q20,1214.1
5ab499ce-a1d3-4b84-822b-4da15bb79bf4,q_lt_q20,1397.65
5b0b598c-6bec-4b5b-b5fe-39d95f837e9e,q_lt_q20,1242.55
5b0b8aff-bc71-48c0-b290-0f9a244ddfa1,q_lt_q20,1228.3
5b5cf85f-c7d5-4885-ba0f-9e6363ff8730,q_lt_q20,1306.85
5b9e9503-32e2-46ea-a713-be0f283c23be,q_lt_q20,1264.35
5e453c99-a8bc-4562-984d-e60882b43bb6,q_lt_q20,1356.8
5e6d925f-3102-444c-a748-1dbec611e1dc,q_lt_q20,1368.2
5e7a837d-d95a-4e0f-999a-402ef9b8afdd,q_lt_q20,1325.5
5ea01221-9252-4e29-b92c-9b452255b5be,q_lt_q20,1364.05
5ec01a0f-6e08-4589-8b88-b6bd3f6457b5,q_lt_q20,1385.65
5ee84750-6fbc-4cb7-9695-b30806127095,q_lt_q20,1242.9
5f1235ee-0b1a-440b-a49a-ee006039623d,q_lt_q20,1354.95
5f23ee39-cca5-4cf3-a793-a3098db4b071,q_lt_q20,1339.1
600d33ba-8994-4b3c-92fa-1c25fb3e263b,q_lt_q20,1422
605097d0-d67a-4e16-969a-e5fe8bbd7fd8,q_lt_q20,1297.95
6078ba41-0d4f-4053-aaea-25d628b1d97f,q_lt_q20,1317.75
60914c18-1838-43e3-92c3-62765dfc7a99,q_lt_q20,1346.2
60a090a3-f93b-4065-a56e-ff64e6eb5f5e,q_lt_q20,1293.1
60ce0c60-fc75-4465-8170-938241cd4424,q_lt_q20,1354.2
6152bfd2-a1e8-408c-abd4-076bee104444,q_lt_q20,1213.15
617d7d56-051e-4357-bd12-5ed0a71fa78d,q_lt_q20,1392.6
61e27217-2d9d-40b5-ba69-e033ad60f7fd,q_lt_q20,1422.8
61ef523d-8df4-43db-b8ca-c9a399290cd8,q_lt_q20,1397.5
624d4674-67a2-4537-874a-235e8958203a,q_lt_q20,1425.45
62f76bbe-e070-4f9d-a6b4-b975e4fc5e2b,q_lt_q20,1265.85
632f8a0c-8561-471e-96ef-d49e35c343a1,q_lt_q20,1316.55
639afc2f-44bf-467a-a8f0-95a74c573f27,q_lt_q20,1323.55
63b6ae06-60fc-4e92-8337-aa0e5fdd7e79,q_lt_q20,1427.45
63b8893e-1cef-40bc-8755-c0c4fe3e69dd,q_lt_q20,1357.9
64118c69-e564-40c3-9fec-0e6047e955b9,q_lt_q20,1424.35
649eb398-029b-4ebc-bb4d-e36ee07c234e,q_lt_q20,1402.8
64dc008e-79b9-4f5e-8c4c-033833c42b89,q_lt_q20,1391.5
64e8e5a8-214d-403e-8e00-d788ab94947a,q_lt_q20,1317.65
64ef32d2-8077-46a8-9217-9194fb18f8bd,q_lt_q20,1414.4
655a16a0-8498-4b83-a8f6-6816952b2262,q_lt_q20,1403.9
6582279b-c752-46a8-ae49-60ceec40a309,q_lt_q20,1291.5
65b8dffb-ee80-4b9b-b2ba-4670d2ba06c2,q_lt_q20,1375
65d8a904-f927-415c-b501-a4f8e3325e9e,q_lt_q20,1343.75
65e90cf2-5420-4521-a180-4d8750786e04,q_lt_q20,1376.95
6655e67c-b0ec-43b4-9ab0-15efa569578a,q_lt_q20,1293.15
676110a1-e3c3-4965-a9da-82f6a1954ed4,q_lt_q20,1411.4
676110a1-e3c3-4965-a9da-82f6a1954ed4_032207,q_lt_q20,1418.65
676110a1-e3c3-4965-a9da-82f6a1954ed4_032807,q_lt_q20,1426.4
678aa360-300c-4c54-a3b1-47604cb60971,q_lt_q20,1356.05
67b89572-9b04-42a9-a629-fd8c7e302495,q_lt_q20,1443.05
68903310-c62d-4434-a7d4-96e766335179,q_lt_q20,1266.85
68db9881-47c2-4fd3-b08f-738aa59dcc3d,q_lt_q20,1371.5
694320fe-4c8d-4aad-8d25-277cd44bf6de,q_lt_q20,1318.55
6982424f-19ec-423e-b0b6-fd0158d666a3,q_lt_q20,1381.85
69c693b6-12ef-43bc-a20e-74160a53350d,q_lt_q20,1394
69f4b3e5-a487-4769-aded-0d72062428e7,q_lt_q20,1407.8
6a856754-b3a5-45ef-b806-51f0392b17ba,q_lt_q20,1390.85
6add4e80-29ba-4ff6-9e5a-233795d59b26,q_lt_q20,1307.45
6afb7ae1-8e82-402d-ac57-d5f658c6d114,q_lt_q20,1344.7
6aff06c9-d547-4ee4-b62e-eee5e5efa01b,q_lt_q20,1385.65
6b07847d-4498-448d-b27e-2057bfca19bd,q_lt_q20,1362.9
6b0cab32-b905-4f3c-a554-cd5176c5d2e4,q_lt_q20,1353.65
6b145dc7-2400-45af-9e0e-acc59245a20a_030033,q_lt_q20,1374.65
6b145dc7-2400-45af-9e0e-acc59245a20a_030233,q_lt_q20,1374.65
6b62b651-1922-40b1-b2dc-b487a77c55b4,q_lt_q20,1357.65
6b80bd1c-6c19-4c26-875d-108bf8ef1a84,q_lt_q20,1347.7
6bf1cadc-3229-4c0d-afd9-5b1a73443ba6,q_lt_q20,1359.7
6c1e8f82-a59e-42c0-ac91-c7e864e22448,q_lt_q20,1231.5
6c67bb15-c4f3-4606-ad99-21295393de4a,q_lt_q20,1152.75
6c6c174e-519f-4b02-9e3e-1737f2139417_445508,q_lt_q20,1379.7
6c6c174e-519f-4b02-9e3e-1737f2139417_445509,q_lt_q20,1379.7
6c6c174e-519f-4b02-9e3e-1737f2139417_445510,q_lt_q20,1373
6c72f76a-b76c-4a28-8701-71cdca25c0f5,q_lt_q20,1397.75
6ca98855-a69f-458b-b798-6283f7644857,q_lt_q20,1397.25
6cb3004e-7ec5-4a98-91b5-b4d4c7ec17e5,q_lt_q20,1398.4
6d071aa3-2eba-439e-9699-7735350f19cd,q_lt_q20,1393.35
6dba8818-bd17-424e-8568-eb699874e76a,q_lt_q20,1439.65
6dd5d77f-6994-40fe-be0e-815f7febde94,q_lt_q20,1362.95
6e354c27-1342-485c-acad-79b15e41dcf0,q_lt_q20,1403.3
6e4d9ef9-131a-4712-895e-52a05dc290e9,q_lt_q20,1208.25
6e5781bb-8730-4bb0-a861-13480b399878,q_lt_q20,1414.05
6e811b46-4cc5-4e55-a39c-b73f2a4f958e,q_lt_q20,1368.6
6ef70833-cb0e-4853-81e2-c51459ed0034,q_lt_q20,1366.2
6f286b61-6cec-4434-b00e-f1993059139a,q_lt_q20,1399.9
6f727c14-422c-4b7f-922d-b430d9aa07a2,q_lt_q20,1436.8
6ff82c44-bbf2-4593-8218-76569f550b47,q_lt_q20,1394.95
7014b422-27a7-42b6-9619-5cd6fe16e5e7,q_lt_q20,1369.25
706c7b23-1e8c-4d71-accf-77f1650c2d7f,q_lt_q20,1438.95
708cd1a7-0d90-4511-95f2-51bf24c151f0,q_lt_q20,1438.65
70a6e855-44fd-424f-b3e1-b9e46da57f1c,q_lt_q20,1370
70e18a89-96dd-4a04-8163-fc685e92bb09,q_lt_q20,1410.95
70f658a0-3d32-47db-a97c-ed5e25da46f2,q_lt_q20,1417.45
710f623b-972f-40cc-8242-ae9bf21dea45,q_lt_q20,1345.45
71702873-e90c-46c0-b897-c0558dbbf855,q_lt_q20,1379.15
718c91fa-5dce-403c-b5c2-1b19763906c8_033061,q_lt_q20,1393.75
718c91fa-5dce-403c-b5c2-1b19763906c8_033062,q_lt_q20,1411.25
7195a80c-13e0-4d39-a39b-0495b789779d,q_lt_q20,1360.65
71d40ef2-a19b-4bc5-99f7-28f3ddd0a637_2420TH,q_lt_q20,1394
71d40ef2-a19b-4bc5-99f7-28f3ddd0a637_w1TH,q_lt_q20,1394
71d40ef2-a19b-4bc5-99f7-28f3ddd0a637_w2TH,q_lt_q20,1394
7237e282-1104-4e3a-bb60-795c90646313,q_lt_q20,1364
723a8fc4-908b-4430-91c7-9990be86540a,q_lt_q20,1209.05
72f71a49-eabf-4155-91da-3b4342731f42,q_lt_q20,1373.05
731171e5-9ea1-497f-a462-82db2dcbb339,q_lt_q20,1391.5
732d7a5d-7c75-4326-a488-b8169eec53e9,q_lt_q20,1426.9
7337c648-a4bf-4f8b-80c2-2b17efdba8cd,q_lt_q20,1382
736dd802-46b4-4864-ae7e-9c470d21ad46,q_lt_q20,1335.6
7391ff74-74f1-4e29-927e-1a472e7925cc,q_lt_q20,1427.35
73a477e1-f26a-41e0-904e-f8f39b65d7ff,q_lt_q20,1236.15
73a68029-540a-4d62-9c2b-2a5ffba8c0eb,q_lt_q20,1096
73ee60b4-ef40-4579-a060-db2312ea3ce1,q_lt_q20,1238.4
7445ef55-5e25-43d9-9e85-83406670fc65,q_lt_q20,1224.2
7453937b-088f-46d5-ad71-bdf9c9db0d48,q_lt_q20,1370.65
74996a5c-4436-4480-ab2d-129515aecebb,q_lt_q20,1360.45
74a2892f-8074-4d51-9a77-28de841606c2,q_lt_q20,1356.3
7569bff4-df95-4bac-aec1-cc051cb0e77f,q_lt_q20,1406.35
75dfeed5-d047-42f2-aac2-64574ed6d4e6,q_lt_q20,1367.9
75ed9d12-9ca5-4607-8658-c80b979a1310,q_lt_q20,1322.7
7663b8bf-5756-4c71-a6a2-727e4c7448a3,q_lt_q20,1220.5
76722cf0-d87a-42cb-98a3-56f2893547d6,q_lt_q20,1405.65
76769a31-93bc-4e10-bf2d-2ee642eb0f2c,q_lt_q20,1295.2
767b8dda-849b-400d-9a0e-feeb101a74a7,q_lt_q20,1371.8
7713b538-3915-4948-813a-c953c4162252,q_lt_q20,1410.9
7720e91c-4b92-436a-91b0-6386e8792189,q_lt_q20,1309.75
7765d509-e68b-4ede-8924-42b8bc5bf2a1,q_lt_q20,1370.7
77b42c7f-1412-4ea1-8e85-7fc99b8ee3a3,q_lt_q20,1399.5
77d381c3-f098-4b67-b0d5-0e08a548fe0e,q_lt_q20,1422.95
78a37028-e8de-4835-825a-6957d26306cf,q_lt_q20,1404.95
78d562f2-b455-4296-84b2-4e7f59471031,q_lt_q20,1358.2
78df8fd0-4075-4296-8187-b25f3c53de52,q_lt_q20,1375.35
79515906-3efd-424e-8e32-0db1873cb3a3,q_lt_q20,1389.2
7963009e-7d60-45d9-9ab6-35c176111128,q_lt_q20,1391.35
7998bf73-641d-4084-b00c-ca6989f2ba2b,q_lt_q20,1301.55
7aec20ef-6d53-43e0-80dd-7431d5ce6495,q_lt_q20,1200.05
7af24b77-0058-4a2e-bf8b-e058a09d3eb9,q_lt_q20,1349.5
7b6deaae-91ea-46b8-970c-dcd4a0703391,q_lt_q20,1423.15
7b8eea56-6cc1-42dc-8a18-c80bb003a37c,q_lt_q20,1294.75
7bd95bb6-da33-4c5a-a80d-6951f423aeee,q_lt_q20,1209.55
7bea321d-236c-4c21-a629-fe072db6056d,q_lt_q20,1372
7c139149-6466-425a-a287-9f8fa1e049ae,q_lt_q20,1244.7
7ca88e3b-d821-4093-951e-1ecd25e78ef5,q_lt_q20,1408.1
7d7cd52e-eed7-46a9-800a-a4d05fe52b87,q_lt_q20,1383.95
7e5119f6-fa25-41ec-bc7a-85dfab1ad3c4,q_lt_q20,1353.85
7fec3a84-082c-45c3-a379-1949f2e5b15d,q_lt_q20,1365.65
7ffdc72e-bc0c-4172-bfe5-342a11fe53e7,q_lt_q20,1217.5
801b8458-b729-4f20-8b1d-32bd7db0dce6,q_lt_q20,1370.7
80b9e7b3-f7a8-4411-8912-8098b1cde182,q_lt_q20,1394.65
814e58ed-cec3-488b-9a99-cd0b3fa24a57,q_lt_q20,1392.55
8179e32e-1239-4598-84da-c7db7ccff7cb,q_lt_q20,1321.2
81d85b5e-36b9-4933-b6be-6c4d335ae556,q_lt_q20,1265.05
8245803e-7926-4ff8-95fb-1f4b7be1d5cd,q_lt_q20,1390.6
825e7c96-b693-4366-8e39-a7fc587d442a,q_lt_q20,1397.4
8266a6c0-d144-4cc8-aa72-f53b6a0d7056,q_lt_q20,1375.4
839866a2-80ca-42a8-a695-8e6d6b165fa6,q_lt_q20,1406
848c236d-41d0-4222-bd32-21597635fdf3,q_lt_q20,1345.65
848df754-3005-43aa-80ce-2dba4138e942,q_lt_q20,1372.25
8496ce69-482c-406a-a2f0-ac418ef8f099,q_lt_q20,1436.35
84998ce2-8f7c-451f-ab64-a79a1394e5b1,q_lt_q20,1423.75
849b6df0-9cb0-4acc-b42e-59fc1071cb65,q_lt_q20,1234.1
84c3ec95-a8f2-4fb6-8aa9-94f91f65b5a8,q_lt_q20,1390.25
85aefe46-dde4-4338-9d3c-338754cbc0d6,q_lt_q20,1187.75
8629fcab-66fc-4c77-aaad-7504dada9ff8,q_lt_q20,1375.25
86993eff-b766-4bee-8ef3-e0a738008418,q_lt_q20,1363.2
8722ba53-2c55-40e7-acdd-9b43a486d408,q_lt_q20,1360.35
8736a5d8-133a-46cc-b277-b6a20b7fd88c,q_lt_q20,1094.1
875ae38f-80e1-4377-bcfe-6c808dfabc90,q_lt_q20,1233.1
87aeb75c-15d4-4cbf-a125-0bf053e46a07,q_lt_q20,1401.35
8820d897-a09e-4857-8095-5834fee6962f,q_lt_q20,1285.45
887950f8-6b72-48c3-8f25-b32c6a0e688b,q_lt_q20,1422.8
888a1773-405f-4da4-a35a-60fac8a5c930,q_lt_q20,1370.25
88bdbcaa-28c4-44db-97f7-0a60d22a4e08,q_lt_q20,1327.15
88be649b-6ea9-4daa-b81b-7767cbc5b995,q_lt_q20,1268.35
88ef1864-14bd-47e0-8bb3-bebc8e97e706,q_lt_q20,1292.45
89111009-6453-44ca-a7e6-529df0d9904a,q_lt_q20,1308.05
895e30b6-b92a-4ef1-8735-e7dbd2dd573f,q_lt_q20,1358.35
89ccf565-fb71-43b7-8dba-d843e01363c3,q_lt_q20,1398.5
89d6ea36-cd33-4c77-84a8-d5629f9c075b,q_lt_q20,1217.9
8a02b242-5805-4750-b141-c8bfd6028c18,q_lt_q20,1365.35
8a2ef48d-ddc5-4643-a1cf-2da54a045d8e,q_lt_q20,1201.7
8a2f47f1-711e-4805-8536-a49bfda4d06c,q_lt_q20,1384.5
8afc6e20-b0bd-4b79-bf65-345dac8cafee_1290TH,q_lt_q20,1357.95
8b07239d-fb98-4f27-b182-def7799b6c34_2044,q_lt_q20,1364.2
8b07239d-fb98-4f27-b182-def7799b6c34_2052,q_lt_q20,1364.2
8b386e12-f3d1-4a0b-9e01-3d4367bc9bc1,q_lt_q20,1247.1
8b58ed93-f08e-450f-9415-2b8cf912118c,q_lt_q20,1389.3
8b660fe4-779a-401b-b077-651a85fa7750,q_lt_q20,1338.5
8bbc9d9a-3124-434e-942b-264e805241de,q_lt_q20,1400.15
8c0977fe-d8fe-4d98-83ab-7916cbd2eb83,q_lt_q20,1422.55
8c15c0b7-41f7-45f4-a741-ae32b86ee49b,q_lt_q20,1404.45
8c5ed87f-13b4-450d-957f-5df4e4b05018,q_lt_q20,1404.45
8c7fe5ef-7885-481e-a426-f6442d7c5fa6,q_lt_q20,1400
8d4e3c14-3eb9-473b-a98c-51a7e88f0a7f,q_lt_q20,1275.3
8dfc9b31-d090-4988-acfc-562ee23bb9d7,q_lt_q20,1441.25
8e44ea4b-a77a-40be-9551-88585b98bc2f,q_lt_q20,1413.2
8e500e89-e47d-462a-bfbd-e55703c217a9,q_lt_q20,1338.05
8e8296b1-6e4d-49e3-a197-cfcd0962e1b3,q_lt_q20,1386.7
8eb010eb-3cce-4244-bde9-4c60bdd6c9b1,q_lt_q20,1390.55
8ed7ac07-fd8c-42b2-a6d4-3f02480244ae,q_lt_q20,1373.5
8eea6beb-7999-4976-9bbc-ebba4c334a83,q_lt_q20,1388.6
8f2b54dc-b425-4a05-a100-0ea06f4ba248,q_lt_q20,1355.6
8ff9f61b-d835-498e-895c-0e54293930b2,q_lt_q20,1379.4
90734a50-bf66-44ae-8f4a-d180130ca850,q_lt_q20,1353.65
907380f9-b0e8-4401-a5c9-669a66a192bc_034004,q_lt_q20,1356.65
90db0ee9-354c-4c0d-8c41-59a1ed012e92,q_lt_q20,1346.75
912a6d1f-035b-4d82-b83e-a09788190c61,q_lt_q20,1418.3
91375047-e239-472d-93e4-96e1413b5567,q_lt_q20,1400.4
9318c925-3c1f-4127-9308-7c2b205c2f04,q_lt_q20,1437.75
93cd0262-1cf7-45ac-8491-c9815c7fe710,q_lt_q20,1357.2
942995c5-95c2-413f-82e4-6b3b3b811b28,q_lt_q20,1396.25
94374942-acad-4197-87d8-ab4315077b08,q_lt_q20,1368.5
9468508c-aff1-4004-8e71-62ab2884a8fa,q_lt_q20,1400.95
94bab207-6492-444c-b80d-0ff2c089432f,q_lt_q20,1446.5
9510f840-34f7-41f2-997f-cdaf0ee57028,q_lt_q20,1383.2
951e3a10-1d16-4526-b767-e5056724b5b6,q_lt_q20,1227.75
951f7162-24d4-45f4-a03e-ee55d3c864c1,q_lt_q20,1263.55
959f3e4f-bb6e-4f4a-8082-0157eea99482,q_lt_q20,1346.25
962530ad-afe9-49e5-8fcd-33af504efdf6,q_lt_q20,1353.1
971d4ec4-1147-40dd-b03d-a616a02b7817,q_lt_q20,1388.1
975b896f-1d6a-4fb2-a888-794eb6045ee8,q_lt_q20,1368.6
976c372b-8d8d-4dc7-8673-bbbc707423c5,q_lt_q20,1426.2
977e3ab5-ec6e-4040-acf2-8a178818a5c8,q_lt_q20,1364.15
9796dc02-6edf-4392-b727-0d861cbb1edd,q_lt_q20,1356.95
98bad5bc-b99b-437c-ade6-13b576c9086b,q_lt_q20,1405.05
98e517e4-c709-4d16-b334-251677af1750,q_lt_q20,1338.3
9903a7d5-7a84-45de-b9cb-e801128f8883,q_lt_q20,1351.85
990c9d7a-cc5b-4ad0-b1f1-7d87642398d9,q_lt_q20,1357.7
996741ae-f5e6-441f-ab9f-82d774552320,q_lt_q20,1254.85
99d4811b-5177-469a-b217-732a8f1bdd13,q_lt_q20,1375.15
99ef9f3b-c468-4bd7-90b9-ff505be46b98,q_lt_q20,1359.65
9aa20788-e7de-449a-8b6c-2b623ba4d528,q_lt_q20,1393.2
9ad5d28c-7cfe-46db-b39d-58701689cd59,q_lt_q20,1207.85
9af510f4-5629-465b-81a9-855274a8750a,q_lt_q20,1257.15
9bc3045c-0781-41d2-9483-196620fd4b2d,q_lt_q20,1393.65
9c05cd86-875d-44b7-96fe-d30954c52977,q_lt_q20,1383.05
9c263b41-8984-424c-aa50-27647a0ee184,q_lt_q20,1390.25
9c323633-3c7f-4e96-b93e-980109bf97e8,q_lt_q20,1400.9
9c7f4e0b-e8e9-44a7-8f3e-d3005900c383,q_lt_q20,1316
9cee5ed4-ddd7-4903-8f74-00f52a78c05c,q_lt_q20,1286.7
9d5bb52d-b05b-4af1-9760-11709f004c5d,q_lt_q20,1405.3
9e4f7156-b832-4882-86b6-7155d30ffced,q_lt_q20,1372.3
9eb75798-aa46-40f5-b9c7-7fd7b919087d,q_lt_q20,1362.85
9f09c746-4fd6-45ec-ad13-b7163dcd7f14,q_lt_q20,1387.7
a1041edf-26a8-46d1-a066-91900f494f49,q_lt_q20,1333.85
a1041edf-26a8-46d1-a066-91900f494f49_2536,q_lt_q20,1333.85
a1136eb6-a447-4f77-89f6-5cb8d556898c,q_lt_q20,1363.4
a185e5ce-932f-40ae-a90f-6e77f1341e8e,q_lt_q20,1380.65
a18743e3-9809-4f93-b046-79977b9707d3,q_lt_q20,1368.25
a19fe1fc-0e4d-4e1f-88dd-7667af4b3d9d,q_lt_q20,1187.05
a2240676-e92d-4ba4-97dc-30056b152269,q_lt_q20,1338.8
a2ecfd41-65d6-4eb5-883e-1254de07c675,q_lt_q20,1341.25
a360ba77-5ae2-465f-9808-26fc197adde6,q_lt_q20,1358.25
a3c4766d-b704-4819-913b-0be1d2ed7b3a,q_lt_q20,1343.15
a3e609ce-8ecf-43e1-a1f3-c6c5cc2786b3,q_lt_q20,1298.55
a3eacfbb-f70b-44f4-bca2-f508ac6d1c74,q_lt_q20,1367.75
a473e348-c00a-46c6-a93b-921f9747f96f,q_lt_q20,1347.15
a491d243-2347-4c2d-9258-097bdc6fe749,q_lt_q20,1392.1
a49bd26a-9ea4-47ec-b7ab-3a5ceb369e70,q_lt_q20,1314.65
a4d15eec-2466-43aa-af4c-84f59d291e30,q_lt_q20,1402.7
a4d390e9-daa6-4e8f-b516-1b3a6632b02a,q_lt_q20,1296.75
a555bb0f-cacb-40e8-8e26-f246615c1a77,q_lt_q20,1228.85
a58e1321-be75-4721-90bb-09a9864cd381,q_lt_q20,1380.75
a5bf03e9-e63a-4cd5-8bc9-ab64c03808b9,q_lt_q20,1407.55
a5f8e95f-d24c-4a37-84e1-e346594a47b4,q_lt_q20,1349.45
a63195bf-80d6-4cee-9fb3-788f49fc088f,q_lt_q20,1411.95
a6f032a7-b194-4c43-93c4-de34af7ffde5,q_lt_q20,1351.35
a7087da1-7efa-453f-a5fb-c6a6af99e4ff_F2802,q_lt_q20,1344.9
a7575048-b310-43eb-9418-1f92704b9e21,q_lt_q20,1429.7
a7709ed1-2912-4369-b70e-b9e78568408e,q_lt_q20,1422.1
a9417599-e466-4b53-babe-0c81229c4328,q_lt_q20,1169.95
a941c6ca-6b2e-45b3-a515-198c39d4ceaa,q_lt_q20,1383.1
a97cc80d-f8dd-4fa9-a0db-482ab1b41f71,q_lt_q20,1346.6
a99b0223-fd15-4a76-8c45-4958137fa2ed,q_lt_q20,1364.95
a9b52c38-242c-4ab0-8121-1eae51c274d3,q_lt_q20,1398.75
a9bb3fc0-2b28-4bdf-8f16-d372e9f7efcc,q_lt_q20,1460.35
a9d74547-58ba-498f-9fe0-6d95901507ed,q_lt_q20,1356.55
aa93f4a2-cd35-4429-830b-c7280795f621,q_lt_q20,1333.6
aaac507d-5e62-474f-815d-c0b46aea04e8,q_lt_q20,1378.9
aaf8fe03-f3db-43f4-8ce6-701ebfac9ca7,q_lt_q20,1406.9
ab5db73f-059e-4d10-9b92-5a640db3c1ab,q_lt_q20,1246.25
ab69860c-e228-4e08-9b8f-b7d1eca1ed11,q_lt_q20,1372.3
ab787ffe-443f-470c-b815-57d1a1882a61,q_lt_q20,1410.25
ac012bfc-452d-4cce-89b9-8eb86b1cd709,q_lt_q20,1408.55
ac400e1e-eff8-4029-9f6f-c73eb649b4bf,q_lt_q20,1343.7
ac5d441f-d997-4348-a8d1-9683503835e5,q_lt_q20,1213.35
ac819d1a-0f60-414f-b155-4b6e095ecc8c,q_lt_q20,1355.95
acf6c077-f35a-4af5-9191-f8aec1831c80,q_lt_q20,1382.4
ad19b458-9e76-4c18-8ebc-d2a959156f82,q_lt_q20,1393.55
ad7dfcd5-f079-4c1e-b08e-9b982593763d,q_lt_q20,1348.2
addc9e63-49de-4451-9a7b-6afb822d835e,q_lt_q20,1384.75
adec4dd7-9cdb-4c58-8fc3-2e509aecfbcd,q_lt_q20,1350.9
aded6ffd-1b3c-4fce-ad90-ec995a90a2a7,q_lt_q20,1383.3
adfc6cac-b7fd-4006-a2f1-db7bdda426dd,q_lt_q20,1373.55
ae3ba171-5f03-41cb-a4bf-bb8c568b8c1b,q_lt_q20,1384.45
aeb7fc23-8687-4548-9f2f-c21b4cc0e59b,q_lt_q20,1340.1
aef77f8a-7da4-4dae-84ea-88f643d8e00d,q_lt_q20,1364.85
af0da814-0f9f-4928-89fe-6ef112d381d6,q_lt_q20,1398
af21bf6e-b55d-429b-a3b4-65e372f0cb58,q_lt_q20,1382.45
af27ed26-9dc7-4837-8235-a788b39c70d4,q_lt_q20,1354.35
af486db0-05c9-4707-b5fc-c039359d7a22,q_lt_q20,1386.9
af5d4468-4d94-49ce-bca2-8b4f73648d71,q_lt_q20,1330.7
afc9b823-2f50-42f1-ace0-4eb4228e4712,q_lt_q20,1185.6
afdcd20e-1e52-47f4-8d04-71ef656fe801,q_lt_q20,1396.65
aff6b7ae-ab2a-424d-8a9e-11e2d50cdc2b,q_lt_q20,1353.75
b0166a7b-cf7c-4ada-8688-deaa14a01898,q_lt_q20,1223.15
b0713e87-cab3-46e4-bfb3-f0bbb91cedf6,q_lt_q20,1406.65
b0a28c3c-b5dc-4a94-a661-2ef0639049c7,q_lt_q20,1390.45
b0d98d93-45de-40c1-a1cf-cd32484c3542_432110,q_lt_q20,1337.9
b0d98d93-45de-40c1-a1cf-cd32484c3542_432120,q_lt_q20,1337.9
b1697d0b-8974-4f1e-9a8c-94cae1c00a48,q_lt_q20,1341.8
b1799d01-d80b-4358-9cde-2492358e5f60,q_lt_q20,1381.75
b17f0895-5a5d-442c-bbad-fcf3280aae2f,q_lt_q20,1210.95
b2023a27-1c95-4b64-98d2-90bdf4c224ce,q_lt_q20,1353.3
b23821f8-f8e5-4b3d-a821-70913abe37cf,q_lt_q20,1228.85
b260a0a3-aaeb-40cf-b8cf-b1024a2db5d7,q_lt_q20,1365.1
b27ced8c-bf7d-4d8f-8148-f590ccc35f4c,q_lt_q20,1364.55
b2b023d8-8377-4afb-acaa-e8ce3c66bbe7,q_lt_q20,1387.4
b326bac6-9b5e-446c-bde5-2643a0eb5cac,q_lt_q20,1370.95
b34cdf4e-8f74-45b6-b97a-edde6323f25f,q_lt_q20,1454.85
b39a74f7-1286-48a6-a281-71520d4ccede,q_lt_q20,1390.4
b3bb7f19-ab52-4236-8666-b2c32ca2f787,q_lt_q20,1401.25
b3da16fa-2b4d-464a-a835-1028fce8b596,q_lt_q20,1197.2
b3da4efe-3997-4799-8c1f-399c4ae293fc,q_lt_q20,1412.8
b401b1e3-c946-4a3e-bca3-3427e64eebba,q_lt_q20,1332.55
b435c357-5e89-429d-9e2e-f52e231d7a5f,q_lt_q20,1361.55
b49af755-891b-490a-8a2b-0896237f1936,q_lt_q20,1386.65
b589aebe-0b6a-4928-b85e-14f138d250ad,q_lt_q20,1429.65
b5d958ce-f342-427a-a32d-199bc52b0ee2,q_lt_q20,1372.7
b5ee078f-e06e-4d3d-8823-5faffa77db23,q_lt_q20,1425.2
b69080d3-02f1-48d0-982c-0150b478a8f7,q_lt_q20,1391.5
b697f85e-18a0-4758-b4c5-d49dd976890f,q_lt_q20,1389.45
b6c4885c-cc83-4401-aeb2-5505de2cad43,q_lt_q20,1278.8
b7d7ad0f-c16b-485d-9dcc-f4f845995a11,q_lt_q20,1321.65
b7db631d-9aa8-49c1-9a61-b2824d0b42c8,q_lt_q20,1334.45
b82b5bd7-4174-4bef-9d90-9080ebe77b8a,q_lt_q20,1410.75
b855cfed-46a0-4261-9d48-9d43d21a6315,q_lt_q20,1358.2
b86817d4-c71b-4bd4-ab64-4982bf812b12,q_lt_q20,1385.2
b8969b34-a0cc-4974-8893-e869f7200726,q_lt_q20,1371.75
b8ddf775-3ff9-4c27-89dc-a6a7dcd628ca,q_lt_q20,1290.05
b8e0fbe8-8d4f-4bd7-bd4e-068972edf6ea,q_lt_q20,1427.25
b8e7dfb4-b7ee-452e-976f-1e59a1a661a4,q_lt_q20,1431.25
b92a2ca3-4eb9-4a8f-b82f-8bbc2a1dfbc9,q_lt_q20,1406.95
b92fdc04-60cc-49fd-b109-2ea6da11208d,q_lt_q20,1368.9
b990584a-6da0-414d-a165-df8f52eaa5e7,q_lt_q20,1360.1
b9933a62-f326-4d77-9206-ebb335161831,q_lt_q20,1340.35
b9a652c1-1645-4fd5-8a34-bb3aafc499db,q_lt_q20,1415.4
b9f6ea7e-8e51-4647-ad81-a418ef6063ab,q_lt_q20,1360.45
ba894894-8201-40e8-8fb8-33aa2c4878f9,q_lt_q20,1415.55
bb02cfc2-0819-427b-bb42-80099ce25bc6,q_lt_q20,1383.15
bb76f2e9-4a9d-4ffb-a78b-f457e5d0325d,q_lt_q20,1423.2
bb7d0230-c1be-41f4-904d-aa67307fca67,q_lt_q20,1388.2
bba59546-8f69-4a24-8cc1-f4cdaebd754e,q_lt_q20,1226.95
bbaa85be-3a06-4d2b-b5ad-7f1f55b6554d,q_lt_q20,1407.8
bc20e967-2251-471b-b636-ff517f9e3d39,q_lt_q20,1314.85
bc461833-6006-4224-8820-31c35ec58822,q_lt_q20,1363.4
bc7fac98-151e-4220-ab79-455a095ea290,q_lt_q20,1324.35
bce8bf9b-9b67-4bee-9c90-3c7f65c3444e,q_lt_q20,1391.15
bce9c8be-26c4-40b1-b852-715b016440e5,q_lt_q20,1312.15
bd2496a3-6740-41be-b251-6d2b231a55ab,q_lt_q20,1404.2
bd669418-92e4-48fd-baf1-617249b435d0,q_lt_q20,1354.9
bda687ce-f308-4f70-b53f-c172c70b0e89,q_lt_q20,1308.8
bdf4b017-b900-4dd5-b889-8990d9a2ee36,q_lt_q20,1390.55
be0a7858-95c9-43aa-a054-0dc1989349f8,q_lt_q20,1378.7
bed0ef93-6faa-4f98-af56-bfb3fed3ed61,q_lt_q20,1379.15
bf06f547-e1ed-4473-b1e8-2581d8bfc70f,q_lt_q20,1385.15
bf679fd0-8d8f-4815-a569-ec798d81f324,q_lt_q20,1412.95
bf85754c-4e6e-481b-9f58-a4fe2bf249cd,q_lt_q20,1379.5
bfdc1b44-5cc4-469c-886d-bcd500a32919,q_lt_q20,1401.15
c001fee0-4166-478c-ba13-f7a38b325012,q_lt_q20,1265
c011ca8b-b2b8-4303-85fe-27f81a17fcb9,q_lt_q20,1346.95
c02ac46e-bfca-4209-8521-5e1b8f2a7459,q_lt_q20,1291.2
c0744418-231d-4953-be28-bbef415aea01,q_lt_q20,1292.8
c0b28d37-0ec8-4944-a45c-4287cc506a26,q_lt_q20,1383.05
c0c0f44d-7ad5-4f0c-8076-a783003c1805,q_lt_q20,1376.6
c0d741a3-b820-4da9-a2ba-7efd545c3dd6,q_lt_q20,1354.1
c10d61a3-fc5d-4d96-bf9f-57a97b6256c0,q_lt_q20,1458.25
c126ae2b-2a89-4867-ad78-2a0685b93678,q_lt_q20,1434.1
c15cb7f2-77d1-4cc2-8742-5adead1be2b4,q_lt_q20,1359.2
c1773369-9f5c-4cc6-a934-9b7d58625cbb,q_lt_q20,1190.5
c18ebd8a-6bed-4687-8b80-0f20e9c2b22b,q_lt_q20,1376.35
c19762f5-2d97-4f44-99fe-e54536bf018c,q_lt_q20,1354.8
c1c64084-6c91-47b4-8c8c-ecedec9ee99d,q_lt_q20,1240
c1de8290-0a62-480b-b4e4-4084ac640aa2,q_lt_q20,1430.05
c1e5e157-2320-48a9-9bb7-18db98d85fcb,q_lt_q20,1323.7
c2322212-f769-43af-83db-08d03c1e0f49,q_lt_q20,1399.05
c257f8de-5cf1-4c1f-9b46-deea2006d745,q_lt_q20,1402.8
c2ced941-2e52-41f7-a7d3-65d3a8064c03,q_lt_q20,1348.3
c2edd464-b8c1-4e06-bbcd-2f2fdcd88501,q_lt_q20,1257.5
c2f93251-15b1-4243-ab56-96c4af4cce11,q_lt_q20,1390.25
c305da5e-a910-49d8-b07c-434b1d1ee109,q_lt_q20,1372.65
c357b418-078d-4ac2-9cf3-27eee4c4ab78,q_lt_q20,1413.55
c3599c4c-3209-4752-9165-542d2e9009b7,q_lt_q20,1414.3
c387e53c-84f5-4533-b970-8c3ea7b7a0fc,q_lt_q20,1363.45
c3b5b925-f539-4546-ab96-9ad257fa16d9,q_lt_q20,1351.8
c46d1245-e34a-4ea9-8c4c-410357e80e15,q_lt_q20,1405.2
c4914aa1-8d0d-4d70-9918-e760fa9aaf88,q_lt_q20,1399.9
c4cbc20d-2913-47d5-8d62-a15e65403434,q_lt_q20,1365.65
c570853f-a563-424f-aeb2-a926b1c30223,q_lt_q20,1367.2
c5a79e93-7589-4030-b93f-9ca42a58392c,q_lt_q20,1384.9
c5b13f08-cdf0-41ab-8bbf-7b8587744459,q_lt_q20,1346.7
c5d22f06-385f-46f2-bbce-4501ab51871f,q_lt_q20,1249.75
c5d27c71-07b5-4a2d-a1eb-cb858c1904d1,q_lt_q20,1385.4
c6b8695d-5d3f-405c-b3c5-970e8d11e4d9,q_lt_q20,1363.8
c7e13884-4a02-4df3-b184-09aea28cf8e8,q_lt_q20,1368.3
c7e88659-7744-4aa0-b62e-93cb6c25ef2b,q_lt_q20,1425.1
c89d57ed-e3aa-4931-820f-0ee58142ae44,q_lt_q20,1378.15
c8c5399f-0a0e-4a83-bf3e-475a9de5cac7,q_lt_q20,1367.15
c8d339ae-22a7-413e-90d5-ef4884026eba,q_lt_q20,1346.1
c8dd48fe-9e31-4096-986a-bf4c67648c7a,q_lt_q20,1241.35
c8f86ce2-0e87-441d-937b-17cce6b52e12,q_lt_q20,1262.3
c95332b9-0da9-4681-8e56-ac4e64a30d63,q_lt_q20,1390.95
ca41ca6f-ae17-4788-bcee-b32c1a918983,q_lt_q20,1429.25
cab00cd1-b095-4ab5-9b8c-1b5089373562,q_lt_q20,1219.1
cabb0f6a-7ebe-464a-b695-40fc6d08cd3c,q_lt_q20,1381.6
cad502d9-12f9-4449-a1e5-568b9f7d32e6,q_lt_q20,1166.75
cb5596d4-deb7-4784-ad4e-5c21279082ab,q_lt_q20,1355.55
cba899d9-2eee-4a91-b0ef-91335aaca422,q_lt_q20,1256.85
cbc3fc1b-88ef-4f46-b12e-6eb97e45059c,q_lt_q20,1364.8
cc0cedad-23fc-4893-b83c-1f47871293bd,q_lt_q20,1369.75
cc169352-30d8-4fc4-884e-b37cafbfad0f,q_lt_q20,1367.7
cc169352-30d8-4fc4-884e-b37cafbfad0f_031004,q_lt_q20,1367.7
ccd2dcd2-9439-41e6-9e0a-cf124e772a68,q_lt_q20,1392.05
cd030991-ff87-43dc-8563-284195518ffa,q_lt_q20,1349.45
cd8c5956-30bd-4242-9d18-ce24ce0a3f30,q_lt_q20,1359.2
cd911250-e87c-45d0-8668-03981c6876e5,q_lt_q20,1408.8
cdbecc7a-6bfa-41c2-8c38-222c43367fe2,q_lt_q20,1418
cdeb0ab1-6c05-43f5-aa47-cb6248d8ffee,q_lt_q20,1259.6
cdfa6633-f9c0-4bed-b0b0-098b85310b5c,q_lt_q20,1220.1
ce15ea40-742a-4221-ab0c-166d42ef4fa6,q_lt_q20,1199.5
ce975340-e8ff-4b3d-bfc5-7ba57026ac22,q_lt_q20,1361.35
cea9b5f0-588a-4d9c-a43c-eceffa56b782,q_lt_q20,1379.65
cf3b4439-a244-41c8-b3e6-089f5ba5cee2,q_lt_q20,1367.7
cf4bcfd5-1059-4fd2-b742-0e9866ad4997,q_lt_q20,1413.6
cf8c9032-6d1d-473d-b304-3837260188cb,q_lt_q20,1231.8
cfb660d2-2aa9-4a18-9607-6dbeec51611a,q_lt_q20,1405.95
d0133283-1904-4459-8ce5-88d7786ac802,q_lt_q20,1196.4
d030d4a1-e9bf-4d16-9116-76966ec1d112,q_lt_q20,1376.65
d031ef9f-4e50-4c68-aa43-9b5589c32874,q_lt_q20,1329.3
d0bdcc52-363a-4c03-830f-656e7e1d35f9,q_lt_q20,1346.35
d0bdea3c-41c2-4ad7-8b19-28f968b4ce61,q_lt_q20,1451.1
d0d00ab4-bfa9-458c-96c3-33dd5a401559,q_lt_q20,1112.35
d140f62b-b08a-4a64-be9d-f808f4e06140,q_lt_q20,1382
d173a23d-0450-4ca0-8aae-0524490e9d75,q_lt_q20,1331.55
d19726f9-e3db-455e-904e-b6c91934cd34,q_lt_q20,1261.35
d1a229c2-1eec-43dd-8b89-1999568e293c,q_lt_q20,1340.55
d1df8d19-d1f7-4e83-8aa6-75820613be72,q_lt_q20,1399.55
d209d76b-f251-4972-99d8-3a0a02c1852d,q_lt_q20,1382.85
d21c59dc-848c-4c13-97eb-edbb1e71b767,q_lt_q20,1278.8
d21f1e9f-b6ba-4491-b6cf-faf227813d47,q_lt_q20,1411.85
d2cd29dc-cf55-4a2e-9836-7c2ab0f8912c,q_lt_q20,1272.25
d2d2a44c-25cb-4b0d-b4a5-4929e1d11975,q_lt_q20,1307.15
d2dcdeb9-5c08-471b-8d86-e0e1bc1d4c9c,q_lt_q20,1333.75
d2eec541-fc9b-495b-9fdb-f9bf3e039940,q_lt_q20,1219.05
d30dd811-b003-4eab-ba7f-c17562766b04,q_lt_q20,1404.3
d32a665b-92bd-450e-98fb-2dc9398ac805,q_lt_q20,1390.3
d32a665b-92bd-450e-98fb-2dc9398ac805_5106_w1TH,q_lt_q20,1390.3
d32a665b-92bd-450e-98fb-2dc9398ac805_5106_w2TH,q_lt_q20,1390.3
d33ce11e-590d-4d44-af55-6a9b0c27e829,q_lt_q20,1315.6
d3571177-b605-4823-a6c8-507504375df3,q_lt_q20,1413.25
d40cdbf5-7aea-4789-8bb5-d590b2b89ae4,q_lt_q20,1368.6
d42b68be-0da7-4519-ba9a-e24f789d9c10,q_lt_q20,1337.65
d45605aa-9a74-44d7-a684-5c9f3ca763da,q_lt_q20,1398.25
d4c7cdbf-5fea-4ed6-9d5c-cb527ff5fd23,q_lt_q20,1406.15
d52a0bf4-3d55-4913-b0e7-8f1b3ca17e38,q_lt_q20,1449.45
d52d0eab-1e64-4d76-a1f2-e81c7948d2c0,q_lt_q20,1361.35
d54a74bc-7d2c-400e-abbd-e2ec37f9460f,q_lt_q20,1308.7
d59509c9-a7c1-4cac-8f12-2e0287c59a63,q_lt_q20,1193.75
d5d96cd8-8fe7-4dd3-8c57-b782a999f92b,q_lt_q20,1355.85
d5e3c53b-bae6-4df5-9d14-c087e9fa2467,q_lt_q20,1368.4
d5f9c660-4e50-47c9-bb58-190acf22cf6e,q_lt_q20,1238.55
d65f7681-89ab-4aff-9c42-59da80eb5120,q_lt_q20,1351.4
d69fc777-cc14-47e1-993f-283e08920328,q_lt_q20,1354.5
d6af1698-3999-4a5d-a449-693dc8bd8f98,q_lt_q20,1385.8
d7896c1f-b892-4272-b78a-9bb4d5a53c5b,q_lt_q20,1402.15
d7af3b3d-cad2-464d-bf4a-7449d85152c1,q_lt_q20,1235.25
d7ba84de-0fa2-4577-9ef4-978335a86360,q_lt_q20,1436.8
d7ea5745-0ca5-40fa-b5c9-3f788256411b,q_lt_q20,1400.55
d8247910-913d-471a-abb1-11ee26969d96,q_lt_q20,1376.55
d8fd996a-b726-4415-a41c-3150f506441c,q_lt_q20,1355.2
d939b5a0-012f-4082-ad1e-eba74d1f65d5,q_lt_q20,1350.95
d96cf58d-21f6-49bd-85e1-8db63a693645,q_lt_q20,1361.25
d96cf58d-21f6-49bd-85e1-8db63a693645_151805002,q_lt_q20,1361.25
d977db74-52e3-46a6-91e8-42aa82d83e68,q_lt_q20,1334.95
d9f8ae6e-a12e-4fbf-972e-21c89e521789,q_lt_q20,1446.75
d9ff999c-0258-41fc-abae-b4f4bcf10fee,q_lt_q20,1400.3
da031053-d267-49da-857a-b8e28a7205eb,q_lt_q20,1321.6
da7b6a82-062b-4723-9d9e-8fb7ca9b52c3,q_lt_q20,1357.7
da7eb1f2-d42a-4707-8f04-d414dfb2de8d,q_lt_q20,1375.55
daa47a41-8f5a-4edb-9840-e0a13533cc64,q_lt_q20,1357.45
daca0d8d-b3de-4945-81fb-b01f249210f6,q_lt_q20,1441.5
db1d776d-2226-4979-8b90-733c0f352d32,q_lt_q20,1373.7
db461ec1-3ea7-4ae3-bc19-916d7ee6358f,q_lt_q20,1445.2
db55568d-bd13-4e3d-bea3-7d188796ecf7,q_lt_q20,1311.1
db5a4b77-c057-48a5-a174-f99045ad9bf2,q_lt_q20,1359.55
dba1953a-a80a-4e6c-a12f-3f7a8e2e12cd,q_lt_q20,1209.2
dbc64462-fd71-4527-995e-7ba62c05b63c,q_lt_q20,1297.8
dc053ba2-8d2d-47dd-8c61-6246607bda41,q_lt_q20,1419.6
dc333991-0a0d-4184-a230-30457e374bed,q_lt_q20,1469.05
dd3c856a-bb15-42d0-bbf4-d0a816f20946,q_lt_q20,1324.95
ddd4ea67-eff3-47b8-972c-dc5239620add,q_lt_q20,1353.4
ddedb4d9-b2be-47c1-998d-acbc0ffb124b,q_lt_q20,1292.5
de59cc50-5443-4a4e-a560-352a4e1d9df0,q_lt_q20,1358.3
de8912c4-f8c4-4c98-8a7a-7f0f5ef137f2,q_lt_q20,1279.4
dea2b321-7f1c-4acc-8839-99cf945d61d5,q_lt_q20,1174.15
df197117-d3ba-4706-b6f5-a7c773ebab31,q_lt_q20,1390.25
dffdaf0f-e68b-465b-bc33-3b7aafbf6381_U33026,q_lt_q20,1347.6
e022dc85-f244-4f07-8ca5-27441bbebc0e,q_lt_q20,1358.45
e02a1b65-521b-4672-a336-14aae201ac78,q_lt_q20,1124.5
e0cc2ab9-31be-4249-9568-65b76de876c2,q_lt_q20,1390.7
e0d2a692-1121-4c41-9b53-d0537f2efc62,q_lt_q20,1364.65
e0d7edb6-75f8-422a-b533-365a1d4c03b2,q_lt_q20,1374.05
e110ae98-cc33-42ab-9d28-1b5d7104af3f,q_lt_q20,1420.7
e1167305-106b-4cd6-adbb-83d90590079e,q_lt_q20,1326
e18394ec-4cb0-4fd6-b078-f2686bdac694,q_lt_q20,1395
e1d6ff27-89cd-43d1-bd23-699952662cb4,q_lt_q20,1410.55
e268ebd4-97ae-4e44-857d-d01c4d838027,q_lt_q20,1275.05
e2b68116-d475-407a-844f-346f2750486d,q_lt_q20,1446.2
e2db454d-9cdd-43b0-b47c-6fb047bd6fb4,q_lt_q20,1302.4
e30e2f0a-e9ca-415f-8fb9-0df9f0133591,q_lt_q20,1373.35
e32552e7-61fc-46f0-b5eb-e89930abc712,q_lt_q20,1334.5
e333da21-e6fd-421c-8c30-b56f1ec745c5,q_lt_q20,1422
e3717cf6-37f9-4c3a-bfcc-6e87acbb049b,q_lt_q20,1206.6
e37d3d7e-592c-4f88-baac-0e359a750c74,q_lt_q20,1372.2
e3990cb0-3ae8-4cd4-b009-55290be90c92,q_lt_q20,1386.4
e3a215cc-bf59-44e6-9c07-90122efea9e5,q_lt_q20,1294.85
e3a3cd09-9117-4661-9ccb-4a36d5ada337,q_lt_q20,1364.6
e3af9eda-897e-4d7c-9367-dd6cf7f89ebc,q_lt_q20,1358.05
e3cbc7c6-f62f-4848-9b2c-75e0da09b9a3,q_lt_q20,1323.9
e4122606-b2ba-4461-9e13-0af12f5da7f6,q_lt_q20,1365.6
e425b61d-9bb5-4dc0-a4d7-0d31560f8a9a,q_lt_q20,1363.65
e4ef0a1b-2cd2-4488-b8c1-cdd506ab9b08,q_lt_q20,1388.25
e5a69868-4eda-4f41-bae9-772ea424752b,q_lt_q20,1392.75
e5dac99a-1800-40a7-be02-f9b8ac335659,q_lt_q20,1397.35
e61b060b-5b5b-4695-a2be-79e50c699c2d,q_lt_q20,1398.15
e66fe85a-e60d-4111-8c53-ff52ee56517b,q_lt_q20,1415.15
e6eae01c-0f7d-4748-b8f1-ee199284b543,q_lt_q20,1395.9
e6f18d6b-f5ab-4e66-b9c6-4fe1172219c4,q_lt_q20,1324.4
e748b4a1-bc3a-4023-b3e6-3abb27009f04,q_lt_q20,1351.8
e75cd792-de7e-4644-b36a-37edd76a76a9,q_lt_q20,1355.95
e786e60f-a0f1-4955-aa57-f22ba39c7427,q_lt_q20,1253.15
e7bc8b2f-525b-4f1f-902d-6398a291f85f,q_lt_q20,1240.4
e7d8bbb6-5bba-4057-9f49-a299482c3348,q_lt_q20,1302.6
e81f2363-eca0-4b47-a851-349da6a849b6,q_lt_q20,1303.75
e882d716-0531-48c0-969a-84ed85fccce6,q_lt_q20,1240.75
e8cc21fc-0770-4aee-8ce3-a344c8d465d3,q_lt_q20,1375.75
e8da76c5-b952-4142-ac96-4d16664b4494,q_lt_q20,1375.45
e95f12d8-a67b-459d-a9ab-bb233c20799d_F2595,q_lt_q20,1301.8
e95fa94f-f9e4-419a-aac4-c7bb11aadd58,q_lt_q20,1354.45
e96f8156-84b5-49aa-b931-5698f421b729,q_lt_q20,1320.35
e9c72be8-dea1-4a5d-8af7-05dce5f419ee,q_lt_q20,1343.35
e9d3271d-1599-4751-b98a-e7c9e783e512,q_lt_q20,1403.1
e9da9527-28c6-4cb1-8b70-6e5460afcae3,q_lt_q20,1367.85
e9f95177-02be-41bb-8728-40fe217bb6e1,q_lt_q20,1343.35
ea442d7a-f666-450a-a04f-449b7aec9edb,q_lt_q20,1350.6
eb0f6b17-4bc0-409d-90be-a6db939a8513,q_lt_q20,1396
eb97fa6f-d2c5-49db-8829-7b994b0a68be,q_lt_q20,1388
eba748a3-ebd6-4141-a671-5ef94b896ffa,q_lt_q20,1386.7
eba748a3-ebd6-4141-a671-5ef94b896ffa_453202901,q_lt_q20,1389.8
ebb603ce-8fde-4de0-acad-481632c0566a,q_lt_q20,1337.85
ebead23d-acc0-4a2a-89a5-8dcd327767fb,q_lt_q20,1394.3
ec93787b-03e6-445b-b17d-d4481b7d7e9c,q_lt_q20,1375.2
ecf7d51a-1308-44fd-aaf6-7d2292332eac,q_lt_q20,1397.4
ed2ab3fa-21c0-40db-970f-267924240421,q_lt_q20,1429.85
ed2d0622-1e92-4886-a748-df6b7586d52c,q_lt_q20,1330.35
ed9676ff-3b2e-4282-8a67-6882b2222e02,q_lt_q20,1334.9
edbe7bd4-b3a4-4f9f-9d33-e932017531d7,q_lt_q20,1359.2
ee1fdcfd-15f4-4a19-8356-acee538ae78d,q_lt_q20,1433.05
ee2f12c8-bf0a-470c-9a21-c0ad1ccc53f6,q_lt_q20,1369
eeeac5e4-672d-4472-893d-6ce4c6bab120,q_lt_q20,1346.5
ef6614a2-669d-4bc9-95e1-bb5acfb9a7d0,q_lt_q20,1340.45
ef76b105-7412-45fc-976d-972c1f7e185a,q_lt_q20,1400.3
efc7f52a-ca89-4d56-bea1-7758811ee22d,q_lt_q20,1405.65
efe2509e-d4c4-42a8-ae09-dcc1ffcbfe67,q_lt_q20,1397
efe53bb2-d752-4aa6-af43-e2240eae3675,q_lt_q20,1376.35
f02dce57-8c7c-4741-941e-9638164be462,q_lt_q20,1366
f04861d7-1fea-4282-ba7a-610c44cd039c,q_lt_q20,1364.25
f04ca4c9-40b2-431c-a944-863443457ac0,q_lt_q20,1377.9
f053c518-139a-4210-b305-ac3f7ac95075,q_lt_q20,1339.7
f06167e7-dd9e-4ce6-81c8-176d2d8b706d,q_lt_q20,1299.3
f06fd5b9-7da7-41db-a784-bd785ad3264e,q_lt_q20,1374.15
f06fd5b9-7da7-41db-a784-bd785ad3264e_151806011,q_lt_q20,1374.15
f0718c85-fbe6-4bb5-9a00-91ef53c38567,q_lt_q20,1132.3
f0719364-e4e5-4607-afce-a6f475d182e1,q_lt_q20,1399.1
f0b04c16-532d-43d4-b497-d52a57b45eb2,q_lt_q20,1435.8
f0ce59f5-6075-4861-8976-be2f44424535,q_lt_q20,1376.9
f120647f-1a02-4597-8ba7-3cd7a1c90635,q_lt_q20,1362.6
f1914b03-f60b-4174-9966-743e4fae2f61,q_lt_q20,1139.25
f22f80f8-1bb0-4e77-b225-291487060c6f,q_lt_q20,1409.3
f25278f2-f4b5-4d32-86b1-e00e6cd33a6f,q_lt_q20,1368.3
f311890e-f160-4533-9cfe-39271fc164e6,q_lt_q20,1384.95
f31fc8d7-3883-493b-be85-80fefa7068c5,q_lt_q20,1384.9
f3536ad3-46f4-4882-a605-260958220d85,q_lt_q20,1428.25
f357a614-cd56-4425-a685-133aa736e0c8,q_lt_q20,1429.7
f35edef4-7f87-4020-8088-95ea60da2b79,q_lt_q20,1387.3
f383556c-5233-45b1-aaa0-50959327d3d2,q_lt_q20,1199.2
f387d5f1-d06d-48fd-92a1-ede9bdebdc10,q_lt_q20,1408.5
f3904234-3063-44ac-b93a-0f52861ddbb4,q_lt_q20,1201.6
f409c5a2-5d4f-41d2-a734-b0707c778dd5,q_lt_q20,1410.55
f40d1dc8-2f89-441f-963c-2b15f4cfd7ff,q_lt_q20,1356.05
f44bf96d-3953-4fec-88bd-30ef4e12e523,q_lt_q20,1398.7
f45e1714-c4b4-44cc-9687-79d736a3a061,q_lt_q20,1378.8
f463f458-8115-42d8-834a-c6872116737d,q_lt_q20,1407.95
f47d3873-02f3-42e2-a96f-770c47772d6b,q_lt_q20,1381.3
f48b6a3b-96f0-40cf-9f97-22d0ba05652b,q_lt_q20,1417.3
f4a37857-9d23-4ab2-af0d-81171ad0d52a,q_lt_q20,1404.5
f4b5a4cd-85af-4782-9be0-97782029e7ab,q_lt_q20,1343.5
f4c0be26-7222-4c60-a6a1-bba413c33ca0,q_lt_q20,1376.25
f4e33ecf-176b-44e9-b45f-8f2990d18547,q_lt_q20,1126.85
f516b38c-16cc-4cda-94e7-6a85ee01b7b3,q_lt_q20,1333.5
f54d561e-dae2-4cab-94f1-215a02dfc308,q_lt_q20,1358.7
f5a87f88-4a45-494d-84e3-19ea46205316,q_lt_q20,1390.4
f5b37267-c78d-4e3e-9fca-0a380d46ffc8,q_lt_q20,1243.8
f5fecb83-cfac-4e5d-8b4c-1f8e2ca0ebb2,q_lt_q20,1362.65
f62ffa59-4994-4d08-a962-69378aa1b2e6,q_lt_q20,1361
f6570b4e-8721-4397-885a-7ecfeab86cd8,q_lt_q20,1355.55
f74e22c2-ba83-4a05-9303-d1e2b93c54bf,q_lt_q20,1429.9
f7897367-bb3b-4599-8184-b8941e889c9c,q_lt_q20,1389.55
f7f3bf26-071c-4119-8702-d0d410b7fc07,q_lt_q20,1389.8
f7fe310d-d263-486b-ab70-a4663975f7bd,q_lt_q20,1357
f8531ce2-c39e-4eaa-89a9-67302cacc66f,q_lt_q20,1360.7
f865f658-a32e-4601-b61e-e5c2f02c578a,q_lt_q20,1334.15
f868632b-012e-4605-996e-3e3becadafc2,q_lt_q20,1422.6
f8701e94-8375-4a79-865d-69acdea0853d,q_lt_q20,1395.45
f8745051-b1d4-47f0-96b5-76b67c6ebaf4,q_lt_q20,1386.7
f8ae6b4c-56c4-45a1-b83f-4697843b937f,q_lt_q20,1332.35
f8b80146-bdfd-419b-9d09-1bd05c274034,q_lt_q20,1380.25
f926adb6-6408-4d86-98b1-7c76f4bdbc37,q_lt_q20,1349.45
f9fcfbc0-af1b-46f6-bf20-6d8aedc1c72f,q_lt_q20,1297.5
fa1df2df-6c46-45ec-9aad-331c095431cb,q_lt_q20,1370.8
fa40b47d-6153-472f-9b91-f7ac3444071a,q_lt_q20,1378.2
faba42fb-8de9-4e60-a4f8-47c8271320e3,q_lt_q20,1346.05
fad760ef-0c6e-48df-a1c5-01d3f471cbb0,q_lt_q20,1405.6
fafd42b9-ed79-459c-98a6-83b7692eab78,q_lt_q20,1353
fb8bcdf9-89d2-419c-bdca-d1d1a8c97586,q_lt_q20,1378.2
fb9489af-81db-46cc-890e-1567c1f386a6,q_lt_q20,1339.45
fc053c40-2354-4f94-add2-1aa71fb0afc6,q_lt_q20,1418.05
fc26adc8-491a-4f56-a5a0-20d775dc0c7a,q_lt_q20,1354.25
fc5e2495-e6bf-4b91-bf05-547b8ce5fa8c,q_lt_q20,1419.8
fc82d49c-8b70-4e21-b1e3-0b648bf5b835,q_lt_q20,1374.85
fc8999c2-d9ad-4a1a-887b-2f9c10f11689,q_lt_q20,1370.1
fcb795f4-07bc-4ae0-8372-041644e7f275,q_lt_q20,1358.55
fcdd7420-c000-4db7-99fa-3835a65372fe,q_lt_q20,1462.3
fce4a0d2-2406-4c67-8bf4-35cd091e6545,q_lt_q20,1217.7
fd0f850f-2f54-46c0-ad53-1c56361d930c,q_lt_q20,1111.7
fd43ce67-61f8-481b-8547-0d899aa63c0b,q_lt_q20,1395.55
fd8ea26c-8052-48c5-a1bb-bbd5ebbbb3d3,q_lt_q20,1339.45
fdc0c6cb-c938-4b40-9b8d-6bc0f81dbbec,q_lt_q20,1405.15
fdfac74b-f168-40d6-9f97-2efc9ac6a964,q_lt_q20,1351.55
fe43947f-a0e9-49fe-9a11-5ef97f102fbd,q_lt_q20,1359.45
fe57175f-cfc7-4fcb-bed7-6a146ef67336,q_lt_q20,1393.7
fe6e0031-6278-4cf6-8097-8939a90a141d,q_lt_q20,1308.1
fe864cfb-0782-4369-8343-951e2ad01992,q_lt_q20,1229.5
fee4928e-59c8-4f42-b1b1-9299ae2d71f1,q_lt_q20,1380.1
ff467050-5094-4775-be40-2da994ad8650,q_lt_q20,1176.95
ff6ae1df-8fa7-4f88-9710-cb3b4fcde8a1,q_lt_q20,1347.95
ffe31960-febf-4c98-963d-6f23354add54,q_lt_q20,1267.85
fff0c2da-54e5-40af-9618-a97848d71c2e,q_lt_q20,1424.3
223202,q_lt_q20,1362.45
224201,q_lt_q20,1301.9
224206,q_lt_q20,1368.9
224213,q_lt_q20,1344.7
224214,q_lt_q20,1220.65
225213,q_lt_q20,1128.75
225218,q_lt_q20,1279.65
225219,q_lt_q20,1284.65
226204,q_lt_q20,1205.8
226209,q_lt_q20,1171.45
226220,q_lt_q20,1098.6
226226,q_lt_q20,1148.05
226402,q_lt_q20,1292.85
226410,q_lt_q20,1168
227200,q_lt_q20,1251.4
227202,q_lt_q20,1140.6
227211,q_lt_q20,1166.5
227219,q_lt_q20,1156.6
227225,q_lt_q20,1227.4
227226,q_lt_q20,1168.15
227227,q_lt_q20,1173.55
227231,q_lt_q20,1189.4
227236,q_lt_q20,1150.55
227237,q_lt_q20,1169.65
230205,q_lt_q20,1294.2
230210,q_lt_q20,1211.55
231211,q_lt_q20,1311.1
231213,q_lt_q20,1181
231225,q_lt_q20,1259.9
234200,q_lt_q20,1299.15
234201,q_lt_q20,1316.85
234203,q_lt_q20,1163.5
235202,q_lt_q20,1121
235203,q_lt_q20,1128.1
235210,q_lt_q20,1181.95
235211,q_lt_q20,1155.7
235234,q_lt_q20,1118.75
235237,q_lt_q20,1143.1
236205,q_lt_q20,1180.7
236212,q_lt_q20,1210.65
236213,q_lt_q20,1225.35
238204,q_lt_q20,1234.8
238208,q_lt_q20,1185.4
238223,q_lt_q20,1293.3
238229,q_lt_q20,1216.45
238230,q_lt_q20,1159.85
238231,q_lt_q20,1290.1
238235,q_lt_q20,1218.25
402204,q_lt_q20,1391.75
402206,q_lt_q20,1369.15
402213,q_lt_q20,1406.7
402217,q_lt_q20,1391.3
403213,q_lt_q20,1451.8
403214,q_lt_q20,1377.9
403217,q_lt_q20,1239.65
403221,q_lt_q20,1415.15
403222,q_lt_q20,1329.6
403224,q_lt_q20,1459.85
403226,q_lt_q20,1449.45
403232,q_lt_q20,1314.3
404207,q_lt_q20,1425.7
405205,q_lt_q20,1142.9
405209,q_lt_q20,1318.25
405214,q_lt_q20,1360.85
405215,q_lt_q20,1320.45
405218,q_lt_q20,1214.6
405219,q_lt_q20,1171.95
405226,q_lt_q20,1368.1
405227,q_lt_q20,1108.4
405228,q_lt_q20,1378.45
405231,q_lt_q20,1205.55
405234,q_lt_q20,1366.3
405238,q_lt_q20,1354.95
405241,q_lt_q20,1265.5
405245,q_lt_q20,1396.4
405248,q_lt_q20,1371.85
405251,q_lt_q20,1393.9
405263,q_lt_q20,1186.75
405264,q_lt_q20,1141.25
405274,q_lt_q20,1375.25
406208,q_lt_q20,1182.6
406213,q_lt_q20,1401
406214,q_lt_q20,1436.9
406226,q_lt_q20,1397.15
406235,q_lt_q20,1447.3
406250,q_lt_q20,1205.1
407253,q_lt_q20,1503.95
408200,q_lt_q20,1481.15
408202,q_lt_q20,1368.55
408206,q_lt_q20,1426.1
415201,q_lt_q20,1414
415207,q_lt_q20,1375.15
415237,q_lt_q20,1402.75
415245,q_lt_q20,1404.65
602004,q_lt_q20,1330.9
603003,q_lt_q20,1279.15
603004,q_lt_q20,1315.15
603005,q_lt_q20,1231.2
603007,q_lt_q20,1316.45
603136,q_lt_q20,1222.25
603190,q_lt_q20,1248.1
604001,q_lt_q20,1259.8
604053,q_lt_q20,1244.1
606001,q_lt_q20,1259.25
606002,q_lt_q20,1245.35
606195,q_lt_q20,1243.8
607003,q_lt_q20,1257.7
607004,q_lt_q20,1253.75
607007,q_lt_q20,1330.7
607013,q_lt_q20,1265.15
607144,q_lt_q20,1342
607220,q_lt_q20,1153.7
608002,q_lt_q20,1192.1
608151,q_lt_q20,1226.9
609002,q_lt_q20,1327.25
609005,q_lt_q20,1441.35
609018,q_lt_q20,1237.9
611004,q_lt_q20,1398.7
611111,q_lt_q20,1349.8
612001,q_lt_q20,1417.25
612014,q_lt_q20,1372.85
612025,q_lt_q20,1443.9
612034,q_lt_q20,1416.75
612230,q_lt_q20,1428.15
613002,q_lt_q20,1233.15
613146,q_lt_q20,1408.05
614006,q_lt_q20,1317.65
614037,q_lt_q20,1382.8
614044,q_lt_q20,1308.55
614196,q_lt_q20,1426.5
614224,q_lt_q20,1429.85
616001,q_lt_q20,1412.15
616002,q_lt_q20,1401.4
616006,q_lt_q20,1506.1
616013,q_lt_q20,1427.45
616019,q_lt_q20,1437.25
616041,q_lt_q20,1326.9
616178,q_lt_q20,1442.9
616216,q_lt_q20,1440.4
617002,q_lt_q20,1423
617003,q_lt_q20,1447.65
701009,q_lt_q20,1484.05
704139,q_lt_q20,1512.85
707005,q_lt_q20,1504.85
708011,q_lt_q20,1509.05
710003,q_lt_q20,1518.85
802055,q_lt_q20,1448.8
803003,q_lt_q20,1480.15
