station_id,mask,CoarseFragments
410024,q_lt_q20,17.95
410026,q_lt_q20,8.85
410033,q_lt_q20,16.05
410038,q_lt_q20,15.2
410044,q_lt_q20,10.8
410047,q_lt_q20,5.4
410057,q_lt_q20,14.95
410061,q_lt_q20,19.25
410062,q_lt_q20,7.8
410088,q_lt_q20,18.05
410141,q_lt_q20,10.9
410156,q_lt_q20,11.55
410705,q_lt_q20,9.05
410713,q_lt_q20,11.1
410730,q_lt_q20,22.25
410731,q_lt_q20,11.9
410734,q_lt_q20,18.35
410761,q_lt_q20,15.6
411003,q_lt_q20,9.5
10500000,q_lt_q20,0
11400000,q_lt_q20,2.3
12370000,q_lt_q20,7.35
12500000,q_lt_q20,1.3
12520000,q_lt_q20,0
12700000,q_lt_q20,4.25
13150000,q_lt_q20,
13470000,q_lt_q20,3.85
13600002,q_lt_q20,1.25
13710001,q_lt_q20,1
13750000,q_lt_q20,12.8
13870000,q_lt_q20,0
13880000,q_lt_q20,
14100000,q_lt_q20,
14110000,q_lt_q20,4.5
14230000,q_lt_q20,1.8
14250000,q_lt_q20,
14280001,q_lt_q20,
14310000,q_lt_q20,5.475
14330000,q_lt_q20,20.25
14350000,q_lt_q20,1.7
14440000,q_lt_q20,3.05
14515000,q_lt_q20,
14526000,q_lt_q20,4.55
14680001,q_lt_q20,7.15
15130000,q_lt_q20,0
15400000,q_lt_q20,
15700000,q_lt_q20,2
15800000,q_lt_q20,1.95
15910000,q_lt_q20,0.85
15930000,q_lt_q20,1.35
17050001,q_lt_q20,2.05
17090000,q_lt_q20,1.85
17200000,q_lt_q20,0.7
17345000,q_lt_q20,0.85
17350000,q_lt_q20,1.95
18200000,q_lt_q20,0
18850000,q_lt_q20,
19150000,q_lt_q20,2.85
20200000,q_lt_q20,1.15
20250000,q_lt_q20,0
21500000,q_lt_q20,1.05
21750000,q_lt_q20,2.2
22050001,q_lt_q20,
22680000,q_lt_q20,1.15
22700000,q_lt_q20,2.85
22850000,q_lt_q20,0.4
22900000,q_lt_q20,0.4
23100000,q_lt_q20,
23150000,q_lt_q20,0.7
23220000,q_lt_q20,1.45
23230000,q_lt_q20,0.4
23250000,q_lt_q20,1.85
23300000,q_lt_q20,2.15
23600000,q_lt_q20,
23700000,q_lt_q20,3.3
23710000,q_lt_q20,
24050000,q_lt_q20,1.55
24200000,q_lt_q20,3.55
24500000,q_lt_q20,2.3
24700000,q_lt_q20,4.25
24750000,q_lt_q20,1.3
24780000,q_lt_q20,2.2
24800000,q_lt_q20,1.7
24850000,q_lt_q20,
24900000,q_lt_q20,1.7
24950000,q_lt_q20,2.15
25100000,q_lt_q20,1.25
25130000,q_lt_q20,0
25200000,q_lt_q20,0
25700000,q_lt_q20,1.25
25950000,q_lt_q20,0
26040000,q_lt_q20,0.4
26050000,q_lt_q20,1.45
26100000,q_lt_q20,3.25
26200000,q_lt_q20,0
26300000,q_lt_q20,
26350000,q_lt_q20,
26720000,q_lt_q20,0
27500000,q_lt_q20,
27550000,q_lt_q20,0.05
28150000,q_lt_q20,0.85
28300000,q_lt_q20,1.25
28850000,q_lt_q20,2.95
29050000,q_lt_q20,0.4
29100000,q_lt_q20,0.95
30080000,q_lt_q20,3.7
30400000,q_lt_q20,4.25
31490000,q_lt_q20,1
31520000,q_lt_q20,0.85
31600000,q_lt_q20,0.85
31680000,q_lt_q20,3.85
31700000,q_lt_q20,7.7
32400000,q_lt_q20,0
32550000,q_lt_q20,0
32620000,q_lt_q20,0
32830000,q_lt_q20,0.85
33025000,q_lt_q20,1.35
33170000,q_lt_q20,0.9
33190000,q_lt_q20,
33205000,q_lt_q20,1.15
33215000,q_lt_q20,0.45
33250000,q_lt_q20,2.25
33260000,q_lt_q20,0.3
33270000,q_lt_q20,0.3
33281000,q_lt_q20,0.85
33286000,q_lt_q20,0
33290000,q_lt_q20,0
33321000,q_lt_q20,4.55
33330000,q_lt_q20,1
33380000,q_lt_q20,0
33450000,q_lt_q20,0.7
33460000,q_lt_q20,1.45
33480000,q_lt_q20,1.85
33520000,q_lt_q20,1.25
33530000,q_lt_q20,0.85
33550000,q_lt_q20,3.1
33620000,q_lt_q20,1.1
33630000,q_lt_q20,1.3
33680000,q_lt_q20,0
33730000,q_lt_q20,0
33760000,q_lt_q20,1.85
33780000,q_lt_q20,0
34020000,q_lt_q20,2.7
34060000,q_lt_q20,3.45
34070000,q_lt_q20,1.7
34090000,q_lt_q20,1.25
34130000,q_lt_q20,2.25
34170000,q_lt_q20,0.95
34251000,q_lt_q20,2.45
34311000,q_lt_q20,
34571000,q_lt_q20,0.85
34660000,q_lt_q20,0
34690000,q_lt_q20,
34730000,q_lt_q20,3
34750000,q_lt_q20,4.85
34770000,q_lt_q20,2.15
34789000,q_lt_q20,1.8
34879500,q_lt_q20,2.95
34930000,q_lt_q20,5.6
34940000,q_lt_q20,3.65
34980000,q_lt_q20,0.45
35235000,q_lt_q20,1.65
35240000,q_lt_q20,1.7
35258000,q_lt_q20,1.95
35260000,q_lt_q20,0
35263000,q_lt_q20,2.95
35740000,q_lt_q20,3.45
35830000,q_lt_q20,3.25
36020000,q_lt_q20,4.3
36045000,q_lt_q20,4.1
36125000,q_lt_q20,2.85
36130000,q_lt_q20,3.1
36160000,q_lt_q20,1.1
36210000,q_lt_q20,1.7
36250000,q_lt_q20,2.95
36290000,q_lt_q20,2.4
36320000,q_lt_q20,2.85
36390000,q_lt_q20,2
36580000,q_lt_q20,1.3
37220000,q_lt_q20,3.65
37380000,q_lt_q20,2
37410000,q_lt_q20,0.9
37470000,q_lt_q20,2.7
37710150,q_lt_q20,0.4
38790000,q_lt_q20,1.65
38830000,q_lt_q20,6.7
38860000,q_lt_q20,4.5
39084010,q_lt_q20,2.25
39140000,q_lt_q20,0.7
39150000,q_lt_q20,0.7
39170000,q_lt_q20,4.55
39360000,q_lt_q20,5.65
39480000,q_lt_q20,2.85
39540000,q_lt_q20,3.55
39560000,q_lt_q20,4.65
39580000,q_lt_q20,3
39760000,q_lt_q20,5.05
39770000,q_lt_q20,5.15
39870000,q_lt_q20,6.25
40025000,q_lt_q20,4.8
40037000,q_lt_q20,2.25
40040000,q_lt_q20,1.85
40050000,q_lt_q20,1.15
40053000,q_lt_q20,0.4
40060001,q_lt_q20,1.1
40100000,q_lt_q20,3.4
40150000,q_lt_q20,2.45
40170000,q_lt_q20,1.6
40185000,q_lt_q20,1.75
40330000,q_lt_q20,2.8
40500000,q_lt_q20,1.55
40549998,q_lt_q20,1.95
40579995,q_lt_q20,4.25
40680000,q_lt_q20,2.2
40710000,q_lt_q20,3.9
40740000,q_lt_q20,2.55
40800001,q_lt_q20,1.7
40810350,q_lt_q20,0.85
40810800,q_lt_q20,1.65
40811100,q_lt_q20,1.25
40822995,q_lt_q20,3.3
40823500,q_lt_q20,1.3
40850000,q_lt_q20,0.85
40975000,q_lt_q20,3.55
41050000,q_lt_q20,2.75
41135000,q_lt_q20,0
41199998,q_lt_q20,3.05
41260000,q_lt_q20,0.4
41300000,q_lt_q20,4.3
41380000,q_lt_q20,1.85
41410000,q_lt_q20,2.6
41440005,q_lt_q20,3.85
41539998,q_lt_q20,1.75
41650002,q_lt_q20,3.35
41685000,q_lt_q20,2.75
41780002,q_lt_q20,4.2
41818000,q_lt_q20,0.4
41890000,q_lt_q20,1.7
41990000,q_lt_q20,1.2
42089998,q_lt_q20,1.1
42100000,q_lt_q20,1.15
42187000,q_lt_q20,0.45
42210000,q_lt_q20,
42250000,q_lt_q20,1.55
42255000,q_lt_q20,2.25
42257000,q_lt_q20,0
42290000,q_lt_q20,0
42395000,q_lt_q20,0.7
42440000,q_lt_q20,4.7
42490000,q_lt_q20,1.5
42540000,q_lt_q20,0.85
42546000,q_lt_q20,0
42690001,q_lt_q20,
42750000,q_lt_q20,0
42840000,q_lt_q20,2.15
42930000,q_lt_q20,
43200000,q_lt_q20,
43300000,q_lt_q20,2.15
43670000,q_lt_q20,0.85
43675000,q_lt_q20,2.35
43880000,q_lt_q20,0
44200000,q_lt_q20,2.4
44250000,q_lt_q20,1.4
44290002,q_lt_q20,7.45
44500000,q_lt_q20,
44540000,q_lt_q20,1.45
44670000,q_lt_q20,0.4
45131000,q_lt_q20,0.85
45170001,q_lt_q20,2.7
45210000,q_lt_q20,1.85
45220000,q_lt_q20,2.1
45260000,q_lt_q20,0.7
45298000,q_lt_q20,
45480000,q_lt_q20,
45590000,q_lt_q20,4.7
45770000,q_lt_q20,1.55
45840000,q_lt_q20,3.45
45880000,q_lt_q20,1.55
45910001,q_lt_q20,3.15
45960001,q_lt_q20,2.25
46035000,q_lt_q20,7.25
46105000,q_lt_q20,1.1
46360000,q_lt_q20,9.1
46455000,q_lt_q20,3.6
46570000,q_lt_q20,0.9
46610000,q_lt_q20,0.7
46650000,q_lt_q20,0.4
46770000,q_lt_q20,1.85
46830000,q_lt_q20,1.15
46902000,q_lt_q20,4.85
47480000,q_lt_q20,10.7
48020000,q_lt_q20,
48290000,q_lt_q20,
49330000,q_lt_q20,
49370000,q_lt_q20,
49705000,q_lt_q20,3.8
50040000,q_lt_q20,1.85
50146000,q_lt_q20,5.25
50150000,q_lt_q20,4.1
50191000,q_lt_q20,2.55
50250000,q_lt_q20,1.55
50330000,q_lt_q20,6.65
50380000,q_lt_q20,5.95
50420000,q_lt_q20,3.85
50430000,q_lt_q20,4.55
50465000,q_lt_q20,5.25
50540000,q_lt_q20,4.3
50595000,q_lt_q20,4.45
50620000,q_lt_q20,1.15
50660000,q_lt_q20,4.2
50720000,q_lt_q20,5.05
50730000,q_lt_q20,4.65
50740000,q_lt_q20,3.05
50755000,q_lt_q20,4.55
50785000,q_lt_q20,2.85
50795000,q_lt_q20,5.95
51060100,q_lt_q20,2.25
51120000,q_lt_q20,8.55
51140000,q_lt_q20,6.25
51170000,q_lt_q20,6.35
51230000,q_lt_q20,4.9
51240000,q_lt_q20,3.5
51280000,q_lt_q20,4.2
51330000,q_lt_q20,3.1
51350000,q_lt_q20,6.75
51430000,q_lt_q20,3.4
51440000,q_lt_q20,6.25
51460000,q_lt_q20,4.4
51560000,q_lt_q20,5.15
51820000,q_lt_q20,6
51840000,q_lt_q20,5.7
51870000,q_lt_q20,4.25
52050000,q_lt_q20,3.85
52370000,q_lt_q20,6.1
52404000,q_lt_q20,9.9
52405000,q_lt_q20,4.35
52570000,q_lt_q20,6.9
52680000,q_lt_q20,2.85
52695000,q_lt_q20,3.15
52760000,q_lt_q20,4.65
52790000,q_lt_q20,5.4
52831000,q_lt_q20,
53125000,q_lt_q20,3.35
53140000,q_lt_q20,3.7
53160000,q_lt_q20,2.85
53540001,q_lt_q20,3.2
53620000,q_lt_q20,7.1
53630000,q_lt_q20,6.1
53650000,q_lt_q20,5.1
53780000,q_lt_q20,4.55
53880000,q_lt_q20,4.65
53950000,q_lt_q20,4.65
54010005,q_lt_q20,2.95
54110002,q_lt_q20,5.95
54150000,q_lt_q20,6.8
54165000,q_lt_q20,4.35
54195000,q_lt_q20,6.6
54230000,q_lt_q20,3.95
54260000,q_lt_q20,5.25
54300000,q_lt_q20,4.2
54390000,q_lt_q20,1.95
54485000,q_lt_q20,6.4
54500000,q_lt_q20,6.35
54580000,q_lt_q20,7.1
54590000,q_lt_q20,8.05
54710000,q_lt_q20,8.45
54730005,q_lt_q20,7.8
54770000,q_lt_q20,3.8
54780000,q_lt_q20,6.35
54950000,q_lt_q20,5.9
55330000,q_lt_q20,4.85
55340000,q_lt_q20,3.1
55360000,q_lt_q20,2.25
55370000,q_lt_q20,4.55
55380000,q_lt_q20,2.55
55460000,q_lt_q20,6.1
55520001,q_lt_q20,5.7
55560000,q_lt_q20,2.8
55610000,q_lt_q20,2.1
55630000,q_lt_q20,5.9
55660000,q_lt_q20,5.65
55699998,q_lt_q20,0
55790000,q_lt_q20,2.25
55895000,q_lt_q20,1.85
55900000,q_lt_q20,0
55920000,q_lt_q20,1.25
55960000,q_lt_q20,3.55
56028000,q_lt_q20,1.85
56055000,q_lt_q20,3.95
56065000,q_lt_q20,3.95
56075000,q_lt_q20,2.55
56085000,q_lt_q20,0
56090000,q_lt_q20,1.8
56110005,q_lt_q20,2.95
56240000,q_lt_q20,1.55
56335001,q_lt_q20,3.7
56415000,q_lt_q20,5.5
56425000,q_lt_q20,3.25
56460000,q_lt_q20,1.65
56484998,q_lt_q20,4.25
56500000,q_lt_q20,6.05
56510000,q_lt_q20,2.25
56539000,q_lt_q20,6.2
56570000,q_lt_q20,3.25
56610000,q_lt_q20,5.75
56640000,q_lt_q20,0.4
56659998,q_lt_q20,4.65
56696000,q_lt_q20,3.95
56719998,q_lt_q20,4.25
56750000,q_lt_q20,3.5
56775000,q_lt_q20,3.25
56787000,q_lt_q20,1.65
56800000,q_lt_q20,1.1
56825000,q_lt_q20,
56845000,q_lt_q20,3.85
56846000,q_lt_q20,1.25
56850000,q_lt_q20,5.4
56860000,q_lt_q20,4.35
56870000,q_lt_q20,2.15
56891900,q_lt_q20,4.25
56915500,q_lt_q20,4.75
56920000,q_lt_q20,
56940002,q_lt_q20,4.8
56960005,q_lt_q20,0
56976000,q_lt_q20,1.8
56978000,q_lt_q20,2.2
56983000,q_lt_q20,4.05
56988500,q_lt_q20,0.85
56989001,q_lt_q20,2.8
56990000,q_lt_q20,2.75
56990990,q_lt_q20,7.1
56991500,q_lt_q20,2.4
56992000,q_lt_q20,3.05
56993551,q_lt_q20,0.7
56994500,q_lt_q20,
56994510,q_lt_q20,16.1
56995500,q_lt_q20,3
57040008,q_lt_q20,3.4
57130000,q_lt_q20,3.2
57170000,q_lt_q20,3.4
57250000,q_lt_q20,5.25
57300000,q_lt_q20,2.4
57320000,q_lt_q20,5.35
57350000,q_lt_q20,1.55
57360000,q_lt_q20,5.9
57370000,q_lt_q20,4.5
57400000,q_lt_q20,1.65
57420000,q_lt_q20,3.6
57450000,q_lt_q20,1.65
57460000,q_lt_q20,5.05
57476500,q_lt_q20,3.7
57490000,q_lt_q20,4.85
57550000,q_lt_q20,2.95
57580000,q_lt_q20,3.85
57650000,q_lt_q20,2.2
57700000,q_lt_q20,3.9
57720000,q_lt_q20,3.5
57740000,q_lt_q20,5.05
57770000,q_lt_q20,2.8
57830000,q_lt_q20,2.2
57880000,q_lt_q20,9.65
57930000,q_lt_q20,2.8
58030000,q_lt_q20,1.8
58040000,q_lt_q20,3.7
58060000,q_lt_q20,1.65
58096000,q_lt_q20,2.75
58099000,q_lt_q20,2.15
58142200,q_lt_q20,1.8
58183000,q_lt_q20,1.65
58204000,q_lt_q20,7.2
58218000,q_lt_q20,5
58220000,q_lt_q20,2.85
58235100,q_lt_q20,7.55
58258000,q_lt_q20,1.55
58270000,q_lt_q20,1.1
58300000,q_lt_q20,7.5
58305001,q_lt_q20,7.6
58380001,q_lt_q20,5.5
58405000,q_lt_q20,4.55
58420000,q_lt_q20,3.9
58425000,q_lt_q20,6.35
58434000,q_lt_q20,0.8
58440000,q_lt_q20,4.1
58470000,q_lt_q20,0.8
58480500,q_lt_q20,6.75
58500000,q_lt_q20,0.8
58516500,q_lt_q20,1.25
58520000,q_lt_q20,3.2
58530000,q_lt_q20,0
58535000,q_lt_q20,1.25
58542000,q_lt_q20,4.2
58550001,q_lt_q20,2.65
58560000,q_lt_q20,3.8
58573000,q_lt_q20,1.3
58585000,q_lt_q20,2.5
58610000,q_lt_q20,1.95
58620000,q_lt_q20,3.2
58630002,q_lt_q20,6.6
58645000,q_lt_q20,3.4
58648001,q_lt_q20,4.8
58658000,q_lt_q20,3.15
58670002,q_lt_q20,3.9
58710000,q_lt_q20,0.85
58720000,q_lt_q20,5.1
58730001,q_lt_q20,4.5
58735000,q_lt_q20,7.2
58736000,q_lt_q20,0.8
58750000,q_lt_q20,2.2
58755000,q_lt_q20,3.1
58765001,q_lt_q20,2.2
58770000,q_lt_q20,5.5
58795000,q_lt_q20,3.2
58825000,q_lt_q20,0.4
58827000,q_lt_q20,3.9
58846000,q_lt_q20,1.1
58850000,q_lt_q20,1.4
58870000,q_lt_q20,2.8
58880001,q_lt_q20,6.1
58910000,q_lt_q20,2.2
58916000,q_lt_q20,2.95
58917000,q_lt_q20,1.4
58920000,q_lt_q20,4.05
58930000,q_lt_q20,5.2
58934000,q_lt_q20,2.6
58940000,q_lt_q20,3.6
58960000,q_lt_q20,3.4
58974000,q_lt_q20,5.2
59100000,q_lt_q20,5.75
59120000,q_lt_q20,3.1
59125000,q_lt_q20,0.4
59181000,q_lt_q20,1.8
59240000,q_lt_q20,1.65
59355000,q_lt_q20,3.5
60010000,q_lt_q20,1.35
60011000,q_lt_q20,1.85
60100000,q_lt_q20,2.25
60110000,q_lt_q20,1.9
60130000,q_lt_q20,0
60145000,q_lt_q20,1.85
60220000,q_lt_q20,1.25
60250000,q_lt_q20,0.8
60265000,q_lt_q20,2.25
60381000,q_lt_q20,0.4
60435000,q_lt_q20,1.55
60435100,q_lt_q20,2.55
60435200,q_lt_q20,1.25
60435300,q_lt_q20,1.75
60436000,q_lt_q20,6.75
60471200,q_lt_q20,1.9
60473000,q_lt_q20,0.4
60476100,q_lt_q20,0.4
60477400,q_lt_q20,4.95
60477600,q_lt_q20,0.4
60478500,q_lt_q20,1.25
60478600,q_lt_q20,1.05
60490000,q_lt_q20,1.1
60500000,q_lt_q20,1.25
60615000,q_lt_q20,0
60635000,q_lt_q20,0.4
60640000,q_lt_q20,0.4
60642000,q_lt_q20,1.2
60650000,q_lt_q20,1.6
60653000,q_lt_q20,0.45
60654000,q_lt_q20,0.7
60665000,q_lt_q20,0.85
60680000,q_lt_q20,0.7
60715000,q_lt_q20,1.85
60750000,q_lt_q20,0.7
60765000,q_lt_q20,0
60772000,q_lt_q20,0.7
60774000,q_lt_q20,0
60778000,q_lt_q20,2.25
60781000,q_lt_q20,1.25
60790000,q_lt_q20,1.25
60798000,q_lt_q20,0.4
60810000,q_lt_q20,1.55
60850000,q_lt_q20,0.7
60855000,q_lt_q20,2.6
60910000,q_lt_q20,0.85
60925001,q_lt_q20,0.7
60930000,q_lt_q20,4.8
60940000,q_lt_q20,0
60950000,q_lt_q20,1.6
60960000,q_lt_q20,0.85
60968000,q_lt_q20,2.55
60970000,q_lt_q20,1.85
61009000,q_lt_q20,2.6
61012000,q_lt_q20,2.15
61014000,q_lt_q20,3.55
61024000,q_lt_q20,4.7
61031000,q_lt_q20,4.25
61045000,q_lt_q20,1.95
61052000,q_lt_q20,4.5
61060000,q_lt_q20,1.7
61075000,q_lt_q20,3.5
61078000,q_lt_q20,2.75
61085000,q_lt_q20,1.55
61090000,q_lt_q20,9.2
61100000,q_lt_q20,3.7
61105000,q_lt_q20,1.25
61107000,q_lt_q20,3.6
61115000,q_lt_q20,2.25
61122000,q_lt_q20,2.25
61135000,q_lt_q20,2.2
61173000,q_lt_q20,3.25
61175000,q_lt_q20,1.25
61250000,q_lt_q20,3.8
61267000,q_lt_q20,3.2
61271000,q_lt_q20,1.2
61280000,q_lt_q20,1.55
61285000,q_lt_q20,1.1
61295000,q_lt_q20,3.8
61305000,q_lt_q20,6.85
61320000,q_lt_q20,4.8
61343000,q_lt_q20,1.25
61350000,q_lt_q20,4.15
61370000,q_lt_q20,1.35
61390000,q_lt_q20,2.45
61410000,q_lt_q20,3.1
61460000,q_lt_q20,3.25
61473000,q_lt_q20,2.1
61500000,q_lt_q20,1.65
61510000,q_lt_q20,4.4
61520000,q_lt_q20,3.7
61537000,q_lt_q20,2.6
61565000,q_lt_q20,3.25
61610000,q_lt_q20,3.25
61700000,q_lt_q20,1.1
61770000,q_lt_q20,1.1
61815000,q_lt_q20,3.25
61826000,q_lt_q20,2.5
61830000,q_lt_q20,2.25
61886000,q_lt_q20,1.7
61902000,q_lt_q20,3.25
61910000,q_lt_q20,0.85
61912000,q_lt_q20,1.85
61915000,q_lt_q20,2.25
61953001,q_lt_q20,3.1
61956001,q_lt_q20,1.45
62420000,q_lt_q20,1.55
62477100,q_lt_q20,2.4
62490000,q_lt_q20,3.85
62600000,q_lt_q20,3.1
62615000,q_lt_q20,5.2
62622000,q_lt_q20,4.3
62625000,q_lt_q20,8.6
62670000,q_lt_q20,4.55
62715000,q_lt_q20,1.4
62760005,q_lt_q20,3.1
62760150,q_lt_q20,2.65
62767500,q_lt_q20,2.6
63250000,q_lt_q20,3.15
63350100,q_lt_q20,1.95
63790000,q_lt_q20,2.8
63950010,q_lt_q20,1.85
63950100,q_lt_q20,2.4
63955000,q_lt_q20,2.25
63970000,q_lt_q20,0.8
64040000,q_lt_q20,3.25
64065000,q_lt_q20,1.55
64075000,q_lt_q20,2.55
64231000,q_lt_q20,2.7
64315000,q_lt_q20,5.1
64327000,q_lt_q20,3.6
64360000,q_lt_q20,3.55
64362000,q_lt_q20,3.65
64370000,q_lt_q20,2.7
64380000,q_lt_q20,3.95
64382000,q_lt_q20,4.15
64442800,q_lt_q20,3.25
64447000,q_lt_q20,3.4
64453000,q_lt_q20,0.85
64465000,q_lt_q20,
64477600,q_lt_q20,0.85
64501000,q_lt_q20,5.7
64504210,q_lt_q20,0
64504550,q_lt_q20,3.7
64506000,q_lt_q20,7.7
64507000,q_lt_q20,6.4
64508500,q_lt_q20,4.7
64550000,q_lt_q20,2.7
64575003,q_lt_q20,10.2
64613000,q_lt_q20,3.4
64613800,q_lt_q20,1
64614000,q_lt_q20,0.85
64617000,q_lt_q20,1.65
64618000,q_lt_q20,2.45
64619950,q_lt_q20,0.85
64620000,q_lt_q20,2.35
64625000,q_lt_q20,1.95
64645000,q_lt_q20,3.7
64652000,q_lt_q20,3.35
64655000,q_lt_q20,7.75
64659000,q_lt_q20,4.45
64660500,q_lt_q20,
64671000,q_lt_q20,2.7
64673000,q_lt_q20,4.3
64675002,q_lt_q20,
64682000,q_lt_q20,5.55
64685000,q_lt_q20,
64693000,q_lt_q20,
64700000,q_lt_q20,3.05
64717000,q_lt_q20,3
64723000,q_lt_q20,3.85
64764000,q_lt_q20,4.25
64767000,q_lt_q20,1.55
64771500,q_lt_q20,2
64773000,q_lt_q20,1.8
64775000,q_lt_q20,2.65
64776100,q_lt_q20,6.65
64785000,q_lt_q20,1.95
64795000,q_lt_q20,
64799500,q_lt_q20,6.25
64810000,q_lt_q20,4.85
64815000,q_lt_q20,4.4
64820000,q_lt_q20,2.55
64830000,q_lt_q20,
64843000,q_lt_q20,
65006075,q_lt_q20,0.4
65009000,q_lt_q20,0
65010000,q_lt_q20,0
65015400,q_lt_q20,3.25
65021000,q_lt_q20,1.8
65021250,q_lt_q20,1.65
65021770,q_lt_q20,0.4
65024000,q_lt_q20,0.8
65025000,q_lt_q20,0.4
65027000,q_lt_q20,0
65060000,q_lt_q20,3.85
65095000,q_lt_q20,3.55
65100000,q_lt_q20,2.25
65135000,q_lt_q20,1.25
65136550,q_lt_q20,0
65180000,q_lt_q20,2.55
65220000,q_lt_q20,7.2
65310000,q_lt_q20,
65809000,q_lt_q20,1.95
65815050,q_lt_q20,6.95
65855000,q_lt_q20,0
65925000,q_lt_q20,2.55
65945000,q_lt_q20,0.85
65948000,q_lt_q20,3.05
65960000,q_lt_q20,6.1
65979000,q_lt_q20,0
65986000,q_lt_q20,
65987000,q_lt_q20,2.65
65993000,q_lt_q20,6.65
66006000,q_lt_q20,2.85
66160000,q_lt_q20,0.4
66260001,q_lt_q20,0
67100000,q_lt_q20,1.55
70100000,q_lt_q20,6.65
70200000,q_lt_q20,14.2
70300000,q_lt_q20,9.1
70500000,q_lt_q20,5.95
71200000,q_lt_q20,6.1
71250000,q_lt_q20,6
71300000,q_lt_q20,6.55
71350001,q_lt_q20,9.6
71383000,q_lt_q20,5.75
71498000,q_lt_q20,5.9
71550000,q_lt_q20,8.35
72430000,q_lt_q20,3.55
72630000,q_lt_q20,10.6
72680000,q_lt_q20,2.65
72715000,q_lt_q20,9.9
72810000,q_lt_q20,5.25
72849000,q_lt_q20,6.05
72870000,q_lt_q20,3.9
73300000,q_lt_q20,4.55
73330000,q_lt_q20,2.95
73350000,q_lt_q20,3.2
73550000,q_lt_q20,
73600000,q_lt_q20,1.1
73690001,q_lt_q20,2.7
73765000,q_lt_q20,4.35
73770000,q_lt_q20,4.5
73780000,q_lt_q20,0
73820000,q_lt_q20,3.1
73900000,q_lt_q20,1.85
73960000,q_lt_q20,
74100000,q_lt_q20,
74205000,q_lt_q20,2.7
74270000,q_lt_q20,5.45
74295000,q_lt_q20,8.2
74320000,q_lt_q20,5.5
74370000,q_lt_q20,6.55
74460000,q_lt_q20,5.55
74470000,q_lt_q20,3.25
74700000,q_lt_q20,3.3
74750000,q_lt_q20,0
74800000,q_lt_q20,
74880000,q_lt_q20,3.85
74900000,q_lt_q20,4.4
75200000,q_lt_q20,1.55
75205000,q_lt_q20,5
75230000,q_lt_q20,0
75295000,q_lt_q20,2.1
75320000,q_lt_q20,2.6
75450000,q_lt_q20,0.85
75500000,q_lt_q20,2.4
75550000,q_lt_q20,2
75600000,q_lt_q20,0.4
75700000,q_lt_q20,2.95
75780000,q_lt_q20,3.15
76085000,q_lt_q20,3.05
76100000,q_lt_q20,1.25
76300000,q_lt_q20,0
76310000,q_lt_q20,3.1
76460000,q_lt_q20,2.55
76750000,q_lt_q20,2.25
77150000,q_lt_q20,8
81019300,q_lt_q20,1.8
81019350,q_lt_q20,2.95
81102000,q_lt_q20,3.7
81107000,q_lt_q20,2.05
81120000,q_lt_q20,1.35
81125000,q_lt_q20,2.45
81135000,q_lt_q20,5.5
81140000,q_lt_q20,4.05
81200000,q_lt_q20,0.45
81335000,q_lt_q20,1.95
81585000,q_lt_q20,2.65
81683000,q_lt_q20,1.85
82270050,q_lt_q20,2.05
82320000,q_lt_q20,0.7
82350000,q_lt_q20,5
82770000,q_lt_q20,0.45
83029900,q_lt_q20,4.2
83050000,q_lt_q20,3.6
83105000,q_lt_q20,1.1
83250000,q_lt_q20,4.5
83300200,q_lt_q20,9.75
83345000,q_lt_q20,0.85
83440000,q_lt_q20,4.95
83520000,q_lt_q20,
83675000,q_lt_q20,1.35
83690000,q_lt_q20,4.1
83800002,q_lt_q20,1.85
83892990,q_lt_q20,0
83892998,q_lt_q20,2.1
84071000,q_lt_q20,1
84095000,q_lt_q20,2.15
84095500,q_lt_q20,3.1
84150100,q_lt_q20,0.3
84249998,q_lt_q20,4.1
84300000,q_lt_q20,1
84520000,q_lt_q20,3.65
84520010,q_lt_q20,0
84551000,q_lt_q20,0.4
84559800,q_lt_q20,0.85
84560000,q_lt_q20,2.85
84580000,q_lt_q20,2.5
84598002,q_lt_q20,1.7
84600000,q_lt_q20,2.55
84949000,q_lt_q20,0
84949800,q_lt_q20,2.2
84950000,q_lt_q20,2.65
85400000,q_lt_q20,0.4
85438000,q_lt_q20,0.95
85470000,q_lt_q20,0
85480000,q_lt_q20,0
85600000,q_lt_q20,2.4
85610000,q_lt_q20,0
85623000,q_lt_q20,2.3
85642000,q_lt_q20,2
85900000,q_lt_q20,3
86100000,q_lt_q20,14.45
86160000,q_lt_q20,4.4
86410000,q_lt_q20,8.5
86420000,q_lt_q20,2.7
86480000,q_lt_q20,1.55
86500000,q_lt_q20,3.95
86510000,q_lt_q20,8.2
86560000,q_lt_q20,3.05
86580000,q_lt_q20,3.55
86700000,q_lt_q20,0.6
86745000,q_lt_q20,0
87160000,q_lt_q20,3.15
87170000,q_lt_q20,0.85
87270000,q_lt_q20,0
87380000,q_lt_q20,1.25
87382000,q_lt_q20,1.8
87399000,q_lt_q20,0
88750000,q_lt_q20,0.85
88850000,q_lt_q20,1.1
01AD002,q_lt_q20,10.9
01AD003,q_lt_q20,12.45
01AD015,q_lt_q20,9.8
01AE001,q_lt_q20,13.9
01AF002,q_lt_q20,
01AF007,q_lt_q20,13.1
01AF009,q_lt_q20,9.2
01AG003,q_lt_q20,16.75
01AH002,q_lt_q20,10.9
01AJ003,q_lt_q20,10.75
01AJ004,q_lt_q20,11.65
01AJ010,q_lt_q20,8.55
01AK001,q_lt_q20,11.75
01AK006,q_lt_q20,11.35
01AK007,q_lt_q20,7.1
01AL002,q_lt_q20,9.5
01AL004,q_lt_q20,17.2
01AM001,q_lt_q20,3.95
01AN002,q_lt_q20,7.95
01AP002,q_lt_q20,2.95
01AP004,q_lt_q20,8
01AP006,q_lt_q20,10.95
01AQ001,q_lt_q20,12.55
01AQ002,q_lt_q20,8.95
01AR004,q_lt_q20,6.75
01AR005,q_lt_q20,5.25
01AR006,q_lt_q20,7.4
01AR011,q_lt_q20,13.1
01BC001,q_lt_q20,14.95
01BD008,q_lt_q20,11.8
01BD009,q_lt_q20,20.65
01BE001,q_lt_q20,10.4
01BF004,q_lt_q20,11.9
01BG005,q_lt_q20,15.5
01BG008,q_lt_q20,8.9
01BG009,q_lt_q20,13.7
01BH005,q_lt_q20,19.5
01BH010,q_lt_q20,21.65
01BJ003,q_lt_q20,8.85
01BJ007,q_lt_q20,14.15
01BJ010,q_lt_q20,8.4
01BJ012,q_lt_q20,13.5
01BL002,q_lt_q20,6.7
01BL003,q_lt_q20,8.55
01BO001,q_lt_q20,6.8
01BP001,q_lt_q20,10.55
01BP002,q_lt_q20,14.8
01BQ001,q_lt_q20,11.35
01BS001,q_lt_q20,5.5
01BU002,q_lt_q20,3.4
01BU009,q_lt_q20,8.65
01BV006,q_lt_q20,20.95
01CA003,q_lt_q20,5.15
01CB018,q_lt_q20,3.75
01CC002,q_lt_q20,1.55
01DC007,q_lt_q20,6.55
01DD005,q_lt_q20,4.5
01DG003,q_lt_q20,8.5
01DG043,q_lt_q20,4.5
01DH002,q_lt_q20,5.55
01DH004,q_lt_q20,5.7
01DH006,q_lt_q20,3.7
01DJ005,q_lt_q20,7.45
01DL001,q_lt_q20,9.6
01DN004,q_lt_q20,5.05
01DP004,q_lt_q20,8.4
01DR001,q_lt_q20,5.55
01EA003,q_lt_q20,8.55
01EC001,q_lt_q20,8.85
01ED005,q_lt_q20,9.55
01ED007,q_lt_q20,11.1
01ED013,q_lt_q20,9.15
01EE005,q_lt_q20,11.95
01EF001,q_lt_q20,8.65
01EJ001,q_lt_q20,10.05
01EJ004,q_lt_q20,6.95
01FA001,q_lt_q20,10.65
01FB001,q_lt_q20,12.45
01FB003,q_lt_q20,18.65
01FF001,q_lt_q20,16.05
01FG001,q_lt_q20,7.95
02AB006,q_lt_q20,14
02AB014,q_lt_q20,14.95
02AB017,q_lt_q20,13.4
02AB019,q_lt_q20,6.95
02AB020,q_lt_q20,12.4
02AB021,q_lt_q20,18.1
02AB022,q_lt_q20,11.4
02AB023,q_lt_q20,10.4
02AB024,q_lt_q20,11.5
02AC001,q_lt_q20,15.55
02AC002,q_lt_q20,14.55
02AD010,q_lt_q20,10.55
02AE001,q_lt_q20,17.15
02BA005,q_lt_q20,13.15
02BB003,q_lt_q20,13.85
02BB004,q_lt_q20,11.4
02BC006,q_lt_q20,15.5
02BC008,q_lt_q20,16.4
02BD002,q_lt_q20,14.9
02BF002,q_lt_q20,16.8
02BF004,q_lt_q20,4.55
02CA002,q_lt_q20,4.7
02CA007,q_lt_q20,9.95
02CA008,q_lt_q20,
02CB003,q_lt_q20,16.2
02CC010,q_lt_q20,15.3
02CD001,q_lt_q20,8.55
02CD006,q_lt_q20,14.85
02CE007,q_lt_q20,8.95
02CF005,q_lt_q20,6.35
02CF007,q_lt_q20,6.45
02CF008,q_lt_q20,5.95
02CF010,q_lt_q20,12.3
02CF011,q_lt_q20,9.5
02CF012,q_lt_q20,6.65
02CF013,q_lt_q20,14.05
02CF014,q_lt_q20,12.45
02CG003,q_lt_q20,3.2
02DB005,q_lt_q20,9.25
02DB007,q_lt_q20,11.65
02DB008,q_lt_q20,9.95
02DC004,q_lt_q20,11.75
02DC012,q_lt_q20,16.5
02DC013,q_lt_q20,13.9
02DD010,q_lt_q20,6.85
02DD012,q_lt_q20,6.95
02DD013,q_lt_q20,8.25
02DD014,q_lt_q20,8.25
02DD015,q_lt_q20,8.9
02DD017,q_lt_q20,12.35
02DD020,q_lt_q20,12.65
02DD024,q_lt_q20,10.4
02DD026,q_lt_q20,9.2
02DD027,q_lt_q20,13.35
02DD029,q_lt_q20,7.95
02DD030,q_lt_q20,
02DD031,q_lt_q20,8.55
02EA005,q_lt_q20,8.05
02EA010,q_lt_q20,8.35
02EA018,q_lt_q20,12.35
02EA021,q_lt_q20,7.95
02EB004,q_lt_q20,9.2
02EB008,q_lt_q20,10.95
02EB013,q_lt_q20,11.05
02EB014,q_lt_q20,11.45
02EC002,q_lt_q20,3.1
02EC003,q_lt_q20,6.7
02EC009,q_lt_q20,4.25
02EC010,q_lt_q20,2.25
02EC011,q_lt_q20,2.1
02EC014,q_lt_q20,5.3
02EC019,q_lt_q20,8.35
02EC022,q_lt_q20,4.1
02ED003,q_lt_q20,4.1
02ED010,q_lt_q20,4.4
02ED014,q_lt_q20,3.55
02ED015,q_lt_q20,4.5
02ED024,q_lt_q20,3.85
02ED026,q_lt_q20,3.1
02ED027,q_lt_q20,3.25
02ED029,q_lt_q20,3.7
02ED030,q_lt_q20,4.25
02ED032,q_lt_q20,2.25
02ED100,q_lt_q20,3.55
02ED101,q_lt_q20,3.25
02ED102,q_lt_q20,3.25
02FA004,q_lt_q20,6.95
02FB007,q_lt_q20,5.25
02FB009,q_lt_q20,4.85
02FB010,q_lt_q20,5.4
02FB012,q_lt_q20,6.25
02FB013,q_lt_q20,8.1
02FB014,q_lt_q20,5.8
02FC001,q_lt_q20,6.25
02FC002,q_lt_q20,3.85
02FC011,q_lt_q20,4.05
02FC012,q_lt_q20,5.7
02FC015,q_lt_q20,3.7
02FC016,q_lt_q20,6.95
02FC017,q_lt_q20,7.25
02FC020,q_lt_q20,6.55
02FC021,q_lt_q20,5.35
02FD002,q_lt_q20,4.85
02FE002,q_lt_q20,3.55
02FE003,q_lt_q20,3.7
02FE005,q_lt_q20,3.55
02FE007,q_lt_q20,4.65
02FE008,q_lt_q20,3.7
02FE009,q_lt_q20,2.25
02FE010,q_lt_q20,5.1
02FE011,q_lt_q20,5.2
02FE013,q_lt_q20,5.4
02FE014,q_lt_q20,4.25
02FE016,q_lt_q20,2.7
02FE017,q_lt_q20,5.25
02FF002,q_lt_q20,2.7
02FF004,q_lt_q20,1.85
02FF007,q_lt_q20,5.05
02FF008,q_lt_q20,4.4
02FF009,q_lt_q20,2.25
02FF011,q_lt_q20,5.25
02FF013,q_lt_q20,3.7
02FF014,q_lt_q20,2.85
02FF015,q_lt_q20,4.05
02GA003,q_lt_q20,7.85
02GA005,q_lt_q20,7.5
02GA006,q_lt_q20,6.25
02GA010,q_lt_q20,4.2
02GA014,q_lt_q20,7.85
02GA015,q_lt_q20,8.25
02GA016,q_lt_q20,5.95
02GA018,q_lt_q20,6.65
02GA023,q_lt_q20,4.8
02GA024,q_lt_q20,7.55
02GA028,q_lt_q20,8.4
02GA029,q_lt_q20,8.25
02GA030,q_lt_q20,4.85
02GA031,q_lt_q20,6.25
02GA034,q_lt_q20,6.05
02GA038,q_lt_q20,9.65
02GA039,q_lt_q20,7.5
02GA040,q_lt_q20,6.1
02GA041,q_lt_q20,8.35
02GA042,q_lt_q20,5.7
02GA043,q_lt_q20,4.45
02GA044,q_lt_q20,3.85
02GA046,q_lt_q20,4.55
02GA047,q_lt_q20,5.55
02GA048,q_lt_q20,7.1
02GB001,q_lt_q20,4.35
02GB006,q_lt_q20,3.25
02GB007,q_lt_q20,2.85
02GB008,q_lt_q20,4.95
02GB010,q_lt_q20,1.7
02GC002,q_lt_q20,6.25
02GC006,q_lt_q20,3.1
02GC007,q_lt_q20,2.95
02GC010,q_lt_q20,7.25
02GC011,q_lt_q20,1.7
02GC017,q_lt_q20,1.85
02GC018,q_lt_q20,7.5
02GC021,q_lt_q20,2
02GC026,q_lt_q20,4.15
02GC029,q_lt_q20,4.7
02GC030,q_lt_q20,5.25
02GC031,q_lt_q20,1.7
02GC036,q_lt_q20,2.65
02GD001,q_lt_q20,5.55
02GD003,q_lt_q20,3.85
02GD004,q_lt_q20,2.55
02GD005,q_lt_q20,7.1
02GD008,q_lt_q20,6.95
02GD009,q_lt_q20,7
02GD010,q_lt_q20,5.55
02GD011,q_lt_q20,5.95
02GD014,q_lt_q20,6.25
02GD015,q_lt_q20,8.5
02GD016,q_lt_q20,6.45
02GD018,q_lt_q20,3.7
02GD019,q_lt_q20,6.55
02GD021,q_lt_q20,3.55
02GD026,q_lt_q20,4.1
02GD027,q_lt_q20,3.25
02GD028,q_lt_q20,3.1
02GE002,q_lt_q20,5.65
02GE003,q_lt_q20,2.85
02GE005,q_lt_q20,4.4
02GE006,q_lt_q20,3.25
02GE008,q_lt_q20,2.7
02GG002,q_lt_q20,3.35
02GG003,q_lt_q20,2
02GG005,q_lt_q20,2.25
02GG009,q_lt_q20,1.85
02GG013,q_lt_q20,2.4
02GH002,q_lt_q20,1.3
02GH003,q_lt_q20,2.55
02GH011,q_lt_q20,2.45
02GH015,q_lt_q20,
02GH016,q_lt_q20,0.45
02HA003,q_lt_q20,10.2
02HA006,q_lt_q20,5.6
02HA007,q_lt_q20,1.85
02HA013,q_lt_q20,
02HA014,q_lt_q20,4.85
02HA019,q_lt_q20,2
02HA020,q_lt_q20,2
02HA024,q_lt_q20,2
02HA030,q_lt_q20,0.3
02HA031,q_lt_q20,4.85
02HB001,q_lt_q20,8.55
02HB004,q_lt_q20,4.15
02HB005,q_lt_q20,4.25
02HB007,q_lt_q20,7.7
02HB008,q_lt_q20,7.15
02HB011,q_lt_q20,4.25
02HB013,q_lt_q20,8.55
02HB015,q_lt_q20,6.1
02HB018,q_lt_q20,7.55
02HB020,q_lt_q20,11.35
02HB021,q_lt_q20,5.4
02HB022,q_lt_q20,2.85
02HB023,q_lt_q20,3.55
02HB024,q_lt_q20,10.25
02HB025,q_lt_q20,5.35
02HB027,q_lt_q20,3.3
02HB028,q_lt_q20,2.7
02HB029,q_lt_q20,4.15
02HB030,q_lt_q20,5.8
02HB031,q_lt_q20,8.05
02HB032,q_lt_q20,5.95
02HB033,q_lt_q20,6.65
02HC003,q_lt_q20,7.65
02HC005,q_lt_q20,6.85
02HC009,q_lt_q20,5.85
02HC013,q_lt_q20,6.85
02HC017,q_lt_q20,3.25
02HC018,q_lt_q20,3.85
02HC019,q_lt_q20,3.65
02HC022,q_lt_q20,4.7
02HC023,q_lt_q20,5.75
02HC024,q_lt_q20,7.4
02HC025,q_lt_q20,6.8
02HC027,q_lt_q20,7.1
02HC028,q_lt_q20,5.35
02HC030,q_lt_q20,3.65
02HC031,q_lt_q20,3.25
02HC032,q_lt_q20,4.25
02HC033,q_lt_q20,3
02HC038,q_lt_q20,4
02HC047,q_lt_q20,4.7
02HC049,q_lt_q20,2.85
02HC053,q_lt_q20,4.85
02HC054,q_lt_q20,4.55
02HC055,q_lt_q20,4.7
02HC056,q_lt_q20,5.15
02HC058,q_lt_q20,4.7
02HC059,q_lt_q20,4.25
02HD003,q_lt_q20,3.45
02HD004,q_lt_q20,3.85
02HD006,q_lt_q20,2.7
02HD008,q_lt_q20,4.85
02HD009,q_lt_q20,3.65
02HD021,q_lt_q20,5.25
02HD023,q_lt_q20,4.45
02HE002,q_lt_q20,3.35
02HF002,q_lt_q20,6.9
02HF003,q_lt_q20,8.25
02HF005,q_lt_q20,8.45
02HG001,q_lt_q20,3.65
02HG003,q_lt_q20,2.55
02HH003,q_lt_q20,5.25
02HJ001,q_lt_q20,4.8
02HJ003,q_lt_q20,2.9
02HJ006,q_lt_q20,3.4
02HJ007,q_lt_q20,6.55
02HK003,q_lt_q20,7.35
02HK005,q_lt_q20,10.9
02HK006,q_lt_q20,6.35
02HK007,q_lt_q20,2.7
02HK008,q_lt_q20,2.95
02HK009,q_lt_q20,4.2
02HK010,q_lt_q20,5.7
02HK011,q_lt_q20,2.85
02HK015,q_lt_q20,3.55
02HK016,q_lt_q20,3.15
02HK017,q_lt_q20,4.15
02HL001,q_lt_q20,1.7
02HL003,q_lt_q20,5.55
02HL004,q_lt_q20,5.95
02HL005,q_lt_q20,5.25
02HL007,q_lt_q20,4.55
02HL008,q_lt_q20,2.95
02HM002,q_lt_q20,3.85
02HM003,q_lt_q20,1.7
02HM004,q_lt_q20,1.7
02HM005,q_lt_q20,1.7
02HM006,q_lt_q20,2.15
02HM007,q_lt_q20,1.7
02HM009,q_lt_q20,3.3
02HM010,q_lt_q20,3.85
02HM011,q_lt_q20,4.3
02JA006,q_lt_q20,17.9
02JB009,q_lt_q20,
02JB013,q_lt_q20,11.45
02JC008,q_lt_q20,16.9
02JE020,q_lt_q20,17.3
02JE029,q_lt_q20,14.45
02KA015,q_lt_q20,11.35
02KB001,q_lt_q20,9.55
02KC009,q_lt_q20,6.95
02KC015,q_lt_q20,3.7
02KC018,q_lt_q20,2.95
02KD002,q_lt_q20,9.3
02KD004,q_lt_q20,11.35
02KF001,q_lt_q20,7.8
02KF005,q_lt_q20,3.8
02KF006,q_lt_q20,2.7
02KF010,q_lt_q20,8.05
02KF011,q_lt_q20,4.85
02KF012,q_lt_q20,8.8
02KF013,q_lt_q20,9.25
02KF015,q_lt_q20,3.25
02KF016,q_lt_q20,11.35
02KF017,q_lt_q20,9.8
02KF018,q_lt_q20,6.25
02KF019,q_lt_q20,8.6
02KJ004,q_lt_q20,14.95
02LA004,q_lt_q20,2.85
02LA006,q_lt_q20,2.65
02LA007,q_lt_q20,1.85
02LA011,q_lt_q20,2.5
02LA012,q_lt_q20,5.25
02LA024,q_lt_q20,2.7
02LB005,q_lt_q20,6.25
02LB006,q_lt_q20,1.85
02LB007,q_lt_q20,3.1
02LB008,q_lt_q20,6.7
02LB009,q_lt_q20,2.85
02LB013,q_lt_q20,3.55
02LB017,q_lt_q20,1.35
02LB018,q_lt_q20,6.35
02LB020,q_lt_q20,2.15
02LB022,q_lt_q20,2.25
02LB031,q_lt_q20,1.85
02LB036,q_lt_q20,3.35
02LC008,q_lt_q20,5.3
02LC021,q_lt_q20,13.7
02LC027,q_lt_q20,16.7
02LC043,q_lt_q20,19.1
02LC070,q_lt_q20,16.15
02LC073,q_lt_q20,12.45
02LD005,q_lt_q20,7.25
02LD006,q_lt_q20,7.2
02LE024,q_lt_q20,15.85
02LE025,q_lt_q20,16.2
02LG005,q_lt_q20,
02LH032,q_lt_q20,9.45
02LH033,q_lt_q20,10.5
02MA001,q_lt_q20,2
02MB006,q_lt_q20,4.25
02MB010,q_lt_q20,3.7
02MC001,q_lt_q20,1.85
02MC026,q_lt_q20,2.85
02MC027,q_lt_q20,2.25
02MC028,q_lt_q20,5.55
02MC030,q_lt_q20,1.7
02MC036,q_lt_q20,6.25
02ND003,q_lt_q20,
02NE011,q_lt_q20,16.4
02NF003,q_lt_q20,15.95
02OA003,q_lt_q20,8.85
02OA004,q_lt_q20,
02OA016,q_lt_q20,
02OA033,q_lt_q20,
02OA054,q_lt_q20,3.1
02OA057,q_lt_q20,2.7
02OA107,q_lt_q20,
02OA108,q_lt_q20,3.65
02OA109,q_lt_q20,10.95
02OA110,q_lt_q20,2.35
02OA111,q_lt_q20,3.65
02OB008,q_lt_q20,7.85
02OB017,q_lt_q20,9.35
02OB032,q_lt_q20,13.75
02OB037,q_lt_q20,7.85
02OB046,q_lt_q20,8.45
02OC002,q_lt_q20,9.8
02OC004,q_lt_q20,16.4
02OC021,q_lt_q20,17.7
02OD001,q_lt_q20,7.5
02OD003,q_lt_q20,11.25
02OD010,q_lt_q20,8.95
02OE001,q_lt_q20,13.2
02OE005,q_lt_q20,9.95
02OE019,q_lt_q20,5.35
02OE022,q_lt_q20,6.95
02OE027,q_lt_q20,10.15
02OE032,q_lt_q20,13.65
02OE062,q_lt_q20,12.2
02OE070,q_lt_q20,11.75
02OG002,q_lt_q20,5.05
02OG007,q_lt_q20,5.8
02OG014,q_lt_q20,3.35
02OG019,q_lt_q20,4.55
02OG026,q_lt_q20,7.85
02OG042,q_lt_q20,3.95
02OG045,q_lt_q20,7.95
02OG047,q_lt_q20,4.55
02OH012,q_lt_q20,3.65
02OH013,q_lt_q20,3.05
02OH014,q_lt_q20,3.25
02OH015,q_lt_q20,3.05
02OJ007,q_lt_q20,3.25
02OJ024,q_lt_q20,2.7
02OJ026,q_lt_q20,1.65
02PA007,q_lt_q20,12.4
02PB006,q_lt_q20,14.05
02PB019,q_lt_q20,10.35
02PC002,q_lt_q20,12.95
02PC010,q_lt_q20,11.1
02PC017,q_lt_q20,11.25
02PC018,q_lt_q20,16.5
02PC019,q_lt_q20,12.2
02PC020,q_lt_q20,10.1
02PD002,q_lt_q20,12.55
02PD004,q_lt_q20,17.9
02PD010,q_lt_q20,9.8
02PD012,q_lt_q20,15.8
02PD013,q_lt_q20,17.25
02PD014,q_lt_q20,14.05
02PD015,q_lt_q20,14.85
02PD023,q_lt_q20,9.3
02PD024,q_lt_q20,22.7
02PF001,q_lt_q20,9.05
02PG001,q_lt_q20,12.2
02PG003,q_lt_q20,16.75
02PG006,q_lt_q20,7.4
02PG022,q_lt_q20,9.95
02PG023,q_lt_q20,7.55
02PJ005,q_lt_q20,
02PJ007,q_lt_q20,9.1
02PJ012,q_lt_q20,13.55
02PJ014,q_lt_q20,10.15
02PJ030,q_lt_q20,13.2
02PJ034,q_lt_q20,10.5
02PK009,q_lt_q20,11.35
02PL005,q_lt_q20,11.2
02PL015,q_lt_q20,7.95
02PL016,q_lt_q20,9.25
02QB001,q_lt_q20,14.4
02QB005,q_lt_q20,7.7
02QC009,q_lt_q20,20
02RD007,q_lt_q20,13.8
02RF001,q_lt_q20,12.85
02RF009,q_lt_q20,10.4
02RF010,q_lt_q20,8.4
02RG005,q_lt_q20,16.9
02RG008,q_lt_q20,17.5
02RH015,q_lt_q20,15.85
02RH027,q_lt_q20,17.45
02RH035,q_lt_q20,14.65
02RH045,q_lt_q20,17.35
02RH066,q_lt_q20,16.35
02RH067,q_lt_q20,14.85
02RH069,q_lt_q20,19.75
02RH070,q_lt_q20,13.75
02RH071,q_lt_q20,17.25
02RH072,q_lt_q20,16.1
02RH073,q_lt_q20,18.25
02UA003,q_lt_q20,18.35
02UC002,q_lt_q20,16.65
02VB004,q_lt_q20,19.05
02WB003,q_lt_q20,
02XA003,q_lt_q20,16.4
02XA008,q_lt_q20,12.55
02XC001,q_lt_q20,
02YC001,q_lt_q20,17.2
02YD002,q_lt_q20,18.6
02YG001,q_lt_q20,17.6
02YJ001,q_lt_q20,13.65
02YK002,q_lt_q20,26.05
02YK005,q_lt_q20,15.65
02YK008,q_lt_q20,14.15
02YL001,q_lt_q20,16.5
02YL003,q_lt_q20,22.8
02YL004,q_lt_q20,14.35
02YL005,q_lt_q20,14.15
02YL008,q_lt_q20,18.3
02YL012,q_lt_q20,23.55
02YM004,q_lt_q20,19.2
02YN002,q_lt_q20,13.05
02YN004,q_lt_q20,16.45
02YO006,q_lt_q20,15.1
02YO008,q_lt_q20,13.2
02YO011,q_lt_q20,
02YO012,q_lt_q20,9.55
02YO013,q_lt_q20,13.65
02YO014,q_lt_q20,15.2
02YO015,q_lt_q20,16.05
02YO016,q_lt_q20,17.5
02YO018,q_lt_q20,14.5
02YQ001,q_lt_q20,12.95
02YQ005,q_lt_q20,13.1
02YR001,q_lt_q20,11.8
02YR003,q_lt_q20,14.55
02YR004,q_lt_q20,14.75
02YS003,q_lt_q20,14.25
02YS005,q_lt_q20,12.95
02YS006,q_lt_q20,12.15
02ZA002,q_lt_q20,21.65
02ZB001,q_lt_q20,12.85
02ZC002,q_lt_q20,17.5
02ZC003,q_lt_q20,18.9
02ZD002,q_lt_q20,20.05
02ZE004,q_lt_q20,14.05
02ZF001,q_lt_q20,17.15
02ZH001,q_lt_q20,14.65
02ZH002,q_lt_q20,13.5
02ZJ001,q_lt_q20,12.75
02ZJ003,q_lt_q20,14.5
02ZK001,q_lt_q20,10.3
02ZK002,q_lt_q20,27.45
02ZK004,q_lt_q20,9.95
02ZK006,q_lt_q20,14.2
02ZK008,q_lt_q20,11.7
02ZL004,q_lt_q20,13.1
02ZM009,q_lt_q20,7.4
02ZM016,q_lt_q20,14.25
02ZN002,q_lt_q20,10.8
03AB002,q_lt_q20,
03BD002,q_lt_q20,15.4
03BF001,q_lt_q20,14.55
03ED001,q_lt_q20,20.8
03JB004,q_lt_q20,
03KC004,q_lt_q20,
03LF002,q_lt_q20,13.25
03MB002,q_lt_q20,9.15
03MD001,q_lt_q20,
03NE001,q_lt_q20,23.05
03NE002,q_lt_q20,15
03OA005,q_lt_q20,
03OA012,q_lt_q20,18.95
03OA015,q_lt_q20,29.1
03OA016,q_lt_q20,11.7
03OA017,q_lt_q20,40.5
03OB007,q_lt_q20,26.2
03OC003,q_lt_q20,
03OD008,q_lt_q20,16.8
03OD009,q_lt_q20,17.6
03OD010,q_lt_q20,
03OE001,q_lt_q20,16.55
03OE011,q_lt_q20,35.8
03OE013,q_lt_q20,14.25
03OE014,q_lt_q20,21.65
03QC001,q_lt_q20,18.75
03QC002,q_lt_q20,15.15
04AA004,q_lt_q20,8.65
04AB001,q_lt_q20,
04CA002,q_lt_q20,7.1
04CA003,q_lt_q20,
04CA004,q_lt_q20,
04CA005,q_lt_q20,
04CB001,q_lt_q20,
04DA001,q_lt_q20,
04DA002,q_lt_q20,11.5
04DB001,q_lt_q20,
04DC001,q_lt_q20,6.85
04DC002,q_lt_q20,7.45
04EA001,q_lt_q20,14.45
04FA001,q_lt_q20,11.95
04FA002,q_lt_q20,15.8
04FA003,q_lt_q20,
04FB001,q_lt_q20,11.15
04FC001,q_lt_q20,7.3
04FC003,q_lt_q20,7.7
04GA002,q_lt_q20,14.8
04GB004,q_lt_q20,
04GB005,q_lt_q20,13.9
04GC002,q_lt_q20,13.8
04GD001,q_lt_q20,
04HA001,q_lt_q20,
04HA002,q_lt_q20,9.3
04JC002,q_lt_q20,11.8
04JD005,q_lt_q20,9.95
04JF001,q_lt_q20,15.65
04JG001,q_lt_q20,10.7
04KA001,q_lt_q20,8.45
04LA002,q_lt_q20,12.1
04LA003,q_lt_q20,11.1
04LA004,q_lt_q20,10.25
04LA006,q_lt_q20,15.65
04LB002,q_lt_q20,8.95
04LC003,q_lt_q20,7.65
04LD001,q_lt_q20,8.8
04LE002,q_lt_q20,14.4
04LF001,q_lt_q20,9.85
04LG004,q_lt_q20,
04LJ001,q_lt_q20,9.35
04LK001,q_lt_q20,7.65
04LM001,q_lt_q20,
04ME003,q_lt_q20,
04MF001,q_lt_q20,
04NA001,q_lt_q20,9.15
04NA005,q_lt_q20,12.5
05AA004,q_lt_q20,7.8
05AA008,q_lt_q20,24.75
05AA011,q_lt_q20,12.05
05AA022,q_lt_q20,12.75
05AA024,q_lt_q20,8.95
05AA027,q_lt_q20,20
05AA028,q_lt_q20,16.9
05AA030,q_lt_q20,19.05
05AA033,q_lt_q20,5.95
05AA034,q_lt_q20,16.45
05AA035,q_lt_q20,15.85
05AA909,q_lt_q20,17.75
05AB005,q_lt_q20,5.25
05AB013,q_lt_q20,7.35
05AB019,q_lt_q20,7.55
05AB021,q_lt_q20,7.75
05AB029,q_lt_q20,6.65
05AB040,q_lt_q20,18.2
05AB041,q_lt_q20,12.1
05AB042,q_lt_q20,10.5
05AB045,q_lt_q20,7.2
05AB046,q_lt_q20,5.25
05AC003,q_lt_q20,9.15
05AC012,q_lt_q20,5.25
05AC017,q_lt_q20,1.3
05AC023,q_lt_q20,3.7
05AC030,q_lt_q20,0.85
05AC031,q_lt_q20,8.25
05AC034,q_lt_q20,6.1
05AC902,q_lt_q20,0.85
05AC930,q_lt_q20,7.1
05AC938,q_lt_q20,6.8
05AC941,q_lt_q20,9.25
05AD003,q_lt_q20,16.4
05AD005,q_lt_q20,12.2
05AD007,q_lt_q20,8.2
05AD010,q_lt_q20,11.8
05AD013,q_lt_q20,6.25
05AD017,q_lt_q20,15.95
05AD021,q_lt_q20,6.1
05AD027,q_lt_q20,5.05
05AD028,q_lt_q20,6.25
05AD035,q_lt_q20,3.4
05AD037,q_lt_q20,8.5
05AD041,q_lt_q20,4.25
05AD042,q_lt_q20,13.45
05AD934,q_lt_q20,4.4
05AE002,q_lt_q20,6.9
05AE005,q_lt_q20,7.85
05AE006,q_lt_q20,7.75
05AE016,q_lt_q20,3.65
05AE021,q_lt_q20,5.1
05AE026,q_lt_q20,5.7
05AE027,q_lt_q20,11.9
05AE029,q_lt_q20,15.75
05AF034,q_lt_q20,1.25
05AG003,q_lt_q20,6.25
05AG006,q_lt_q20,4.45
05AG026,q_lt_q20,1.25
05AH002,q_lt_q20,0.7
05AH005,q_lt_q20,5
05AH037,q_lt_q20,0.7
05AH041,q_lt_q20,0.7
05AH043,q_lt_q20,3.4
05AH052,q_lt_q20,1.85
05AH053,q_lt_q20,1.85
05AJ001,q_lt_q20,5.55
05BA001,q_lt_q20,23.9
05BA002,q_lt_q20,24.8
05BB001,q_lt_q20,21.4
05BC001,q_lt_q20,21.65
05BC008,q_lt_q20,24.2
05BD004,q_lt_q20,24.05
05BE004,q_lt_q20,16
05BE007,q_lt_q20,21.45
05BE999,q_lt_q20,10.35
05BF003,q_lt_q20,25
05BF025,q_lt_q20,18.5
05BG006,q_lt_q20,17.25
05BG010,q_lt_q20,14.6
05BH004,q_lt_q20,8.9
05BH005,q_lt_q20,10.95
05BH008,q_lt_q20,11.35
05BH013,q_lt_q20,28
05BH014,q_lt_q20,8.05
05BH015,q_lt_q20,12.05
05BH016,q_lt_q20,7.85
05BJ001,q_lt_q20,10.35
05BJ004,q_lt_q20,15.95
05BJ010,q_lt_q20,6.1
05BK001,q_lt_q20,13.95
05BL004,q_lt_q20,9.5
05BL007,q_lt_q20,10.65
05BL012,q_lt_q20,8.45
05BL013,q_lt_q20,12.3
05BL014,q_lt_q20,10.5
05BL015,q_lt_q20,8.95
05BL019,q_lt_q20,12.8
05BL022,q_lt_q20,22.8
05BL023,q_lt_q20,10.75
05BL024,q_lt_q20,7.75
05BL025,q_lt_q20,7.35
05BL027,q_lt_q20,15.35
05BM002,q_lt_q20,
05BM004,q_lt_q20,6.65
05BM008,q_lt_q20,3.65
05BM014,q_lt_q20,2.35
05BM015,q_lt_q20,8.65
05BM018,q_lt_q20,5.1
05BM020,q_lt_q20,6.2
05BM021,q_lt_q20,4.1
05BN002,q_lt_q20,2.4
05BN006,q_lt_q20,2.7
05BN008,q_lt_q20,1.85
05BN012,q_lt_q20,7.25
05CA002,q_lt_q20,5.5
05CA004,q_lt_q20,27.55
05CA009,q_lt_q20,19.35
05CA011,q_lt_q20,10.05
05CA012,q_lt_q20,9.45
05CB001,q_lt_q20,5.35
05CB002,q_lt_q20,16.4
05CB004,q_lt_q20,6.5
05CB007,q_lt_q20,4.95
05CC001,q_lt_q20,4.95
05CC002,q_lt_q20,4.45
05CC007,q_lt_q20,2.25
05CC008,q_lt_q20,5.8
05CC009,q_lt_q20,6.35
05CC010,q_lt_q20,4.65
05CC011,q_lt_q20,4.95
05CC013,q_lt_q20,4.55
05CD004,q_lt_q20,4.3
05CD006,q_lt_q20,3.35
05CD007,q_lt_q20,1.4
05CD902,q_lt_q20,1.25
05CE001,q_lt_q20,7.1
05CE002,q_lt_q20,7.1
05CE005,q_lt_q20,4.25
05CE006,q_lt_q20,6.45
05CE007,q_lt_q20,8.5
05CE010,q_lt_q20,3.75
05CE011,q_lt_q20,2.85
05CE012,q_lt_q20,3.1
05CE018,q_lt_q20,3.95
05CE020,q_lt_q20,4.7
05CG006,q_lt_q20,3.65
05CG007,q_lt_q20,2.25
05CH007,q_lt_q20,4.7
05CH011,q_lt_q20,3.95
05CJ006,q_lt_q20,1.4
05CJ012,q_lt_q20,7.2
05CK001,q_lt_q20,4.95
05CK004,q_lt_q20,3.4
05CK005,q_lt_q20,4.8
05DA002,q_lt_q20,19.7
05DA007,q_lt_q20,21.4
05DA009,q_lt_q20,20.45
05DA010,q_lt_q20,17.5
05DB002,q_lt_q20,7.45
05DB005,q_lt_q20,12.55
05DB006,q_lt_q20,8.9
05DC001,q_lt_q20,
05DC006,q_lt_q20,13.75
05DC010,q_lt_q20,20.15
05DC011,q_lt_q20,18.15
05DC012,q_lt_q20,6.5
05DD004,q_lt_q20,17.95
05DD005,q_lt_q20,10.3
05DD007,q_lt_q20,19.5
05DD009,q_lt_q20,6.05
05DE007,q_lt_q20,4.55
05DE009,q_lt_q20,2.75
05DE010,q_lt_q20,7.1
05DE911,q_lt_q20,2.95
05DF001,q_lt_q20,
05DF003,q_lt_q20,2.65
05DF004,q_lt_q20,3.75
05DF006,q_lt_q20,3.25
05DF007,q_lt_q20,2.1
05DF008,q_lt_q20,1.95
05DF009,q_lt_q20,7.1
05EA001,q_lt_q20,5.8
05EA002,q_lt_q20,6.5
05EA005,q_lt_q20,2.7
05EA010,q_lt_q20,3.1
05EA011,q_lt_q20,2.25
05EA012,q_lt_q20,2.25
05EA013,q_lt_q20,4.4
05EB902,q_lt_q20,3.05
05EC002,q_lt_q20,1.35
05EC005,q_lt_q20,1.35
05ED002,q_lt_q20,5.25
05EE005,q_lt_q20,2.25
05EE006,q_lt_q20,1.85
05EE007,q_lt_q20,2.25
05EE009,q_lt_q20,3.1
05EE010,q_lt_q20,4.2
05EF001,q_lt_q20,
05EF004,q_lt_q20,6.9
05EF005,q_lt_q20,3.4
05EF006,q_lt_q20,3.5
05EG004,q_lt_q20,2.95
05EG005,q_lt_q20,3.85
05FA001,q_lt_q20,3.1
05FA011,q_lt_q20,3.25
05FA012,q_lt_q20,3.4
05FA014,q_lt_q20,3.55
05FA024,q_lt_q20,1.1
05FA025,q_lt_q20,2.7
05FB002,q_lt_q20,4.2
05FC001,q_lt_q20,5.55
05FC002,q_lt_q20,0.4
05FC004,q_lt_q20,3.3
05FC007,q_lt_q20,1.4
05FC008,q_lt_q20,2.9
05FD001,q_lt_q20,3.7
05FE002,q_lt_q20,5.6
05FE004,q_lt_q20,5.25
05FF003,q_lt_q20,11.25
05GA003,q_lt_q20,2.25
05GA008,q_lt_q20,2.25
05GA010,q_lt_q20,3.75
05GB004,q_lt_q20,1.85
05GC006,q_lt_q20,10.25
05GC007,q_lt_q20,0.95
05GD001,q_lt_q20,7.7
05GD002,q_lt_q20,3.25
05GF001,q_lt_q20,5.1
05GF002,q_lt_q20,6.8
05GG001,q_lt_q20,
05GG010,q_lt_q20,4.5
05HA003,q_lt_q20,2.65
05HA015,q_lt_q20,1.25
05HC003,q_lt_q20,7.2
05HD036,q_lt_q20,6.5
05HD039,q_lt_q20,5.25
05HD042,q_lt_q20,5.1
05HE001,q_lt_q20,5.35
05HF015,q_lt_q20,5.25
05HG001,q_lt_q20,10.8
05HG002,q_lt_q20,1.95
05HH002,q_lt_q20,0.45
05HH003,q_lt_q20,3.4
05JA002,q_lt_q20,0.45
05JA003,q_lt_q20,0.85
05JA005,q_lt_q20,0.4
05JA006,q_lt_q20,0
05JB001,q_lt_q20,0.85
05JB004,q_lt_q20,3.75
05JB007,q_lt_q20,2.25
05JC004,q_lt_q20,3.1
05JC005,q_lt_q20,4.85
05JC006,q_lt_q20,1.4
05JC007,q_lt_q20,0.3
05JE001,q_lt_q20,3.25
05JE004,q_lt_q20,1.85
05JE005,q_lt_q20,1.25
05JE006,q_lt_q20,5.1
05JF001,q_lt_q20,7.25
05JF005,q_lt_q20,5.85
05JF006,q_lt_q20,3.4
05JF008,q_lt_q20,4.75
05JF011,q_lt_q20,7.35
05JF012,q_lt_q20,1.85
05JF014,q_lt_q20,0.7
05JG001,q_lt_q20,1.15
05JG004,q_lt_q20,3.85
05JG006,q_lt_q20,6.1
05JG013,q_lt_q20,2.55
05JG014,q_lt_q20,5.7
05JH001,q_lt_q20,13.25
05JH005,q_lt_q20,2.4
05JJ003,q_lt_q20,2.65
05JJ009,q_lt_q20,2
05JK002,q_lt_q20,5.25
05JK004,q_lt_q20,11.05
05JK007,q_lt_q20,5.85
05JL005,q_lt_q20,10.4
05JM001,q_lt_q20,12.1
05JM010,q_lt_q20,13.5
05JM013,q_lt_q20,5.25
05JM015,q_lt_q20,12.65
05KA001,q_lt_q20,1.4
05KA009,q_lt_q20,1.65
05KB003,q_lt_q20,3.8
05KB005,q_lt_q20,1.35
05KB006,q_lt_q20,2.8
05KB011,q_lt_q20,3.25
05KC001,q_lt_q20,5.1
05KD003,q_lt_q20,13
05KD007,q_lt_q20,6.1
05KE002,q_lt_q20,6.1
05KE005,q_lt_q20,3.65
05KE007,q_lt_q20,3.75
05KE010,q_lt_q20,20.5
05KF001,q_lt_q20,11.5
05KH007,q_lt_q20,5.55
05KH009,q_lt_q20,5.7
05KJ001,q_lt_q20,6.55
05KJ014,q_lt_q20,9.4
05KL001,q_lt_q20,
05LA003,q_lt_q20,3.25
05LA004,q_lt_q20,2.85
05LA005,q_lt_q20,9.1
05LB004,q_lt_q20,3.8
05LB005,q_lt_q20,2.95
05LB006,q_lt_q20,2.1
05LB007,q_lt_q20,2.4
05LB010,q_lt_q20,3.95
05LC001,q_lt_q20,4.1
05LC004,q_lt_q20,4.85
05LD001,q_lt_q20,4.3
05LD003,q_lt_q20,2.95
05LE004,q_lt_q20,1.45
05LE005,q_lt_q20,3.4
05LE006,q_lt_q20,2.4
05LE008,q_lt_q20,4.25
05LE010,q_lt_q20,3.55
05LE011,q_lt_q20,8.85
05LG003,q_lt_q20,4.25
05LG004,q_lt_q20,4.5
05LH005,q_lt_q20,5.7
05LJ005,q_lt_q20,3.4
05LJ007,q_lt_q20,2.25
05LJ010,q_lt_q20,1.7
05LJ012,q_lt_q20,1.65
05LJ019,q_lt_q20,2.85
05LJ025,q_lt_q20,2.7
05LJ027,q_lt_q20,2.65
05LJ045,q_lt_q20,5.25
05LL005,q_lt_q20,4.25
05LL014,q_lt_q20,5.1
05LL015,q_lt_q20,2.65
05LL021,q_lt_q20,2.7
05LL027,q_lt_q20,5.3
05LM006,q_lt_q20,4.95
05LN006,q_lt_q20,3.3
05MA011,q_lt_q20,3.25
05MA012,q_lt_q20,1.25
05MA016,q_lt_q20,0
05MA020,q_lt_q20,1.25
05MA021,q_lt_q20,3.7
05MA025,q_lt_q20,1
05MB001,q_lt_q20,3.85
05MB003,q_lt_q20,4.25
05MB005,q_lt_q20,1.25
05MC001,q_lt_q20,3.5
05MC002,q_lt_q20,2.1
05MC003,q_lt_q20,4.55
05MD004,q_lt_q20,2.4
05MD005,q_lt_q20,4.4
05MD007,q_lt_q20,3.7
05MD010,q_lt_q20,1.35
05ME001,q_lt_q20,4.95
05ME003,q_lt_q20,11.25
05ME005,q_lt_q20,4.05
05ME006,q_lt_q20,6.25
05ME007,q_lt_q20,2.25
05ME009,q_lt_q20,3.35
05ME010,q_lt_q20,4.95
05MF001,q_lt_q20,6.9
05MF008,q_lt_q20,4.7
05MF018,q_lt_q20,12.35
05MF024,q_lt_q20,5.5
05MG001,q_lt_q20,5.55
05MG003,q_lt_q20,3.1
05MG004,q_lt_q20,3.65
05MG015,q_lt_q20,5.75
05MH001,q_lt_q20,2.95
05MH005,q_lt_q20,6.5
05MH006,q_lt_q20,6.5
05MH007,q_lt_q20,5.5
05MH008,q_lt_q20,3.4
05MJ001,q_lt_q20,3.7
05MJ003,q_lt_q20,3.7
05MJ004,q_lt_q20,3.25
05MJ013,q_lt_q20,4.15
05NA003,q_lt_q20,3.8
05NA004,q_lt_q20,1.25
05NA005,q_lt_q20,1.25
05NB001,q_lt_q20,2.8
05NB011,q_lt_q20,0.4
05NB018,q_lt_q20,0.85
05NB021,q_lt_q20,4.1
05NB027,q_lt_q20,1.85
05NB031,q_lt_q20,0.7
05NB033,q_lt_q20,2.85
05NB036,q_lt_q20,2.65
05NB039,q_lt_q20,1.4
05NB040,q_lt_q20,3.35
05NB041,q_lt_q20,4.25
05NC001,q_lt_q20,2.65
05ND007,q_lt_q20,11.35
05ND010,q_lt_q20,10.8
05ND011,q_lt_q20,3.25
05ND013,q_lt_q20,11.65
05NE003,q_lt_q20,5.1
05NF001,q_lt_q20,4.25
05NF002,q_lt_q20,10.1
05NF006,q_lt_q20,11.25
05NF007,q_lt_q20,3.1
05NF010,q_lt_q20,3.25
05NF012,q_lt_q20,3.75
05NG001,q_lt_q20,5.05
05NG003,q_lt_q20,2.4
05NG007,q_lt_q20,6.25
05NG010,q_lt_q20,4.35
05NG012,q_lt_q20,2.85
05NG020,q_lt_q20,1.25
05NG021,q_lt_q20,6.5
05NG024,q_lt_q20,12.8
05OA001,q_lt_q20,3.25
05OA006,q_lt_q20,3.95
05OA007,q_lt_q20,13.05
05OA010,q_lt_q20,4.25
05OB001,q_lt_q20,6.5
05OB007,q_lt_q20,13.75
05OB010,q_lt_q20,3.1
05OB016,q_lt_q20,6.25
05OB019,q_lt_q20,6.1
05OB021,q_lt_q20,2.75
05OB023,q_lt_q20,5.05
05OC001,q_lt_q20,2.35
05OC004,q_lt_q20,2.7
05OC008,q_lt_q20,
05OC012,q_lt_q20,3.7
05OC016,q_lt_q20,2.4
05OC019,q_lt_q20,1
05OC022,q_lt_q20,1
05OC024,q_lt_q20,2.4
05OC029,q_lt_q20,4.65
05OD001,q_lt_q20,4.25
05OD004,q_lt_q20,5.95
05OD028,q_lt_q20,1.85
05OD034,q_lt_q20,6.05
05OE001,q_lt_q20,3.55
05OE004,q_lt_q20,6.55
05OE006,q_lt_q20,3.25
05OE007,q_lt_q20,3.7
05OE009,q_lt_q20,3.7
05OE010,q_lt_q20,2.7
05OE011,q_lt_q20,2.95
05OE014,q_lt_q20,5.7
05OE015,q_lt_q20,5.75
05OF003,q_lt_q20,2.35
05OF009,q_lt_q20,2.25
05OF011,q_lt_q20,4.5
05OF014,q_lt_q20,3.7
05OF017,q_lt_q20,2.65
05OF018,q_lt_q20,1.7
05OF020,q_lt_q20,10.95
05OF023,q_lt_q20,5.1
05OF024,q_lt_q20,3.55
05OF026,q_lt_q20,2.85
05OG001,q_lt_q20,3.25
05OG005,q_lt_q20,2.85
05OG008,q_lt_q20,3.7
05OH007,q_lt_q20,4.5
05OH009,q_lt_q20,4.25
05OJ005,q_lt_q20,
05OJ008,q_lt_q20,4.25
05OJ016,q_lt_q20,3.2
05OJ017,q_lt_q20,3.65
05PA006,q_lt_q20,8.65
05PA012,q_lt_q20,
05PB009,q_lt_q20,10.05
05PB018,q_lt_q20,11.2
05PC018,q_lt_q20,7.6
05PC019,q_lt_q20,
05PC022,q_lt_q20,6.8
05PC023,q_lt_q20,5.25
05PE005,q_lt_q20,10.7
05PE006,q_lt_q20,9.7
05PE011,q_lt_q20,7.4
05PE020,q_lt_q20,
05PE028,q_lt_q20,11.85
05PF063,q_lt_q20,
05PF068,q_lt_q20,
05PF069,q_lt_q20,
05PG001,q_lt_q20,6.8
05PH003,q_lt_q20,5.5
05PH007,q_lt_q20,6.45
05PJ001,q_lt_q20,6.25
05QA002,q_lt_q20,
05QA004,q_lt_q20,12.4
05QC001,q_lt_q20,9.95
05QC006,q_lt_q20,10.9
05QC007,q_lt_q20,9.55
05QD006,q_lt_q20,11.5
05QD016,q_lt_q20,12.25
05QE008,q_lt_q20,8.25
05QE009,q_lt_q20,12.2
05RA001,q_lt_q20,4.4
05RB003,q_lt_q20,6.7
05RC001,q_lt_q20,13.1
05RD008,q_lt_q20,6.95
05RE001,q_lt_q20,
05SA002,q_lt_q20,3.3
05SC002,q_lt_q20,2.85
05SD004,q_lt_q20,3.65
05SD005,q_lt_q20,4.7
05SD006,q_lt_q20,5.85
05TD001,q_lt_q20,4.65
05TE002,q_lt_q20,5.3
05TF002,q_lt_q20,8.1
05TG001,q_lt_q20,6.55
05TG002,q_lt_q20,7.3
05TG003,q_lt_q20,5.7
05TG006,q_lt_q20,6.4
05UA003,q_lt_q20,5.65
05UB008,q_lt_q20,
05UB009,q_lt_q20,
05UE005,q_lt_q20,
05UF004,q_lt_q20,6.25
05UF006,q_lt_q20,8.45
05UF007,q_lt_q20,
05UG001,q_lt_q20,13.7
05UH001,q_lt_q20,14.6
05UH002,q_lt_q20,10.45
06AA001,q_lt_q20,3.95
06AA002,q_lt_q20,4.65
06AB001,q_lt_q20,4.05
06AB002,q_lt_q20,14.95
06AC001,q_lt_q20,2.7
06AD001,q_lt_q20,4.95
06AD006,q_lt_q20,3.55
06AD007,q_lt_q20,5.25
06AD008,q_lt_q20,3.1
06AD009,q_lt_q20,7.7
06AD010,q_lt_q20,4.4
06AD011,q_lt_q20,7.6
06AF005,q_lt_q20,6.05
06AG001,q_lt_q20,6.25
06AG002,q_lt_q20,7.1
06BA002,q_lt_q20,10.9
06BB003,q_lt_q20,7.25
06BB005,q_lt_q20,4.7
06BD001,q_lt_q20,12
06CA001,q_lt_q20,9.65
06CC001,q_lt_q20,7.95
06CD002,q_lt_q20,
06DA002,q_lt_q20,7.85
06DA004,q_lt_q20,11.75
06DA005,q_lt_q20,12.3
06DC001,q_lt_q20,9.7
06DD002,q_lt_q20,7.8
06DD003,q_lt_q20,
06EA002,q_lt_q20,9.7
06EA006,q_lt_q20,
06EA011,q_lt_q20,
06EB004,q_lt_q20,
06FA001,q_lt_q20,
06FB001,q_lt_q20,12.25
06FC001,q_lt_q20,
06FD001,q_lt_q20,11.15
06FD002,q_lt_q20,4.6
06GD001,q_lt_q20,
06HB002,q_lt_q20,5.4
06JA001,q_lt_q20,6.25
06JB001,q_lt_q20,8.5
06JC002,q_lt_q20,4.45
06KB003,q_lt_q20,
06KC003,q_lt_q20,
06LA001,q_lt_q20,5.8
06LC001,q_lt_q20,
06OA007,q_lt_q20,
07AA001,q_lt_q20,20
07AA002,q_lt_q20,21.4
07AA007,q_lt_q20,27.35
07AC001,q_lt_q20,11.5
07AC007,q_lt_q20,10.15
07AC008,q_lt_q20,15.15
07AD002,q_lt_q20,7.85
07AE001,q_lt_q20,7.95
07AF002,q_lt_q20,5
07AF003,q_lt_q20,10.4
07AF010,q_lt_q20,4.5
07AF013,q_lt_q20,15.6
07AF014,q_lt_q20,3.45
07AF015,q_lt_q20,14.25
07AG003,q_lt_q20,5.35
07AG004,q_lt_q20,11.1
07AG007,q_lt_q20,3.9
07AG008,q_lt_q20,3.65
07AH001,q_lt_q20,4.65
07AH002,q_lt_q20,5.8
07AH003,q_lt_q20,4.1
07BA001,q_lt_q20,5.25
07BA002,q_lt_q20,5.1
07BA003,q_lt_q20,12.45
07BB002,q_lt_q20,5.9
07BB004,q_lt_q20,4.65
07BB005,q_lt_q20,1.25
07BB006,q_lt_q20,1.4
07BB011,q_lt_q20,4.8
07BB014,q_lt_q20,2.25
07BC002,q_lt_q20,2.95
07BC006,q_lt_q20,1.7
07BC007,q_lt_q20,2.7
07BE001,q_lt_q20,7.95
07BE003,q_lt_q20,4.55
07BE004,q_lt_q20,3.4
07BF001,q_lt_q20,3.35
07BF002,q_lt_q20,3.25
07BF009,q_lt_q20,4.95
07BF010,q_lt_q20,4.1
07BF905,q_lt_q20,2.5
07BG004,q_lt_q20,6.05
07BJ001,q_lt_q20,4.15
07BJ003,q_lt_q20,11.9
07BK001,q_lt_q20,4.25
07BK005,q_lt_q20,3.25
07BK007,q_lt_q20,4.4
07BK009,q_lt_q20,3.35
07CA003,q_lt_q20,3.95
07CA005,q_lt_q20,3.3
07CA006,q_lt_q20,4
07CA008,q_lt_q20,2.7
07CA012,q_lt_q20,6.65
07CA013,q_lt_q20,3.55
07CB002,q_lt_q20,6.8
07CD001,q_lt_q20,6.55
07CD004,q_lt_q20,7.85
07CD005,q_lt_q20,15.1
07CD008,q_lt_q20,8.95
07CD009,q_lt_q20,12.6
07CE002,q_lt_q20,5.05
07CE003,q_lt_q20,15.8
07CE005,q_lt_q20,8.4
07CE007,q_lt_q20,11.8
07CE008,q_lt_q20,5.65
07CE010,q_lt_q20,9.5
07CE013,q_lt_q20,5.5
07DA001,q_lt_q20,
07DA006,q_lt_q20,5.85
07DA007,q_lt_q20,8.55
07DA008,q_lt_q20,5.1
07DA018,q_lt_q20,3.55
07DA026,q_lt_q20,5.95
07DA027,q_lt_q20,8.4
07DA028,q_lt_q20,2.85
07DA029,q_lt_q20,6.55
07DA030,q_lt_q20,6.1
07DA032,q_lt_q20,8.8
07DA033,q_lt_q20,6.55
07DA034,q_lt_q20,8.8
07DA035,q_lt_q20,7.1
07DA037,q_lt_q20,5.95
07DA038,q_lt_q20,8.55
07DA039,q_lt_q20,7.4
07DA040,q_lt_q20,8.9
07DA041,q_lt_q20,5.25
07DA042,q_lt_q20,8.55
07DA044,q_lt_q20,15.1
07DA045,q_lt_q20,5.25
07DB001,q_lt_q20,11.95
07DB002,q_lt_q20,6.55
07DB003,q_lt_q20,7.95
07DB006,q_lt_q20,5.8
07DC001,q_lt_q20,5.7
07DC003,q_lt_q20,10.4
07DC004,q_lt_q20,8.55
07DD001,q_lt_q20,
07DD002,q_lt_q20,4.7
07DD003,q_lt_q20,6.25
07EA004,q_lt_q20,17.5
07EA005,q_lt_q20,17.9
07EA007,q_lt_q20,17.7
07EB002,q_lt_q20,
07EC002,q_lt_q20,24.4
07EC003,q_lt_q20,17.55
07EC004,q_lt_q20,21.45
07ED001,q_lt_q20,18.2
07ED003,q_lt_q20,16.25
07EE007,q_lt_q20,14.7
07EE009,q_lt_q20,19.4
07EE010,q_lt_q20,13.6
07EF004,q_lt_q20,16.8
07FA003,q_lt_q20,6.1
07FA004,q_lt_q20,7.95
07FA005,q_lt_q20,6.65
07FA006,q_lt_q20,16.35
07FB001,q_lt_q20,13.35
07FB002,q_lt_q20,9.3
07FB003,q_lt_q20,9.4
07FB004,q_lt_q20,11.35
07FB006,q_lt_q20,11.9
07FB008,q_lt_q20,5.8
07FB009,q_lt_q20,4.75
07FC001,q_lt_q20,12.15
07FC003,q_lt_q20,6.1
07FD001,q_lt_q20,11.2
07FD002,q_lt_q20,8.4
07FD003,q_lt_q20,11.15
07FD006,q_lt_q20,5.4
07FD007,q_lt_q20,6.5
07FD009,q_lt_q20,5.05
07FD010,q_lt_q20,
07FD011,q_lt_q20,4.5
07FD012,q_lt_q20,6.1
07FD013,q_lt_q20,5.25
07FD019,q_lt_q20,6.1
07FD020,q_lt_q20,5.1
07FD908,q_lt_q20,4.1
07FD910,q_lt_q20,3.7
07GA001,q_lt_q20,7.8
07GA002,q_lt_q20,11.6
07GB001,q_lt_q20,6.95
07GB003,q_lt_q20,7.75
07GC002,q_lt_q20,3.95
07GD001,q_lt_q20,6.5
07GD004,q_lt_q20,5.8
07GE001,q_lt_q20,7.45
07GE002,q_lt_q20,4.1
07GE003,q_lt_q20,8.8
07GE007,q_lt_q20,7.35
07GF001,q_lt_q20,6.95
07GF008,q_lt_q20,3.35
07GG001,q_lt_q20,4.55
07GG002,q_lt_q20,3.95
07GG003,q_lt_q20,2.95
07GH002,q_lt_q20,4.1
07GH004,q_lt_q20,3.25
07GJ001,q_lt_q20,4.55
07HA001,q_lt_q20,5.95
07HA003,q_lt_q20,4.25
07HA005,q_lt_q20,4.1
07HA914,q_lt_q20,3.4
07HB001,q_lt_q20,3.1
07HC001,q_lt_q20,6.2
07HC002,q_lt_q20,5.1
07HC907,q_lt_q20,4.6
07HF001,q_lt_q20,10.4
07HF002,q_lt_q20,6.1
07JA003,q_lt_q20,2.7
07JC001,q_lt_q20,4.1
07JC002,q_lt_q20,4.7
07JC003,q_lt_q20,7.2
07JD002,q_lt_q20,9.7
07JD003,q_lt_q20,6.1
07JD004,q_lt_q20,5.6
07JF002,q_lt_q20,4.25
07JF003,q_lt_q20,5.25
07JF005,q_lt_q20,4.1
07KC001,q_lt_q20,4.65
07KE001,q_lt_q20,10.95
07KF015,q_lt_q20,6.7
07LE002,q_lt_q20,10.15
07MA003,q_lt_q20,
07MB001,q_lt_q20,15.85
07NB001,q_lt_q20,
07OA001,q_lt_q20,6.1
07OB003,q_lt_q20,5.7
07OB004,q_lt_q20,6.25
07OB006,q_lt_q20,7.05
07OB008,q_lt_q20,9.7
07OC001,q_lt_q20,10.25
07QC005,q_lt_q20,8.55
07QC006,q_lt_q20,11.55
07QC007,q_lt_q20,11.55
07QC008,q_lt_q20,
07QD007,q_lt_q20,7.7
07RB001,q_lt_q20,6.5
07RD001,q_lt_q20,6.8
07SA002,q_lt_q20,
07SA004,q_lt_q20,
07SA008,q_lt_q20,10.75
07SB002,q_lt_q20,6.65
07SB003,q_lt_q20,4.05
07SB010,q_lt_q20,3.7
07SB013,q_lt_q20,5.1
07SB020,q_lt_q20,4.1
07SC001,q_lt_q20,
07SC004,q_lt_q20,
08AA003,q_lt_q20,14.35
08AA011,q_lt_q20,15.4
08AB001,q_lt_q20,20.9
08AC001,q_lt_q20,16.6
08AC002,q_lt_q20,19.85
08BB005,q_lt_q20,17.3
08CD001,q_lt_q20,22.8
08CE001,q_lt_q20,24.2
08CE005,q_lt_q20,26.4
08CF003,q_lt_q20,26.8
08CG001,q_lt_q20,33.5
08DA005,q_lt_q20,23.95
08DA012,q_lt_q20,22.4
08DB001,q_lt_q20,19.15
08DB013,q_lt_q20,28.8
08EB003,q_lt_q20,19.1
08EB004,q_lt_q20,15.7
08EB005,q_lt_q20,29.15
08EC001,q_lt_q20,21.25
08EC004,q_lt_q20,22.15
08EC013,q_lt_q20,24.25
08EC014,q_lt_q20,24.6
08ED001,q_lt_q20,
08ED002,q_lt_q20,23.2
08ED004,q_lt_q20,23.8
08EE003,q_lt_q20,17.25
08EE004,q_lt_q20,16.35
08EE005,q_lt_q20,17.85
08EE008,q_lt_q20,17.85
08EE012,q_lt_q20,16.45
08EE013,q_lt_q20,17.05
08EE020,q_lt_q20,20.45
08EE025,q_lt_q20,24.6
08EF001,q_lt_q20,
08EF005,q_lt_q20,33.9
08EF006,q_lt_q20,23.05
08EG012,q_lt_q20,29.85
08EG018,q_lt_q20,26.95
08EG019,q_lt_q20,28.4
08FA002,q_lt_q20,
08FB004,q_lt_q20,32.25
08FB006,q_lt_q20,23.75
08FB011,q_lt_q20,27.5
08FC003,q_lt_q20,21
08FE002,q_lt_q20,31.9
08FE003,q_lt_q20,31.7
08FF001,q_lt_q20,18.25
08FF002,q_lt_q20,21.55
08FF003,q_lt_q20,18.3
08FF006,q_lt_q20,19.35
08GA010,q_lt_q20,31.75
08GA022,q_lt_q20,
08GA026,q_lt_q20,24.15
08GA030,q_lt_q20,22.1
08GA043,q_lt_q20,23.95
08GA061,q_lt_q20,17.65
08GA071,q_lt_q20,40.15
08GA072,q_lt_q20,25.7
08GA075,q_lt_q20,21.6
08GA076,q_lt_q20,
08GA077,q_lt_q20,47.2
08GA079,q_lt_q20,48.15
08GB013,q_lt_q20,28.15
08GB014,q_lt_q20,23.45
08GC005,q_lt_q20,21.05
08GC006,q_lt_q20,21.1
08GC007,q_lt_q20,21.1
08GC008,q_lt_q20,17.7
08GD004,q_lt_q20,16.45
08GD008,q_lt_q20,15.1
08GD010,q_lt_q20,20.9
08GE002,q_lt_q20,24.25
08GE003,q_lt_q20,22.2
08GF007,q_lt_q20,32.45
08HA001,q_lt_q20,9.85
08HA002,q_lt_q20,19.75
08HA003,q_lt_q20,13.1
08HA010,q_lt_q20,22.15
08HA011,q_lt_q20,12.8
08HA016,q_lt_q20,17.05
08HA068,q_lt_q20,23.5
08HA069,q_lt_q20,35.8
08HA070,q_lt_q20,29.25
08HA072,q_lt_q20,39.15
08HB006,q_lt_q20,18.3
08HB008,q_lt_q20,23.7
08HB011,q_lt_q20,9.25
08HB017,q_lt_q20,19.65
08HB022,q_lt_q20,17.65
08HB023,q_lt_q20,21.65
08HB025,q_lt_q20,20.3
08HB034,q_lt_q20,17.4
08HB041,q_lt_q20,25.55
08HB048,q_lt_q20,14.35
08HB074,q_lt_q20,28.1
08HB075,q_lt_q20,15.85
08HB084,q_lt_q20,23.7
08HB086,q_lt_q20,50.45
08HB092,q_lt_q20,26.65
08HC001,q_lt_q20,34.85
08HC006,q_lt_q20,42.1
08HD005,q_lt_q20,21
08HD006,q_lt_q20,17.95
08HD007,q_lt_q20,26.1
08HD011,q_lt_q20,20.55
08HD018,q_lt_q20,30.2
08HD021,q_lt_q20,14.6
08HD023,q_lt_q20,16.55
08HD026,q_lt_q20,15
08HD027,q_lt_q20,16.25
08HD035,q_lt_q20,25.4
08HE001,q_lt_q20,19.25
08HE006,q_lt_q20,34.8
08HE008,q_lt_q20,36.75
08HE009,q_lt_q20,31.2
08HF004,q_lt_q20,38.55
08HF005,q_lt_q20,23
08HF006,q_lt_q20,22.65
08HF012,q_lt_q20,27.3
08HF013,q_lt_q20,23.95
08HF014,q_lt_q20,17.55
08HF015,q_lt_q20,30.6
08JA013,q_lt_q20,18.25
08JA015,q_lt_q20,27.85
08JA017,q_lt_q20,18.1
08JA029,q_lt_q20,22.65
08JB002,q_lt_q20,
08JB003,q_lt_q20,18.45
08JB008,q_lt_q20,23.65
08JB013,q_lt_q20,21.7
08JC001,q_lt_q20,10.45
08JC002,q_lt_q20,15.2
08JD006,q_lt_q20,22.9
08JE001,q_lt_q20,11.05
08JE004,q_lt_q20,11.2
08KA001,q_lt_q20,24.25
08KA004,q_lt_q20,13.1
08KA005,q_lt_q20,23.15
08KA007,q_lt_q20,21.75
08KA013,q_lt_q20,27.45
08KB001,q_lt_q20,10.35
08KB003,q_lt_q20,17.85
08KB006,q_lt_q20,20.05
08KC001,q_lt_q20,11.55
08KD007,q_lt_q20,15.3
08KE016,q_lt_q20,11.25
08KE024,q_lt_q20,22.5
08KG001,q_lt_q20,17.25
08KH001,q_lt_q20,23.35
08KH006,q_lt_q20,
08KH019,q_lt_q20,8.9
08KH030,q_lt_q20,24.6
08KH031,q_lt_q20,17.65
08LA001,q_lt_q20,15.75
08LA027,q_lt_q20,18.25
08LB020,q_lt_q20,13.75
08LB024,q_lt_q20,18.35
08LB038,q_lt_q20,20.45
08LB047,q_lt_q20,19.15
08LB064,q_lt_q20,21.25
08LB069,q_lt_q20,21.65
08LB072,q_lt_q20,19.15
08LB076,q_lt_q20,27.05
08LB078,q_lt_q20,15.3
08LC002,q_lt_q20,16.45
08LC003,q_lt_q20,13.1
08LC018,q_lt_q20,30
08LC039,q_lt_q20,11.25
08LC040,q_lt_q20,10.9
08LC042,q_lt_q20,8.2
08LD001,q_lt_q20,18.4
08LE020,q_lt_q20,20.35
08LE021,q_lt_q20,9.8
08LE024,q_lt_q20,18.55
08LE027,q_lt_q20,24.3
08LE031,q_lt_q20,15.9
08LE077,q_lt_q20,14.75
08LE108,q_lt_q20,15.25
08LE112,q_lt_q20,10.2
08LF002,q_lt_q20,24
08LF007,q_lt_q20,21.85
08LF027,q_lt_q20,20.85
08LF033,q_lt_q20,25.3
08LF051,q_lt_q20,30.9
08LF094,q_lt_q20,16.45
08LF099,q_lt_q20,19.5
08LF100,q_lt_q20,20.5
08LG008,q_lt_q20,23.7
08LG009,q_lt_q20,21.65
08LG010,q_lt_q20,12.4
08LG016,q_lt_q20,22.45
08LG017,q_lt_q20,16.15
08LG028,q_lt_q20,13
08LG041,q_lt_q20,18.95
08LG048,q_lt_q20,25.8
08LG056,q_lt_q20,19.6
08LG065,q_lt_q20,16.25
08LG070,q_lt_q20,26.45
08MA001,q_lt_q20,22.05
08MA002,q_lt_q20,
08MA003,q_lt_q20,26.3
08MA006,q_lt_q20,23.85
08MB006,q_lt_q20,16.1
08MB007,q_lt_q20,22.25
08MB012,q_lt_q20,13.75
08MC018,q_lt_q20,
08MC040,q_lt_q20,11.95
08MC045,q_lt_q20,18.5
08MC049,q_lt_q20,10.5
08MD013,q_lt_q20,32
08MD035,q_lt_q20,24.9
08ME002,q_lt_q20,37.3
08ME003,q_lt_q20,
08ME023,q_lt_q20,23.1
08ME025,q_lt_q20,23.85
08ME027,q_lt_q20,28.25
08ME028,q_lt_q20,23.4
08ME029,q_lt_q20,25.35
08MF005,q_lt_q20,
08MF035,q_lt_q20,16.55
08MF040,q_lt_q20,
08MF062,q_lt_q20,34.1
08MF065,q_lt_q20,20.95
08MF068,q_lt_q20,26.5
08MG001,q_lt_q20,27.05
08MG005,q_lt_q20,19.15
08MG013,q_lt_q20,
08MG025,q_lt_q20,18.95
08MG026,q_lt_q20,19.1
08MG027,q_lt_q20,
08MG028,q_lt_q20,18.5
08MH001,q_lt_q20,14
08MH002,q_lt_q20,12.9
08MH005,q_lt_q20,16.05
08MH006,q_lt_q20,17.05
08MH016,q_lt_q20,28.85
08MH024,q_lt_q20,
08MH029,q_lt_q20,5.95
08MH056,q_lt_q20,27.25
08MH076,q_lt_q20,13
08MH090,q_lt_q20,6.35
08MH098,q_lt_q20,10.25
08MH103,q_lt_q20,31
08MH126,q_lt_q20,18.6
08MH141,q_lt_q20,47.95
08MH147,q_lt_q20,34.1
08MH152,q_lt_q20,8.25
08MH153,q_lt_q20,13.15
08MH155,q_lt_q20,6.85
08MH156,q_lt_q20,8.55
08MH166,q_lt_q20,19.55
08MH168,q_lt_q20,38.2
08NA002,q_lt_q20,14.35
08NA006,q_lt_q20,14.95
08NA011,q_lt_q20,22.3
08NB005,q_lt_q20,22.65
08NB012,q_lt_q20,23.8
08NB014,q_lt_q20,27.8
08NB016,q_lt_q20,25
08NB020,q_lt_q20,28.3
08NB021,q_lt_q20,22.9
08NC004,q_lt_q20,27.75
08ND012,q_lt_q20,22.85
08ND013,q_lt_q20,23.6
08ND021,q_lt_q20,23
08ND025,q_lt_q20,32.45
08NE006,q_lt_q20,28.95
08NE008,q_lt_q20,25.9
08NE039,q_lt_q20,19.95
08NE049,q_lt_q20,
08NE058,q_lt_q20,11.75
08NE074,q_lt_q20,21.9
08NE087,q_lt_q20,19.05
08NE110,q_lt_q20,19.6
08NE114,q_lt_q20,19.3
08NE123,q_lt_q20,28.7
08NE126,q_lt_q20,
08NE130,q_lt_q20,20.25
08NF001,q_lt_q20,22.7
08NG002,q_lt_q20,26.7
08NG065,q_lt_q20,17.2
08NG076,q_lt_q20,20
08NG077,q_lt_q20,28.9
08NH005,q_lt_q20,23.05
08NH006,q_lt_q20,21.45
08NH007,q_lt_q20,19.5
08NH016,q_lt_q20,23.4
08NH021,q_lt_q20,
08NH032,q_lt_q20,16.95
08NH084,q_lt_q20,22.75
08NH115,q_lt_q20,20.2
08NH118,q_lt_q20,19.7
08NH119,q_lt_q20,29.35
08NH126,q_lt_q20,
08NH132,q_lt_q20,27.85
08NH138,q_lt_q20,22.75
08NH139,q_lt_q20,25.35
08NJ013,q_lt_q20,19.85
08NJ026,q_lt_q20,24.5
08NJ061,q_lt_q20,24.65
08NJ130,q_lt_q20,16.4
08NJ158,q_lt_q20,
08NJ160,q_lt_q20,24.85
08NK002,q_lt_q20,18.85
08NK016,q_lt_q20,21.95
08NK018,q_lt_q20,21.1
08NK022,q_lt_q20,24.85
08NK026,q_lt_q20,20.7
08NK030,q_lt_q20,24.2
08NL004,q_lt_q20,28.4
08NL007,q_lt_q20,19.95
08NL022,q_lt_q20,30.05
08NL024,q_lt_q20,18.25
08NL038,q_lt_q20,19.9
08NL039,q_lt_q20,20.5
08NL045,q_lt_q20,22.6
08NL050,q_lt_q20,26.8
08NL069,q_lt_q20,31.9
08NL070,q_lt_q20,29.65
08NL071,q_lt_q20,27.2
08NL076,q_lt_q20,29.45
08NM002,q_lt_q20,19.4
08NM037,q_lt_q20,26.65
08NM050,q_lt_q20,13.95
08NM065,q_lt_q20,11.55
08NM085,q_lt_q20,11.95
08NM116,q_lt_q20,8.65
08NM127,q_lt_q20,9.2
08NM134,q_lt_q20,21.95
08NM146,q_lt_q20,14.55
08NM158,q_lt_q20,10.35
08NM160,q_lt_q20,11.65
08NM165,q_lt_q20,18.8
08NM171,q_lt_q20,23.35
08NM172,q_lt_q20,15.1
08NM173,q_lt_q20,21.65
08NM174,q_lt_q20,30.6
08NM200,q_lt_q20,11.1
08NM232,q_lt_q20,21.65
08NM240,q_lt_q20,21.1
08NM241,q_lt_q20,21.15
08NM242,q_lt_q20,21.9
08NM247,q_lt_q20,25.15
08NM248,q_lt_q20,8.35
08NN002,q_lt_q20,17.7
08NN003,q_lt_q20,20.75
08NN012,q_lt_q20,15.4
08NN013,q_lt_q20,14.8
08NN015,q_lt_q20,20.35
08NN019,q_lt_q20,21.2
08NN023,q_lt_q20,27.4
08NN026,q_lt_q20,22.1
08NN028,q_lt_q20,17.85
08NP001,q_lt_q20,23.8
08NP003,q_lt_q20,20.3
08OA003,q_lt_q20,20.95
08OA004,q_lt_q20,18.35
08OA005,q_lt_q20,23.4
08OB002,q_lt_q20,20.9
08PA012,q_lt_q20,20.2
09AA006,q_lt_q20,
09AA013,q_lt_q20,17.3
09AB001,q_lt_q20,
09AC001,q_lt_q20,10.95
09AC007,q_lt_q20,9.65
09AD002,q_lt_q20,10.8
09AE003,q_lt_q20,17.05
09AE006,q_lt_q20,13.9
09AG001,q_lt_q20,9.65
09AH001,q_lt_q20,7.6
09AH003,q_lt_q20,23.25
09AH004,q_lt_q20,9.95
09AH005,q_lt_q20,9.95
09BA001,q_lt_q20,16.6
09BB001,q_lt_q20,12.25
09BC001,q_lt_q20,
09BC004,q_lt_q20,
09CA002,q_lt_q20,10.85
09CA004,q_lt_q20,16.45
09CA006,q_lt_q20,7.9
09CB001,q_lt_q20,15.75
09CD001,q_lt_q20,
09DA001,q_lt_q20,12.2
09DB001,q_lt_q20,14.15
09DD003,q_lt_q20,14.5
09DD004,q_lt_q20,9.95
09EA003,q_lt_q20,23.5
09EA004,q_lt_q20,6.05
09EA005,q_lt_q20,11.35
09EB003,q_lt_q20,15.85
09EB004,q_lt_q20,18.4
09ED001,q_lt_q20,11.2
09FA001,q_lt_q20,8.7
09FB002,q_lt_q20,15.85
09FB003,q_lt_q20,7.05
09FC001,q_lt_q20,4.5
09FD002,q_lt_q20,11.6
10AA001,q_lt_q20,
10AA004,q_lt_q20,6.5
10AA005,q_lt_q20,10.15
10AA006,q_lt_q20,15.45
10AB001,q_lt_q20,12.15
10AC005,q_lt_q20,15.15
10AD002,q_lt_q20,13.5
10BD001,q_lt_q20,19
10BE001,q_lt_q20,27.5
10BE004,q_lt_q20,16.55
10BE007,q_lt_q20,20.2
10BE009,q_lt_q20,15.45
10BE013,q_lt_q20,9.2
10CA001,q_lt_q20,13.35
10CB001,q_lt_q20,14.9
10CD001,q_lt_q20,
10CD003,q_lt_q20,11.25
10CD004,q_lt_q20,5.95
10CD005,q_lt_q20,5.55
10DA001,q_lt_q20,12.8
10DB001,q_lt_q20,8.25
10EA003,q_lt_q20,19.2
10EB001,q_lt_q20,10.2
10EC003,q_lt_q20,40.35
10ED001,q_lt_q20,
10ED002,q_lt_q20,1.4
10ED003,q_lt_q20,4.35
10ED007,q_lt_q20,5.1
10ED009,q_lt_q20,5.1
10ED010,q_lt_q20,16.35
10FA002,q_lt_q20,6.7
10FB001,q_lt_q20,15.7
10FB005,q_lt_q20,1.85
10FB006,q_lt_q20,4.55
10GA001,q_lt_q20,9.95
10GB006,q_lt_q20,6.9
10GC001,q_lt_q20,3.85
10GC003,q_lt_q20,10.5
10GD001,q_lt_q20,35.35
10GD002,q_lt_q20,7.65
10HA004,q_lt_q20,
10HB005,q_lt_q20,13.35
10HC008,q_lt_q20,4.35
10JB001,q_lt_q20,1.7
10JD002,q_lt_q20,0.85
10KA001,q_lt_q20,
10KA006,q_lt_q20,2.55
10KA007,q_lt_q20,8.65
10KA008,q_lt_q20,5.55
10KA009,q_lt_q20,6.95
10KB001,q_lt_q20,8.85
10KC001,q_lt_q20,17.7
10KD009,q_lt_q20,6.1
10LA002,q_lt_q20,2.55
10LB004,q_lt_q20,15.85
10LB005,q_lt_q20,5.85
10LB006,q_lt_q20,11.8
10LB007,q_lt_q20,11.6
10LC002,q_lt_q20,4.9
10LC003,q_lt_q20,2.85
10LC007,q_lt_q20,8.1
10LC017,q_lt_q20,3.2
10LD004,q_lt_q20,9.55
10MA001,q_lt_q20,8.85
10MA002,q_lt_q20,15.05
10MA003,q_lt_q20,14.25
10MA005,q_lt_q20,
10MB003,q_lt_q20,17.7
10MB004,q_lt_q20,22
10MC002,q_lt_q20,4.55
10MC007,q_lt_q20,11.95
10MC008,q_lt_q20,
10MD001,q_lt_q20,6.55
10MD002,q_lt_q20,3.15
10NB001,q_lt_q20,5.8
10NC001,q_lt_q20,6.15
10ND002,q_lt_q20,3.1
10ND004,q_lt_q20,1.45
10OB001,q_lt_q20,
10PA001,q_lt_q20,
10PA002,q_lt_q20,
10PB001,q_lt_q20,
10PC004,q_lt_q20,9.7
10PC005,q_lt_q20,
10QA001,q_lt_q20,11.5
10QC001,q_lt_q20,10.25
10QD001,q_lt_q20,
10RA001,q_lt_q20,7.5
10RA002,q_lt_q20,7.7
10RC001,q_lt_q20,
10RC002,q_lt_q20,
10TA001,q_lt_q20,2.7
10UH001,q_lt_q20,8.95
10UH002,q_lt_q20,11.55
10UH012,q_lt_q20,10.55
10VK001,q_lt_q20,30.85
11AA001,q_lt_q20,11.2
11AA005,q_lt_q20,2.85
11AA025,q_lt_q20,6.35
11AA028,q_lt_q20,3.1
11AA029,q_lt_q20,3.1
11AA031,q_lt_q20,4.15
11AA032,q_lt_q20,11.6
11AA038,q_lt_q20,8.55
11AB009,q_lt_q20,6.25
11AB018,q_lt_q20,0
11AB027,q_lt_q20,1.85
11AB044,q_lt_q20,0.7
11AB058,q_lt_q20,0.85
11AB060,q_lt_q20,2.9
11AB077,q_lt_q20,2.25
11AB078,q_lt_q20,5.25
11AB082,q_lt_q20,2.75
11AB083,q_lt_q20,1.4
11AB084,q_lt_q20,1.85
11AB096,q_lt_q20,1.25
11AB101,q_lt_q20,0
11AB102,q_lt_q20,4.65
11AB108,q_lt_q20,3.25
11AB117,q_lt_q20,8.2
11AB118,q_lt_q20,3.25
11AC017,q_lt_q20,4.65
11AC025,q_lt_q20,0.4
11AC041,q_lt_q20,2.1
11AC052,q_lt_q20,7.95
11AC054,q_lt_q20,5.1
11AC060,q_lt_q20,5.1
11AC064,q_lt_q20,3.25
11AC065,q_lt_q20,5.25
11AC066,q_lt_q20,4.25
11AC068,q_lt_q20,3.95
11AE003,q_lt_q20,5
11AE008,q_lt_q20,1.85
11AE009,q_lt_q20,1.25
11AE010,q_lt_q20,3.7
11AE014,q_lt_q20,3.8
11AE015,q_lt_q20,0.4
1001001,q_lt_q20,31.65
1001002,q_lt_q20,31.4
1001003,q_lt_q20,22.7
10100002,q_lt_q20,19.55
10100006,q_lt_q20,13.55
10102001,q_lt_q20,20.35
10111001,q_lt_q20,18.05
10121001,q_lt_q20,17.35
10122001,q_lt_q20,11.95
10122003,q_lt_q20,11.9
10133000,q_lt_q20,20.6
10134001,q_lt_q20,11.3
10137001,q_lt_q20,9.8
10142003,q_lt_q20,17.8
1020002,q_lt_q20,18.7
1020003,q_lt_q20,18.9
1021001,q_lt_q20,56.55
1021002,q_lt_q20,31.75
10304001,q_lt_q20,
10305001,q_lt_q20,22.25
10306001,q_lt_q20,22.65
10311001,q_lt_q20,8.7
10313001,q_lt_q20,12.5
10322003,q_lt_q20,18.8
10327001,q_lt_q20,11.1
10328001,q_lt_q20,11.85
10340001,q_lt_q20,10.65
10343001,q_lt_q20,14.8
10343002,q_lt_q20,8.15
10344003,q_lt_q20,8.6
10344004,q_lt_q20,9.5
10351001,q_lt_q20,9.6
10356001,q_lt_q20,11.45
10362001,q_lt_q20,6.45
10363002,q_lt_q20,10.95
10364001,q_lt_q20,12.55
10401001,q_lt_q20,13.65
10405001,q_lt_q20,14.75
10405002,q_lt_q20,11.85
10405005,q_lt_q20,14.7
1041002,q_lt_q20,22.85
10411002,q_lt_q20,9.5
10414001,q_lt_q20,9.4
10431000,q_lt_q20,20.95
10431001,q_lt_q20,14.95
10432002,q_lt_q20,8.5
10432003,q_lt_q20,16.2
10440000,q_lt_q20,
1044001,q_lt_q20,34.55
1050002,q_lt_q20,47.1
1050004,q_lt_q20,33.05
10503001,q_lt_q20,15.75
10514001,q_lt_q20,15.15
10520001,q_lt_q20,32.85
10523002,q_lt_q20,33.6
10701002,q_lt_q20,14.7
10702002,q_lt_q20,17.6
10704002,q_lt_q20,17.5
11020004,q_lt_q20,17.7
11040001,q_lt_q20,21.6
11141001,q_lt_q20,18.8
11143001,q_lt_q20,17.3
11143002,q_lt_q20,14.1
11147001,q_lt_q20,14.1
11147002,q_lt_q20,27.95
11151001,q_lt_q20,17.95
11302001,q_lt_q20,21
11307001,q_lt_q20,15.7
11308001,q_lt_q20,20.55
11310001,q_lt_q20,16.15
11310002,q_lt_q20,18.95
11310003,q_lt_q20,15.1
11312001,q_lt_q20,13.35
11314001,q_lt_q20,17.45
11315001,q_lt_q20,15.85
11316001,q_lt_q20,17.1
11317001,q_lt_q20,16.2
11337001,q_lt_q20,14.1
11405001,q_lt_q20,21.9
11500002,q_lt_q20,20.55
11504001,q_lt_q20,15.15
11505001,q_lt_q20,10.8
11514001,q_lt_q20,22.3
11520002,q_lt_q20,18.85
11521001,q_lt_q20,16.9
11530000,q_lt_q20,19.75
11532000,q_lt_q20,19.05
11545000,q_lt_q20,12.3
11710000,q_lt_q20,
11711000,q_lt_q20,20.4
1201001,q_lt_q20,21.25
1201003,q_lt_q20,30.35
1201005,q_lt_q20,26.65
1210001,q_lt_q20,34.15
1211001,q_lt_q20,20.4
12285001,q_lt_q20,21.75
12287001,q_lt_q20,14.95
12288002,q_lt_q20,25.75
12288003,q_lt_q20,
12288004,q_lt_q20,
12289001,q_lt_q20,
12289002,q_lt_q20,
12289003,q_lt_q20,15.55
12291001,q_lt_q20,17.45
12400003,q_lt_q20,10.7
12400004,q_lt_q20,19.75
12448001,q_lt_q20,16.15
12452001,q_lt_q20,14.85
12561001,q_lt_q20,15.95
12563001,q_lt_q20,17.6
12600001,q_lt_q20,18.65
12622001,q_lt_q20,14.6
12660001,q_lt_q20,15.9
12802001,q_lt_q20,14.45
12805001,q_lt_q20,11.05
12806001,q_lt_q20,14.1
12825002,q_lt_q20,24.1
12861001,q_lt_q20,15.2
12863002,q_lt_q20,12.15
12865001,q_lt_q20,15.75
12872001,q_lt_q20,14.2
12876001,q_lt_q20,16.05
12876004,q_lt_q20,14.95
12878001,q_lt_q20,14.1
12930001,q_lt_q20,21.3
1300009,q_lt_q20,25.65
1310002,q_lt_q20,46.05
1410004,q_lt_q20,43.45
1502002,q_lt_q20,25.45
1502008,q_lt_q20,42.15
1610002,q_lt_q20,51.4
1610004,q_lt_q20,43.7
1730001,q_lt_q20,49.25
1730002,q_lt_q20,43.15
1730003,q_lt_q20,41.9
1730007,q_lt_q20,35.95
1730012,q_lt_q20,43.95
2101001,q_lt_q20,24.55
2103001,q_lt_q20,37.15
2103002,q_lt_q20,40.35
2103003,q_lt_q20,42
2103014,q_lt_q20,37.7
2104002,q_lt_q20,31.35
2104003,q_lt_q20,22.95
2104013,q_lt_q20,21.6
2105001,q_lt_q20,21.65
2105002,q_lt_q20,24.55
2105005,q_lt_q20,28.85
2105007,q_lt_q20,25.5
2110001,q_lt_q20,17.15
2110002,q_lt_q20,17.55
2110004,q_lt_q20,18
2110031,q_lt_q20,17.35
2112005,q_lt_q20,28.45
2112006,q_lt_q20,15.7
2112007,q_lt_q20,18.05
2113001,q_lt_q20,51.3
2120001,q_lt_q20,27.3
2510001,q_lt_q20,24.4
3022001,q_lt_q20,30.6
3041001,q_lt_q20,35.05
3041002,q_lt_q20,33.95
3041003,q_lt_q20,35.2
3041004,q_lt_q20,40.35
3041005,q_lt_q20,42.3
3050001,q_lt_q20,55.35
3404001,q_lt_q20,53.5
3414001,q_lt_q20,52.9
3421001,q_lt_q20,53.5
3430001,q_lt_q20,38.6
3430003,q_lt_q20,45.75
3431001,q_lt_q20,56.2
3450001,q_lt_q20,23.8
3453001,q_lt_q20,22.4
3802001,q_lt_q20,47.5
3804002,q_lt_q20,54
3806001,q_lt_q20,43.15
3814003,q_lt_q20,27.4
3815001,q_lt_q20,62.1
3815002,q_lt_q20,64.3
3820001,q_lt_q20,45.25
3820002,q_lt_q20,52.05
3820003,q_lt_q20,31.4
3825001,q_lt_q20,25.85
3826001,q_lt_q20,18.4
4301002,q_lt_q20,47.7
4302001,q_lt_q20,48.15
4306001,q_lt_q20,41.85
4308001,q_lt_q20,48.3
4311001,q_lt_q20,30.3
4313001,q_lt_q20,77.25
4314002,q_lt_q20,21.7
4320001,q_lt_q20,38
4323001,q_lt_q20,32.8
4335001,q_lt_q20,15.1
4400001,q_lt_q20,18.3
4501001,q_lt_q20,48.65
4502001,q_lt_q20,52.95
4503001,q_lt_q20,50.05
4511002,q_lt_q20,16
4512001,q_lt_q20,36.65
4513001,q_lt_q20,38.55
4514001,q_lt_q20,48.85
4515002,q_lt_q20,34.2
4520001,q_lt_q20,29
4522001,q_lt_q20,50.1
4522002,q_lt_q20,33.65
4523001,q_lt_q20,44.8
4523002,q_lt_q20,32.15
4530001,q_lt_q20,41.9
4531001,q_lt_q20,24.65
4531002,q_lt_q20,39.6
4532001,q_lt_q20,39.85
4533002,q_lt_q20,39.25
4537001,q_lt_q20,43.5
4540001,q_lt_q20,37.6
4550003,q_lt_q20,42.6
4557002,q_lt_q20,10.95
4558001,q_lt_q20,16
4703001,q_lt_q20,24.6
4703002,q_lt_q20,16.95
4704001,q_lt_q20,27.45
4704002,q_lt_q20,29.9
4711001,q_lt_q20,32.6
4712001,q_lt_q20,19.2
4714001,q_lt_q20,27.6
4716001,q_lt_q20,51.2
4716004,q_lt_q20,36.2
4721001,q_lt_q20,29.9
4723001,q_lt_q20,46.9
4726001,q_lt_q20,42.75
4730001,q_lt_q20,25.1
4810001,q_lt_q20,39
4810005,q_lt_q20,35.25
4810006,q_lt_q20,35.25
5100001,q_lt_q20,32.55
5101001,q_lt_q20,39.4
5101002,q_lt_q20,19.65
5110002,q_lt_q20,28.65
5120001,q_lt_q20,15.8
5200001,q_lt_q20,20.8
5221001,q_lt_q20,8.8
5221002,q_lt_q20,8.1
5320001,q_lt_q20,13
5401003,q_lt_q20,51
5402001,q_lt_q20,29.35
5402015,q_lt_q20,36.3
5403002,q_lt_q20,32.55
5406001,q_lt_q20,28.3
5410002,q_lt_q20,22.25
5410005,q_lt_q20,30.55
5411001,q_lt_q20,22.85
5411002,q_lt_q20,13.5
5414001,q_lt_q20,17.8
5420002,q_lt_q20,12.4
5421001,q_lt_q20,11.5
5421002,q_lt_q20,12.7
5422001,q_lt_q20,13.55
5423002,q_lt_q20,28.05
5423003,q_lt_q20,26.75
5423004,q_lt_q20,10
5423005,q_lt_q20,11.95
5423006,q_lt_q20,20.25
5427003,q_lt_q20,15.05
5701001,q_lt_q20,39.4
5701002,q_lt_q20,29.65
5702001,q_lt_q20,31.6
5703006,q_lt_q20,43.25
5704002,q_lt_q20,30.05
5705001,q_lt_q20,30.6
5706001,q_lt_q20,26.2
5707002,q_lt_q20,30.7
5710001,q_lt_q20,20.55
5716001,q_lt_q20,21.5
5720001,q_lt_q20,22.35
5721001,q_lt_q20,23.85
5721016,q_lt_q20,34.35
5722001,q_lt_q20,29.65
5722002,q_lt_q20,28.8
5730005,q_lt_q20,16.7
5730008,q_lt_q20,21.3
5734001,q_lt_q20,18.1
5737002,q_lt_q20,19.4
5741001,q_lt_q20,22.7
5746001,q_lt_q20,14.4
5748001,q_lt_q20,19.55
6000003,q_lt_q20,26.3
6002001,q_lt_q20,21.1
6003001,q_lt_q20,23.15
6006001,q_lt_q20,27.85
6008005,q_lt_q20,19.4
6011001,q_lt_q20,18.75
6013001,q_lt_q20,30.95
6015001,q_lt_q20,15.8
6018001,q_lt_q20,13.75
6019003,q_lt_q20,19.3
6025001,q_lt_q20,22.2
6027001,q_lt_q20,20.9
6028001,q_lt_q20,24.4
6033001,q_lt_q20,
6033011,q_lt_q20,15.2
6034022,q_lt_q20,13.55
6034023,q_lt_q20,18.2
6035001,q_lt_q20,22.55
6043001,q_lt_q20,12.85
6132001,q_lt_q20,20.75
7102001,q_lt_q20,25.25
7102005,q_lt_q20,44.6
7103001,q_lt_q20,25.65
7104001,q_lt_q20,25.65
7104002,q_lt_q20,28.5
7112001,q_lt_q20,42
7115001,q_lt_q20,43.55
7116001,q_lt_q20,24.95
7123001,q_lt_q20,18.1
7200002,q_lt_q20,19.75
7300001,q_lt_q20,39.05
7303000,q_lt_q20,13.575
7306001,q_lt_q20,36.95
7308001,q_lt_q20,22.25
7308002,q_lt_q20,29.5
7317003,q_lt_q20,27.5
7317005,q_lt_q20,26.4
7320003,q_lt_q20,22.9
7321002,q_lt_q20,36.45
7322001,q_lt_q20,
7330001,q_lt_q20,19.75
7331001,q_lt_q20,34.75
7332001,q_lt_q20,21.85
7335001,q_lt_q20,25.05
7335002,q_lt_q20,32.25
7336001,q_lt_q20,26.3
7339001,q_lt_q20,33.25
7340001,q_lt_q20,34.5
7341001,q_lt_q20,23.2
7343001,q_lt_q20,35.75
7350001,q_lt_q20,23.8
7350002,q_lt_q20,27.9
7350003,q_lt_q20,25.2
7351001,q_lt_q20,17.4
7354001,q_lt_q20,24.05
7354002,q_lt_q20,28.35
7355001,q_lt_q20,21.25
7355002,q_lt_q20,25.2
7355003,q_lt_q20,29.5
7357002,q_lt_q20,27.1
7358001,q_lt_q20,17.9
7359001,q_lt_q20,25.5
7372001,q_lt_q20,17.9
7374001,q_lt_q20,21.9
7379001,q_lt_q20,19.6
7379002,q_lt_q20,21.65
7381001,q_lt_q20,17.8
7383001,q_lt_q20,32.65
8104001,q_lt_q20,30.25
8105001,q_lt_q20,30.6
8106001,q_lt_q20,19.4
8106002,q_lt_q20,27.5
8112001,q_lt_q20,24.7
8114001,q_lt_q20,18.4
8115001,q_lt_q20,19.25
8117004,q_lt_q20,29.85
8117005,q_lt_q20,23.4
8117006,q_lt_q20,27.9
8117008,q_lt_q20,19.75
8118001,q_lt_q20,21.85
8123001,q_lt_q20,18.5
8124001,q_lt_q20,20.05
8124002,q_lt_q20,21.6
8130001,q_lt_q20,28.4
8130002,q_lt_q20,30.1
8132001,q_lt_q20,17.65
8133001,q_lt_q20,21
8134002,q_lt_q20,20.95
8134003,q_lt_q20,21.65
8135002,q_lt_q20,24.2
8140002,q_lt_q20,24.5
8141001,q_lt_q20,26.55
8144001,q_lt_q20,17.05
8210003,q_lt_q20,25.95
8220001,q_lt_q20,16.95
8220008,q_lt_q20,18.8
8220009,q_lt_q20,30.6
8220010,q_lt_q20,22.25
8304001,q_lt_q20,22.1
8307002,q_lt_q20,25.05
8308000,q_lt_q20,25.55
8312000,q_lt_q20,18
8312001,q_lt_q20,34.05
8313000,q_lt_q20,29.3
8313001,q_lt_q20,21.05
8316002,q_lt_q20,24.3
8317001,q_lt_q20,21.8
8317002,q_lt_q20,23.6
8317004,q_lt_q20,20.75
8317005,q_lt_q20,25.65
8319001,q_lt_q20,22.65
8323001,q_lt_q20,19.8
8323002,q_lt_q20,24.8
8324002,q_lt_q20,14.9
8330001,q_lt_q20,18.05
8332001,q_lt_q20,19.75
8334001,q_lt_q20,19.1
8342001,q_lt_q20,31.05
8343001,q_lt_q20,31.8
8350001,q_lt_q20,28.45
8351001,q_lt_q20,30
8356001,q_lt_q20,22.65
8358001,q_lt_q20,24.1
8362001,q_lt_q20,15.55
8366002,q_lt_q20,16.05
8372002,q_lt_q20,30.6
8376001,q_lt_q20,25.3
8380001,q_lt_q20,19.9
8380006,q_lt_q20,20.25
8381003,q_lt_q20,19.3
8383001,q_lt_q20,24.5
8385001,q_lt_q20,23.75
8386001,q_lt_q20,
8393002,q_lt_q20,13.8
8394001,q_lt_q20,
8700002,q_lt_q20,19.45
8700003,q_lt_q20,22.65
8720001,q_lt_q20,19
8820001,q_lt_q20,22.85
8821001,q_lt_q20,15.65
8821002,q_lt_q20,15.65
8821003,q_lt_q20,15.15
8821006,q_lt_q20,15.7
8822001,q_lt_q20,16.05
8822002,q_lt_q20,18.2
8910001,q_lt_q20,19.95
9101001,q_lt_q20,16.4
9101002,q_lt_q20,17.5
9102001,q_lt_q20,16.8
9104001,q_lt_q20,23.55
9104002,q_lt_q20,15.75
9106001,q_lt_q20,15.8
9107001,q_lt_q20,16.9
9107002,q_lt_q20,17.35
9111001,q_lt_q20,15.55
9113001,q_lt_q20,17.05
9116001,q_lt_q20,15.3
9122002,q_lt_q20,26.25
9123001,q_lt_q20,15.55
9126001,q_lt_q20,18.35
9127001,q_lt_q20,16.35
9129002,q_lt_q20,17.5
9131001,q_lt_q20,18.4
9134001,q_lt_q20,16.15
9135001,q_lt_q20,15.6
9140001,q_lt_q20,15.05
9400000,q_lt_q20,21.2
9402001,q_lt_q20,20.65
9404001,q_lt_q20,17.4
9405001,q_lt_q20,13.85
9412001,q_lt_q20,18.25
9414001,q_lt_q20,17.95
9416001,q_lt_q20,23.4
9420001,q_lt_q20,16.45
9423001,q_lt_q20,18.05
9433001,q_lt_q20,17.95
9434001,q_lt_q20,18.85
9436001,q_lt_q20,16.3
9437002,q_lt_q20,15.85
AARSCHOT_6220300,q_lt_q20,
AARUP_6934050,q_lt_q20,
ABISKO_6232101,q_lt_q20,
ACHLEITEN_6342900,q_lt_q20,
ACHSTETTEN_6342105,q_lt_q20,
AECKLINGEN_6233460,q_lt_q20,
AENGABAECKS KRV_6233170,q_lt_q20,
AESOO_6172041,q_lt_q20,
AFFOLDERN_6337505,q_lt_q20,
AGUILCOURT ET A ORAINVILLE_6122430,q_lt_q20,
AHJA_6172260,q_lt_q20,
AIRE-SUR-L'ADOUR_6119190,q_lt_q20,
AIVIEKSTES HES_6373219,q_lt_q20,
AKEN_6340170,q_lt_q20,
ALBA IULIA_6744201,q_lt_q20,
ALBUFEIRA DE BELVER (R.E.)_6113110,q_lt_q20,
ALLEMOND_6139750,q_lt_q20,
ALLENDORF_6337511,q_lt_q20,
ALLEVES (LA CHARNIAZ)_6139825,q_lt_q20,
ALMOUROL_6113050,q_lt_q20,
ALTKIRCH_6135800,q_lt_q20,
ANDERNACH_6335070,q_lt_q20,
ANDOUILLE (LES VAUGEOIS)_6123200,q_lt_q20,
ANJALA_6854203,q_lt_q20,
ANKARVATTNET_6233450,q_lt_q20,
APE_6373115,q_lt_q20,
ARAD_6744200,q_lt_q20,
ARCEAU (ARCELOT)_6139921,q_lt_q20,
ARDENTES_6123360,q_lt_q20,
ARGENTIERE LA BESSEE_6139282,q_lt_q20,
ARNDRUP_6934870,q_lt_q20,
AROEDAN_6229140,q_lt_q20,
ARTEMARE_6139810,q_lt_q20,
ARTHAZ-PONT-NOTRE-DAME_6139960,q_lt_q20,
ARUP_6934720,q_lt_q20,
ASBRO 3_6233100,q_lt_q20,
ASTED BRO_6934300,q_lt_q20,
ATNASJO_6729410,q_lt_q20,
AUE 1_6340627,q_lt_q20,
AULESTAD_6729453,q_lt_q20,
AUSTENA_6729280,q_lt_q20,
AUTRICOURT_6122200,q_lt_q20,
AUVERS-LE-HAMON [MOULIN LA ROCHE]_6123570,q_lt_q20,
BAD DUEBEN_6340600,q_lt_q20,
BAD ROTENFELS_6335710,q_lt_q20,
BADEN_6935305,q_lt_q20,
BAIN-DE-BRETAGNE_6119095,q_lt_q20,
BALOZI_6373454,q_lt_q20,
BANNALEC (PONT MEYA)_6119070,q_lt_q20,
BARBY_6340140,q_lt_q20,
BARCELONNETTE (ABATTOIR)_6139261,q_lt_q20,
BAUME-LES-DAMES_6139215,q_lt_q20,
BAUSKA_6373430,q_lt_q20,
BEAUFORT-SUR-GERVANNE_6139140,q_lt_q20,
BEAUJEU_6139430,q_lt_q20,
BEAUMOTTE-AUBERTANS_6139681,q_lt_q20,
BEAUVAIS_6122470,q_lt_q20,
BEDOUES (COCURES)_6125362,q_lt_q20,
BELI BROD_6545160,q_lt_q20,
BELIN-BELIET (MOULIN DU MOINE)_6119220,q_lt_q20,
BELLAC_6123800,q_lt_q20,
BERGEFORSENS KRV_6233401,q_lt_q20,
BERGHAUSEN_6335640,q_lt_q20,
BERG_6342502,q_lt_q20,
BERLIN MUEHLENDAMM OP_6340611,q_lt_q20,
BEROUN_6140250,q_lt_q20,
BERTNEM_6731555,q_lt_q20,
BEYNES_6139250,q_lt_q20,
BIERGES_6220502,q_lt_q20,
BISTRA_6744600,q_lt_q20,
BJOERNEGARDSVINGEN_6729420,q_lt_q20,
BLOIS_6123300,q_lt_q20,
BOCHENIEC_6458613,q_lt_q20,
BODENS KRV (+ VATTENVERK  TRANGFORS)_6233750,q_lt_q20,
BODENWERDER_6337514,q_lt_q20,
BOEHLEN 1_6340365,q_lt_q20,
BOGOJEVO_6542200,q_lt_q20,
BOGUSLAW_6457956,q_lt_q20,
BOHUMIN_6157100,q_lt_q20,
BOHUNOVSKO-JESENNY_6140140,q_lt_q20,
BONDONS (COCURES)_6125340,q_lt_q20,
BORGAI_6729447,q_lt_q20,
BORGHAREN_6421500,q_lt_q20,
BOROVNICE_6142270,q_lt_q20,
BOURGES_6123335,q_lt_q20,
BOXBERG_6340810,q_lt_q20,
BRANDENBURG-WILHELMSDORF_6340515,q_lt_q20,
BRATISLAVA_6142200,q_lt_q20,
BREDEBRO_6934800,q_lt_q20,
BREDSTRUP_6934600,q_lt_q20,
BREHY_6142660,q_lt_q20,
BRIENZWILER_6935019,q_lt_q20,
BRODNICA_6458510,q_lt_q20,
BROEDEBACKEN_6233180,q_lt_q20,
BROMOELLE_6934530,q_lt_q20,
BRUEGG-AEGERTEN_6935021,q_lt_q20,
BRUNIQUEL [LA GAUTERIE]_6125275,q_lt_q20,
BRUNSTATT ET A DIDENHEIM ET A MULHOUSE_6135035,q_lt_q20,
BRUSTUEN_6729132,q_lt_q20,
BRZEGI_6458610,q_lt_q20,
BULKEN_6729200,q_lt_q20,
BUVATN_6729445,q_lt_q20,
CALBE-GRIZEHNE_6340300,q_lt_q20,
CAMPAGNE_6119235,q_lt_q20,
CANDE (LA GREE)_6123171,q_lt_q20,
CARIGNAN_6121240,q_lt_q20,
CASTELBIAGUE (PONT DE RRADES)_6125220,q_lt_q20,
CASTELSAGRAT [FOURQUET]_6125305,q_lt_q20,
CELLE-EN-MORVAN (POLROY)_6123720,q_lt_q20,
CELLE_6337502,q_lt_q20,
CERNON (VOUGLANS)_6139501,q_lt_q20,
CESSEY-SUR-TILLE_6139920,q_lt_q20,
CHABLIS_6122190,q_lt_q20,
CHALABRE_6125260,q_lt_q20,
CHALUPKI_6457660,q_lt_q20,
CHAMBON-AU-LIGNON_6123780,q_lt_q20,
CHAMPAGNE-SUR-LOUE_6139790,q_lt_q20,
CHANTONNAY (ST-PHILBERT DU PONT CHARRAUL_6119320,q_lt_q20,
CHAPELLE-SAINT-FLORENT (PONT DALAINE)_6123140,q_lt_q20,
CHATEAU-GONTIER_6123655,q_lt_q20,
CHATEAUNEUF-DU-FAOU_6119035,q_lt_q20,
CHATELAIS [MARCILLE]_6123660,q_lt_q20,
CHATILLON EN MICHAINE_6139837,q_lt_q20,
CHATILLON-EN-DIOIS_6139130,q_lt_q20,
CHATILLON_6139360,q_lt_q20,
CHAUDFONTAINE_6221200,q_lt_q20,
CHAZEY_6139500,q_lt_q20,
CHEZERY-FORENS (CHEZERY)_6139831,q_lt_q20,
CHMELNICA_6158100,q_lt_q20,
CHRISTINEHOLMS REGL.DAMM_6233133,q_lt_q20,
CIGACICE_6457690,q_lt_q20,
CIRCOURT-SUR-MOUZON [VILLARS]_6121040,q_lt_q20,
CIRON [SCOURY]_6123485,q_lt_q20,
CISNA_6458620,q_lt_q20,
CLOUE [PONT DE CLOUE]_6123425,q_lt_q20,
COCHEM_6336050,q_lt_q20,
CONCARNEAU (PONT D22)_6119080,q_lt_q20,
CONDAT-SUR-VIENNE (CHAMBON VEYRINAS)_6123430,q_lt_q20,
CONQUES_6125385,q_lt_q20,
CORBES (ROC COURBE)_6139060,q_lt_q20,
CORNET_6742451,q_lt_q20,
CORVOL-ORGUEILLEUX_6122170,q_lt_q20,
COSERENI_6742912,q_lt_q20,
COUSSERGUES (RESUENHE)_6125630,q_lt_q20,
CSENGER_6444600,q_lt_q20,
CUSTINES_6136120,q_lt_q20,
DALESZYCE_6458615,q_lt_q20,
DALSBOVATN_6731147,q_lt_q20,
DALUM_6338110,q_lt_q20,
DAMELEVIERES_6136105,q_lt_q20,
DASICE_6140600,q_lt_q20,
DAUGAVPILS_6373300,q_lt_q20,
DAVERDISSE_6221551,q_lt_q20,
DECIN_6140400,q_lt_q20,
DEG_6729225,q_lt_q20,
DEMANDOLX (CASTILLON)_6139201,q_lt_q20,
DENEVRE_6139045,q_lt_q20,
DIEDENDORF_6136155,q_lt_q20,
DIGNY ST. CLAIRE_6139821,q_lt_q20,
DILLSFOSS_6731690,q_lt_q20,
DISSAY_6123455,q_lt_q20,
DJUPEVAD_6729840,q_lt_q20,
DOERVERDEN_6337515,q_lt_q20,
DOLNI STEPANICE_6140130,q_lt_q20,
DOMBAS_6729590,q_lt_q20,
DONJI MIHOLJAC C.S._6646800,q_lt_q20,
DOUCIER_6139520,q_lt_q20,
DOULAINCOURT-SAUCOURT_6122370,q_lt_q20,
DRAGESTI_6742701,q_lt_q20,
DRAWINY_6457985,q_lt_q20,
DRAWSKO POMORSKIE_6457982,q_lt_q20,
DRENNEC_6118130,q_lt_q20,
DROUX_6123810,q_lt_q20,
DUESSELDORF_6335050,q_lt_q20,
DUKUPJI_6373151,q_lt_q20,
DUNG_6139780,q_lt_q20,
DVORCE_6142250,q_lt_q20,
DZIALOSZYN_6457850,q_lt_q20,
EDSVALLA KRV_6233525,q_lt_q20,
EGGAFOSS_6731502,q_lt_q20,
EGGEDAL_6729315,q_lt_q20,
EIDFJORDVATN_6729134,q_lt_q20,
ELKAER BRO_6934310,q_lt_q20,
EMBRUN (LA CLAPIERE)_6139281,q_lt_q20,
EMSFORS BRUK_6233360,q_lt_q20,
ENGESETVATN_6731010,q_lt_q20,
ENGOMER [BALAGUERES]_6125055,q_lt_q20,
ENTRAIGUES_6139730,q_lt_q20,
EPINAL_6136200,q_lt_q20,
EPINIAC_6118195,q_lt_q20,
EPISY_6122240,q_lt_q20,
EPPEGEM_6220360,q_lt_q20,
ERGUE-GABERIC_6119090,q_lt_q20,
ERSBO_6233205,q_lt_q20,
ESPINASSES (SERRE-PONCON)_6139280,q_lt_q20,
ESSENE_6220170,q_lt_q20,
ESTIRAC_6119170,q_lt_q20,
ETANG-SUR-ARROUX_6123065,q_lt_q20,
ETIKHOVE_6220110,q_lt_q20,
ETNA_6729300,q_lt_q20,
EVAUX-LES-BAINS_6123380,q_lt_q20,
FEIGUMFOSSEN_6731580,q_lt_q20,
FELENNE_6221610,q_lt_q20,
FELLETIN_6123451,q_lt_q20,
FELSOEZSOLCA_6444380,q_lt_q20,
FEMUNDSENDEN_6733571,q_lt_q20,
FETVATN_6731105,q_lt_q20,
FIGEAC (MERLANCON)_6125600,q_lt_q20,
FLAKSVATN_6729371,q_lt_q20,
FLAM BRU_6731575,q_lt_q20,
FLEUREY-LES-FAVERNEY_6139930,q_lt_q20,
FLORAC_6125350,q_lt_q20,
FOLLES (BESSINES)_6123820,q_lt_q20,
FOLLES (FORGEFER)_6123825,q_lt_q20,
FORCE_6123190,q_lt_q20,
FORSBAKK_6731715,q_lt_q20,
FOS_6125730,q_lt_q20,
FOURILLES_6123610,q_lt_q20,
FRANCHEVILLE_6122220,q_lt_q20,
FRANKFURT OSTHAFEN_6335304,q_lt_q20,
FREMERSDORF_6336900,q_lt_q20,
FRESSELINES (PUY RAGEAUD)_6123460,q_lt_q20,
FRESSELINES_6123450,q_lt_q20,
FRIGNICOURT_6122380,q_lt_q20,
FROSTDALEN_6731560,q_lt_q20,
FURA_6729460,q_lt_q20,
FUSTVATN_6731610,q_lt_q20,
FYRAS_6233400,q_lt_q20,
GAGNIERES (BANNES)_6139070,q_lt_q20,
GAILDORF_6335291,q_lt_q20,
GARBE-KOUROU_1234130,q_lt_q20,
GASLANDSVATN_6731758,q_lt_q20,
GAULFOSS_6731501,q_lt_q20,
GENDRON_6221550,q_lt_q20,
GENLIS_6139900,q_lt_q20,
GERBEVILLER_6136095,q_lt_q20,
GIESSEN_6335450,q_lt_q20,
GILLY-SUR-LOIRE_6123095,q_lt_q20,
GIVRY_6122420,q_lt_q20,
GLUIRAS (TISONECHE)_6139240,q_lt_q20,
GLUSZYNA_6457350,q_lt_q20,
GOERITZHAIN_6340625,q_lt_q20,
GOLENIOW_6457990,q_lt_q20,
GONCOURT_6121035,q_lt_q20,
GORZOW WIELKOPOLSKI_6457800,q_lt_q20,
GOZDOWICE_6457010,q_lt_q20,
GRABNO_6457240,q_lt_q20,
GRADA KRV_6233204,q_lt_q20,
GRANAKER_6233510,q_lt_q20,
GRAND-FOUGERAY (LA BERNADAISE)_6119140,q_lt_q20,
GRAVA_6729232,q_lt_q20,
GRDELICA_6547300,q_lt_q20,
GREBENAU_6337506,q_lt_q20,
GRISKANI_6373212,q_lt_q20,
GROETSJOEN_6233200,q_lt_q20,
GRONBRO_6934560,q_lt_q20,
GROSETTJERN_6729347,q_lt_q20,
GROSSDITTMANNSDORF_6340440,q_lt_q20,
GROSSE TRAENKE WEHR UP_6340610,q_lt_q20,
GROVAI_6729342,q_lt_q20,
GRUNNFOSS_6731693,q_lt_q20,
GRYTA_6729360,q_lt_q20,
GUBEN 2_6357501,q_lt_q20,
GUBIN_6457505,q_lt_q20,
GUENIN_6119060,q_lt_q20,
GUNTERSHAUSEN_6337507,q_lt_q20,
GY-LES-NONAINS_6122040,q_lt_q20,
GYA_6729210,q_lt_q20,
HAAPAJYRAE_6854902,q_lt_q20,
HAAPAKOSKI_6832752,q_lt_q20,
HAGEBRO_6934150,q_lt_q20,
HALABAECK_6233240,q_lt_q20,
HALINEN_6854630,q_lt_q20,
HALLAMOELLA_6233165,q_lt_q20,
HALLBOSJOEN_6233440,q_lt_q20,
HALLE TROTHA UP_6340301,q_lt_q20,
HALLEDALSVATN_6729145,q_lt_q20,
HAMOIR(TABREUX)_6221500,q_lt_q20,
HAN-LES-JUVIGNY_6121085,q_lt_q20,
HANN.-MUENDEN_6337400,q_lt_q20,
HARJAVALTA_6854101,q_lt_q20,
HASTIERE_6221670,q_lt_q20,
HATTINGEN_6335030,q_lt_q20,
HAUGLAND_6729220,q_lt_q20,
HAUKEDALSVATN NDF._6731569,q_lt_q20,
HAUKIPUDAS_6854400,q_lt_q20,
HEISEL_6729260,q_lt_q20,
HELLELAND_6729217,q_lt_q20,
HELMINGHAUSEN_6337503,q_lt_q20,
HERRENHAUSEN_6337509,q_lt_q20,
HERRFORS_6854210,q_lt_q20,
HERSVIKVATN_6731820,q_lt_q20,
HESDIN_6118040,q_lt_q20,
HIRSON_6122140,q_lt_q20,
HISSMOFORS KRV_6233404,q_lt_q20,
HOFKIRCHEN_6342800,q_lt_q20,
HOGGAS BRU_6731050,q_lt_q20,
HOGHIZ_6742452,q_lt_q20,
HOLEN_6729140,q_lt_q20,
HOLERVATN_6729327,q_lt_q20,
HOLISA_6142601,q_lt_q20,
HOLJES KRV_6233523,q_lt_q20,
HOLLOESE MOELLE_6934571,q_lt_q20,
HOLMEN_6233301,q_lt_q20,
HORNINDALSVATN_6731175,q_lt_q20,
HORUP_6934510,q_lt_q20,
HRONOV_6140101,q_lt_q20,
HUHTISUONOJA_6855404,q_lt_q20,
HUOPAKINOJA_6854420,q_lt_q20,
HUURU_6172024,q_lt_q20,
HYYPPA_6854580,q_lt_q20,
IDDERGEM_6220111,q_lt_q20,
INTSCHEDE_6337200,q_lt_q20,
ISOHAARA_6854700,q_lt_q20,
JAASJARVI - OUTLET_6854205,q_lt_q20,
JALOGNY (CLUNY)_6139940,q_lt_q20,
JAMIOULX_6221130,q_lt_q20,
JASIKA_6547110,q_lt_q20,
JEKABPILS_6373304,q_lt_q20,
JEMELLE_6221510,q_lt_q20,
JEURRE_6139315,q_lt_q20,
JOGLA_6729218,q_lt_q20,
JONAVA_6574350,q_lt_q20,
JONDAL_6729320,q_lt_q20,
JORDANOW_6458200,q_lt_q20,
JORDBRUFJELL_6731727,q_lt_q20,
JOURSAC (JOURSAC-LE-VIALARD)_6123641,q_lt_q20,
JOURSAC (PONT DE VERNET)_6123645,q_lt_q20,
JUGOWICE_6457600,q_lt_q20,
JUILLAC_6119180,q_lt_q20,
JUMISKO_6854711,q_lt_q20,
JUNKERDALSELV_6731680,q_lt_q20,
JUOJARVI  PALOKKI_6855450,q_lt_q20,
JUVANKOSKI_6854650,q_lt_q20,
KAAPA_6172058,q_lt_q20,
KAARESUVANTO_6832907,q_lt_q20,
KAIDESLUOMO_6854201,q_lt_q20,
KAINASTONLUOMA_6854901,q_lt_q20,
KAJOONJARVI - OUTLET_6855411,q_lt_q20,
KALKOFEN NEU_6335349,q_lt_q20,
KALLAVESIE (KONNUS+KARVIO)_6855402,q_lt_q20,
KALLIO 2_6232901,q_lt_q20,
KALLSTORP 2_6233351,q_lt_q20,
KALTIMO_6855401,q_lt_q20,
KARANKAJARVI - OUTLET_6854272,q_lt_q20,
KARESUVANTO_6232905,q_lt_q20,
KARJALANKOSKI_6855460,q_lt_q20,
KARKKIMALA_6854560,q_lt_q20,
KARTENA_6573100,q_lt_q20,
KARUNKI_6832755,q_lt_q20,
KARVIANJOKI  (ETELAJ+POHJAJOKI+LANKOSKI)_6854170,q_lt_q20,
KASARI_6172023,q_lt_q20,
KATAJALUOMA_6854110,q_lt_q20,
KATIMA MULILO (64370001)_1291100,q_lt_q20,
KAUB_6335100,q_lt_q20,
KAUKOLANKOSKI_6854730,q_lt_q20,
KEILA_6172013,q_lt_q20,
KEPPO_6854200,q_lt_q20,
KESKASTEL_6136500,q_lt_q20,
KESSELINPURO_6855405,q_lt_q20,
KETZIN_6340510,q_lt_q20,
KILAI BRU_6729387,q_lt_q20,
KILPISJARVI  LUUSUA_6832753,q_lt_q20,
KISTA_6731920,q_lt_q20,
KITUSJARVI - OUTLET_6854107,q_lt_q20,
KLEMPENOW_6341500,q_lt_q20,
KLIPPAN 2_6233612,q_lt_q20,
KLOOSTRIMETSA_6172012,q_lt_q20,
KNAPPOM_6729530,q_lt_q20,
KOELN_6335060,q_lt_q20,
KOEPINGE_6233235,q_lt_q20,
KONGAS_6854707,q_lt_q20,
KONGEBROEN_6934370,q_lt_q20,
KONGOLA_1291200,q_lt_q20,
KONOJAD_6457340,q_lt_q20,
KONUVERE_6172025,q_lt_q20,
KORPIJOKI_6855408,q_lt_q20,
KOSCIAN_6457320,q_lt_q20,
KOSICKE OLSANY_6144350,q_lt_q20,
KOSKI_6854722,q_lt_q20,
KOWANOWKO_6457220,q_lt_q20,
KRAKFOSS_6729435,q_lt_q20,
KRAMSVAD_6934550,q_lt_q20,
KRASNYSTAW_6458713,q_lt_q20,
KRINGLERDAL_6729436,q_lt_q20,
KRINSVATN_6731070,q_lt_q20,
KROKBRAECKE_6229120,q_lt_q20,
KUDIRKOS NAUMIESTIS_6574201,q_lt_q20,
KUGGERUD_6729405,q_lt_q20,
KUIKKISENOJA_6854430,q_lt_q20,
KUKKOLANKOSKI OEVRE_6232910,q_lt_q20,
KULDIGA_6373010,q_lt_q20,
KULENIEKI_6373226,q_lt_q20,
KUMMANIVA_6854705,q_lt_q20,
KUNOW_6458520,q_lt_q20,
KUZNICA SKAKAWSKA_6457280,q_lt_q20,
KVISTFORSENS KRV_6233690,q_lt_q20,
KYLMANOJA_6854505,q_lt_q20,
KYSUCKE NOVE MESTO_6142551,q_lt_q20,
L'HUISSERIE [BONNE]_6123635,q_lt_q20,
LA FERTE-ALAIS ET A GUIGNEVILLE-SUR-ESSONNE_6122065,q_lt_q20,
LA JAVIE (ESCLANGON-PEROURE)_6139255,q_lt_q20,
LA VALLETTE_6139735,q_lt_q20,
LABARTHE-SUR-LEZE_6125115,q_lt_q20,
LAFRANCAISE [LUNEL]_6125290,q_lt_q20,
LAGASTE_6373932,q_lt_q20,
LAKE LESTIJARVI OUTLET_6854300,q_lt_q20,
LAKFORS_6731601,q_lt_q20,
LAKSA BRU_6731743,q_lt_q20,
LAKSHOLA_6731730,q_lt_q20,
LALM_6729455,q_lt_q20,
LANDBRU_6733645,q_lt_q20,
LANGEDALEN_6731582,q_lt_q20,
LANGSJOEN_6233755,q_lt_q20,
LANGTJERNBEKKEN_6729325,q_lt_q20,
LANKELA_6854720,q_lt_q20,
LANNAVAARA_6232930,q_lt_q20,
LARRA_6125135,q_lt_q20,
LATOSUONOJA_6855403,q_lt_q20,
LAUBEN_6342230,q_lt_q20,
LAUCHERTHAL_6342070,q_lt_q20,
LAUZET UBAYE (ROCHE ROUSSE)_6139260,q_lt_q20,
LAUZON_6139050,q_lt_q20,
LEIPZIG-THEKLA_6340350,q_lt_q20,
LEIRAGA_6731720,q_lt_q20,
LEIRBOTNVATN_6731930,q_lt_q20,
LEIRPOLDVATN_6731750,q_lt_q20,
LEJASCIEMS_6373113,q_lt_q20,
LELEX (NIAIZET)_6139832,q_lt_q20,
LEMPAALA - KUOKKALANKOSKI_6854102,q_lt_q20,
LEMPDES_6123640,q_lt_q20,
LENARTOVCE_6144100,q_lt_q20,
LENT_6139560,q_lt_q20,
LEPPASJARVI - OUTLET_6854108,q_lt_q20,
LEPPAVESI  LUUSUA_6854250,q_lt_q20,
LES SORINIERES (VILLENEUVE)_6123150,q_lt_q20,
LETOVICE_6142260,q_lt_q20,
LETZTER HELLER_6337513,q_lt_q20,
LEUN NEU_6335350,q_lt_q20,
LIAVATN_6729125,q_lt_q20,
LIELPECI_6373750,q_lt_q20,
LIEPVRE_6135210,q_lt_q20,
LIESJARVI - OUTLET_6854109,q_lt_q20,
LIEZELE_6220112,q_lt_q20,
LILLE LINDE_6934500,q_lt_q20,
LILLEFOSSEN_6731772,q_lt_q20,
LILLGLAEN_6233222,q_lt_q20,
LINDENBORG BRO_6934460,q_lt_q20,
LIPTOVSKY MIKULAS_6142680,q_lt_q20,
LISLEFJODD_6729227,q_lt_q20,
LITENE_6373213,q_lt_q20,
LJUSNE STROEMMAR KRV_6233221,q_lt_q20,
LJUSNEDAL OEVRE_6233227,q_lt_q20,
LOBEZ_6456105,q_lt_q20,
LOCHOW_6458924,q_lt_q20,
LODSHOLMBRO_6934480,q_lt_q20,
LOEVEL BRO_6934170,q_lt_q20,
LOEYTAENEENOJA_6854112,q_lt_q20,
LOHNAJARVI - OUTLET_6855412,q_lt_q20,
LOKOJA_1834101,q_lt_q20,
LONGCHAMP-SUR-AUJON [OUTRE AUBE]_6122225,q_lt_q20,
LOSNA_6729450,q_lt_q20,
LOUEY_6119110,q_lt_q20,
LOUVIERS_6122360,q_lt_q20,
LOVATN_6731170,q_lt_q20,
LOWICZ_6458540,q_lt_q20,
LOYAT (PONT D129)_6119015,q_lt_q20,
LOZANNE_6139361,q_lt_q20,
LUBARTOW_6458715,q_lt_q20,
LUGANUSE_6172016,q_lt_q20,
LUGUSE_6172031,q_lt_q20,
LUNEVILLE_6136085,q_lt_q20,
LUNGOCI_6742700,q_lt_q20,
LUPAWA_6456110,q_lt_q20,
LUPENE_6142190,q_lt_q20,
LUTHERSTADT WITTENBERG_6340130,q_lt_q20,
MAGDEBURG-STROMBRUECKE_6340180,q_lt_q20,
MAINZ_6335150,q_lt_q20,
MAKO_6444110,q_lt_q20,
MALANGSFOSS_6731907,q_lt_q20,
MALOWA GORA_6458555,q_lt_q20,
MANGLIEU (MOULIN DE LAVAUR)_6123630,q_lt_q20,
MANNDALEN BRU_6731765,q_lt_q20,
MAREUIL-SUR-LAY-DISSAIS_6119135,q_lt_q20,
MARIGNY-EGLISE (MENEFRIERS+CROTTEFROU)_6122160,q_lt_q20,
MARINGUES [COTE ROUGE]_6123215,q_lt_q20,
MARKLENDORF_6337501,q_lt_q20,
MARRASKOSKI_6854710,q_lt_q20,
MARSOV NAD METUJI_6140100,q_lt_q20,
MARTINRIVE_6221680,q_lt_q20,
MARTIN_6142640,q_lt_q20,
MAS-D'AGENAIS_6125100,q_lt_q20,
MASI_6731910,q_lt_q20,
MASSAIS [MOULIN BERNARD]_6123520,q_lt_q20,
MAULEON-LICHARRE_6119040,q_lt_q20,
MAXAU_6335200,q_lt_q20,
MAZSALACA_6373931,q_lt_q20,
MEDREAC_6118185,q_lt_q20,
MEDSTUGAN NEDRE_6233465,q_lt_q20,
MELTURI_6373112,q_lt_q20,
MEMBRE PONT_6221620,q_lt_q20,
MENNINGEN_6342081,q_lt_q20,
MERIKOSKI_6854500,q_lt_q20,
MERTAJARVI_6232960,q_lt_q20,
MEZOTNE_6373400,q_lt_q20,
MIDDAL_6729237,q_lt_q20,
MIKUZIAI_6573020,q_lt_q20,
MILHARS_6125270,q_lt_q20,
MILLAU_6125170,q_lt_q20,
MIRKOW_6457955,q_lt_q20,
MIRSK_6457704,q_lt_q20,
MIZOEN_6139725,q_lt_q20,
MOHACS_6442600,q_lt_q20,
MOJSINJE_6547310,q_lt_q20,
MONFORT-SUR-MEU (LABBAYE)_6119230,q_lt_q20,
MONTAGNAT_6139640,q_lt_q20,
MONTBERAUD (STE-CROIX-VOLVESTRE)_6125440,q_lt_q20,
MONTBRON_6119275,q_lt_q20,
MONTBRUN (PONT DE MONTBRUN)_6125361,q_lt_q20,
MONTCEAUX-L'ETOILE_6123040,q_lt_q20,
MONTDRAGON_6125225,q_lt_q20,
MONTESTRUC-SUR-GERS_6125335,q_lt_q20,
MONTJAUX (STAINT-HIPPOLYTE)_6125320,q_lt_q20,
MONTJEAN_6123100,q_lt_q20,
MONTPOUILLAN_6125405,q_lt_q20,
MOORSELE_6220100,q_lt_q20,
MORAVICANY_6142100,q_lt_q20,
MORAVSKY JAN_6142150,q_lt_q20,
MOREUIL_6118055,q_lt_q20,
MORRUM_6233130,q_lt_q20,
MORSANG-SUR-ORGE_6122130,q_lt_q20,
MORSTOL BRU_6731100,q_lt_q20,
MORTIERS_6122450,q_lt_q20,
MORZYCA_6457995,q_lt_q20,
MOSINA_6457330,q_lt_q20,
MOULINS_6123280,q_lt_q20,
MOURON_6122110,q_lt_q20,
MOUTIER-ROZEILLE (AUBUSSON)_6123470,q_lt_q20,
MUNKEDAL 2_6229135,q_lt_q20,
MUONIO_6832750,q_lt_q20,
MURET_6125085,q_lt_q20,
MUROLEENKOSKI_6854104,q_lt_q20,
MURR_6335675,q_lt_q20,
MUZY_6122345,q_lt_q20,
MYGLEVATN NDF_6729265,q_lt_q20,
MYLLYOJA_6854715,q_lt_q20,
MYON_6139795,q_lt_q20,
MYRKDALSVATN_6729180,q_lt_q20,
MYSZYNIEC_6458809,q_lt_q20,
NAAMIJOKI_6832918,q_lt_q20,
NAGYMAROS_6442500,q_lt_q20,
NANT (PONT DE GARDIES)_6125330,q_lt_q20,
NARSJO_6729830,q_lt_q20,
NARVA LINN_6172350,q_lt_q20,
NASIJARVI  TAMMERKOSKI_6854103,q_lt_q20,
NAUSTA_6731160,q_lt_q20,
NAUTSUNDVATN_6731161,q_lt_q20,
NEDERZWALM_6220510,q_lt_q20,
NEKOR_6140700,q_lt_q20,
NEMETICE_6140150,q_lt_q20,
NESMER_6142170,q_lt_q20,
NEU DARCHAU_6340110,q_lt_q20,
NEUBLANS-ABERGEMENT_6139770,q_lt_q20,
NEUSTADT_6335690,q_lt_q20,
NEUVILLE-LES-DAMES_6139550,q_lt_q20,
NEUVILLE-SUR-SARTHE ET A SOUILLE [MONTREUIL]_6123535,q_lt_q20,
NEZELLE_6123741,q_lt_q20,
NIAMEY_1234150,q_lt_q20,
NIECHMIROW_6457230,q_lt_q20,
NIEDERKIRCH_6342100,q_lt_q20,
NIEDERROEDERN_6135110,q_lt_q20,
NIEMISEL_6233780,q_lt_q20,
NIETULISKO DUZE_6458525,q_lt_q20,
NIGARDSVATN_6731585,q_lt_q20,
NIITTYJOKI_6854273,q_lt_q20,
NISKAKOSKI_6854800,q_lt_q20,
NISMES_6221560,q_lt_q20,
NIS_6547400,q_lt_q20,
NITRIANSKA STREDA_6142520,q_lt_q20,
NIWKI_6457880,q_lt_q20,
NOD-SUR-SEINE_6122102,q_lt_q20,
NOGENT-LE-ROTROU [PONT DE BOIS]_6123540,q_lt_q20,
NOGENT-SUR-OISE_6122465,q_lt_q20,
NORMANVILLE_6122355,q_lt_q20,
NORRSJOEN_6233555,q_lt_q20,
NORRSKOGSDIKET_6854940,q_lt_q20,
NORT-SUR-ERDRE (MOULIN DE VAUX)_6123170,q_lt_q20,
NOUATRE_6123400,q_lt_q20,
NOVOSARATOVKA_6955430,q_lt_q20,
NOWA WIES PODGORNA_6457870,q_lt_q20,
NOWE DREZDENKO_6457200,q_lt_q20,
NOWY SACZ_6458406,q_lt_q20,
NOWY TARG_6458402,q_lt_q20,
NR BROBY_6934750,q_lt_q20,
OBERLAUCHRINGEN_6335410,q_lt_q20,
OERSLEV_6934540,q_lt_q20,
OEYUNGEN_6731550,q_lt_q20,
OISILLY_6139055,q_lt_q20,
OJCOW_6458630,q_lt_q20,
OKONEK_6457215,q_lt_q20,
OKSFJORDVATN_6731770,q_lt_q20,
OLKKAJARVI  PERMANTOKOSKI_6854708,q_lt_q20,
OLOBOK_6457290,q_lt_q20,
OLORON-SAINTE-MARIE (OLORON-SNCF)_6119030,q_lt_q20,
OLORON-SAINTE-MARIE (OLORON-STE-CROIX)_6119020,q_lt_q20,
OMNESFOSS_6729525,q_lt_q20,
ONET-LE-CHATEAU ET A RODEZ_6125245,q_lt_q20,
OORE_6172050,q_lt_q20,
OOSTROZEBEKE_6220120,q_lt_q20,
OOSTVLETEREN_6238100,q_lt_q20,
ORAISON (ESCALE)_6139284,q_lt_q20,
ORIGNY-EN-THIERACHE_6122145,q_lt_q20,
ORNIAC [LES AMIS DU CELE]_6125395,q_lt_q20,
ORSOVA (1971_6742200,q_lt_q20,
OSENELV V OREN_6731123,q_lt_q20,
OSETNO_6457720,q_lt_q20,
OSIELEC_6458201,q_lt_q20,
OSTHEIM_6135040,q_lt_q20,
OUAGNE (CHAMPMOREAU)_6122180,q_lt_q20,
OULUNKYLA_6854115,q_lt_q20,
OUNASJARVI - OUTLET_6854713,q_lt_q20,
OVRE HYNDEVAD_6233412,q_lt_q20,
OVREVATN_6731906,q_lt_q20,
OYE NDF_6729240,q_lt_q20,
OYE_6729238,q_lt_q20,
PAHKAOJA_6854221,q_lt_q20,
PAIMPONT (PONT DU SECRET)_6119150,q_lt_q20,
PAJALA PUMPHUS_6232911,q_lt_q20,
PAJUPEA_6172010,q_lt_q20,
PAJUSI_6172236,q_lt_q20,
PALMAS (PONT DE MANSON)_6125620,q_lt_q20,
PAMILO_6855470,q_lt_q20,
PAULHAGUET_6123650,q_lt_q20,
PAULINET (ST-JEAN-DE-JEANNE)_6125540,q_lt_q20,
PAUNULANPURO_6854114,q_lt_q20,
PEERAJARVI  LUUSUA_6832909,q_lt_q20,
PELLO_6832917,q_lt_q20,
PELTOKOSKI_6854520,q_lt_q20,
PERL_6336800,q_lt_q20,
PESMES_6139682,q_lt_q20,
PEYREVELADE (SERVIERES)_6123401,q_lt_q20,
PFELLING_6342920,q_lt_q20,
PFORZHEIM_6335660,q_lt_q20,
PIEVIKI_6373921,q_lt_q20,
PILA_6457213,q_lt_q20,
PISEK_6140300,q_lt_q20,
PLAINES-SAINT-LANGE_6122101,q_lt_q20,
PLANCHER-BAS_6139710,q_lt_q20,
PLOUGONVEN_6118175,q_lt_q20,
PODARI_6742552,q_lt_q20,
PODGORZE_6457225,q_lt_q20,
POHJAKA I_6172020,q_lt_q20,
POLANA_6458605,q_lt_q20,
POMMEUSE_6122115,q_lt_q20,
PONT-DE-MONTVERT (FONTCHALETTES)_6125363,q_lt_q20,
PONTAUMUR_6123790,q_lt_q20,
PORAJ_6457860,q_lt_q20,
PORSCHDORF 1_6340430,q_lt_q20,
PORTA_6337518,q_lt_q20,
PORTTIPAHTA_6854706,q_lt_q20,
POZNAN-MOST ROCHA_6457820,q_lt_q20,
PROISELIERE ET LANGLE_6139935,q_lt_q20,
PRUDNIK_6457675,q_lt_q20,
PRZEDBORZ_6458753,q_lt_q20,
PTAKI_6458863,q_lt_q20,
PUCHACZOW_6458717,q_lt_q20,
PUDISOO_6172014,q_lt_q20,
PULO DO LOBO_6116200,q_lt_q20,
PUTTAKOSKI_6854810,q_lt_q20,
PYHAJARVI  LUUSUA_6854350,q_lt_q20,
PYHAJARVI LUUSA_6854310,q_lt_q20,
QUELNEUC_6119125,q_lt_q20,
QUEMPER-GUEZENNEC ET A YVIAS_6118170,q_lt_q20,
QUINCAY (ROCHECOURBE)_6123410,q_lt_q20,
QUISTINIC (KERDEC)_6119065,q_lt_q20,
RACIBORZ-MIEDONIA_6457670,q_lt_q20,
RAI_6118165,q_lt_q20,
RAJCZA_6458530,q_lt_q20,
RANSBERG_6220370,q_lt_q20,
RAON-L'ETAPE_6136065,q_lt_q20,
RAPINA_6172280,q_lt_q20,
RASKA_6547210,q_lt_q20,
RASKOV_6142101,q_lt_q20,
RATE_6731515,q_lt_q20,
RAUANA_6729380,q_lt_q20,
RAUMLAND_6337521,q_lt_q20,
RAUNHEIM_6335305,q_lt_q20,
RAVASKA_6854610,q_lt_q20,
RAVIJOKI_6854330,q_lt_q20,
RAZDORSKAYA_6978250,q_lt_q20,
REALVILLE_6125280,q_lt_q20,
REES_6335020,q_lt_q20,
REINSNOSVATN_6729131,q_lt_q20,
RENDA_6373050,q_lt_q20,
RENGEN_6233470,q_lt_q20,
RETHEM_6337250,q_lt_q20,
RHEINE UNTERSCHLEUSE_6338130,q_lt_q20,
RIEUX-VOLVESTRE [VOLVESTRE]_6125075,q_lt_q20,
RIGNY-SUR-ARROUX_6123710,q_lt_q20,
RIISA_6172042,q_lt_q20,
RISEFOSS_6731620,q_lt_q20,
RIVE-DE-GIER_6139330,q_lt_q20,
ROCKENAU SKA_6335600,q_lt_q20,
ROMAZY_6118145,q_lt_q20,
ROOSTOJA_6172037,q_lt_q20,
ROQUEFORT_6119215,q_lt_q20,
RORKAER_6934860,q_lt_q20,
ROTENBURG_6337508,q_lt_q20,
ROYKENES_6729150,q_lt_q20,
RUPT-SUR-MOSELLE_6136202,q_lt_q20,
RUUNAA_6855480,q_lt_q20,
RUUNAPURO_6854282,q_lt_q20,
RYCZYWOL_6457370,q_lt_q20,
RYSNA_6729567,q_lt_q20,
SAAKSJARVI - OUTLET_6854106,q_lt_q20,
SAETERNBEKKEN_6729425,q_lt_q20,
SAG_6742400,q_lt_q20,
SAIN-BEL_6139365,q_lt_q20,
SAINT-ANTOINE_6125295,q_lt_q20,
SAINT-AUBIN-LE-CAUF_6118230,q_lt_q20,
SAINT-BRANCHS_6123270,q_lt_q20,
SAINT-CYR-SOUS-DOURDAN_6122135,q_lt_q20,
SAINT-CYRAN-DU-JAMBOT_6123250,q_lt_q20,
SAINT-DENIS-D'ANJOU [BEFFES]_6123575,q_lt_q20,
SAINT-DIDIER-EN-VELAY (LE CROUZET)_6123750,q_lt_q20,
SAINT-DIE_6136160,q_lt_q20,
SAINT-ETIENNE-DE-BAIGORRY_6119050,q_lt_q20,
SAINT-FRAIMBAULT-DE-PRIERES_6123625,q_lt_q20,
SAINT-GEORGES-SUR-LAYON_6123181,q_lt_q20,
SAINT-HILAIRE-LE-VOUHIS_6119310,q_lt_q20,
SAINT-JEAN-BREVELAY_6119130,q_lt_q20,
SAINT-JUNIEN (LE DEROT)_6123420,q_lt_q20,
SAINT-JUST (LA RIVIERE COLOMBEL)_6119025,q_lt_q20,
SAINT-LAMBERT-DU-LATTAY (PONT BEZIGON)_6123180,q_lt_q20,
SAINT-LUPERCE_6122150,q_lt_q20,
SAINT-MARTIN-SAINTE CATHERINE_6123440,q_lt_q20,
SAINT-MARTIN-SUR-NOHAIN [VILLIERS]_6123290,q_lt_q20,
SAINT-MAUR-SUR-LE-LOIR_6123580,q_lt_q20,
SAINT-MAURICE-DE-VENTALON (LA CEPEDE)_6125370,q_lt_q20,
SAINT-MAY (PONT DE LA TUNE)_6139120,q_lt_q20,
SAINT-MEDARD-EN-FOREZ (MOULIN BRULE)_6123740,q_lt_q20,
SAINT-MIHIEL_6121055,q_lt_q20,
SAINT-NABOR (NOIR GUEUX)_6136201,q_lt_q20,
SAINT-OUEN-LA-ROUERIE_6118205,q_lt_q20,
SAINT-PATERNE-RACAN_6123230,q_lt_q20,
SAINT-PIERRE-DE-CLAIRAC_6125325,q_lt_q20,
SAINT-PROUANT (MONSIREIGNE)_6119300,q_lt_q20,
SAINT-SATURNIN_6122255,q_lt_q20,
SAINT-SAVIOL ET A VOULEME_6119270,q_lt_q20,
SAINT-USUGE_6139275,q_lt_q20,
SAINTE-SIGOLENE (VAUBARLET)_6123770,q_lt_q20,
SALA_6142620,q_lt_q20,
SALMEN  SILTA_6854360,q_lt_q20,
SALSVATN_6731850,q_lt_q20,
SAMARZEWO_6457260,q_lt_q20,
SAMI_6172036,q_lt_q20,
SANDOMIERZ_6458460,q_lt_q20,
SARRALBE (RECH)_6136520,q_lt_q20,
SATU MARE_6744500,q_lt_q20,
SAUHEID_6221501,q_lt_q20,
SAUZE ST MARTIN_6139300,q_lt_q20,
SCHERMBECK 1_6335080,q_lt_q20,
SCHMITTLOTHEIM_6337504,q_lt_q20,
SCHWABSBERG_6335680,q_lt_q20,
SCHWARMSTEDT_6337510,q_lt_q20,
SCHWEIGHOUSE-SUR-MODER D/S_6135120,q_lt_q20,
SCINAWA_6457680,q_lt_q20,
SEILH_6125160,q_lt_q20,
SEITAKORVA_6854701,q_lt_q20,
SEMPIGNY_6122141,q_lt_q20,
SENTA_6544100,q_lt_q20,
SERRES_6139270,q_lt_q20,
SERVANCE (FOURGUENONS)_6139680,q_lt_q20,
SIERADZ_6457840,q_lt_q20,
SIGULDA_6372104,q_lt_q20,
SIKFORS KRV_6233710,q_lt_q20,
SILI_6373220,q_lt_q20,
SIMLANGEN_6233150,q_lt_q20,
SIMO_6854620,q_lt_q20,
SINETTAJARVI - OUTLET_6854714,q_lt_q20,
SINT-JORIS-WEERT_6220500,q_lt_q20,
SKAERUMBRO_6934120,q_lt_q20,
SKALLBOELE KRV_6233551,q_lt_q20,
SKATILA_6854900,q_lt_q20,
SKIBBY_6934400,q_lt_q20,
SKOROGOSZCZ_6457730,q_lt_q20,
SKWIERZYNA_6457810,q_lt_q20,
SLUPSK_6456120,q_lt_q20,
SMALININKAI_6574150,q_lt_q20,
SMEDEREVO_6542510,q_lt_q20,
SNEISVATN_6731757,q_lt_q20,
SOGNE_6729395,q_lt_q20,
SOLBERGFOSS_6729403,q_lt_q20,
SOLLEFTEA KRV_6233650,q_lt_q20,
SOMBRUN_6119100,q_lt_q20,
SORSELE 2_6233680,q_lt_q20,
SOULAN (FREYCHET)_6125230,q_lt_q20,
SOUSPIERRE_6139230,q_lt_q20,
SOYA V MELHUS_6731112,q_lt_q20,
SOYANS_6139220,q_lt_q20,
SPEYER_6335170,q_lt_q20,
ST-ANDRE-DE-NAJAC (CANABRAL)_6125710,q_lt_q20,
ST-JUST-SUR-VIAUR (LA FABREGUERIE)_6125720,q_lt_q20,
ST. ANDRE LES ALPES_6139210,q_lt_q20,
ST. LAURENT DU PONT_6139450,q_lt_q20,
ST. RAMBERT_6139470,q_lt_q20,
STABBY_6233415,q_lt_q20,
STAVNAGER_6934350,q_lt_q20,
STEIN_6335290,q_lt_q20,
STIGVASSA_6729383,q_lt_q20,
STORDALSVATN_6729130,q_lt_q20,
STORHOLEN_6731120,q_lt_q20,
STORMYRA_6233175,q_lt_q20,
STORNORRFORS KRV_6233502,q_lt_q20,
STORUMAN_6233740,q_lt_q20,
STORVATN_6731675,q_lt_q20,
STORVATN_6731735,q_lt_q20,
STRANDA_6731660,q_lt_q20,
STRASBOURG [CHASSEUR FROID  LA ROBERTSAU]_6135045,q_lt_q20,
STRAZNICE_6142120,q_lt_q20,
STRECKEWALDE_6340635,q_lt_q20,
STREDA NAD BODROGOM_6144200,q_lt_q20,
STROE_6934520,q_lt_q20,
SULA_6731561,q_lt_q20,
SURAZ_6458805,q_lt_q20,
SVARTJOERNBEKKEN_6731540,q_lt_q20,
SVEDALA_6233367,q_lt_q20,
SVEG_6233223,q_lt_q20,
SZAMOTULY_6457380,q_lt_q20,
SZCZUCIN_6458450,q_lt_q20,
SZEGED_6444100,q_lt_q20,
TAENGVATTNET_6233530,q_lt_q20,
TAHKUSE_6172052,q_lt_q20,
TAINIONKOSKI_6855400,q_lt_q20,
TANEMOELLA_6233120,q_lt_q20,
TANGERMUENDE_6340160,q_lt_q20,
TANNSVATN_6729390,q_lt_q20,
TARTU_6172200,q_lt_q20,
TAUBERBISCHOFSHEIM_6335520,q_lt_q20,
TAULE (PENHOAT)_6118160,q_lt_q20,
TCZEW_6458010,q_lt_q20,
TEERESSUONOJA_6854504,q_lt_q20,
TEPLICE NAD BECVOU_6142300,q_lt_q20,
TERANDE_6372941,q_lt_q20,
TIFFAUGES (LA MOULINETTE)_6123160,q_lt_q20,
TIGHINA (BENDERY)_6781800,q_lt_q20,
TIGNIEU-JAMEYZIEU_6139310,q_lt_q20,
TINGVATN_6729250,q_lt_q20,
TINTIGNY_6221640,q_lt_q20,
TINTIGNY_6221645,q_lt_q20,
TOERNESTORP_6233540,q_lt_q20,
TOLLISTE_6172220,q_lt_q20,
TOLVFORS KRV_6233113,q_lt_q20,
TORA_6729110,q_lt_q20,
TORGAU_6340190,q_lt_q20,
TORI_6172039,q_lt_q20,
TORVA_6172033,q_lt_q20,
TORVE_6172240,q_lt_q20,
TOUCY_6122560,q_lt_q20,
TOULOUSE [SAINT-MARTIN-DU-TOUCH]_6125120,q_lt_q20,
TOURNEHEM-SUR-LA-HEM (GUEMY)_6122210,q_lt_q20,
TOURS-SUR-MEYMONT (GIROUX)_6123620,q_lt_q20,
TREIA_6334800,q_lt_q20,
TREZILIDE_6118150,q_lt_q20,
TRYNCZA_6458950,q_lt_q20,
TRZEBIATOW_6456107,q_lt_q20,
TUCHOLA_6458560,q_lt_q20,
TUDULINNA_6172230,q_lt_q20,
TUJUOJA_6854801,q_lt_q20,
TURNA NAD BODVOU_6144150,q_lt_q20,
TVEITDALEN_6729370,q_lt_q20,
TYSVAER_6729835,q_lt_q20,
UHLDINGEN_6335470,q_lt_q20,
UJSCIE I_6457205,q_lt_q20,
UKMERGE_6574360,q_lt_q20,
UNTERGRIESHEIM_6335681,q_lt_q20,
UNTERSCHMEIEN_6342810,q_lt_q20,
USCLADES-ET-RIEUTORD (RIEUTORD)_6123501,q_lt_q20,
USTI NAD LABEM_6140401,q_lt_q20,
USTRON OBLAZIEC_6458440,q_lt_q20,
UUE-LOVE_6172040,q_lt_q20,
UZINI_6373450,q_lt_q20,
V. KROGBAEKSBRO_6934015,q_lt_q20,
VAANTEENJOKI_6854660,q_lt_q20,
VAESTERSEL_6233700,q_lt_q20,
VAHA-ASKANJOKI_6854717,q_lt_q20,
VAKKOLA_6854340,q_lt_q20,
VAL D'ISERE_6139600,q_lt_q20,
VALAJASKOSKI_6854702,q_lt_q20,
VALENNES (LA CABOCHE)_6123220,q_lt_q20,
VALEX_6229110,q_lt_q20,
VALKEAKOSKI_6854116,q_lt_q20,
VALLIERES_6139850,q_lt_q20,
VALMIERA_6372100,q_lt_q20,
VANAKULA_6172026,q_lt_q20,
VANDENESSE_6123700,q_lt_q20,
VANTTAUSKOSKI_6854703,q_lt_q20,
VARGOENS KRV_6233315,q_lt_q20,
VARVARIN_6547600,q_lt_q20,
VASCOUIL_6122330,q_lt_q20,
VASKNARVA_6172351,q_lt_q20,
VASSBOTTEN_6229100,q_lt_q20,
VASSVATN_6731650,q_lt_q20,
VATTHOLMA 2_6233600,q_lt_q20,
VD LETOVICE_6142160,q_lt_q20,
VEKKOSKI_6854820,q_lt_q20,
VELEN 2_6233300,q_lt_q20,
VELENA_6373102,q_lt_q20,
VELLES [FORGES]_6123480,q_lt_q20,
VIARMES (GIEZ+BERTINVAL)_6122155,q_lt_q20,
VICAKI_6373912,q_lt_q20,
VIHTERPALU_6172028,q_lt_q20,
VIKSVATN_6731165,q_lt_q20,
VILLEFRANCHE-DE-ROUERGUE (BARRAGE CABAL)_6125610,q_lt_q20,
VILLEMUR-SUR-TARN_6125235,q_lt_q20,
VIRA (ENGRAVIES)_6125250,q_lt_q20,
VISKI_6373222,q_lt_q20,
VITRY-EN-CHAROLLAIS_6123730,q_lt_q20,
VITRY-EN-PERTHOIS_6122120,q_lt_q20,
VIVONNE [DANLOT]_6123445,q_lt_q20,
VLOTHO_6337100,q_lt_q20,
VODJA_6172056,q_lt_q20,
VRAENGEBAECKEN_6233325,q_lt_q20,
VUOHIJARVI  SIIKAKOSKI_6854260,q_lt_q20,
VUOSJARVI  HUOPANANKOSKI_6854280,q_lt_q20,
VUOTTASBAECKEN_6233785,q_lt_q20,
WADOWICE_6458203,q_lt_q20,
WAHMBECK_6337519,q_lt_q20,
WALCOURT (GARE)_6221131,q_lt_q20,
WARNANT_6221140,q_lt_q20,
WECHSELBURG 1_6340620,q_lt_q20,
WILKANOW_6457735,q_lt_q20,
WILSELE_6220501,q_lt_q20,
WISCHES_6135200,q_lt_q20,
WISLA_6458420,q_lt_q20,
WITTENBERGE_6340150,q_lt_q20,
WORMS_6335180,q_lt_q20,
YLANEENJOKI_6854151,q_lt_q20,
YLINENKOSKI_6854570,q_lt_q20,
YTTERHOLMEN_6233800,q_lt_q20,
ZAGAN_6457707,q_lt_q20,
ZAJECAR_6542700,q_lt_q20,
ZAKOPANE  HARENDA_6458403,q_lt_q20,
ZDANA_6144300,q_lt_q20,
ZELEZNY BROD_6140500,q_lt_q20,
ZELL_6335730,q_lt_q20,
ZERIND_6744100,q_lt_q20,
ZICHEM_6220301,q_lt_q20,
ZIMNICEA_6742500,q_lt_q20,
ZLEBY_6140120,q_lt_q20,
ZRUC NAD SAZAVOU_6140450,q_lt_q20,
ZWICKAU-POELBITZ_6340621,q_lt_q20,
201001,q_lt_q20,6.65
203005,q_lt_q20,2.7
203010,q_lt_q20,3.65
203030,q_lt_q20,3.7
204002,q_lt_q20,8.75
204007,q_lt_q20,4
204014,q_lt_q20,8.2
204017,q_lt_q20,9.55
204030,q_lt_q20,12.55
204036,q_lt_q20,7.8
204037,q_lt_q20,8.8
204039,q_lt_q20,9.5
204041,q_lt_q20,3.95
204046,q_lt_q20,7.9
204051,q_lt_q20,8.75
204056,q_lt_q20,5.95
204906,q_lt_q20,4.25
206009,q_lt_q20,10.3
206014,q_lt_q20,10.25
206018,q_lt_q20,12.8
206025,q_lt_q20,9.35
207004,q_lt_q20,6.65
207013,q_lt_q20,5.5
207014,q_lt_q20,2.25
207015,q_lt_q20,11.2
208003,q_lt_q20,5.5
208004,q_lt_q20,4.8
208005,q_lt_q20,7.05
208007,q_lt_q20,12.65
208009,q_lt_q20,10.85
208011,q_lt_q20,7.95
208015,q_lt_q20,2.8
208026,q_lt_q20,9.25
209002,q_lt_q20,7.5
209003,q_lt_q20,5.8
210011,q_lt_q20,6.35
210014,q_lt_q20,10.95
210016,q_lt_q20,9.85
210017,q_lt_q20,16.65
210022,q_lt_q20,8.8
210031,q_lt_q20,8.55
210040,q_lt_q20,10.05
210052,q_lt_q20,9.9
211009,q_lt_q20,3.65
211013,q_lt_q20,5.25
211014,q_lt_q20,6.7
212040,q_lt_q20,10.25
212209,q_lt_q20,11.55
212260,q_lt_q20,17.6
215004,q_lt_q20,15.35
215207,q_lt_q20,15.7
216002,q_lt_q20,11.2
216009,q_lt_q20,9.2
218001,q_lt_q20,9.9
218005,q_lt_q20,17.8
218007,q_lt_q20,17.8
218008,q_lt_q20,7.8
219001,q_lt_q20,17.95
219003,q_lt_q20,8.2
219006,q_lt_q20,18.45
219017,q_lt_q20,9.2
219022,q_lt_q20,9.65
220003,q_lt_q20,8.2
221002,q_lt_q20,18.85
221201,q_lt_q20,17.85
221207,q_lt_q20,26.2
221208,q_lt_q20,23.55
221209,q_lt_q20,21
221210,q_lt_q20,24.35
221211,q_lt_q20,22.7
221212,q_lt_q20,22.1
222004,q_lt_q20,12.7
222016,q_lt_q20,10.9
222202,q_lt_q20,24.45
222206,q_lt_q20,12.55
222213,q_lt_q20,14.45
222217,q_lt_q20,22.35
401009,q_lt_q20,13.5
401012,q_lt_q20,15.05
401013,q_lt_q20,14.05
401015,q_lt_q20,5.3
401016,q_lt_q20,17.1
401017,q_lt_q20,14.95
401203,q_lt_q20,14
401208,q_lt_q20,19.3
401210,q_lt_q20,23.05
401212,q_lt_q20,24.85
401216,q_lt_q20,9.95
401217,q_lt_q20,25.4
401220,q_lt_q20,15.8
410091,q_lt_q20,4.85
412028,q_lt_q20,17.1
412029,q_lt_q20,14.15
412050,q_lt_q20,16.4
412066,q_lt_q20,14.8
416003,q_lt_q20,5.3
416010,q_lt_q20,9.05
416016,q_lt_q20,6.45
416020,q_lt_q20,9.1
416023,q_lt_q20,11.45
416032,q_lt_q20,11.9
418005,q_lt_q20,8.65
418014,q_lt_q20,11.35
418015,q_lt_q20,6.45
418017,q_lt_q20,11.1
418021,q_lt_q20,8.55
418025,q_lt_q20,4.55
418027,q_lt_q20,8.4
418032,q_lt_q20,3.85
419005,q_lt_q20,9.5
419010,q_lt_q20,12.35
419016,q_lt_q20,11.65
419029,q_lt_q20,10.8
419035,q_lt_q20,8.45
419054,q_lt_q20,9.1
420003,q_lt_q20,13.55
420017,q_lt_q20,10.3
421018,q_lt_q20,12.05
421026,q_lt_q20,9.55
421042,q_lt_q20,5.15
421048,q_lt_q20,14.65
421050,q_lt_q20,11.8
424002,q_lt_q20,5.35
809310,q_lt_q20,13.6
809315,q_lt_q20,5.8
809316,q_lt_q20,10.8
809321,q_lt_q20,17.55
809322,q_lt_q20,23.55
A0020101,q_lt_q20,
G8110004,q_lt_q20,
G8140001,q_lt_q20,
G8140008,q_lt_q20,
G8140011,q_lt_q20,
G8140040,q_lt_q20,
G8140063,q_lt_q20,
G8140067,q_lt_q20,
G8170002,q_lt_q20,
G8190001,q_lt_q20,
G8200045,q_lt_q20,
G9030001,q_lt_q20,
G9070142,q_lt_q20,
003303A,q_lt_q20,
105101A,q_lt_q20,
105105A,q_lt_q20,
108002A,q_lt_q20,
111005A,q_lt_q20,
111007A,q_lt_q20,
112002A,q_lt_q20,
112101B,q_lt_q20,
112102A,q_lt_q20,
113004A,q_lt_q20,
114001A,q_lt_q20,
116006B,q_lt_q20,
116010A,q_lt_q20,
116011A,q_lt_q20,
116013A,q_lt_q20,
116014A,q_lt_q20,
116015A,q_lt_q20,
117002A,q_lt_q20,
117003A,q_lt_q20,
120102A,q_lt_q20,
120301B,q_lt_q20,
120304A,q_lt_q20,
121002A,q_lt_q20,
121003A,q_lt_q20,
122004A,q_lt_q20,
124002A,q_lt_q20,
125005A,q_lt_q20,
126003A,q_lt_q20,
129001A,q_lt_q20,
130004A,q_lt_q20,
130302A,q_lt_q20,
130324A,q_lt_q20,
130403A,q_lt_q20,
130410A,q_lt_q20,
130413A,q_lt_q20,
132001A,q_lt_q20,
135002A,q_lt_q20,
135004A,q_lt_q20,
136006A,q_lt_q20,
136202D,q_lt_q20,
136203A,q_lt_q20,
136208A,q_lt_q20,
136304A,q_lt_q20,
137101A,q_lt_q20,
137201A,q_lt_q20,
138009A,q_lt_q20,
138110A,q_lt_q20,
138903A,q_lt_q20,
143007A,q_lt_q20,
143009A,q_lt_q20,
143107A,q_lt_q20,
143110A,q_lt_q20,
143209B,q_lt_q20,
143303A,q_lt_q20,
145010A,q_lt_q20,
145011A,q_lt_q20,
145018A,q_lt_q20,
145101D,q_lt_q20,
145102B,q_lt_q20,
145107A,q_lt_q20,
146010A,q_lt_q20,
422202B,q_lt_q20,
422306A,q_lt_q20,
422319B,q_lt_q20,
422321B,q_lt_q20,
422334A,q_lt_q20,
422394A,q_lt_q20,
424201A,q_lt_q20,
915206A,q_lt_q20,
917107A,q_lt_q20,
919003A,q_lt_q20,
919005A,q_lt_q20,
919201A,q_lt_q20,
919309A,q_lt_q20,
925001A,q_lt_q20,
926002A,q_lt_q20,
A0030501,q_lt_q20,
A2390519,q_lt_q20,
A4260533,q_lt_q20,
A5030502,q_lt_q20,
A5040523,q_lt_q20,
A5050517,q_lt_q20,
A5060500,q_lt_q20,
A5070500,q_lt_q20,
A5070503,q_lt_q20,
A5090503,q_lt_q20,
A5130501,q_lt_q20,
302200,q_lt_q20,6.55
303203,q_lt_q20,9.2
304040,q_lt_q20,15.85
304497,q_lt_q20,11.75
304499,q_lt_q20,16.5
305202,q_lt_q20,15.35
306119,q_lt_q20,20
307473,q_lt_q20,14.15
308145,q_lt_q20,9.75
308799,q_lt_q20,17.35
312061,q_lt_q20,14.95
314207,q_lt_q20,21.15
314212,q_lt_q20,16.6
315450,q_lt_q20,13.9
316624,q_lt_q20,18.85
317200,q_lt_q20,13.35
318076,q_lt_q20,28.55
318150,q_lt_q20,17.9
318181,q_lt_q20,10.4
318191,q_lt_q20,10.2
318311,q_lt_q20,8.8
319204,q_lt_q20,10.75
10327500,q_lt_q20,0
10329000,q_lt_q20,11
10329500,q_lt_q20,31.25
10333000,q_lt_q20,3.1
10335000,q_lt_q20,12.35
10336610,q_lt_q20,11.95
10336645,q_lt_q20,27.2
10336660,q_lt_q20,25.9
10336676,q_lt_q20,26.55
10336698,q_lt_q20,20.6
10336700,q_lt_q20,18.95
10336780,q_lt_q20,13.4
10337500,q_lt_q20,22.4
10338000,q_lt_q20,26.65
10338500,q_lt_q20,23.2
10338700,q_lt_q20,19.35
10339410,q_lt_q20,16.6
10340500,q_lt_q20,20.1
10343000,q_lt_q20,23
10343500,q_lt_q20,23.8
10344400,q_lt_q20,29.2
10344500,q_lt_q20,20.85
10344505,q_lt_q20,21.2
10346000,q_lt_q20,32.7
10347310,q_lt_q20,14.65
10347460,q_lt_q20,20.95
10347600,q_lt_q20,24.1
10348000,q_lt_q20,7.55
10348036,q_lt_q20,7.65
10348200,q_lt_q20,3.65
10348245,q_lt_q20,5.55
10348295,q_lt_q20,5.7
10348460,q_lt_q20,23.3
10349300,q_lt_q20,14.25
10349849,q_lt_q20,8.35
10349980,q_lt_q20,10.15
10350000,q_lt_q20,13.2
10350340,q_lt_q20,18.55
10351300,q_lt_q20,22.9
10351400,q_lt_q20,25.65
10351600,q_lt_q20,27.85
10351650,q_lt_q20,2.05
10351700,q_lt_q20,29.85
10352500,q_lt_q20,14.35
10396000,q_lt_q20,14.8
10642505,q_lt_q20,11.05
10735562,q_lt_q20,6.7
10965852,q_lt_q20,5.15
11012500,q_lt_q20,11.8
11014000,q_lt_q20,7.5
11015000,q_lt_q20,8.1
11016200,q_lt_q20,14.3
11022200,q_lt_q20,10.9
11022480,q_lt_q20,5.7
11023000,q_lt_q20,8.1
11023340,q_lt_q20,15.7
11025500,q_lt_q20,14.45
11027000,q_lt_q20,15.15
11028500,q_lt_q20,8.4
11042400,q_lt_q20,10.65
11042800,q_lt_q20,0
11042900,q_lt_q20,0.4
11044000,q_lt_q20,12.1
11044250,q_lt_q20,10.95
11044300,q_lt_q20,14.9
11044350,q_lt_q20,12.75
11044800,q_lt_q20,9.6
11045300,q_lt_q20,10.05
11045600,q_lt_q20,8.15
11048175,q_lt_q20,13.05
11048600,q_lt_q20,8.8
11051499,q_lt_q20,12.55
11051502,q_lt_q20,12.55
11055500,q_lt_q20,14.5
11055566,q_lt_q20,8.55
11055800,q_lt_q20,10.95
11057500,q_lt_q20,5.5
11058500,q_lt_q20,10.5
11058600,q_lt_q20,11.05
11059300,q_lt_q20,4.7
11060400,q_lt_q20,5.7
11062000,q_lt_q20,11.8
11062800,q_lt_q20,8.1
11063510,q_lt_q20,13.45
11063680,q_lt_q20,13.75
11065000,q_lt_q20,6.85
11069500,q_lt_q20,12.9
11070270,q_lt_q20,0
11070365,q_lt_q20,1.85
11070465,q_lt_q20,0.85
11072100,q_lt_q20,3.4
11073300,q_lt_q20,3.8
11073360,q_lt_q20,3.25
11073495,q_lt_q20,2.05
11074000,q_lt_q20,7.75
11075720,q_lt_q20,8.7
11075800,q_lt_q20,17.85
11077500,q_lt_q20,2.85
11078000,q_lt_q20,0.85
11087020,q_lt_q20,2.95
11088500,q_lt_q20,5.25
11089500,q_lt_q20,7.7
11098000,q_lt_q20,15.35
11101250,q_lt_q20,2.9
11102300,q_lt_q20,5.05
11109000,q_lt_q20,4.4
11109600,q_lt_q20,10.5
11109800,q_lt_q20,8.75
11111500,q_lt_q20,8.75
11113000,q_lt_q20,15.55
11113500,q_lt_q20,8.45
11114495,q_lt_q20,16.8
11119500,q_lt_q20,9.7
11119750,q_lt_q20,8.45
11119940,q_lt_q20,6
11120000,q_lt_q20,8.45
11120500,q_lt_q20,11.55
11121900,q_lt_q20,17.65
11123500,q_lt_q20,7.1
11124500,q_lt_q20,12.65
11128500,q_lt_q20,10.1
11132500,q_lt_q20,9.15
11133000,q_lt_q20,7.25
11136040,q_lt_q20,5.4
11136800,q_lt_q20,11.3
11137900,q_lt_q20,7.15
11141050,q_lt_q20,1.85
11141280,q_lt_q20,17.1
11143000,q_lt_q20,6.9
11143250,q_lt_q20,4.85
11147500,q_lt_q20,8.2
11148900,q_lt_q20,13
11149400,q_lt_q20,10.45
11149900,q_lt_q20,7.9
11150500,q_lt_q20,4.3
11151300,q_lt_q20,7.1
11151700,q_lt_q20,0.9
11152000,q_lt_q20,7.7
11152050,q_lt_q20,1.4
11152300,q_lt_q20,3.45
11152500,q_lt_q20,2.05
11152650,q_lt_q20,2.15
11153650,q_lt_q20,0.85
11156500,q_lt_q20,14.8
11157500,q_lt_q20,10.1
11158600,q_lt_q20,7.25
11159000,q_lt_q20,6.35
11159200,q_lt_q20,1.95
11159490,q_lt_q20,0.45
11159500,q_lt_q20,2.4
11160000,q_lt_q20,6.7
11160500,q_lt_q20,8.65
11161000,q_lt_q20,5
11162500,q_lt_q20,7.8
11162570,q_lt_q20,6.45
11169025,q_lt_q20,3.4
11169500,q_lt_q20,13.8
11169800,q_lt_q20,14.1
11172175,q_lt_q20,1.85
11172945,q_lt_q20,18.05
11172955,q_lt_q20,19.05
11173200,q_lt_q20,18.85
11173500,q_lt_q20,15.2
11173510,q_lt_q20,16.1
11173575,q_lt_q20,11.9
11173800,q_lt_q20,15.35
11174000,q_lt_q20,7.65
11176400,q_lt_q20,17.65
11176500,q_lt_q20,9.55
11176900,q_lt_q20,7.4
11179000,q_lt_q20,8.15
11179100,q_lt_q20,8.95
11180500,q_lt_q20,8.25
11180700,q_lt_q20,1.8
11180825,q_lt_q20,10.35
11180900,q_lt_q20,9.8
11180960,q_lt_q20,8.2
11181000,q_lt_q20,8.65
11181008,q_lt_q20,7.5
11182500,q_lt_q20,8
11189500,q_lt_q20,12.45
11200800,q_lt_q20,16.3
11203580,q_lt_q20,15.05
11204100,q_lt_q20,17.35
11206820,q_lt_q20,30.05
11224000,q_lt_q20,24.5
11224500,q_lt_q20,9.85
11251000,q_lt_q20,9.1
11253310,q_lt_q20,15.1
11261500,q_lt_q20,0
11262900,q_lt_q20,1.6
11264500,q_lt_q20,15.85
11266500,q_lt_q20,22.45
11273400,q_lt_q20,1.25
11274000,q_lt_q20,1.45
11274550,q_lt_q20,0
11274630,q_lt_q20,9.85
11274790,q_lt_q20,28.35
11276500,q_lt_q20,20.05
11276600,q_lt_q20,24.7
11276900,q_lt_q20,19.15
11277300,q_lt_q20,15.85
11278000,q_lt_q20,16.65
11278300,q_lt_q20,18.05
11278400,q_lt_q20,17.1
11284400,q_lt_q20,19.85
11289000,q_lt_q20,7.4
11289500,q_lt_q20,10.65
11289650,q_lt_q20,10.95
11290000,q_lt_q20,3.4
11299600,q_lt_q20,7.4
11303000,q_lt_q20,0
11303500,q_lt_q20,0
11335000,q_lt_q20,6.4
11342000,q_lt_q20,16.4
11345500,q_lt_q20,14.6
11348500,q_lt_q20,17.3
11355010,q_lt_q20,18.75
11355500,q_lt_q20,13.85
11370500,q_lt_q20,14.6
11370700,q_lt_q20,6.4
11372000,q_lt_q20,18.7
11374000,q_lt_q20,5.25
11376000,q_lt_q20,2.85
11376550,q_lt_q20,11.15
11377100,q_lt_q20,10.8
11379500,q_lt_q20,8.95
11381500,q_lt_q20,10.55
11383500,q_lt_q20,21.35
11389500,q_lt_q20,1.45
11390000,q_lt_q20,21.9
11390500,q_lt_q20,0.7
11401920,q_lt_q20,12.65
11402000,q_lt_q20,16.9
11413000,q_lt_q20,33.6
11418500,q_lt_q20,9.8
11421000,q_lt_q20,1.45
11424000,q_lt_q20,1
11425500,q_lt_q20,1
11427000,q_lt_q20,14.75
11446500,q_lt_q20,11.55
11447360,q_lt_q20,2
11448750,q_lt_q20,16.75
11448800,q_lt_q20,14.05
11449255,q_lt_q20,5.85
11449500,q_lt_q20,17.25
11449820,q_lt_q20,7.75
11451000,q_lt_q20,22.2
11451100,q_lt_q20,21.65
11451300,q_lt_q20,20
11451715,q_lt_q20,18.65
11451800,q_lt_q20,11.3
11452500,q_lt_q20,0.3
11452900,q_lt_q20,0
11453000,q_lt_q20,0
11453500,q_lt_q20,15.95
11453590,q_lt_q20,19.95
11454000,q_lt_q20,15.95
11456000,q_lt_q20,9.5
11458000,q_lt_q20,5.7
11458433,q_lt_q20,10.25
11458500,q_lt_q20,9.65
11458600,q_lt_q20,3.45
11459500,q_lt_q20,6.9
11460000,q_lt_q20,9.3
11460400,q_lt_q20,10.65
11460600,q_lt_q20,8.25
11460605,q_lt_q20,6.25
11460750,q_lt_q20,9.35
11461500,q_lt_q20,16.6
11462080,q_lt_q20,2.85
11462500,q_lt_q20,7.45
11463000,q_lt_q20,17.55
11463170,q_lt_q20,26.4
11463200,q_lt_q20,13.25
11463500,q_lt_q20,9.15
11463682,q_lt_q20,8.55
11463980,q_lt_q20,10.5
11464000,q_lt_q20,14.35
11465240,q_lt_q20,9.65
11465350,q_lt_q20,3.4
11465390,q_lt_q20,
11465660,q_lt_q20,0.95
11465680,q_lt_q20,2
11465690,q_lt_q20,1.45
11465700,q_lt_q20,1.45
11465750,q_lt_q20,4.95
11466170,q_lt_q20,3.45
11466200,q_lt_q20,3.8
11466320,q_lt_q20,3.8
11467000,q_lt_q20,13
11467200,q_lt_q20,14.6
11467510,q_lt_q20,18.55
11467553,q_lt_q20,24.9
11468900,q_lt_q20,14.85
11472180,q_lt_q20,4.75
11473900,q_lt_q20,21.35
11475000,q_lt_q20,16.65
11476500,q_lt_q20,24.25
11476600,q_lt_q20,16.05
11477000,q_lt_q20,11.25
11478500,q_lt_q20,23.7
11480390,q_lt_q20,15.7
11481000,q_lt_q20,7.25
11481200,q_lt_q20,6.95
11481500,q_lt_q20,22.55
11482500,q_lt_q20,9.65
11493500,q_lt_q20,10.4
11501000,q_lt_q20,15.2
11502500,q_lt_q20,11.1
11503000,q_lt_q20,23.55
11504115,q_lt_q20,5.95
11507500,q_lt_q20,13.55
11509105,q_lt_q20,3.2
11509200,q_lt_q20,4.15
11509250,q_lt_q20,1.35
11509340,q_lt_q20,6
11509500,q_lt_q20,21.45
11510700,q_lt_q20,30.8
11516530,q_lt_q20,18.75
11517000,q_lt_q20,3.85
11517500,q_lt_q20,35.35
11519500,q_lt_q20,26.8
11520500,q_lt_q20,24.7
11521500,q_lt_q20,24
11522500,q_lt_q20,40.55
11523000,q_lt_q20,14.7
11523200,q_lt_q20,32.95
11525500,q_lt_q20,19.8
11525530,q_lt_q20,16.2
11525655,q_lt_q20,26.65
11525670,q_lt_q20,17.05
11525854,q_lt_q20,21.1
11526250,q_lt_q20,19.6
11526400,q_lt_q20,29.6
11527000,q_lt_q20,31.15
11528700,q_lt_q20,23.25
11530500,q_lt_q20,9.8
11532500,q_lt_q20,8.35
12013500,q_lt_q20,6.8
12020000,q_lt_q20,8.25
12020525,q_lt_q20,7.25
12020800,q_lt_q20,8.7
12021800,q_lt_q20,4.65
12024000,q_lt_q20,11.05
12024400,q_lt_q20,7.45
12025000,q_lt_q20,6
12025700,q_lt_q20,22.9
12026150,q_lt_q20,7.25
12026400,q_lt_q20,10.7
12027500,q_lt_q20,4.95
12031000,q_lt_q20,6.4
12035000,q_lt_q20,10.8
12035055,q_lt_q20,8.1
12035400,q_lt_q20,23.65
12036000,q_lt_q20,16.85
12037400,q_lt_q20,10.35
12039005,q_lt_q20,10.8
12039500,q_lt_q20,20.55
12041200,q_lt_q20,14.3
12042800,q_lt_q20,12.6
12043000,q_lt_q20,8.35
12043300,q_lt_q20,19.3
12052210,q_lt_q20,49.3
12054000,q_lt_q20,30.45
12056500,q_lt_q20,38.8
12058790,q_lt_q20,18.2
12059500,q_lt_q20,13.2
12060500,q_lt_q20,13.6
12061500,q_lt_q20,7.6
12073500,q_lt_q20,11.25
12076800,q_lt_q20,11.05
12079000,q_lt_q20,12.85
12080010,q_lt_q20,8.95
12082500,q_lt_q20,19.75
12083000,q_lt_q20,23.2
12086500,q_lt_q20,15
12087000,q_lt_q20,14.7
12088000,q_lt_q20,11
12089208,q_lt_q20,9.8
12089500,q_lt_q20,9.95
12090400,q_lt_q20,11.4
12090500,q_lt_q20,11.4
12091100,q_lt_q20,12.95
12091200,q_lt_q20,8.8
12091290,q_lt_q20,8.95
12091500,q_lt_q20,5.95
12092000,q_lt_q20,17.95
12093500,q_lt_q20,15.05
12094000,q_lt_q20,23.3
12095000,q_lt_q20,15.05
12095493,q_lt_q20,13.95
12096500,q_lt_q20,6.65
12096505,q_lt_q20,5.65
12096865,q_lt_q20,26.05
12097500,q_lt_q20,26.1
12097820,q_lt_q20,21.25
12097850,q_lt_q20,21.05
12098920,q_lt_q20,12.05
12099200,q_lt_q20,12.2
12099600,q_lt_q20,15.1
12100490,q_lt_q20,12.85
12101100,q_lt_q20,8.85
12101470,q_lt_q20,9.8
12101500,q_lt_q20,6.8
12102190,q_lt_q20,8.85
12106700,q_lt_q20,21.7
12108500,q_lt_q20,13.6
12112600,q_lt_q20,12.6
12113000,q_lt_q20,11.95
12113150,q_lt_q20,6.85
12113344,q_lt_q20,7.55
12113346,q_lt_q20,7.8
12113347,q_lt_q20,9.65
12113349,q_lt_q20,4.65
12114500,q_lt_q20,32.15
12115000,q_lt_q20,26.9
12115500,q_lt_q20,29.7
12115700,q_lt_q20,20.65
12116100,q_lt_q20,29.9
12116400,q_lt_q20,29.75
12116500,q_lt_q20,27.4
12117000,q_lt_q20,21.65
12117500,q_lt_q20,21.45
12117600,q_lt_q20,20.15
12118400,q_lt_q20,18.3
12119000,q_lt_q20,13.1
12120600,q_lt_q20,14.2
12121600,q_lt_q20,9.85
12131300,q_lt_q20,20.6
12131500,q_lt_q20,20.35
12134500,q_lt_q20,22.25
12137290,q_lt_q20,39.05
12137800,q_lt_q20,25.3
12138160,q_lt_q20,20.65
12141300,q_lt_q20,27.05
12142000,q_lt_q20,25
12143400,q_lt_q20,28.1
12143600,q_lt_q20,20.1
12143700,q_lt_q20,24.9
12143900,q_lt_q20,20.65
12144000,q_lt_q20,16.75
12144500,q_lt_q20,20.3
12145500,q_lt_q20,16.1
12147470,q_lt_q20,19.65
12147600,q_lt_q20,34.2
12147680,q_lt_q20,27.8
12148000,q_lt_q20,20.85
12148300,q_lt_q20,23.05
12148500,q_lt_q20,21.3
12149000,q_lt_q20,11.6
12150800,q_lt_q20,12.45
12155300,q_lt_q20,7.95
12157250,q_lt_q20,6.7
12158010,q_lt_q20,9.85
12158032,q_lt_q20,9.15
12158040,q_lt_q20,7.7
12167000,q_lt_q20,14.5
12172000,q_lt_q20,28.15
12173500,q_lt_q20,41.5
12175500,q_lt_q20,36.05
12178000,q_lt_q20,29.95
12178100,q_lt_q20,37.9
12179900,q_lt_q20,25.35
12181000,q_lt_q20,12.45
12182500,q_lt_q20,14.65
12186000,q_lt_q20,28.25
12189500,q_lt_q20,19.8
12190400,q_lt_q20,33.05
12193400,q_lt_q20,18.2
12194000,q_lt_q20,12.05
12200500,q_lt_q20,4.4
12201500,q_lt_q20,7.95
12201950,q_lt_q20,18.25
12201960,q_lt_q20,14.1
12202300,q_lt_q20,20.75
12202310,q_lt_q20,14.7
12205000,q_lt_q20,34.4
12208000,q_lt_q20,25.6
12209490,q_lt_q20,18.6
12210000,q_lt_q20,15.85
12210700,q_lt_q20,9.1
12210900,q_lt_q20,10.65
12211200,q_lt_q20,1.95
12212050,q_lt_q20,6.85
12212390,q_lt_q20,8.25
12212430,q_lt_q20,8.65
12214500,q_lt_q20,6.4
12301250,q_lt_q20,14.5
12301933,q_lt_q20,18.15
12302055,q_lt_q20,27.7
12304500,q_lt_q20,18.7
12305000,q_lt_q20,
12308000,q_lt_q20,13.45
12323233,q_lt_q20,15.6
12323250,q_lt_q20,18.85
12323600,q_lt_q20,11.55
12323670,q_lt_q20,23.2
12323700,q_lt_q20,19.1
12323710,q_lt_q20,22.15
12323720,q_lt_q20,12.25
12323750,q_lt_q20,9.55
12323760,q_lt_q20,21.85
12323770,q_lt_q20,10.85
12323800,q_lt_q20,12
12323840,q_lt_q20,18.4
12323850,q_lt_q20,13.25
12324200,q_lt_q20,12.35
12324400,q_lt_q20,10.9
12324590,q_lt_q20,13.35
12324680,q_lt_q20,9.75
12325500,q_lt_q20,22.2
12329500,q_lt_q20,23.45
12330000,q_lt_q20,20.85
12331500,q_lt_q20,10.6
12331800,q_lt_q20,15.3
12332000,q_lt_q20,18.55
12334510,q_lt_q20,15.95
12334550,q_lt_q20,16.1
12335100,q_lt_q20,14.6
12338300,q_lt_q20,16.45
12340500,q_lt_q20,13.75
12342500,q_lt_q20,22.35
12344000,q_lt_q20,15
12350250,q_lt_q20,6.5
12352500,q_lt_q20,5.5
12353000,q_lt_q20,12.55
12354000,q_lt_q20,13.1
12354500,q_lt_q20,12.05
12355000,q_lt_q20,23.8
12355500,q_lt_q20,23.3
12358500,q_lt_q20,20.3
12359800,q_lt_q20,24.3
12362500,q_lt_q20,26.55
12363000,q_lt_q20,7.25
12365700,q_lt_q20,10.6
12372000,q_lt_q20,8.45
12377150,q_lt_q20,21.3
12381400,q_lt_q20,27.3
12388700,q_lt_q20,14.45
12389000,q_lt_q20,12.8
12389500,q_lt_q20,31
12390700,q_lt_q20,11.2
12391950,q_lt_q20,15.35
12392155,q_lt_q20,8.25
12392300,q_lt_q20,9.9
12393501,q_lt_q20,19.75
12395000,q_lt_q20,12.2
12396500,q_lt_q20,19.2
12399500,q_lt_q20,12.4
12401500,q_lt_q20,14.8
12404500,q_lt_q20,15.4
12409000,q_lt_q20,8.8
12411000,q_lt_q20,27.2
12413000,q_lt_q20,17.35
12413125,q_lt_q20,29.35
12413130,q_lt_q20,20.55
12413131,q_lt_q20,18.15
12413210,q_lt_q20,15
12413355,q_lt_q20,9.2
12413470,q_lt_q20,7.65
12413500,q_lt_q20,9.25
12413875,q_lt_q20,33.7
12414500,q_lt_q20,9.6
12419000,q_lt_q20,18
12422500,q_lt_q20,20.8
12422990,q_lt_q20,0.4
12424000,q_lt_q20,17.7
12426000,q_lt_q20,17.05
12431000,q_lt_q20,19.05
12431500,q_lt_q20,13.55
12433200,q_lt_q20,18.4
12434590,q_lt_q20,16.25
12436500,q_lt_q20,
12438000,q_lt_q20,
12438905,q_lt_q20,8.65
12442500,q_lt_q20,30.05
12444290,q_lt_q20,7.25
12444550,q_lt_q20,8.2
12445000,q_lt_q20,12.4
12445500,q_lt_q20,10.65
12446150,q_lt_q20,23.95
12446400,q_lt_q20,14.6
12446995,q_lt_q20,16
12447200,q_lt_q20,10.2
12447285,q_lt_q20,11.25
12447383,q_lt_q20,17.8
12447390,q_lt_q20,32.05
12448000,q_lt_q20,12.05
12448500,q_lt_q20,15.5
12448998,q_lt_q20,12.45
12449500,q_lt_q20,21.5
12449950,q_lt_q20,17.5
12450700,q_lt_q20,14.65
12451000,q_lt_q20,24.3
12452550,q_lt_q20,9.8
12452800,q_lt_q20,21.95
12452890,q_lt_q20,15.45
12452990,q_lt_q20,15.2
12453700,q_lt_q20,27.85
12456500,q_lt_q20,19.55
12457000,q_lt_q20,16.25
12458000,q_lt_q20,25.1
12459000,q_lt_q20,14.5
12462500,q_lt_q20,11.25
12462600,q_lt_q20,22.9
12464800,q_lt_q20,4.05
12465000,q_lt_q20,5.6
12465400,q_lt_q20,3.35
12467000,q_lt_q20,9.2
12472600,q_lt_q20,22.8
12472800,q_lt_q20,
12484500,q_lt_q20,19.8
12488500,q_lt_q20,26.55
12500450,q_lt_q20,10.7
12502500,q_lt_q20,7.9
12505450,q_lt_q20,6.7
12508990,q_lt_q20,5.8
12510500,q_lt_q20,5
13010065,q_lt_q20,16.65
13011000,q_lt_q20,17
13011500,q_lt_q20,17.4
13011900,q_lt_q20,17.1
13013650,q_lt_q20,15.9
13014500,q_lt_q20,14.9
13015000,q_lt_q20,13.3
13016305,q_lt_q20,17.5
13016450,q_lt_q20,16.65
13018300,q_lt_q20,29.45
13018350,q_lt_q20,21.75
13018750,q_lt_q20,20.55
13022500,q_lt_q20,28.6
13023000,q_lt_q20,30.25
13027500,q_lt_q20,12.8
13032500,q_lt_q20,16.6
13037500,q_lt_q20,6.6
13038000,q_lt_q20,2.8
13038500,q_lt_q20,0.9
13039500,q_lt_q20,12.9
13042500,q_lt_q20,14.6
13046000,q_lt_q20,2.65
13046995,q_lt_q20,19.8
13047500,q_lt_q20,4
13047600,q_lt_q20,3.2
13049500,q_lt_q20,7.1
13050500,q_lt_q20,4.25
13052200,q_lt_q20,3.65
13055000,q_lt_q20,2.25
13055250,q_lt_q20,0
13056500,q_lt_q20,0.95
13057000,q_lt_q20,3.25
13057132,q_lt_q20,1.95
13057155,q_lt_q20,0
13057300,q_lt_q20,7.2
13057940,q_lt_q20,19.5
13058000,q_lt_q20,8.85
13058510,q_lt_q20,0
13058520,q_lt_q20,0.45
13058529,q_lt_q20,1.1
13058530,q_lt_q20,0
13060000,q_lt_q20,3.8
13062500,q_lt_q20,2.95
13063000,q_lt_q20,4.1
13066000,q_lt_q20,12.2
13068300,q_lt_q20,0.5
13068495,q_lt_q20,2.8
13068500,q_lt_q20,1.35
13069500,q_lt_q20,2.85
13073000,q_lt_q20,8.35
13075000,q_lt_q20,9.05
13075500,q_lt_q20,9.15
13075910,q_lt_q20,2.4
13075983,q_lt_q20,1.95
13077000,q_lt_q20,
13078000,q_lt_q20,7.85
13079300,q_lt_q20,6.7
13082500,q_lt_q20,15.35
13087995,q_lt_q20,7.75
13089500,q_lt_q20,6.5
13090500,q_lt_q20,5.85
13092747,q_lt_q20,3.2
13093383,q_lt_q20,
13094000,q_lt_q20,10.15
13095175,q_lt_q20,7.25
13095500,q_lt_q20,8.85
13105000,q_lt_q20,15.2
13108150,q_lt_q20,8
13112000,q_lt_q20,2.8
13116500,q_lt_q20,3.45
13118700,q_lt_q20,13.2
13118975,q_lt_q20,7.1
13119000,q_lt_q20,7.55
13120000,q_lt_q20,30.6
13120500,q_lt_q20,23
13122000,q_lt_q20,15.1
13124265,q_lt_q20,12
13127000,q_lt_q20,13.45
13130300,q_lt_q20,11.45
13132100,q_lt_q20,5.35
13135500,q_lt_q20,25.3
13135520,q_lt_q20,21.05
13136550,q_lt_q20,26.7
13137500,q_lt_q20,20.25
13138000,q_lt_q20,18.35
13139510,q_lt_q20,15.55
13140335,q_lt_q20,9.85
13140800,q_lt_q20,6.3
13141500,q_lt_q20,7.8
13142500,q_lt_q20,10.65
13147900,q_lt_q20,19.9
13148500,q_lt_q20,18.55
13150430,q_lt_q20,2.8
13152500,q_lt_q20,0.55
13154500,q_lt_q20,9.35
13159800,q_lt_q20,5.9
13161500,q_lt_q20,27.5
13162225,q_lt_q20,34.5
13168500,q_lt_q20,10.5
13174500,q_lt_q20,28.45
13175100,q_lt_q20,20.6
13176305,q_lt_q20,35.55
13176400,q_lt_q20,11.05
13181000,q_lt_q20,7.75
13183000,q_lt_q20,21.7
13185000,q_lt_q20,21
13186000,q_lt_q20,16.7
13190500,q_lt_q20,21.55
13200000,q_lt_q20,15.25
13206000,q_lt_q20,1.6
13206305,q_lt_q20,1.95
13206400,q_lt_q20,0
13210810,q_lt_q20,0.1
13210824,q_lt_q20,0.85
13210831,q_lt_q20,0.85
13210980,q_lt_q20,1.1
13210986,q_lt_q20,1.9
13211205,q_lt_q20,1.1
13212549,q_lt_q20,0.55
13213000,q_lt_q20,0.05
13213100,q_lt_q20,2.1
13233300,q_lt_q20,1.25
13235000,q_lt_q20,16.9
13236500,q_lt_q20,19.75
13237920,q_lt_q20,7.65
13239000,q_lt_q20,17.6
13240000,q_lt_q20,22.05
13246000,q_lt_q20,26.1
13247500,q_lt_q20,18.55
13249500,q_lt_q20,7.5
13250000,q_lt_q20,0.8
13251000,q_lt_q20,0.05
13258500,q_lt_q20,2.4
13265500,q_lt_q20,3.4
13269000,q_lt_q20,3.95
13295000,q_lt_q20,31
13296000,q_lt_q20,51.8
13296500,q_lt_q20,34.9
13297330,q_lt_q20,38.55
13297355,q_lt_q20,30.5
13297380,q_lt_q20,32.35
13302005,q_lt_q20,25.2
13302500,q_lt_q20,12.15
13304050,q_lt_q20,12.6
13304700,q_lt_q20,16.15
13305000,q_lt_q20,17.8
13305310,q_lt_q20,9.65
13306370,q_lt_q20,36.95
13306385,q_lt_q20,27.2
13307000,q_lt_q20,31.4
13309220,q_lt_q20,21.55
13310199,q_lt_q20,27.4
13310700,q_lt_q20,32.45
13310800,q_lt_q20,33.3
13310850,q_lt_q20,35.55
13311000,q_lt_q20,36.3
13311250,q_lt_q20,36.7
13311450,q_lt_q20,36.7
13313000,q_lt_q20,24.1
13316500,q_lt_q20,28.65
13317000,q_lt_q20,17.5
13317660,q_lt_q20,17.95
13325000,q_lt_q20,26.65
13331500,q_lt_q20,18.5
13333000,q_lt_q20,20.95
13334300,q_lt_q20,
13335050,q_lt_q20,10.5
13336500,q_lt_q20,25.75
13337000,q_lt_q20,22.95
13338500,q_lt_q20,10.6
13338950,q_lt_q20,20.1
13340000,q_lt_q20,
13340600,q_lt_q20,1.5
13341050,q_lt_q20,13.3
13341140,q_lt_q20,16.8
13341570,q_lt_q20,21.05
13342450,q_lt_q20,3.35
13342500,q_lt_q20,11.2
13344500,q_lt_q20,3.2
13345000,q_lt_q20,5.5
13346800,q_lt_q20,9.2
13348000,q_lt_q20,7.2
13351000,q_lt_q20,8.5
13621955,q_lt_q20,22.95
14013000,q_lt_q20,19
14013700,q_lt_q20,2.4
14015000,q_lt_q20,4.7
14015350,q_lt_q20,2
14018500,q_lt_q20,3.95
14020000,q_lt_q20,19.45
14020300,q_lt_q20,14.85
14020850,q_lt_q20,7.4
14033500,q_lt_q20,8.1
14034470,q_lt_q20,11.75
14034500,q_lt_q20,7.85
14034608,q_lt_q20,5.8
14038530,q_lt_q20,13.7
14043840,q_lt_q20,10.75
14044000,q_lt_q20,10
14046000,q_lt_q20,10.15
14046500,q_lt_q20,13.25
14046778,q_lt_q20,13.2
14048000,q_lt_q20,7.95
14070615,q_lt_q20,24.65
14070624,q_lt_q20,24.65
14076500,q_lt_q20,28.15
14087380,q_lt_q20,16.5
14087400,q_lt_q20,22.95
14091500,q_lt_q20,15.9
14092500,q_lt_q20,8.25
14092750,q_lt_q20,14.85
14093000,q_lt_q20,13.15
14096850,q_lt_q20,11.5
14097100,q_lt_q20,8.85
14103000,q_lt_q20,14.9
14105700,q_lt_q20,
14107000,q_lt_q20,11.6
14111400,q_lt_q20,13.95
14113000,q_lt_q20,13.3
14113200,q_lt_q20,9
14120000,q_lt_q20,6
14123500,q_lt_q20,8.95
14137000,q_lt_q20,19.85
14138720,q_lt_q20,22.35
14138800,q_lt_q20,25.1
14138850,q_lt_q20,21.05
14138870,q_lt_q20,18.15
14138900,q_lt_q20,17.7
14139800,q_lt_q20,29.65
14140000,q_lt_q20,13.2
14141500,q_lt_q20,20.6
14142500,q_lt_q20,14.3
14142800,q_lt_q20,12.7
14145500,q_lt_q20,18.2
14148000,q_lt_q20,23.8
14150000,q_lt_q20,6.25
14150800,q_lt_q20,10.8
14151000,q_lt_q20,5.4
14152000,q_lt_q20,6.15
14153500,q_lt_q20,7
14154500,q_lt_q20,6.55
14155500,q_lt_q20,9.85
14157500,q_lt_q20,4.25
14158500,q_lt_q20,21.3
14158740,q_lt_q20,27
14158790,q_lt_q20,36.4
14158798,q_lt_q20,27.45
14158850,q_lt_q20,28.15
14159200,q_lt_q20,41.2
14159500,q_lt_q20,27.65
14161500,q_lt_q20,27.4
14162050,q_lt_q20,34.6
14162200,q_lt_q20,28.5
14162500,q_lt_q20,22.5
14163150,q_lt_q20,9.85
14163900,q_lt_q20,5.8
14164700,q_lt_q20,3.15
14164900,q_lt_q20,5.15
14165000,q_lt_q20,4.8
14166000,q_lt_q20,5.95
14166500,q_lt_q20,3
14169000,q_lt_q20,4.1
14170000,q_lt_q20,2.95
14171000,q_lt_q20,2.85
14171600,q_lt_q20,3.9
14174000,q_lt_q20,2.45
14178000,q_lt_q20,20.95
14179000,q_lt_q20,50.25
14180300,q_lt_q20,18.8
14181500,q_lt_q20,29.25
14182500,q_lt_q20,7.85
14183000,q_lt_q20,7.8
14184100,q_lt_q20,2.85
14185000,q_lt_q20,8.95
14185900,q_lt_q20,28.55
14187000,q_lt_q20,9.75
14187200,q_lt_q20,4.95
14187500,q_lt_q20,7.85
14187600,q_lt_q20,5.35
14188610,q_lt_q20,35.5
14188800,q_lt_q20,4.3
14189000,q_lt_q20,4.4
14190500,q_lt_q20,4.85
14191000,q_lt_q20,3.55
14194150,q_lt_q20,1.85
14197900,q_lt_q20,1.4
14198400,q_lt_q20,34.25
14199704,q_lt_q20,7.5
14201340,q_lt_q20,1.25
14201500,q_lt_q20,3.8
14202000,q_lt_q20,4.15
14203500,q_lt_q20,1.85
14206241,q_lt_q20,1.85
14206900,q_lt_q20,8.25
14206950,q_lt_q20,6.15
14207500,q_lt_q20,10.15
14208700,q_lt_q20,15.7
14209000,q_lt_q20,22.15
14209250,q_lt_q20,24.45
14209500,q_lt_q20,31.9
14210000,q_lt_q20,7.4
14211010,q_lt_q20,7.55
14211315,q_lt_q20,6.4
14211400,q_lt_q20,6.45
14211499,q_lt_q20,7.1
14211500,q_lt_q20,7.25
14211550,q_lt_q20,7.15
14211720,q_lt_q20,
14211814,q_lt_q20,
14211820,q_lt_q20,2.25
14216000,q_lt_q20,28.05
14216500,q_lt_q20,20.2
14219000,q_lt_q20,19.85
14219800,q_lt_q20,15.5
14220500,q_lt_q20,12.35
14222500,q_lt_q20,5.45
14226500,q_lt_q20,20.3
14231000,q_lt_q20,12.9
14231900,q_lt_q20,19.3
14233500,q_lt_q20,23.1
14236200,q_lt_q20,19.75
14238000,q_lt_q20,6.65
14240525,q_lt_q20,14.9
14242580,q_lt_q20,7.4
14243000,q_lt_q20,15.45
14246900,q_lt_q20,
14299800,q_lt_q20,12.7
14301000,q_lt_q20,13.2
14301500,q_lt_q20,13.7
14302480,q_lt_q20,9.95
14303200,q_lt_q20,17.4
14303600,q_lt_q20,8.45
14305500,q_lt_q20,3.8
14306340,q_lt_q20,7.95
14306500,q_lt_q20,10.35
14307620,q_lt_q20,21.6
14308000,q_lt_q20,18.5
14308500,q_lt_q20,18.95
14308990,q_lt_q20,23
14309000,q_lt_q20,13
14309500,q_lt_q20,23.65
14312000,q_lt_q20,6.1
14313200,q_lt_q20,22.45
14313600,q_lt_q20,17.9
14313700,q_lt_q20,32.15
14314400,q_lt_q20,14.3
14314500,q_lt_q20,18.5
14314700,q_lt_q20,19.6
14315500,q_lt_q20,31.5
14315700,q_lt_q20,19.05
14315950,q_lt_q20,17.75
14316455,q_lt_q20,25.45
14316495,q_lt_q20,26.5
14316500,q_lt_q20,16.25
14316700,q_lt_q20,20.9
14319500,q_lt_q20,6.3
14320934,q_lt_q20,10.3
14321000,q_lt_q20,10.3
14325000,q_lt_q20,8.95
14332000,q_lt_q20,14.95
14335072,q_lt_q20,12.65
14337500,q_lt_q20,12.35
14337600,q_lt_q20,13.8
14338000,q_lt_q20,13.2
14339000,q_lt_q20,10.05
14353000,q_lt_q20,24.55
14353500,q_lt_q20,18.55
14354200,q_lt_q20,8.2
14357500,q_lt_q20,5.85
14359000,q_lt_q20,12.9
14361500,q_lt_q20,6.8
14362000,q_lt_q20,18.05
14362250,q_lt_q20,22.85
14366000,q_lt_q20,15.4
14369500,q_lt_q20,14.35
14372300,q_lt_q20,28.05
14375100,q_lt_q20,22.65
14377100,q_lt_q20,34.75
14400000,q_lt_q20,19.75
15008000,q_lt_q20,30.9
15024800,q_lt_q20,28.05
15041200,q_lt_q20,19.1
15052000,q_lt_q20,31.1
15052500,q_lt_q20,
15055500,q_lt_q20,20.5
15056210,q_lt_q20,26.95
St101,q_lt_q20,14.85
St104,q_lt_q20,16.35
St105,q_lt_q20,19.6
St107,q_lt_q20,16.075
St11,q_lt_q20,17.9
St117,q_lt_q20,15.2
St119,q_lt_q20,18.05
St120,q_lt_q20,11.7
St121,q_lt_q20,8
St126,q_lt_q20,2.15
St127,q_lt_q20,8.825
St130,q_lt_q20,7.975
St131,q_lt_q20,9.25
St133,q_lt_q20,7.175
St134,q_lt_q20,6.275
St135,q_lt_q20,7.45
St136,q_lt_q20,9.4
St138,q_lt_q20,8.425
St139,q_lt_q20,8.775
St14,q_lt_q20,23.55
St140,q_lt_q20,6.4
St141,q_lt_q20,7.75
St142,q_lt_q20,9.7
St148,q_lt_q20,8.15
St149,q_lt_q20,5.6
St150,q_lt_q20,6.55
St151,q_lt_q20,9.375
St152,q_lt_q20,6.9
St154,q_lt_q20,9.25
St155,q_lt_q20,7.025
St156,q_lt_q20,6.025
St157,q_lt_q20,5.35
St158,q_lt_q20,6.75
St159,q_lt_q20,6.4
St160,q_lt_q20,8.5
St161,q_lt_q20,7.25
St162,q_lt_q20,8.575
St163,q_lt_q20,6.725
St164,q_lt_q20,9.075
St165,q_lt_q20,7.675
St166,q_lt_q20,10.375
St167,q_lt_q20,7.45
St168,q_lt_q20,7.325
St169,q_lt_q20,7.6
St17,q_lt_q20,24.225
St170,q_lt_q20,7.375
St171,q_lt_q20,8.8
St172,q_lt_q20,8.6
St173,q_lt_q20,8.55
St175,q_lt_q20,6
St176,q_lt_q20,9.2
St177,q_lt_q20,9
St178,q_lt_q20,6.375
St179,q_lt_q20,9.35
St18,q_lt_q20,15.0125
St181,q_lt_q20,4.225
St182,q_lt_q20,9.525
St19,q_lt_q20,11.3125
St20,q_lt_q20,25.2
St209,q_lt_q20,9.45
St210,q_lt_q20,4.15
St211,q_lt_q20,6.025
St212,q_lt_q20,6.45
St213,q_lt_q20,11.1
St214,q_lt_q20,8.525
St215,q_lt_q20,10.225
St217,q_lt_q20,11.725
St218,q_lt_q20,9.925
St219,q_lt_q20,3.75
St22,q_lt_q20,12.775
St220,q_lt_q20,5.5
St221,q_lt_q20,4.125
St224,q_lt_q20,7.925
St225,q_lt_q20,3.85
St227,q_lt_q20,4.85
St228,q_lt_q20,5.975
St229,q_lt_q20,7.05
St230,q_lt_q20,7.4
St231,q_lt_q20,4.9
St232,q_lt_q20,6.55
St233,q_lt_q20,5.6
St234,q_lt_q20,4.45
St235,q_lt_q20,5.875
St236,q_lt_q20,6.075
St237,q_lt_q20,6.025
St239,q_lt_q20,8.675
St240,q_lt_q20,5.675
St241,q_lt_q20,5.55
St242,q_lt_q20,6.525
St244,q_lt_q20,5.225
St245,q_lt_q20,7.175
St246,q_lt_q20,7.05
St247,q_lt_q20,8.9
St248,q_lt_q20,7.875
St249,q_lt_q20,11.475
St25,q_lt_q20,27.4625
St250,q_lt_q20,9.575
St252,q_lt_q20,7.45
St253,q_lt_q20,6.975
St254,q_lt_q20,11.6
St255,q_lt_q20,9.725
St256,q_lt_q20,6.925
St257,q_lt_q20,5.625
St259,q_lt_q20,10.375
St26,q_lt_q20,23.1625
St260,q_lt_q20,4.275
St261,q_lt_q20,3.55
St262,q_lt_q20,4.575
St265,q_lt_q20,18.1
St266,q_lt_q20,15.875
St267,q_lt_q20,14.125
St268,q_lt_q20,8.2
St27,q_lt_q20,18.5
St270,q_lt_q20,6.375
St271,q_lt_q20,3.25
St273,q_lt_q20,6.1
St274,q_lt_q20,13.35
St276,q_lt_q20,14.15
St277,q_lt_q20,13.825
St279,q_lt_q20,8.05
St280,q_lt_q20,7.05
St281,q_lt_q20,5.45
St282,q_lt_q20,6.75
St283,q_lt_q20,10.225
St284,q_lt_q20,7.175
St286,q_lt_q20,5.625
St287,q_lt_q20,9.6
St288,q_lt_q20,6.525
St289,q_lt_q20,8.475
St290,q_lt_q20,3
St292,q_lt_q20,5.4
St293,q_lt_q20,6.15
St295,q_lt_q20,10.825
St296,q_lt_q20,4.2
St297,q_lt_q20,10.425
St298,q_lt_q20,6.225
St3,q_lt_q20,12.725
St301,q_lt_q20,5.275
St304,q_lt_q20,3.975
St305,q_lt_q20,7.6
St306,q_lt_q20,6.95
St308,q_lt_q20,8.425
St309,q_lt_q20,5.25
St312,q_lt_q20,4.7
St313,q_lt_q20,6.975
St314,q_lt_q20,4.4
St315,q_lt_q20,9.3
St316,q_lt_q20,17.2
St318,q_lt_q20,4.35
St319,q_lt_q20,10.05
St32,q_lt_q20,8.75
St320,q_lt_q20,9.2
St321,q_lt_q20,8.55
St34,q_lt_q20,10.975
St35,q_lt_q20,11.9125
St36,q_lt_q20,22.475
St37,q_lt_q20,12.8375
St38,q_lt_q20,12.3
St39,q_lt_q20,10.725
St42,q_lt_q20,11.4875
St43,q_lt_q20,12.925
St44,q_lt_q20,13.325
St45,q_lt_q20,9.9625
St46,q_lt_q20,10.1375
St48,q_lt_q20,13.275
St5,q_lt_q20,14.8
St50,q_lt_q20,18.5
St51,q_lt_q20,13.025
St53,q_lt_q20,10.25
St55,q_lt_q20,15.6
St56,q_lt_q20,9.2
St57,q_lt_q20,11.65
St58,q_lt_q20,11.75
St59,q_lt_q20,8.575
St6,q_lt_q20,18.1875
St60,q_lt_q20,23.15
St61,q_lt_q20,22.575
St62,q_lt_q20,20.225
St63,q_lt_q20,19.95
St64,q_lt_q20,12.55
St65,q_lt_q20,10.75
St66,q_lt_q20,13.875
St67,q_lt_q20,23.65
St68,q_lt_q20,18.05
St7,q_lt_q20,9.725
St70,q_lt_q20,14.7
St72,q_lt_q20,15.15
St73,q_lt_q20,9.325
St75,q_lt_q20,14.3
St76,q_lt_q20,20.225
St77,q_lt_q20,21.65
St88,q_lt_q20,14
St9,q_lt_q20,4.25
St97,q_lt_q20,14
St98,q_lt_q20,14.5
St99,q_lt_q20,14.7
St1,q_lt_q20,10.75
St10,q_lt_q20,11.75
St12,q_lt_q20,19.05
St2,q_lt_q20,13.2875
St21,q_lt_q20,12.3125
St23,q_lt_q20,17.625
St24,q_lt_q20,30.1
St28,q_lt_q20,24.3375
St29,q_lt_q20,10.2125
St30,q_lt_q20,9.3125
St31,q_lt_q20,11.975
St33,q_lt_q20,12.825
St4,q_lt_q20,12.35
St40,q_lt_q20,8.8875
St41,q_lt_q20,11.45
St47,q_lt_q20,10.1875
St49,q_lt_q20,10.275
3107500,q_lt_q20,15.05
3108000,q_lt_q20,12.75
3109500,q_lt_q20,12.85
3110000,q_lt_q20,19.45
3110830,q_lt_q20,11.9
3111500,q_lt_q20,11.6
3111548,q_lt_q20,13.45
3112000,q_lt_q20,15.65
3113990,q_lt_q20,14.8
3114306,q_lt_q20,
3114500,q_lt_q20,7.9
3115400,q_lt_q20,7.85
3115644,q_lt_q20,6.1
3115712,q_lt_q20,7.65
3115786,q_lt_q20,8.95
3115917,q_lt_q20,5.25
3116077,q_lt_q20,4.25
3117000,q_lt_q20,7.25
3117500,q_lt_q20,5.65
3118000,q_lt_q20,6.65
3118500,q_lt_q20,9.8
3121500,q_lt_q20,10.15
3124500,q_lt_q20,7.1
3125900,q_lt_q20,6.25
3126910,q_lt_q20,8.45
3129000,q_lt_q20,9.55
3129197,q_lt_q20,6.1
3136500,q_lt_q20,5.25
3139000,q_lt_q20,9.65
3140000,q_lt_q20,10.95
3140500,q_lt_q20,8.3
3141870,q_lt_q20,5.65
3142000,q_lt_q20,9.55
3144000,q_lt_q20,5.05
3144500,q_lt_q20,10.1
3144816,q_lt_q20,6.8
3145000,q_lt_q20,6.8
3145173,q_lt_q20,7.25
3145483,q_lt_q20,7.65
3145534,q_lt_q20,5.25
3146402,q_lt_q20,6.1
3146500,q_lt_q20,10.25
3149500,q_lt_q20,5.65
3150000,q_lt_q20,9.65
3150500,q_lt_q20,6.1
3151400,q_lt_q20,18.45
3154000,q_lt_q20,11.3
3155000,q_lt_q20,9.05
3155220,q_lt_q20,8
3157000,q_lt_q20,9.25
3157500,q_lt_q20,7.35
3159500,q_lt_q20,11.65
3159540,q_lt_q20,7.9
3164000,q_lt_q20,13.65
3165000,q_lt_q20,9.1
3165500,q_lt_q20,6.65
3167000,q_lt_q20,6.7
3168000,q_lt_q20,10.05
3170000,q_lt_q20,8.2
3171000,q_lt_q20,8.2
3173000,q_lt_q20,9.9
3175500,q_lt_q20,15.65
3176500,q_lt_q20,12.75
3177120,q_lt_q20,22.5
3177710,q_lt_q20,14.05
3179000,q_lt_q20,18.3
3180500,q_lt_q20,18.2
3182500,q_lt_q20,17.65
3183500,q_lt_q20,8.8
3184000,q_lt_q20,15.55
3185000,q_lt_q20,11.8
3185400,q_lt_q20,23.15
3186500,q_lt_q20,20.85
3187500,q_lt_q20,22.85
3188900,q_lt_q20,21.95
3189100,q_lt_q20,18.35
3191500,q_lt_q20,17.55
3192000,q_lt_q20,24.4
3193000,q_lt_q20,23.15
3194700,q_lt_q20,30.25
3197000,q_lt_q20,14.9
3197950,q_lt_q20,18.85
3198350,q_lt_q20,29.75
3198500,q_lt_q20,20.6
3200500,q_lt_q20,3.95
3201000,q_lt_q20,7.65
3201405,q_lt_q20,8.35
3202000,q_lt_q20,4.95
3202400,q_lt_q20,29.8
3202750,q_lt_q20,18.05
3203600,q_lt_q20,25.9
3205470,q_lt_q20,8.4
3206600,q_lt_q20,16.85
3207800,q_lt_q20,27.5
3207965,q_lt_q20,25.9
3208500,q_lt_q20,16.75
3208950,q_lt_q20,23.15
3209000,q_lt_q20,22.85
3209500,q_lt_q20,19
3210000,q_lt_q20,20.9
3212500,q_lt_q20,9.4
3212750,q_lt_q20,28.3
3212980,q_lt_q20,33.15
3213500,q_lt_q20,27.45
3213700,q_lt_q20,18.75
3214500,q_lt_q20,18.65
3215410,q_lt_q20,7.65
3216070,q_lt_q20,
3216500,q_lt_q20,6.1
3216777,q_lt_q20,7.95
3217000,q_lt_q20,6.75
3217424,q_lt_q20,5.25
3217500,q_lt_q20,3.9
3219500,q_lt_q20,3.65
3219781,q_lt_q20,4
3220000,q_lt_q20,3.8
3221000,q_lt_q20,5.25
3221646,q_lt_q20,5.95
3223425,q_lt_q20,4.95
3225500,q_lt_q20,4.65
3226800,q_lt_q20,7.2
3227107,q_lt_q20,3.95
3227500,q_lt_q20,6.4
3228300,q_lt_q20,4.45
3228500,q_lt_q20,4.85
3228689,q_lt_q20,5.25
3228750,q_lt_q20,6.05
3228805,q_lt_q20,5.25
3229500,q_lt_q20,4.2
3229610,q_lt_q20,4.25
3229796,q_lt_q20,4.25
3230310,q_lt_q20,5.1
3230450,q_lt_q20,3.85
3230500,q_lt_q20,4.65
3230800,q_lt_q20,3.8
3231500,q_lt_q20,5.7
3232000,q_lt_q20,4.85
3232500,q_lt_q20,7.75
3234000,q_lt_q20,6.65
3234300,q_lt_q20,6.1
3234500,q_lt_q20,8.85
3237020,q_lt_q20,3.85
3237280,q_lt_q20,7.7
3237500,q_lt_q20,6.8
3238140,q_lt_q20,7.85
3238495,q_lt_q20,5.25
3238745,q_lt_q20,6.15
3238772,q_lt_q20,6.1
3238785,q_lt_q20,4.25
3240000,q_lt_q20,6.65
3241500,q_lt_q20,5.65
3244936,q_lt_q20,5.25
3245500,q_lt_q20,6.8
3246500,q_lt_q20,4.95
3247500,q_lt_q20,9.7
3248300,q_lt_q20,9.8
3249500,q_lt_q20,7.7
3250100,q_lt_q20,10.5
3250190,q_lt_q20,6.7
3250322,q_lt_q20,9.3
3250500,q_lt_q20,6.4
3251200,q_lt_q20,6.05
3251500,q_lt_q20,8.6
3251900,q_lt_q20,4.85
3252300,q_lt_q20,7.1
3253000,q_lt_q20,5.3
3253500,q_lt_q20,6.55
3254520,q_lt_q20,6.55
3254550,q_lt_q20,8.8
3255349,q_lt_q20,3.95
3255420,q_lt_q20,5.7
3259000,q_lt_q20,4.4
3260015,q_lt_q20,5.95
3260050,q_lt_q20,9.25
3260100,q_lt_q20,6.3
3260706,q_lt_q20,4.65
3261500,q_lt_q20,7.25
3261950,q_lt_q20,4.5
3262000,q_lt_q20,4.75
3262001,q_lt_q20,9.1
3262500,q_lt_q20,7.25
3262700,q_lt_q20,5.65
3263000,q_lt_q20,7.45
3264000,q_lt_q20,4.2
3265000,q_lt_q20,7.05
3266560,q_lt_q20,4.1
3267000,q_lt_q20,4.7
3267900,q_lt_q20,4.25
3269500,q_lt_q20,4.4
3270000,q_lt_q20,6.15
3270500,q_lt_q20,5.55
3271000,q_lt_q20,3.75
3271300,q_lt_q20,5.8
3271620,q_lt_q20,3.4
3272000,q_lt_q20,5.7
3272100,q_lt_q20,5.45
3272700,q_lt_q20,7.95
3274000,q_lt_q20,7.85
3274650,q_lt_q20,5.05
3275000,q_lt_q20,3.85
3275500,q_lt_q20,4.25
3275600,q_lt_q20,6.25
3276500,q_lt_q20,5.85
3277075,q_lt_q20,4.4
3277130,q_lt_q20,6.25
3277200,q_lt_q20,
3277300,q_lt_q20,19.5
3277500,q_lt_q20,15.9
3280700,q_lt_q20,20.65
3280902,q_lt_q20,19
3281000,q_lt_q20,8.95
3281100,q_lt_q20,13.65
3281500,q_lt_q20,5.65
3282000,q_lt_q20,11.9
3282040,q_lt_q20,8.35
3282060,q_lt_q20,15.4
3282120,q_lt_q20,7.9
3282290,q_lt_q20,9.4
3282500,q_lt_q20,5.95
3283500,q_lt_q20,5.1
3284000,q_lt_q20,9.75
3284230,q_lt_q20,10.35
3284525,q_lt_q20,6.9
3284533,q_lt_q20,5.65
3284552,q_lt_q20,7.1
3285000,q_lt_q20,6.55
3286200,q_lt_q20,5.85
3287000,q_lt_q20,9.25
3287250,q_lt_q20,10.25
3287500,q_lt_q20,6.85
3287590,q_lt_q20,4.25
3287600,q_lt_q20,4.25
3288100,q_lt_q20,6.25
3288110,q_lt_q20,7.7
3288180,q_lt_q20,5.5
3288190,q_lt_q20,5.25
3289000,q_lt_q20,6.25
3289193,q_lt_q20,6.1
3289200,q_lt_q20,5.25
3289300,q_lt_q20,4.6
3289500,q_lt_q20,7.15
3290080,q_lt_q20,5.4
3290500,q_lt_q20,
3291000,q_lt_q20,4.85
3291500,q_lt_q20,8.95
3291780,q_lt_q20,6.7
3292470,q_lt_q20,4.3
3292474,q_lt_q20,3.85
3292475,q_lt_q20,4.8
3292480,q_lt_q20,3.7
3292500,q_lt_q20,4.15
3292550,q_lt_q20,5.45
3293000,q_lt_q20,3.85
3293510,q_lt_q20,3.55
3294000,q_lt_q20,1.3
3294500,q_lt_q20,5
3294550,q_lt_q20,1.4
3294570,q_lt_q20,1.3
3295400,q_lt_q20,6.8
3295890,q_lt_q20,6.05
3297800,q_lt_q20,2.45
3297900,q_lt_q20,3
3298000,q_lt_q20,5.55
3298135,q_lt_q20,5.1
3298150,q_lt_q20,3.3
3298200,q_lt_q20,5.3
3298250,q_lt_q20,4.15
3298300,q_lt_q20,3.45
3298500,q_lt_q20,1.95
3298550,q_lt_q20,6.75
3300400,q_lt_q20,5.25
3301500,q_lt_q20,1
3301900,q_lt_q20,3.7
3301940,q_lt_q20,1.95
3302000,q_lt_q20,2
3302030,q_lt_q20,3.15
3302050,q_lt_q20,6.4
3302220,q_lt_q20,5.15
3302680,q_lt_q20,7.25
3302800,q_lt_q20,2.3
3303000,q_lt_q20,6
3303280,q_lt_q20,
3303300,q_lt_q20,4.85
3305000,q_lt_q20,5.05
3307000,q_lt_q20,3.7
3308500,q_lt_q20,4.45
3310000,q_lt_q20,1.4
3310300,q_lt_q20,2
3310400,q_lt_q20,2.85
3313700,q_lt_q20,5.65
3314000,q_lt_q20,3.85
3314500,q_lt_q20,4.4
3316500,q_lt_q20,4.3
3318800,q_lt_q20,4.85
3320000,q_lt_q20,2.25
3320500,q_lt_q20,2.3
3321350,q_lt_q20,1
3321500,q_lt_q20,2
3322485,q_lt_q20,6.25
3322900,q_lt_q20,2.4
3323000,q_lt_q20,3.35
3324000,q_lt_q20,2.4
3324300,q_lt_q20,4.1
3325000,q_lt_q20,8.1
3325519,q_lt_q20,7.25
3326500,q_lt_q20,4.95
3327500,q_lt_q20,4.1
3328000,q_lt_q20,1.35
3328500,q_lt_q20,3.4
3329000,q_lt_q20,3
3329700,q_lt_q20,2.95
3330241,q_lt_q20,2.8
3330500,q_lt_q20,3.25
3331500,q_lt_q20,0.7
3331753,q_lt_q20,2.4
3332345,q_lt_q20,2.25
3332349,q_lt_q20,1.25
3332555,q_lt_q20,3.4
3332605,q_lt_q20,2.85
3333050,q_lt_q20,8.55
3333450,q_lt_q20,2.4
3334000,q_lt_q20,3.25
3334500,q_lt_q20,2.95
3335000,q_lt_q20,6.35
3335500,q_lt_q20,7.85
3335960,q_lt_q20,2.4
3336000,q_lt_q20,3.85
3336645,q_lt_q20,4.25
3336890,q_lt_q20,0
3336900,q_lt_q20,0
3337000,q_lt_q20,3.85
3337100,q_lt_q20,4
3339000,q_lt_q20,7.85
3339280,q_lt_q20,3.25
3339305,q_lt_q20,3.7
3339500,q_lt_q20,5.25
3340500,q_lt_q20,3.85
3340800,q_lt_q20,4.25
3341300,q_lt_q20,4.85
3341500,q_lt_q20,3.7
3342000,q_lt_q20,1.95
3342500,q_lt_q20,1.45
3343010,q_lt_q20,1.45
3343400,q_lt_q20,2
3345500,q_lt_q20,1
3346000,q_lt_q20,0.45
3346500,q_lt_q20,1.4
3347000,q_lt_q20,3.4
3348000,q_lt_q20,4.7
3348130,q_lt_q20,3.35
3348350,q_lt_q20,4.75
3349000,q_lt_q20,3.35
3349210,q_lt_q20,4.8
3349510,q_lt_q20,3.8
3350500,q_lt_q20,2.65
3350655,q_lt_q20,4.25
3350660,q_lt_q20,3.5
3350700,q_lt_q20,3.25
3351000,q_lt_q20,4.3
3351072,q_lt_q20,3.4
3351310,q_lt_q20,2.4
3351350,q_lt_q20,3
3351500,q_lt_q20,2.25
3351710,q_lt_q20,6.8
3352500,q_lt_q20,5.25
3352953,q_lt_q20,3.6
3352988,q_lt_q20,3.85
3353000,q_lt_q20,3.4
3353120,q_lt_q20,3.25
3353200,q_lt_q20,4.7
3353415,q_lt_q20,2.8
3353420,q_lt_q20,2.4
3353451,q_lt_q20,3.25
3353460,q_lt_q20,2.4
3353500,q_lt_q20,2.95
3353600,q_lt_q20,2.95
3353611,q_lt_q20,5.4
3353620,q_lt_q20,1.95
3353800,q_lt_q20,1.85
3353910,q_lt_q20,2.65
3354000,q_lt_q20,5.7
3357000,q_lt_q20,4.85
3357330,q_lt_q20,4.95
3357350,q_lt_q20,2.4
3358000,q_lt_q20,2.7
3360000,q_lt_q20,2
3360500,q_lt_q20,2.4
3360600,q_lt_q20,0.45
3361500,q_lt_q20,2.4
3361650,q_lt_q20,4.25
3361850,q_lt_q20,1.4
3361872,q_lt_q20,1.85
3362000,q_lt_q20,1.85
3362500,q_lt_q20,3.85
3363000,q_lt_q20,2.85
3363500,q_lt_q20,3.65
3363900,q_lt_q20,1.15
3364000,q_lt_q20,2
3364042,q_lt_q20,2.25
3364200,q_lt_q20,1.55
3364500,q_lt_q20,2.4
3364650,q_lt_q20,3.25
3365500,q_lt_q20,2
3366500,q_lt_q20,2.45
3368000,q_lt_q20,4.05
3369500,q_lt_q20,5.55
3371500,q_lt_q20,3.85
3371600,q_lt_q20,3
3371650,q_lt_q20,5.85
3373500,q_lt_q20,5.45
3373508,q_lt_q20,6.55
3373560,q_lt_q20,3.4
3373610,q_lt_q20,6.15
3374000,q_lt_q20,2.45
3374100,q_lt_q20,1.45
3375500,q_lt_q20,5.4
3376300,q_lt_q20,1.7
3376500,q_lt_q20,1.85
3377500,q_lt_q20,
3378000,q_lt_q20,0.45
3378500,q_lt_q20,2.3
3378550,q_lt_q20,0
3378635,q_lt_q20,2.45
3379500,q_lt_q20,0
3380500,q_lt_q20,1.3
3381500,q_lt_q20,0.45
3381700,q_lt_q20,
3382100,q_lt_q20,0.45
3383000,q_lt_q20,2.45
3384100,q_lt_q20,1
3384450,q_lt_q20,5.85
3399800,q_lt_q20,
3400500,q_lt_q20,21.3
3400785,q_lt_q20,21.3
3400800,q_lt_q20,20.1
3400986,q_lt_q20,19.9
3401000,q_lt_q20,19.85
3402900,q_lt_q20,19
3403910,q_lt_q20,5
3404000,q_lt_q20,9.05
3404500,q_lt_q20,9.55
3404900,q_lt_q20,6.9
3406500,q_lt_q20,9.95
3407500,q_lt_q20,3.85
3408500,q_lt_q20,8.65
3409500,q_lt_q20,9.65
3410210,q_lt_q20,14.8
3410500,q_lt_q20,16.6
3413200,q_lt_q20,6.1
3414078,q_lt_q20,6.7
3414100,q_lt_q20,4.25
3414170,q_lt_q20,2.85
3415000,q_lt_q20,6.9
3418224,q_lt_q20,8.85
3419530,q_lt_q20,6.8
3421000,q_lt_q20,6.4
3424730,q_lt_q20,3.25
3424860,q_lt_q20,4.45
3425290,q_lt_q20,2.85
3425520,q_lt_q20,3.45
3425622,q_lt_q20,3.3
3426470,q_lt_q20,4.45
3427500,q_lt_q20,1.95
3428200,q_lt_q20,2.4
3429498,q_lt_q20,3
3430200,q_lt_q20,4.45
3431060,q_lt_q20,5.3
3431300,q_lt_q20,6.6
3431500,q_lt_q20,8.25
3431599,q_lt_q20,3
3431700,q_lt_q20,5
3432350,q_lt_q20,4.4
3432400,q_lt_q20,1.85
3433500,q_lt_q20,1.95
3434500,q_lt_q20,5.85
3436100,q_lt_q20,3.45
3436690,q_lt_q20,5.7
3437480,q_lt_q20,1.45
3437495,q_lt_q20,1
3455000,q_lt_q20,4.65
3461500,q_lt_q20,6.5
3465500,q_lt_q20,11.9
3466208,q_lt_q20,6.55
3467609,q_lt_q20,7.1
3469251,q_lt_q20,23.85
3471500,q_lt_q20,6.3
3473000,q_lt_q20,8.05
3474000,q_lt_q20,8.65
3475000,q_lt_q20,10.8
3478400,q_lt_q20,7.5
3488000,q_lt_q20,12.05
3490000,q_lt_q20,6.5
3491000,q_lt_q20,9.5
3491544,q_lt_q20,5.65
3495005,q_lt_q20,6.35
3497300,q_lt_q20,10.05
3498500,q_lt_q20,2.95
3498850,q_lt_q20,1.95
3518500,q_lt_q20,5.25
3524000,q_lt_q20,17.15
3527000,q_lt_q20,19.05
3528000,q_lt_q20,14.65
3529500,q_lt_q20,14.95
3531500,q_lt_q20,8.55
3532000,q_lt_q20,11.6
3535000,q_lt_q20,4.85
3535200,q_lt_q20,3.8
3535400,q_lt_q20,4.2
3535618,q_lt_q20,4.65
3538830,q_lt_q20,11.6
3538970,q_lt_q20,3.9
3539600,q_lt_q20,7.9
3539778,q_lt_q20,11.85
3539800,q_lt_q20,13.05
3540500,q_lt_q20,12.4
3544970,q_lt_q20,12.05
3550500,q_lt_q20,7.65
3558000,q_lt_q20,13.9
3565500,q_lt_q20,3.85
3566535,q_lt_q20,10.1
3566700,q_lt_q20,3.7
3567340,q_lt_q20,1.95
3567500,q_lt_q20,3.65
3568400,q_lt_q20,6.35
3568933,q_lt_q20,8.95
3569190,q_lt_q20,8.65
3571000,q_lt_q20,4.7
3572690,q_lt_q20,3.55
3574100,q_lt_q20,8.4
3574500,q_lt_q20,2.85
3575100,q_lt_q20,2.45
3576250,q_lt_q20,2.65
3576500,q_lt_q20,1.85
3577225,q_lt_q20,3.4
3578000,q_lt_q20,5.1
3578500,q_lt_q20,2.65
3582000,q_lt_q20,3.65
3584045,q_lt_q20,3.7
3584600,q_lt_q20,2.7
3586500,q_lt_q20,1
3588500,q_lt_q20,4.55
3590000,q_lt_q20,4.15
3593800,q_lt_q20,3.85
3596000,q_lt_q20,6.25
3597860,q_lt_q20,5
3598000,q_lt_q20,3.8
1010000,q_lt_q20,14.5
1010070,q_lt_q20,12.05
1010500,q_lt_q20,
1011000,q_lt_q20,18.9
1013500,q_lt_q20,13.9
1014000,q_lt_q20,
1015800,q_lt_q20,12.1
1017000,q_lt_q20,7.25
1017290,q_lt_q20,14.75
1017550,q_lt_q20,14.15
1017960,q_lt_q20,7.65
1018009,q_lt_q20,7.95
1018035,q_lt_q20,8.2
1018500,q_lt_q20,6.25
1019000,q_lt_q20,12.65
1021000,q_lt_q20,6.4
1021470,q_lt_q20,7.95
1021480,q_lt_q20,10.1
1022500,q_lt_q20,6.95
1027200,q_lt_q20,14.8
1027240,q_lt_q20,15.65
1029200,q_lt_q20,13.8
1029500,q_lt_q20,10.1
1030350,q_lt_q20,13.05
1030500,q_lt_q20,13.05
1031300,q_lt_q20,10.45
1031450,q_lt_q20,9.9
1031500,q_lt_q20,14.3
1031510,q_lt_q20,14.3
1034000,q_lt_q20,14.05
1034500,q_lt_q20,
1037000,q_lt_q20,5.55
1037380,q_lt_q20,11.8
1042500,q_lt_q20,12.55
1043500,q_lt_q20,15.75
1044550,q_lt_q20,16.65
1046000,q_lt_q20,10.4
1046500,q_lt_q20,12.45
1047000,q_lt_q20,11.45
1047150,q_lt_q20,11.1
1047200,q_lt_q20,16.3
1048000,q_lt_q20,10.95
1048220,q_lt_q20,10.1
1052500,q_lt_q20,16.65
1053500,q_lt_q20,14.4
1053600,q_lt_q20,13.6
1054000,q_lt_q20,17.25
1054114,q_lt_q20,13.15
1054200,q_lt_q20,11.45
1054300,q_lt_q20,11.05
1054500,q_lt_q20,
1055000,q_lt_q20,14
1055500,q_lt_q20,9.75
1057000,q_lt_q20,14.85
1059000,q_lt_q20,7.4
1063310,q_lt_q20,12.25
1064500,q_lt_q20,9.7
1064801,q_lt_q20,14.65
1066000,q_lt_q20,8.2
1067950,q_lt_q20,2.35
1068910,q_lt_q20,5.7
1069500,q_lt_q20,6.55
1073319,q_lt_q20,7.25
1074520,q_lt_q20,14.25
1075000,q_lt_q20,12.95
1076000,q_lt_q20,11.65
1076500,q_lt_q20,9.6
1077400,q_lt_q20,11.3
1078000,q_lt_q20,13.35
1081000,q_lt_q20,5.55
1081500,q_lt_q20,6.25
1082000,q_lt_q20,13.2
1085000,q_lt_q20,12.5
1085500,q_lt_q20,6.25
1086000,q_lt_q20,8.9
1087000,q_lt_q20,13.15
1089500,q_lt_q20,7.4
1089925,q_lt_q20,4.85
1091000,q_lt_q20,6.7
1091500,q_lt_q20,5.6
1092000,q_lt_q20,
1093852,q_lt_q20,7.1
1094000,q_lt_q20,5.15
1094400,q_lt_q20,10.95
1094500,q_lt_q20,6.95
1095220,q_lt_q20,7.95
1095375,q_lt_q20,6.55
1095434,q_lt_q20,10.1
1095503,q_lt_q20,6.1
1096000,q_lt_q20,9.4
1096500,q_lt_q20,4.95
1097000,q_lt_q20,8.1
1097300,q_lt_q20,5.85
1098500,q_lt_q20,4.65
1098530,q_lt_q20,5.8
1099500,q_lt_q20,8.1
1100000,q_lt_q20,8.65
1100505,q_lt_q20,3.55
1100561,q_lt_q20,2.7
1100600,q_lt_q20,6.5
1100627,q_lt_q20,6.4
1101000,q_lt_q20,5.7
1101500,q_lt_q20,4.1
1102000,q_lt_q20,7.55
1102345,q_lt_q20,4.15
1102500,q_lt_q20,6.6
1103025,q_lt_q20,4.55
1103280,q_lt_q20,4.25
1103500,q_lt_q20,5.85
1104000,q_lt_q20,5.95
1104200,q_lt_q20,6.95
1104370,q_lt_q20,6.95
1104415,q_lt_q20,5.7
1104420,q_lt_q20,7.15
1104430,q_lt_q20,5.7
1104455,q_lt_q20,8.7
1104460,q_lt_q20,8.75
1104475,q_lt_q20,8.55
1104480,q_lt_q20,7.6
1104500,q_lt_q20,9
1105000,q_lt_q20,7.7
1105500,q_lt_q20,7.85
1105554,q_lt_q20,7.1
1105583,q_lt_q20,6.65
1105585,q_lt_q20,7.1
1105600,q_lt_q20,5.1
1105606,q_lt_q20,4.85
1105608,q_lt_q20,4.15
1105730,q_lt_q20,5.1
1105870,q_lt_q20,5.7
1105917,q_lt_q20,4.7
1108000,q_lt_q20,5.25
1108410,q_lt_q20,14.85
1109000,q_lt_q20,8.55
1109060,q_lt_q20,9.4
1109070,q_lt_q20,6.65
1109403,q_lt_q20,13
1109730,q_lt_q20,5.85
1110000,q_lt_q20,8.4
1111212,q_lt_q20,8.1
1111300,q_lt_q20,9.1
1111500,q_lt_q20,7.65
1112500,q_lt_q20,9.1
1113895,q_lt_q20,9.7
1114000,q_lt_q20,12.65
1114500,q_lt_q20,7.1
1115098,q_lt_q20,6.85
1115110,q_lt_q20,8.55
1115114,q_lt_q20,8.25
1115170,q_lt_q20,9
1115183,q_lt_q20,10.95
1115185,q_lt_q20,13.55
1115187,q_lt_q20,9.1
1115190,q_lt_q20,7.35
1115265,q_lt_q20,10.55
1115276,q_lt_q20,11.8
1115278,q_lt_q20,12.8
1115280,q_lt_q20,10.3
1115500,q_lt_q20,7.55
1115630,q_lt_q20,9.85
1116000,q_lt_q20,6.4
1116500,q_lt_q20,6.95
1116905,q_lt_q20,5.85
1117000,q_lt_q20,11.85
1117420,q_lt_q20,3.85
1117430,q_lt_q20,5.25
1117468,q_lt_q20,6.15
1117500,q_lt_q20,4.7
1117800,q_lt_q20,6.8
1118000,q_lt_q20,5.45
1118300,q_lt_q20,7.1
1118500,q_lt_q20,5.85
1119382,q_lt_q20,11.2
1119500,q_lt_q20,7.05
1120790,q_lt_q20,13.05
1121000,q_lt_q20,9.25
1121330,q_lt_q20,11.35
1122000,q_lt_q20,6.8
1122500,q_lt_q20,7.25
1123000,q_lt_q20,5.95
1123360,q_lt_q20,10.75
1123600,q_lt_q20,9.15
1124000,q_lt_q20,7.95
1124151,q_lt_q20,8.95
1125100,q_lt_q20,11.1
1125490,q_lt_q20,8.95
1125500,q_lt_q20,8.95
1127000,q_lt_q20,6.2
1129200,q_lt_q20,13.05
1129500,q_lt_q20,9.95
1130000,q_lt_q20,13.25
1131500,q_lt_q20,10.05
1133000,q_lt_q20,11.15
1134500,q_lt_q20,16.15
1135150,q_lt_q20,11.3
1135300,q_lt_q20,7.05
1135500,q_lt_q20,10.75
1137500,q_lt_q20,11.65
1138500,q_lt_q20,5.35
1139000,q_lt_q20,9.3
1139800,q_lt_q20,14.15
1141500,q_lt_q20,10.3
1142500,q_lt_q20,7.2
1144000,q_lt_q20,12.85
1144500,q_lt_q20,8.5
1150900,q_lt_q20,33.4
1151500,q_lt_q20,10.85
1152010,q_lt_q20,14.15
1152500,q_lt_q20,9.45
1153000,q_lt_q20,8
1153550,q_lt_q20,13.65
1154500,q_lt_q20,
1154950,q_lt_q20,10.25
1155500,q_lt_q20,16.4
1157000,q_lt_q20,14.55
1158000,q_lt_q20,14.65
1158110,q_lt_q20,5.85
1160350,q_lt_q20,6.25
1161000,q_lt_q20,8
1161280,q_lt_q20,7.35
1162000,q_lt_q20,12.05
1162500,q_lt_q20,15.35
1163200,q_lt_q20,8.95
1166500,q_lt_q20,17.3
1168250,q_lt_q20,11.8
1168500,q_lt_q20,12.35
1169000,q_lt_q20,16.3
1169900,q_lt_q20,16.2
1170000,q_lt_q20,14.2
1170100,q_lt_q20,15.6
1170500,q_lt_q20,7.95
1171000,q_lt_q20,13.45
1171100,q_lt_q20,8.1
1171500,q_lt_q20,7
1172010,q_lt_q20,8.1
1172500,q_lt_q20,12.05
1173000,q_lt_q20,11.05
1173500,q_lt_q20,10.65
1174500,q_lt_q20,11.65
1174565,q_lt_q20,13.05
1175500,q_lt_q20,10.95
1175670,q_lt_q20,12.95
1176000,q_lt_q20,14.1
1177000,q_lt_q20,6.2
1179500,q_lt_q20,13.15
1181000,q_lt_q20,14.75
1183500,q_lt_q20,9.5
1184000,q_lt_q20,
1184100,q_lt_q20,5.2
1184490,q_lt_q20,7.1
1185500,q_lt_q20,16.1
1186000,q_lt_q20,12.05
1186500,q_lt_q20,11.25
1187300,q_lt_q20,17.3
1188000,q_lt_q20,11.5
1188090,q_lt_q20,6.2
1189000,q_lt_q20,6.85
1189995,q_lt_q20,11.3
1191000,q_lt_q20,5.55
1192500,q_lt_q20,4.85
1192883,q_lt_q20,5.55
1193500,q_lt_q20,9.65
1194000,q_lt_q20,7.3
1194500,q_lt_q20,7.5
1195100,q_lt_q20,5.8
1195490,q_lt_q20,7.65
1196210,q_lt_q20,4.55
1196500,q_lt_q20,7.55
1196561,q_lt_q20,6.1
1196620,q_lt_q20,7.5
1197000,q_lt_q20,6.35
1197500,q_lt_q20,7.1
1198000,q_lt_q20,5.25
1198125,q_lt_q20,5.35
1199000,q_lt_q20,10.95
1199050,q_lt_q20,13.45
1200000,q_lt_q20,10.8
1200500,q_lt_q20,7.95
1201487,q_lt_q20,6.1
1202501,q_lt_q20,16.2
1203510,q_lt_q20,6.2
1203600,q_lt_q20,10
1203805,q_lt_q20,8.15
1204000,q_lt_q20,6.55
1205500,q_lt_q20,10.55
1206900,q_lt_q20,11.55
1208171,q_lt_q20,13.95
1208500,q_lt_q20,12.1
1208873,q_lt_q20,5.15
1208925,q_lt_q20,4.25
1208950,q_lt_q20,5.85
1209005,q_lt_q20,10.55
1209105,q_lt_q20,7.5
1209500,q_lt_q20,5.7
1209700,q_lt_q20,6.55
1209761,q_lt_q20,10.1
1212500,q_lt_q20,8.25
1304500,q_lt_q20,4.25
1312000,q_lt_q20,14.3
1315000,q_lt_q20,13.6
1315500,q_lt_q20,11.3
1318500,q_lt_q20,9.95
1321000,q_lt_q20,17.95
1325000,q_lt_q20,11.75
1327500,q_lt_q20,4.7
1327750,q_lt_q20,5.7
1329490,q_lt_q20,7.5
1330000,q_lt_q20,5.25
1331500,q_lt_q20,14.2
1332500,q_lt_q20,14.35
1333000,q_lt_q20,8.6
1334000,q_lt_q20,6.65
1334500,q_lt_q20,8.6
1335754,q_lt_q20,
1336000,q_lt_q20,4.3
1338000,q_lt_q20,6.25
1339060,q_lt_q20,4.55
1342602,q_lt_q20,4.25
1342682,q_lt_q20,10.05
1342730,q_lt_q20,5.45
1342743,q_lt_q20,15
1343060,q_lt_q20,13.15
1343403,q_lt_q20,13.75
1346000,q_lt_q20,8.55
1347000,q_lt_q20,5
1348000,q_lt_q20,4.25
1349000,q_lt_q20,5.75
1349150,q_lt_q20,3.65
1349700,q_lt_q20,23.05
1349705,q_lt_q20,16.55
1349711,q_lt_q20,15.5
1349810,q_lt_q20,23.75
1349950,q_lt_q20,17.5
1350000,q_lt_q20,14.7
1350035,q_lt_q20,18.5
1350080,q_lt_q20,14.4
1350101,q_lt_q20,11.6
1350120,q_lt_q20,14.65
1350140,q_lt_q20,15.2
1350180,q_lt_q20,14.75
1350355,q_lt_q20,17.55
1351500,q_lt_q20,12.75
1354500,q_lt_q20,4.25
1357499,q_lt_q20,6.15
1357500,q_lt_q20,7.3
1359528,q_lt_q20,6
1360640,q_lt_q20,6.2
1361000,q_lt_q20,6.25
1362200,q_lt_q20,20.75
1362230,q_lt_q20,21.5
1362342,q_lt_q20,24.35
1362357,q_lt_q20,21.05
1362370,q_lt_q20,25.85
1362487,q_lt_q20,14.5
1362497,q_lt_q20,14.3
1362500,q_lt_q20,14.85
1363382,q_lt_q20,18.3
1363556,q_lt_q20,7.95
1364500,q_lt_q20,7.25
1365000,q_lt_q20,20.65
1365500,q_lt_q20,13.2
1367500,q_lt_q20,12.35
1371500,q_lt_q20,4.25
1372500,q_lt_q20,7.8
1374505,q_lt_q20,8.65
1374531,q_lt_q20,8.8
1374559,q_lt_q20,14.55
1374581,q_lt_q20,14.6
1374598,q_lt_q20,13.1
1374701,q_lt_q20,
1374781,q_lt_q20,7.65
1374821,q_lt_q20,13.45
1374890,q_lt_q20,8.2
1374901,q_lt_q20,10.35
1374930,q_lt_q20,8.5
1374941,q_lt_q20,10.2
1375000,q_lt_q20,11.25
1376800,q_lt_q20,6.55
1377000,q_lt_q20,5.85
1377370,q_lt_q20,7.85
1377500,q_lt_q20,4.25
1378500,q_lt_q20,4.55
1379000,q_lt_q20,8.1
1379500,q_lt_q20,8.55
1379530,q_lt_q20,7.95
1379773,q_lt_q20,13.35
1379780,q_lt_q20,10.55
1379845,q_lt_q20,13.95
1380450,q_lt_q20,8.4
1381000,q_lt_q20,5.7
1381400,q_lt_q20,7.55
1381500,q_lt_q20,8.7
1381800,q_lt_q20,3.45
1381900,q_lt_q20,5.7
1382210,q_lt_q20,10.05
1382385,q_lt_q20,14.7
1382500,q_lt_q20,15.35
1382800,q_lt_q20,8.1
1383500,q_lt_q20,12.4
1384500,q_lt_q20,7.9
1386000,q_lt_q20,11.8
1387000,q_lt_q20,6.85
1387400,q_lt_q20,9.5
1387420,q_lt_q20,11.75
1387450,q_lt_q20,8.8
1387500,q_lt_q20,8.1
1387905,q_lt_q20,7.95
1388000,q_lt_q20,11.95
1388500,q_lt_q20,6.3
1389010,q_lt_q20,5.25
1389500,q_lt_q20,6.2
1389550,q_lt_q20,8.95
1389890,q_lt_q20,
1390450,q_lt_q20,8.8
1390500,q_lt_q20,6.25
1391000,q_lt_q20,8.15
1391102,q_lt_q20,2.85
1392500,q_lt_q20,6.1
1393450,q_lt_q20,4.75
1394500,q_lt_q20,4.85
1395000,q_lt_q20,3.85
1396500,q_lt_q20,12.35
1396582,q_lt_q20,10.5
1396660,q_lt_q20,7.95
1396800,q_lt_q20,6.15
1397000,q_lt_q20,7.4
1398000,q_lt_q20,8.15
1398500,q_lt_q20,10.2
1399100,q_lt_q20,2.85
1399500,q_lt_q20,11.65
1399670,q_lt_q20,7.15
1400000,q_lt_q20,5.85
1400500,q_lt_q20,6.25
1401000,q_lt_q20,6.55
1401650,q_lt_q20,6.65
1402000,q_lt_q20,5.85
1402630,q_lt_q20,5.25
1403060,q_lt_q20,4.85
1403150,q_lt_q20,11.2
1403400,q_lt_q20,8.2
1403540,q_lt_q20,10.95
1403900,q_lt_q20,7.95
1405030,q_lt_q20,7
1405400,q_lt_q20,3.85
1406050,q_lt_q20,5.85
1407290,q_lt_q20,2.85
1407500,q_lt_q20,9.95
1408000,q_lt_q20,3.85
1408029,q_lt_q20,4.7
1408120,q_lt_q20,2.85
1408500,q_lt_q20,4.55
1408900,q_lt_q20,5
1409280,q_lt_q20,5.4
1409400,q_lt_q20,4.4
1409810,q_lt_q20,3
1410000,q_lt_q20,6.4
1410150,q_lt_q20,4.4
1410784,q_lt_q20,2.7
1410820,q_lt_q20,2.3
1411000,q_lt_q20,3.85
1411300,q_lt_q20,4.25
1411500,q_lt_q20,1.85
1412080,q_lt_q20,3.4
1412800,q_lt_q20,2.95
1413088,q_lt_q20,23.75
1413398,q_lt_q20,19.85
1413408,q_lt_q20,19.25
1413500,q_lt_q20,21.95
1414000,q_lt_q20,18.65
1414500,q_lt_q20,18
1415000,q_lt_q20,20.85
1417000,q_lt_q20,18.35
1417500,q_lt_q20,24
1420500,q_lt_q20,21.2
1421000,q_lt_q20,17.75
1421610,q_lt_q20,19.4
1421618,q_lt_q20,16
1421900,q_lt_q20,21.4
1422500,q_lt_q20,22.25
1423000,q_lt_q20,20.3
1425000,q_lt_q20,11.3
1426500,q_lt_q20,20.05
1427195,q_lt_q20,19.65
1427207,q_lt_q20,19
1427510,q_lt_q20,
1428500,q_lt_q20,16
1428750,q_lt_q20,11.95
1429000,q_lt_q20,12.75
1429301,q_lt_q20,19.25
1429500,q_lt_q20,15.75
1430000,q_lt_q20,14.05
1431500,q_lt_q20,13.8
1432110,q_lt_q20,15.9
1432495,q_lt_q20,14.85
1432900,q_lt_q20,8.35
1433500,q_lt_q20,14.75
1434000,q_lt_q20,
1434017,q_lt_q20,17.05
1434021,q_lt_q20,22.8
1434025,q_lt_q20,25.05
1434498,q_lt_q20,20
1435000,q_lt_q20,17.65
1436000,q_lt_q20,11.45
1436690,q_lt_q20,12.75
1437500,q_lt_q20,9.35
1438500,q_lt_q20,8.75
1439500,q_lt_q20,11.05
1439590,q_lt_q20,11.9
1440000,q_lt_q20,15.1
1440400,q_lt_q20,14.6
1440485,q_lt_q20,8.7
1442500,q_lt_q20,10.8
1443280,q_lt_q20,8.55
1443500,q_lt_q20,9.95
1443900,q_lt_q20,13.7
1445000,q_lt_q20,7.7
1445500,q_lt_q20,12.2
1446000,q_lt_q20,9.1
1446500,q_lt_q20,6.55
1446775,q_lt_q20,6.25
1446776,q_lt_q20,7.25
1447500,q_lt_q20,14.75
1447680,q_lt_q20,17.05
1447720,q_lt_q20,19.05
1447800,q_lt_q20,16.2
1449000,q_lt_q20,11.55
1449360,q_lt_q20,10.45
1449800,q_lt_q20,11.1
1450500,q_lt_q20,10.7
1451000,q_lt_q20,
1451380,q_lt_q20,6.55
1451400,q_lt_q20,5.85
1451500,q_lt_q20,6.7
1451630,q_lt_q20,8.95
1451650,q_lt_q20,9.4
1451800,q_lt_q20,8.95
1452000,q_lt_q20,7.55
1452500,q_lt_q20,6.65
1453000,q_lt_q20,9.8
1454700,q_lt_q20,8.25
1455290,q_lt_q20,11.8
1455500,q_lt_q20,9.85
1457000,q_lt_q20,9.95
1457500,q_lt_q20,
1459500,q_lt_q20,7.55
1460440,q_lt_q20,3.3
1463500,q_lt_q20,
1463620,q_lt_q20,2.95
1463740,q_lt_q20,5.85
1464000,q_lt_q20,5
1464290,q_lt_q20,2.3
1464500,q_lt_q20,4
1464645,q_lt_q20,8.4
1464720,q_lt_q20,7.75
1464750,q_lt_q20,7.25
1464899,q_lt_q20,8.95
1464907,q_lt_q20,8.7
1464984,q_lt_q20,7.25
1465200,q_lt_q20,7.35
1465798,q_lt_q20,5.3
1465850,q_lt_q20,1.6
1466500,q_lt_q20,6.25
1466900,q_lt_q20,3.3
1467000,q_lt_q20,3
1467042,q_lt_q20,8.7
1467048,q_lt_q20,6.55
1467081,q_lt_q20,2.3
1467086,q_lt_q20,8.25
1467150,q_lt_q20,4
1468500,q_lt_q20,9.95
1469500,q_lt_q20,18.45
1470500,q_lt_q20,8.6
1470755,q_lt_q20,7.7
1470761,q_lt_q20,11.55
1470779,q_lt_q20,7.1
1470960,q_lt_q20,9.35
1471000,q_lt_q20,6.55
1471510,q_lt_q20,12.1
1471875,q_lt_q20,8.75
1472000,q_lt_q20,9.95
1472157,q_lt_q20,7.65
1472198,q_lt_q20,5.7
1472199,q_lt_q20,4.85
1472620,q_lt_q20,6.1
1472810,q_lt_q20,7.65
1473000,q_lt_q20,6.45
1473169,q_lt_q20,7.8
1473470,q_lt_q20,8.4
1473500,q_lt_q20,
1473900,q_lt_q20,5.85
1474000,q_lt_q20,9.4
1474500,q_lt_q20,
1475001,q_lt_q20,2.7
1475530,q_lt_q20,9.95
1475548,q_lt_q20,5.5
1475850,q_lt_q20,7.25
1476480,q_lt_q20,8.4
1477000,q_lt_q20,7.55
1477120,q_lt_q20,3.7
1478100,q_lt_q20,9.2
1478120,q_lt_q20,7.95
1478245,q_lt_q20,6.95
1479820,q_lt_q20,5.65
1480300,q_lt_q20,9.5
1480400,q_lt_q20,8.8
1480500,q_lt_q20,10.1
1480617,q_lt_q20,8.1
1480675,q_lt_q20,8.8
1480685,q_lt_q20,7.25
1480700,q_lt_q20,6.65
1480870,q_lt_q20,6.05
1481000,q_lt_q20,7.25
1482500,q_lt_q20,2.4
1494850,q_lt_q20,7
1500000,q_lt_q20,20.15
1500500,q_lt_q20,15.75
1502500,q_lt_q20,15.55
1502632,q_lt_q20,10.15
1502731,q_lt_q20,8.6
1503000,q_lt_q20,7.95
1505000,q_lt_q20,8.95
1505810,q_lt_q20,12
1507000,q_lt_q20,9.05
1509000,q_lt_q20,7.35
1510000,q_lt_q20,12.35
1512500,q_lt_q20,
1513500,q_lt_q20,8.25
1513550,q_lt_q20,22.35
1513831,q_lt_q20,10.7
1514850,q_lt_q20,11.4
1515000,q_lt_q20,12.1
1516350,q_lt_q20,10.1
1516500,q_lt_q20,8.8
1518000,q_lt_q20,15.55
1518420,q_lt_q20,20
1518700,q_lt_q20,14.35
1518862,q_lt_q20,17.95
1519200,q_lt_q20,13.8
1520000,q_lt_q20,17.2
1520500,q_lt_q20,18.25
1521500,q_lt_q20,15.75
1523500,q_lt_q20,24.45
1524500,q_lt_q20,13.35
1525500,q_lt_q20,25.1
1525981,q_lt_q20,17.25
1526500,q_lt_q20,11.2
1527500,q_lt_q20,13.65
1529500,q_lt_q20,16.45
1529950,q_lt_q20,12.05
1530332,q_lt_q20,7.95
1531000,q_lt_q20,8.45
1531250,q_lt_q20,14.75
1531325,q_lt_q20,10.3
1531500,q_lt_q20,9.25
1531908,q_lt_q20,13.05
1532000,q_lt_q20,13.1
1533400,q_lt_q20,11.05
1534000,q_lt_q20,15.5
1534300,q_lt_q20,23.45
1534500,q_lt_q20,12.45
1534860,q_lt_q20,10.45
1536000,q_lt_q20,7.25
1536500,q_lt_q20,5.7
1538000,q_lt_q20,11.8
1538700,q_lt_q20,
1539000,q_lt_q20,8.05
1540500,q_lt_q20,
1541000,q_lt_q20,16.7
1541200,q_lt_q20,9.75
1541303,q_lt_q20,11.9
1541500,q_lt_q20,13.65
1542500,q_lt_q20,12.35
1542810,q_lt_q20,30.8
1543000,q_lt_q20,21.95
1543500,q_lt_q20,23.45
1543693,q_lt_q20,25.7
1543700,q_lt_q20,22.95
1544000,q_lt_q20,29.35
1544500,q_lt_q20,23.1
1545000,q_lt_q20,19.3
1545500,q_lt_q20,21.85
1545600,q_lt_q20,26.25
1546400,q_lt_q20,7.55
1546500,q_lt_q20,10.5
1547100,q_lt_q20,17.7
1547200,q_lt_q20,10.85
1547500,q_lt_q20,8.7
1547700,q_lt_q20,7.25
1547950,q_lt_q20,19.15
1548005,q_lt_q20,10.95
1548500,q_lt_q20,23.2
1549500,q_lt_q20,26.1
1549700,q_lt_q20,22.2
1549760,q_lt_q20,7.5
1550000,q_lt_q20,22.75
1551500,q_lt_q20,8.15
1552000,q_lt_q20,6.65
1552500,q_lt_q20,21.25
1553025,q_lt_q20,
1553500,q_lt_q20,4
1553700,q_lt_q20,6.75
1553850,q_lt_q20,8.25
1554000,q_lt_q20,
1555000,q_lt_q20,7.4
1555500,q_lt_q20,10.4
1556000,q_lt_q20,11.6
1557500,q_lt_q20,16.5
1558000,q_lt_q20,11.9
1559000,q_lt_q20,11.9
1560000,q_lt_q20,7.8
1562000,q_lt_q20,15.65
1563200,q_lt_q20,22.85
1563500,q_lt_q20,18.15
1564500,q_lt_q20,6.65
1564512,q_lt_q20,9.6
1564895,q_lt_q20,10.05
1565000,q_lt_q20,22.15
1566000,q_lt_q20,12.1
1567000,q_lt_q20,
1567500,q_lt_q20,7.75
1568000,q_lt_q20,8.4
1570000,q_lt_q20,4.4
1570500,q_lt_q20,7.4
1571005,q_lt_q20,5.7
1571184,q_lt_q20,15.6
1571500,q_lt_q20,5.7
1572025,q_lt_q20,11.35
1572190,q_lt_q20,22.1
1573000,q_lt_q20,8.95
1573160,q_lt_q20,6.95
1573560,q_lt_q20,7
1573660,q_lt_q20,7.85
1573695,q_lt_q20,6.7
1573710,q_lt_q20,6.7
1573825,q_lt_q20,5.9
1573849,q_lt_q20,6.65
1574000,q_lt_q20,7.45
1575500,q_lt_q20,7.15
1575598,q_lt_q20,6.6
1576000,q_lt_q20,
1576007,q_lt_q20,7.1
1576045,q_lt_q20,7.1
1576500,q_lt_q20,6.1
1576754,q_lt_q20,6.75
1576767,q_lt_q20,6.25
1576787,q_lt_q20,10.15
1577500,q_lt_q20,8.55
1578475,q_lt_q20,7.7
1601000,q_lt_q20,20.05
1604500,q_lt_q20,7.8
1605500,q_lt_q20,17.4
1606000,q_lt_q20,21.25
1606500,q_lt_q20,11.65
1607500,q_lt_q20,15.35
1608000,q_lt_q20,14.35
1608500,q_lt_q20,14
1610400,q_lt_q20,20.3
1611500,q_lt_q20,18.6
1613030,q_lt_q20,11.65
1613050,q_lt_q20,9.95
1613900,q_lt_q20,6.4
1614000,q_lt_q20,7.15
1615000,q_lt_q20,6.55
1616100,q_lt_q20,5.35
1616400,q_lt_q20,6.45
1616425,q_lt_q20,4.9
1616500,q_lt_q20,5.85
1617000,q_lt_q20,3.85
1618100,q_lt_q20,4.45
1620500,q_lt_q20,14.7
1621050,q_lt_q20,9.25
1622000,q_lt_q20,8.4
1625000,q_lt_q20,7.45
1626000,q_lt_q20,8.35
1626850,q_lt_q20,8.35
1627500,q_lt_q20,6.35
1628500,q_lt_q20,7.4
1629500,q_lt_q20,8.25
1631000,q_lt_q20,
1632000,q_lt_q20,8.25
1632082,q_lt_q20,5.95
1632900,q_lt_q20,4.8
1633000,q_lt_q20,6.35
1634000,q_lt_q20,10.65
1634500,q_lt_q20,6.4
1635500,q_lt_q20,9.55
1636316,q_lt_q20,8.35
1636464,q_lt_q20,4.85
1636500,q_lt_q20,9.1
1636690,q_lt_q20,9.95
1638350,q_lt_q20,6.9
1638420,q_lt_q20,6
1638480,q_lt_q20,6
1643500,q_lt_q20,8.7
1643590,q_lt_q20,4.85
1643700,q_lt_q20,8.05
1643805,q_lt_q20,5.85
1643880,q_lt_q20,8.55
1644000,q_lt_q20,4
1644280,q_lt_q20,5.45
1645704,q_lt_q20,6.3
1645762,q_lt_q20,5.55
1646000,q_lt_q20,10.25
1646305,q_lt_q20,7.55
1652500,q_lt_q20,12.25
1653000,q_lt_q20,13
1654000,q_lt_q20,7.8
1656000,q_lt_q20,4
1656903,q_lt_q20,6.15
1658500,q_lt_q20,6.35
1660400,q_lt_q20,9.3
1662800,q_lt_q20,6.7
1663500,q_lt_q20,5
1664000,q_lt_q20,2.5
1665500,q_lt_q20,6.45
1666500,q_lt_q20,4.35
1667500,q_lt_q20,5
1668000,q_lt_q20,9.7
1669000,q_lt_q20,4.9
1669520,q_lt_q20,1.45
1670400,q_lt_q20,4.45
1671020,q_lt_q20,1.85
1671100,q_lt_q20,5.85
1672500,q_lt_q20,6.3
1673000,q_lt_q20,1
1673550,q_lt_q20,6
1673800,q_lt_q20,3.3
1674000,q_lt_q20,2.3
1674182,q_lt_q20,2.3
1674500,q_lt_q20,2.7
2011400,q_lt_q20,23.05
2011460,q_lt_q20,22.3
2011470,q_lt_q20,17.05
2011490,q_lt_q20,23.95
2011500,q_lt_q20,23.25
2011800,q_lt_q20,14.5
2013000,q_lt_q20,17
2013100,q_lt_q20,11.35
2014000,q_lt_q20,14.4
2015700,q_lt_q20,13.75
2016000,q_lt_q20,9.8
2016500,q_lt_q20,9.1
2017500,q_lt_q20,9.55
2018000,q_lt_q20,14
2018500,q_lt_q20,16.75
2019500,q_lt_q20,13.65
2020500,q_lt_q20,9.75
2021500,q_lt_q20,10.15
2022500,q_lt_q20,9.25
2024000,q_lt_q20,9.35
2024752,q_lt_q20,9.5
2024915,q_lt_q20,22.05
2025500,q_lt_q20,13.25
2025652,q_lt_q20,5.8
2026000,q_lt_q20,6.65
2027000,q_lt_q20,5.55
2027500,q_lt_q20,5.65
2028500,q_lt_q20,9.85
2029000,q_lt_q20,6.15
2030000,q_lt_q20,6.85
2030500,q_lt_q20,8.3
2031000,q_lt_q20,8.5
2032250,q_lt_q20,8.15
2032640,q_lt_q20,6.95
2034000,q_lt_q20,5.9
2035000,q_lt_q20,4.3
2036500,q_lt_q20,4.3
2037000,q_lt_q20,5.7
2037500,q_lt_q20,
2038850,q_lt_q20,7.7
2039000,q_lt_q20,5.15
2039500,q_lt_q20,3.85
2040000,q_lt_q20,2.65
2040892,q_lt_q20,2.85
2041000,q_lt_q20,2
2041650,q_lt_q20,4.45
2042500,q_lt_q20,0.55
2044500,q_lt_q20,4.45
2045320,q_lt_q20,3.95
2045500,q_lt_q20,0.25
2046000,q_lt_q20,4
2047000,q_lt_q20,1.85
2047500,q_lt_q20,0
2047783,q_lt_q20,0
2049500,q_lt_q20,0.45
2051000,q_lt_q20,6.75
2051190,q_lt_q20,4.45
2051500,q_lt_q20,2.85
2052000,q_lt_q20,0.85
2052090,q_lt_q20,0.85
2053800,q_lt_q20,16.9
2054500,q_lt_q20,11.25
2054530,q_lt_q20,12.05
2055000,q_lt_q20,11.95
2055100,q_lt_q20,13.3
2056000,q_lt_q20,11.45
2056650,q_lt_q20,9.2
2056900,q_lt_q20,7.7
2058400,q_lt_q20,7.25
2059500,q_lt_q20,12.05
2060500,q_lt_q20,9.45
2061500,q_lt_q20,5.15
2062500,q_lt_q20,5.55
2064000,q_lt_q20,7.3
2065500,q_lt_q20,4.85
2066000,q_lt_q20,2.85
2069700,q_lt_q20,7.4
2070000,q_lt_q20,8.25
2071530,q_lt_q20,9.8
2072000,q_lt_q20,9.8
2072500,q_lt_q20,6.9
2073000,q_lt_q20,6.05
2074500,q_lt_q20,7.3
2075045,q_lt_q20,4.15
2075500,q_lt_q20,4.45
2076000,q_lt_q20,5.45
2077000,q_lt_q20,2.95
2079640,q_lt_q20,4.7
2086849,q_lt_q20,2.95
2090504,q_lt_q20,0.45
2091814,q_lt_q20,0
2097280,q_lt_q20,2.3
2097386,q_lt_q20,5.85
2098206,q_lt_q20,3.3
2102907,q_lt_q20,3.45
2108000,q_lt_q20,0.3
2123500,q_lt_q20,6.45
2123629,q_lt_q20,3
2145910,q_lt_q20,4.45
2147500,q_lt_q20,3.15
2168810,q_lt_q20,4.6
2171500,q_lt_q20,0
2174000,q_lt_q20,0.55
2175025,q_lt_q20,0
2175500,q_lt_q20,0
2176930,q_lt_q20,16.4
2177000,q_lt_q20,11.6
2180400,q_lt_q20,8.7
2181350,q_lt_q20,13.8
2181580,q_lt_q20,17.65
2185010,q_lt_q20,8.65
2186645,q_lt_q20,5.85
2191227,q_lt_q20,5
2191300,q_lt_q20,5.85
2192000,q_lt_q20,2.85
2193340,q_lt_q20,2.6
2193500,q_lt_q20,3
2195320,q_lt_q20,2.55
2197020,q_lt_q20,2.15
2197598,q_lt_q20,1.45
2197830,q_lt_q20,1
2198000,q_lt_q20,0
2198100,q_lt_q20,0
2198690,q_lt_q20,0
2200120,q_lt_q20,1.85
2201000,q_lt_q20,0
2202190,q_lt_q20,0
2202500,q_lt_q20,0
2202600,q_lt_q20,0
2202680,q_lt_q20,0
2203000,q_lt_q20,0
2203518,q_lt_q20,0
2203557,q_lt_q20,0
2203831,q_lt_q20,4.8
2203863,q_lt_q20,3.35
2203873,q_lt_q20,4.4
2203900,q_lt_q20,4.25
2203950,q_lt_q20,4.25
2203960,q_lt_q20,2.8
2204037,q_lt_q20,5.5
2204070,q_lt_q20,6.65
2204130,q_lt_q20,3.7
2204285,q_lt_q20,4.15
2205865,q_lt_q20,5.15
2206500,q_lt_q20,5.65
2207120,q_lt_q20,4.95
2207135,q_lt_q20,7.1
2207160,q_lt_q20,5.8
2207220,q_lt_q20,5.8
2207335,q_lt_q20,5.85
2207385,q_lt_q20,4.9
2207400,q_lt_q20,4
2207418,q_lt_q20,9.2
2207448,q_lt_q20,5.8
2208000,q_lt_q20,6.1
2208150,q_lt_q20,5.85
2208450,q_lt_q20,3.85
2208485,q_lt_q20,2.15
2208487,q_lt_q20,5.3
2208493,q_lt_q20,2.85
2209000,q_lt_q20,2.15
2209360,q_lt_q20,1.85
2210500,q_lt_q20,4.7
2211800,q_lt_q20,3.15
2212600,q_lt_q20,1.3
2212735,q_lt_q20,3.15
2213000,q_lt_q20,6
2213500,q_lt_q20,2.7
2214075,q_lt_q20,1.55
2214590,q_lt_q20,1
2215000,q_lt_q20,3.6
2215100,q_lt_q20,1.95
2215260,q_lt_q20,0.45
2215500,q_lt_q20,1.45
2216180,q_lt_q20,1.45
2217274,q_lt_q20,4.4
2217297,q_lt_q20,4.15
2217475,q_lt_q20,5.25
2217500,q_lt_q20,5
2217615,q_lt_q20,4.55
2217643,q_lt_q20,3.8
2217770,q_lt_q20,5.45
2218300,q_lt_q20,3.15
2218900,q_lt_q20,2.85
2219000,q_lt_q20,3.85
2220788,q_lt_q20,4.3
2220900,q_lt_q20,4.3
2223000,q_lt_q20,3.85
2223056,q_lt_q20,1.85
2223110,q_lt_q20,0.85
2223190,q_lt_q20,1
2223248,q_lt_q20,0.45
2223360,q_lt_q20,1.3
2223500,q_lt_q20,1.45
2224500,q_lt_q20,0
2224940,q_lt_q20,0
2225000,q_lt_q20,1.55
2225270,q_lt_q20,0.45
2225500,q_lt_q20,0.45
2226000,q_lt_q20,0.45
2226500,q_lt_q20,0
2227270,q_lt_q20,0
2227500,q_lt_q20,0
2228000,q_lt_q20,0.3
2228500,q_lt_q20,0
2231000,q_lt_q20,1.95
2231291,q_lt_q20,
2231322,q_lt_q20,0.4
2231342,q_lt_q20,2.4
2231396,q_lt_q20,2.8
2231600,q_lt_q20,3.8
2232000,q_lt_q20,1.85
2232155,q_lt_q20,6.1
2232200,q_lt_q20,4.75
2232400,q_lt_q20,1.8
2232500,q_lt_q20,1.15
2233475,q_lt_q20,3.95
2233484,q_lt_q20,2.8
2233500,q_lt_q20,3.8
2234000,q_lt_q20,
2234308,q_lt_q20,2.4
2234324,q_lt_q20,2.35
2234344,q_lt_q20,2.35
2234384,q_lt_q20,0.85
2234400,q_lt_q20,1.8
2234435,q_lt_q20,1.8
2234500,q_lt_q20,
2234990,q_lt_q20,3.95
2235000,q_lt_q20,1.8
2235200,q_lt_q20,2.8
2235500,q_lt_q20,2.4
2236000,q_lt_q20,2.1
2236125,q_lt_q20,3.4
2236160,q_lt_q20,1.85
2236350,q_lt_q20,3.8
2236500,q_lt_q20,2.5
2236605,q_lt_q20,1.95
2236900,q_lt_q20,
2237293,q_lt_q20,2
2237734,q_lt_q20,2.95
2238500,q_lt_q20,1
2239000,q_lt_q20,1.85
2239501,q_lt_q20,1.7
2240000,q_lt_q20,0.85
2240500,q_lt_q20,1
2243000,q_lt_q20,1.55
2243960,q_lt_q20,1
2244040,q_lt_q20,
2244333,q_lt_q20,1.8
2244440,q_lt_q20,1
2245260,q_lt_q20,3.45
2245500,q_lt_q20,2.3
2246000,q_lt_q20,2
2246160,q_lt_q20,1.7
2246318,q_lt_q20,0.95
2246459,q_lt_q20,1.45
2246500,q_lt_q20,
2246515,q_lt_q20,1
2246518,q_lt_q20,3
2246621,q_lt_q20,2.85
2246751,q_lt_q20,2.6
2246804,q_lt_q20,2
2246825,q_lt_q20,
2247510,q_lt_q20,1.95
2248000,q_lt_q20,4.8
2249007,q_lt_q20,13.4
2249500,q_lt_q20,3.15
2250030,q_lt_q20,2.8
2251000,q_lt_q20,2.8
2251500,q_lt_q20,2.25
2251767,q_lt_q20,4.1
2252500,q_lt_q20,3.8
2253000,q_lt_q20,6.4
2255600,q_lt_q20,2.95
2258800,q_lt_q20,4.85
2262900,q_lt_q20,3.4
2263800,q_lt_q20,2.95
2264000,q_lt_q20,2.8
2264003,q_lt_q20,2.95
2264030,q_lt_q20,2.35
2264051,q_lt_q20,3.95
2264060,q_lt_q20,2.8
2264100,q_lt_q20,3.9
2264141,q_lt_q20,2
2264495,q_lt_q20,1.8
2266025,q_lt_q20,1.95
2266200,q_lt_q20,3.35
2266291,q_lt_q20,1.95
2266293,q_lt_q20,1.95
2266295,q_lt_q20,2.95
2266300,q_lt_q20,4.05
2266480,q_lt_q20,3.95
2266496,q_lt_q20,1.95
2266500,q_lt_q20,1.4
2268390,q_lt_q20,1.85
2269520,q_lt_q20,2
2270000,q_lt_q20,2
2270500,q_lt_q20,1.95
2271500,q_lt_q20,2.5
2272650,q_lt_q20,2.35
2272676,q_lt_q20,3.7
2273230,q_lt_q20,3.85
2273630,q_lt_q20,4.2
2274005,q_lt_q20,4.95
2274010,q_lt_q20,3.8
2274325,q_lt_q20,3.25
2274490,q_lt_q20,3.8
2274505,q_lt_q20,4.25
2275197,q_lt_q20,3.65
2287497,q_lt_q20,5.45
2289035,q_lt_q20,2.95
2289080,q_lt_q20,4.8
2290767,q_lt_q20,7.95
2291001,q_lt_q20,0.85
2291580,q_lt_q20,3.15
2291597,q_lt_q20,2.15
2291669,q_lt_q20,5.95
2291673,q_lt_q20,3.85
2291710,q_lt_q20,3.95
2292900,q_lt_q20,2.85
2293230,q_lt_q20,2.55
2293262,q_lt_q20,4.95
2293987,q_lt_q20,2.3
2294161,q_lt_q20,2.75
2294217,q_lt_q20,1.15
2294261,q_lt_q20,2.85
2294290,q_lt_q20,0.5
2294330,q_lt_q20,1
2294405,q_lt_q20,1.45
2294650,q_lt_q20,2.4
2294655,q_lt_q20,2
2294747,q_lt_q20,1.45
2294759,q_lt_q20,2.15
2294760,q_lt_q20,1.85
2294775,q_lt_q20,1.3
2294781,q_lt_q20,1.05
2294898,q_lt_q20,2.15
2295013,q_lt_q20,3
2295163,q_lt_q20,1
2295194,q_lt_q20,1.45
2295420,q_lt_q20,1.45
2295580,q_lt_q20,1
2295637,q_lt_q20,2.8
2296260,q_lt_q20,2.9
2296500,q_lt_q20,0.5
2296750,q_lt_q20,2.4
2297100,q_lt_q20,0.45
2297155,q_lt_q20,4
2297251,q_lt_q20,4
2297310,q_lt_q20,2
2297600,q_lt_q20,1.95
2298110,q_lt_q20,1.95
2298123,q_lt_q20,2.9
2298202,q_lt_q20,1.55
2298488,q_lt_q20,2.7
2298492,q_lt_q20,2.4
2298495,q_lt_q20,0.6
2298527,q_lt_q20,2.3
2298530,q_lt_q20,2
2298554,q_lt_q20,3.15
2298608,q_lt_q20,0.5
2298760,q_lt_q20,2.1
2298830,q_lt_q20,0.45
2298880,q_lt_q20,0.9
2299260,q_lt_q20,3
2299410,q_lt_q20,0.3
2299450,q_lt_q20,3.45
2299472,q_lt_q20,2
2299861,q_lt_q20,1.45
2299950,q_lt_q20,2
2300017,q_lt_q20,0.6
2300018,q_lt_q20,1.45
2300033,q_lt_q20,2.35
2300042,q_lt_q20,3.95
2300075,q_lt_q20,0.5
2300082,q_lt_q20,0.45
2300100,q_lt_q20,1.15
2300210,q_lt_q20,2.7
2300300,q_lt_q20,1
2300500,q_lt_q20,1.95
2300700,q_lt_q20,1.85
2300882,q_lt_q20,2.45
2301000,q_lt_q20,2
2301150,q_lt_q20,0.85
2301300,q_lt_q20,1.85
2301500,q_lt_q20,0.85
2301718,q_lt_q20,1.6
2301738,q_lt_q20,1
2301740,q_lt_q20,1.15
2301745,q_lt_q20,2.7
2301750,q_lt_q20,2.4
2301793,q_lt_q20,6.35
2301900,q_lt_q20,2
2301990,q_lt_q20,2.9
2302010,q_lt_q20,2.15
2302500,q_lt_q20,1.5
2303000,q_lt_q20,1
2303205,q_lt_q20,2.4
2303330,q_lt_q20,2.85
2303348,q_lt_q20,3.4
2303350,q_lt_q20,2
2303400,q_lt_q20,0.6
2303410,q_lt_q20,1.95
2303420,q_lt_q20,2.8
2303800,q_lt_q20,3
2304000,q_lt_q20,3.95
2304500,q_lt_q20,5.15
2305851,q_lt_q20,4.3
2306500,q_lt_q20,2.8
2306647,q_lt_q20,8.35
2306774,q_lt_q20,3.25
2306950,q_lt_q20,3.25
2307000,q_lt_q20,3.3
2307200,q_lt_q20,2
2307323,q_lt_q20,2
2307359,q_lt_q20,1.85
2307445,q_lt_q20,1
2307498,q_lt_q20,0.5
2307668,q_lt_q20,3.95
2307674,q_lt_q20,1.85
2307780,q_lt_q20,2.85
2308950,q_lt_q20,6.55
2309415,q_lt_q20,4
2309421,q_lt_q20,3
2309447,q_lt_q20,2.15
2309740,q_lt_q20,1
2310000,q_lt_q20,3
2310280,q_lt_q20,0.5
2310286,q_lt_q20,0.85
2310288,q_lt_q20,0.85
2310300,q_lt_q20,2.9
2310308,q_lt_q20,2.25
2310525,q_lt_q20,1
2310678,q_lt_q20,2
2310688,q_lt_q20,2.3
2310740,q_lt_q20,2
2310743,q_lt_q20,2.85
2310947,q_lt_q20,4
2311500,q_lt_q20,3
2312000,q_lt_q20,1.15
2312180,q_lt_q20,3
2312200,q_lt_q20,3.4
2312300,q_lt_q20,0.35
2312500,q_lt_q20,1.85
2312558,q_lt_q20,0.7
2312598,q_lt_q20,2.45
2312600,q_lt_q20,2.45
2312640,q_lt_q20,3.85
2312645,q_lt_q20,3.85
2312667,q_lt_q20,3.85
2312675,q_lt_q20,4
2312700,q_lt_q20,4.25
2312720,q_lt_q20,2.3
2312722,q_lt_q20,1.85
2312762,q_lt_q20,2.95
2312764,q_lt_q20,5
2313000,q_lt_q20,3.55
2313098,q_lt_q20,3.7
2313100,q_lt_q20,4.6
2313230,q_lt_q20,6.85
2313250,q_lt_q20,4.3
2313700,q_lt_q20,5.85
2314500,q_lt_q20,0.55
2315500,q_lt_q20,0
2315550,q_lt_q20,0.45
2316000,q_lt_q20,2.45
2317500,q_lt_q20,1
2317620,q_lt_q20,0.7
2317797,q_lt_q20,3
2318000,q_lt_q20,3.45
2318380,q_lt_q20,1.6
2318500,q_lt_q20,1
2319000,q_lt_q20,2
2319302,q_lt_q20,0.3
2319394,q_lt_q20,0.85
2319500,q_lt_q20,1.95
2319800,q_lt_q20,1.4
2319950,q_lt_q20,0.9
2320000,q_lt_q20,1.45
2320700,q_lt_q20,1
2321000,q_lt_q20,0.45
2321500,q_lt_q20,0.55
2321898,q_lt_q20,0
2321958,q_lt_q20,1.45
2322500,q_lt_q20,0.55
2322688,q_lt_q20,3.45
2322700,q_lt_q20,1.2
2322800,q_lt_q20,2.6
2323000,q_lt_q20,0
2323500,q_lt_q20,3
2323502,q_lt_q20,2
2323566,q_lt_q20,1
2324000,q_lt_q20,1.85
2324400,q_lt_q20,0
2325000,q_lt_q20,0.7
2326000,q_lt_q20,0.85
2326500,q_lt_q20,0.15
2326526,q_lt_q20,3.85
2326900,q_lt_q20,0.45
2327033,q_lt_q20,1
2327100,q_lt_q20,3
2327355,q_lt_q20,4.45
2328522,q_lt_q20,1.4
2329000,q_lt_q20,1.3
2329342,q_lt_q20,4.15
2329500,q_lt_q20,2.95
2329600,q_lt_q20,1.6
2330000,q_lt_q20,1.45
2330100,q_lt_q20,0
2330150,q_lt_q20,1
2330400,q_lt_q20,1.4
2330450,q_lt_q20,9.25
2331000,q_lt_q20,7
2331600,q_lt_q20,9.45
2333500,q_lt_q20,6.4
2334430,q_lt_q20,10.5
2334480,q_lt_q20,5.65
2334578,q_lt_q20,5.25
2334620,q_lt_q20,6.65
2334653,q_lt_q20,5
2335000,q_lt_q20,5.8
2335450,q_lt_q20,6.65
2335580,q_lt_q20,3.5
2335757,q_lt_q20,3.65
2335790,q_lt_q20,3.95
2335815,q_lt_q20,
2335910,q_lt_q20,7.55
2336030,q_lt_q20,10
2336106,q_lt_q20,7.55
2336120,q_lt_q20,4.8
2336152,q_lt_q20,5.65
2336240,q_lt_q20,3.7
2336300,q_lt_q20,4.95
2336340,q_lt_q20,4.35
2336360,q_lt_q20,5.8
2336410,q_lt_q20,6.5
2336526,q_lt_q20,5.8
2336728,q_lt_q20,6.1
2336840,q_lt_q20,3.65
2336870,q_lt_q20,4.4
2336910,q_lt_q20,8.55
2336968,q_lt_q20,4.35
2336986,q_lt_q20,4.4
2337000,q_lt_q20,5
2337040,q_lt_q20,4.15
2337170,q_lt_q20,3.85
2337410,q_lt_q20,6.85
2337498,q_lt_q20,5.55
2337500,q_lt_q20,4.3
2338000,q_lt_q20,4.7
2338500,q_lt_q20,5.7
2338523,q_lt_q20,6.15
2338660,q_lt_q20,3.55
2338840,q_lt_q20,2.55
2339495,q_lt_q20,2.45
2339500,q_lt_q20,2.85
2341460,q_lt_q20,7.3
2342500,q_lt_q20,1.45
2342850,q_lt_q20,1.45
2342881,q_lt_q20,0.45
2343225,q_lt_q20,2.85
2343940,q_lt_q20,2.05
2344143,q_lt_q20,14.2
2344350,q_lt_q20,5
2344396,q_lt_q20,3.85
2344424,q_lt_q20,3.85
2344478,q_lt_q20,3
2344500,q_lt_q20,2.85
2344605,q_lt_q20,4.7
2344620,q_lt_q20,2.85
2344655,q_lt_q20,4
2344673,q_lt_q20,3.8
2344700,q_lt_q20,5
2344872,q_lt_q20,3
2346180,q_lt_q20,5.45
2346310,q_lt_q20,2.35
2347500,q_lt_q20,1.85
2349605,q_lt_q20,0
2349900,q_lt_q20,2.85
2350512,q_lt_q20,2
2350600,q_lt_q20,1.45
2350900,q_lt_q20,1.95
2351500,q_lt_q20,2.15
2351890,q_lt_q20,2.95
2352500,q_lt_q20,4.55
2353000,q_lt_q20,2.45
2353265,q_lt_q20,3.45
2353400,q_lt_q20,2.45
2353500,q_lt_q20,2.45
2354350,q_lt_q20,2.85
2354475,q_lt_q20,2.95
2354500,q_lt_q20,2.5
2354800,q_lt_q20,3.15
2355350,q_lt_q20,5.15
2355662,q_lt_q20,2
2356000,q_lt_q20,2.85
2357000,q_lt_q20,2.85
2357150,q_lt_q20,1.45
2358000,q_lt_q20,
2358700,q_lt_q20,0.45
2358789,q_lt_q20,2
2359000,q_lt_q20,3.45
2359170,q_lt_q20,0
2359500,q_lt_q20,1.8
2361000,q_lt_q20,4
2361500,q_lt_q20,2.45
2363000,q_lt_q20,0
2364500,q_lt_q20,1.95
2365200,q_lt_q20,1
2365470,q_lt_q20,1
2365500,q_lt_q20,0.45
2365769,q_lt_q20,0.45
2366000,q_lt_q20,0.85
2366500,q_lt_q20,1
2366996,q_lt_q20,3.1
2367900,q_lt_q20,2.95
2368000,q_lt_q20,0.3
2368500,q_lt_q20,5
2369000,q_lt_q20,1
2369800,q_lt_q20,0.7
2370000,q_lt_q20,2
2370500,q_lt_q20,0
2371500,q_lt_q20,0.3
2372250,q_lt_q20,0.3
2373000,q_lt_q20,1
2374250,q_lt_q20,0
2374500,q_lt_q20,0
2374700,q_lt_q20,0
2374745,q_lt_q20,1
2374950,q_lt_q20,2
2375500,q_lt_q20,0.45
2376033,q_lt_q20,0.85
2376100,q_lt_q20,0
2376115,q_lt_q20,0.1
2376293,q_lt_q20,3.85
2376500,q_lt_q20,0.3
2377570,q_lt_q20,2.7
2379500,q_lt_q20,8.9
2380500,q_lt_q20,7.95
2381090,q_lt_q20,10.2
2381600,q_lt_q20,7.2
2382500,q_lt_q20,6.6
2383500,q_lt_q20,2.7
2384500,q_lt_q20,0.95
2384540,q_lt_q20,15.1
2385170,q_lt_q20,1.5
2385500,q_lt_q20,5.5
2385800,q_lt_q20,2.15
2387000,q_lt_q20,3.95
2387500,q_lt_q20,2.65
2387600,q_lt_q20,2.95
2388320,q_lt_q20,8.3
2388350,q_lt_q20,3.25
2388500,q_lt_q20,4.15
2388975,q_lt_q20,9.35
2389150,q_lt_q20,3.8
2390000,q_lt_q20,10.7
2390050,q_lt_q20,10.65
2390140,q_lt_q20,4.55
2391540,q_lt_q20,5.85
2391840,q_lt_q20,6.2
2391860,q_lt_q20,8.35
2392000,q_lt_q20,5.8
2392360,q_lt_q20,7.1
2392780,q_lt_q20,4.2
2392920,q_lt_q20,5.85
2392950,q_lt_q20,4.55
2392975,q_lt_q20,3.65
2393377,q_lt_q20,5.8
2393419,q_lt_q20,6.8
2394000,q_lt_q20,7.65
2394670,q_lt_q20,2.95
2394682,q_lt_q20,5.8
2394820,q_lt_q20,3.25
2395000,q_lt_q20,4.35
2395120,q_lt_q20,1.8
2395980,q_lt_q20,2.4
2397000,q_lt_q20,4.45
2397530,q_lt_q20,2.25
2398000,q_lt_q20,4.8
2398300,q_lt_q20,3.25
2399200,q_lt_q20,9.5
2400100,q_lt_q20,1.55
2400680,q_lt_q20,6.55
2401000,q_lt_q20,8.15
2401390,q_lt_q20,2.85
2401895,q_lt_q20,1.95
2403310,q_lt_q20,2
2404400,q_lt_q20,2.3
2405500,q_lt_q20,2.3
2406500,q_lt_q20,2.3
2406930,q_lt_q20,1.95
2407000,q_lt_q20,
2407514,q_lt_q20,1.45
2408150,q_lt_q20,2.7
2408540,q_lt_q20,4.7
2411930,q_lt_q20,3.85
2412000,q_lt_q20,4.95
2413000,q_lt_q20,3.25
2413210,q_lt_q20,2.95
2413300,q_lt_q20,4.4
2414500,q_lt_q20,4.45
2414715,q_lt_q20,4.35
2415000,q_lt_q20,3.3
2418230,q_lt_q20,3.3
2418760,q_lt_q20,5.85
2419000,q_lt_q20,0.3
2419890,q_lt_q20,0.85
2420000,q_lt_q20,2
2421000,q_lt_q20,0
2422500,q_lt_q20,2.3
2423130,q_lt_q20,4.7
2423160,q_lt_q20,4.4
2423380,q_lt_q20,7.45
2423397,q_lt_q20,4.85
2423400,q_lt_q20,4.85
2423414,q_lt_q20,3.85
2423425,q_lt_q20,3.45
2423496,q_lt_q20,5.45
2423500,q_lt_q20,5.25
2423555,q_lt_q20,2.95
2423571,q_lt_q20,8.25
2423630,q_lt_q20,2.55
2424000,q_lt_q20,3.3
2425000,q_lt_q20,0
2427250,q_lt_q20,0.3
2428400,q_lt_q20,
2430085,q_lt_q20,2.45
2430680,q_lt_q20,2
2430880,q_lt_q20,1.85
2431000,q_lt_q20,0
2432500,q_lt_q20,0
2433500,q_lt_q20,0
2436500,q_lt_q20,0.45
2438000,q_lt_q20,1.45
2439400,q_lt_q20,0
2442500,q_lt_q20,0.9
2443500,q_lt_q20,0.95
2444160,q_lt_q20,1.45
2446500,q_lt_q20,0
2447025,q_lt_q20,0
2448000,q_lt_q20,0
2448500,q_lt_q20,0
2448900,q_lt_q20,0
2449838,q_lt_q20,3.65
2449882,q_lt_q20,5.7
2450000,q_lt_q20,3.85
2450180,q_lt_q20,7.55
2450250,q_lt_q20,6.4
2450825,q_lt_q20,3.15
2453000,q_lt_q20,0.85
2453500,q_lt_q20,3.6
2454000,q_lt_q20,4
2455000,q_lt_q20,3.85
2455185,q_lt_q20,8.1
2455980,q_lt_q20,5.7
2456000,q_lt_q20,5.6
2456500,q_lt_q20,5.45
2457595,q_lt_q20,4.85
2457704,q_lt_q20,7.65
2458190,q_lt_q20,2.85
2458450,q_lt_q20,4.3
2458502,q_lt_q20,2.45
2458600,q_lt_q20,3.3
2461192,q_lt_q20,4.85
2461500,q_lt_q20,3.85
2462000,q_lt_q20,4.85
2464000,q_lt_q20,6.15
2465000,q_lt_q20,
2465292,q_lt_q20,0.3
2465493,q_lt_q20,0
2467000,q_lt_q20,0
2467500,q_lt_q20,0.7
2469525,q_lt_q20,0.3
2469761,q_lt_q20,
2469800,q_lt_q20,1.7
2470072,q_lt_q20,1.15
2471001,q_lt_q20,0.45
2472000,q_lt_q20,0.3
2472500,q_lt_q20,0
2472850,q_lt_q20,0
2472980,q_lt_q20,1
2473000,q_lt_q20,1.85
2474560,q_lt_q20,0
2475000,q_lt_q20,0.3
2475500,q_lt_q20,1.3
2476500,q_lt_q20,1.25
2476600,q_lt_q20,0.45
2477000,q_lt_q20,0
2477045,q_lt_q20,0.95
2478500,q_lt_q20,0.45
2479000,q_lt_q20,0
2479130,q_lt_q20,0
2479155,q_lt_q20,1.85
2479300,q_lt_q20,0
2479945,q_lt_q20,1.3
2479980,q_lt_q20,0
2480002,q_lt_q20,3.95
2480020,q_lt_q20,0
2481880,q_lt_q20,0
2482000,q_lt_q20,0.85
2482470,q_lt_q20,0
2482550,q_lt_q20,0
2483000,q_lt_q20,0.85
2483500,q_lt_q20,0
2484000,q_lt_q20,1.45
2484500,q_lt_q20,0
2485735,q_lt_q20,0
2486000,q_lt_q20,0
2487500,q_lt_q20,0
2488500,q_lt_q20,0
2489000,q_lt_q20,0
2489500,q_lt_q20,0
2490500,q_lt_q20,0.3
2492000,q_lt_q20,0
2492343,q_lt_q20,0
2492360,q_lt_q20,0
3007800,q_lt_q20,19.55
3010500,q_lt_q20,14.9
3010655,q_lt_q20,14.45
3010820,q_lt_q20,7.6
3011020,q_lt_q20,11.3
3011800,q_lt_q20,25.55
3012550,q_lt_q20,21.3
3014500,q_lt_q20,13.65
3015000,q_lt_q20,12.5
3015310,q_lt_q20,15.1
3015500,q_lt_q20,15.25
3016000,q_lt_q20,21.3
3017500,q_lt_q20,20.7
3020000,q_lt_q20,20.85
3020500,q_lt_q20,20.9
3021350,q_lt_q20,9.35
3021520,q_lt_q20,9.25
3022540,q_lt_q20,14.6
3022554,q_lt_q20,8.35
3023100,q_lt_q20,9.25
3024000,q_lt_q20,24.35
3025500,q_lt_q20,18.45
3026480,q_lt_q20,17.85
3026500,q_lt_q20,20.5
3027500,q_lt_q20,24.05
3028000,q_lt_q20,22.15
3028500,q_lt_q20,24.75
3029000,q_lt_q20,10.45
3029500,q_lt_q20,21.6
3030500,q_lt_q20,23.65
3031500,q_lt_q20,
3031882,q_lt_q20,11.25
3032500,q_lt_q20,22.95
3034000,q_lt_q20,10.9
3034500,q_lt_q20,11.85
3036000,q_lt_q20,11.75
3036500,q_lt_q20,
3038000,q_lt_q20,7.2
3039000,q_lt_q20,9.3
3040000,q_lt_q20,14.15
3041029,q_lt_q20,15.45
3041500,q_lt_q20,9.45
3042000,q_lt_q20,7.45
3042280,q_lt_q20,24
3042500,q_lt_q20,9.3
3044000,q_lt_q20,12.3
3044810,q_lt_q20,17.35
3045000,q_lt_q20,15.8
3047000,q_lt_q20,14
3048500,q_lt_q20,12.45
3048900,q_lt_q20,15.75
3049500,q_lt_q20,
3049800,q_lt_q20,11.25
3049807,q_lt_q20,10.65
3050000,q_lt_q20,9.75
3051000,q_lt_q20,11.8
3052000,q_lt_q20,15.75
3052120,q_lt_q20,15.05
3052500,q_lt_q20,15.95
3053500,q_lt_q20,17.45
3054500,q_lt_q20,16.2
3056000,q_lt_q20,14.3
3056250,q_lt_q20,18.55
3057000,q_lt_q20,8.6
3058000,q_lt_q20,22.75
3058500,q_lt_q20,9.9
3058975,q_lt_q20,12.45
3061000,q_lt_q20,6.25
3061500,q_lt_q20,7.2
3062500,q_lt_q20,13.45
3065000,q_lt_q20,24.85
3066000,q_lt_q20,12.35
3067510,q_lt_q20,19.25
3068800,q_lt_q20,28.35
3069500,q_lt_q20,9.65
3070260,q_lt_q20,17.8
3070500,q_lt_q20,22.25
3072000,q_lt_q20,8.95
3072655,q_lt_q20,10.75
3073000,q_lt_q20,10.7
3074500,q_lt_q20,12
3077500,q_lt_q20,19.05
3079000,q_lt_q20,25.15
3080000,q_lt_q20,20.8
3081000,q_lt_q20,19.6
3081500,q_lt_q20,19.5
3082500,q_lt_q20,9.85
3083500,q_lt_q20,9.65
3085500,q_lt_q20,7.5
3086000,q_lt_q20,
3090500,q_lt_q20,4.65
3091500,q_lt_q20,4.75
3092460,q_lt_q20,6.7
3093000,q_lt_q20,3.7
3094000,q_lt_q20,3.4
3094704,q_lt_q20,5.25
3095500,q_lt_q20,
3098600,q_lt_q20,9.65
3099500,q_lt_q20,10.65
3101500,q_lt_q20,7.1
3102500,q_lt_q20,9.85
3102850,q_lt_q20,7.95
3103500,q_lt_q20,8.55
3105500,q_lt_q20,9.9
3106000,q_lt_q20,6.1
3106300,q_lt_q20,8.9
3106500,q_lt_q20,10.3
3598185,q_lt_q20,2.85
3599240,q_lt_q20,2.85
3599419,q_lt_q20,4.7
3599500,q_lt_q20,4.85
3601600,q_lt_q20,3.25
3601990,q_lt_q20,5.6
3602500,q_lt_q20,3
3603000,q_lt_q20,5.05
3604000,q_lt_q20,3.85
3604400,q_lt_q20,3.6
3605078,q_lt_q20,2.3
3606500,q_lt_q20,0
3610200,q_lt_q20,0.6
3611260,q_lt_q20,0
3612000,q_lt_q20,2.15
3612600,q_lt_q20,
4010500,q_lt_q20,15.8
4015438,q_lt_q20,10.15
4021520,q_lt_q20,4.55
4024000,q_lt_q20,
4024430,q_lt_q20,4.7
4025500,q_lt_q20,6.7
4026160,q_lt_q20,8.35
4026561,q_lt_q20,6.25
4026740,q_lt_q20,1.25
4027000,q_lt_q20,3.85
4027500,q_lt_q20,2.7
4031000,q_lt_q20,3.65
4033000,q_lt_q20,7.6
4037500,q_lt_q20,10.95
4040000,q_lt_q20,4.4
4040500,q_lt_q20,4.25
4041500,q_lt_q20,8.1
4043016,q_lt_q20,20.55
4043050,q_lt_q20,22.8
4043097,q_lt_q20,3.25
4044003,q_lt_q20,5.15
4044724,q_lt_q20,7.1
4045500,q_lt_q20,2.7
4056500,q_lt_q20,3.7
4057510,q_lt_q20,5.85
4057800,q_lt_q20,12.2
4057813,q_lt_q20,13
4057814,q_lt_q20,11.5
4058100,q_lt_q20,7.95
4058200,q_lt_q20,10.95
4059000,q_lt_q20,7.95
4059500,q_lt_q20,3.7
4059750,q_lt_q20,3.7
4060500,q_lt_q20,8.35
4060993,q_lt_q20,8.05
4062000,q_lt_q20,7.15
4062011,q_lt_q20,8.1
4062500,q_lt_q20,10.55
4063000,q_lt_q20,7.25
4063522,q_lt_q20,8.7
4063700,q_lt_q20,9.25
4064500,q_lt_q20,6.25
4065106,q_lt_q20,9.9
4065650,q_lt_q20,3.55
4065722,q_lt_q20,
4066003,q_lt_q20,6.4
4066030,q_lt_q20,7.25
4066500,q_lt_q20,7.9
4066800,q_lt_q20,4.7
4067500,q_lt_q20,5.65
4067958,q_lt_q20,4.4
4069416,q_lt_q20,5.1
4071000,q_lt_q20,4.25
4072076,q_lt_q20,1.1
4072150,q_lt_q20,3.1
4073240,q_lt_q20,3.5
4073365,q_lt_q20,2.4
4073458,q_lt_q20,1.25
4073466,q_lt_q20,4.1
4073500,q_lt_q20,2.25
4074950,q_lt_q20,9.65
4077630,q_lt_q20,7.25
4078500,q_lt_q20,3.2
4079000,q_lt_q20,3.35
4080798,q_lt_q20,6.65
4082400,q_lt_q20,4.4
4084911,q_lt_q20,2.25
4085108,q_lt_q20,1.4
4085427,q_lt_q20,3.85
4086000,q_lt_q20,1.95
4087030,q_lt_q20,3.25
4087220,q_lt_q20,1.7
4087233,q_lt_q20,1.25
4087234,q_lt_q20,1.55
4087240,q_lt_q20,2.25
4087257,q_lt_q20,3.1
4093000,q_lt_q20,1.85
4094400,q_lt_q20,5.25
4096405,q_lt_q20,3.65
4096515,q_lt_q20,4.4
4097500,q_lt_q20,4.1
4097540,q_lt_q20,3.25
4098980,q_lt_q20,2.35
4099000,q_lt_q20,3.4
4099510,q_lt_q20,4.4
4099750,q_lt_q20,1.7
4100222,q_lt_q20,4.4
4100500,q_lt_q20,3.7
4101000,q_lt_q20,2.85
4101225,q_lt_q20,5.25
4101370,q_lt_q20,2.25
4101500,q_lt_q20,4.55
4101535,q_lt_q20,1.7
4101590,q_lt_q20,3.1
4101800,q_lt_q20,1.25
4102148,q_lt_q20,1.4
4102500,q_lt_q20,1.4
4102700,q_lt_q20,0
4103490,q_lt_q20,4.1
4103500,q_lt_q20,4.25
4104945,q_lt_q20,5.75
4105000,q_lt_q20,3.7
4105500,q_lt_q20,5.95
4105700,q_lt_q20,4.4
4106000,q_lt_q20,5.1
4106400,q_lt_q20,3.7
4106500,q_lt_q20,3.7
4108600,q_lt_q20,0.85
4108660,q_lt_q20,1.7
4108800,q_lt_q20,0
4108862,q_lt_q20,0
4109000,q_lt_q20,4.8
4111000,q_lt_q20,3.4
4111379,q_lt_q20,3.3
4112000,q_lt_q20,2.4
4112500,q_lt_q20,5.3
4113000,q_lt_q20,3.65
4114000,q_lt_q20,3.7
4114498,q_lt_q20,2.25
4115000,q_lt_q20,1.25
4115265,q_lt_q20,2.1
4116000,q_lt_q20,6.25
4117004,q_lt_q20,4.25
4117500,q_lt_q20,3.1
4118500,q_lt_q20,3.4
4119000,q_lt_q20,9.05
4119055,q_lt_q20,2.25
4119070,q_lt_q20,1.85
4119160,q_lt_q20,0.3
4119400,q_lt_q20,4
4121300,q_lt_q20,3.25
4121494,q_lt_q20,3.25
4121500,q_lt_q20,3.1
4121944,q_lt_q20,5.25
4121970,q_lt_q20,6.25
4122001,q_lt_q20,5.3
4122100,q_lt_q20,0.4
4122200,q_lt_q20,0
4122500,q_lt_q20,1.4
4124000,q_lt_q20,7.85
4124200,q_lt_q20,9.8
4124500,q_lt_q20,2.95
4125460,q_lt_q20,6.25
4125550,q_lt_q20,4.85
4126970,q_lt_q20,4.25
4127200,q_lt_q20,5.55
4127800,q_lt_q20,5.7
4127917,q_lt_q20,3.55
4127997,q_lt_q20,5.85
4128990,q_lt_q20,6.1
4133501,q_lt_q20,3.25
4135700,q_lt_q20,6.85
4135800,q_lt_q20,4.25
4136000,q_lt_q20,5.85
4136500,q_lt_q20,4.85
4136900,q_lt_q20,6.35
4137005,q_lt_q20,8.1
4137500,q_lt_q20,5.45
4142000,q_lt_q20,5.25
4144500,q_lt_q20,2.4
4145785,q_lt_q20,1.45
4146000,q_lt_q20,3.35
4146063,q_lt_q20,1.4
4147500,q_lt_q20,1.8
4148140,q_lt_q20,1.7
4148295,q_lt_q20,3
4148500,q_lt_q20,2.85
4151500,q_lt_q20,0.3
4152238,q_lt_q20,1.35
4153300,q_lt_q20,3.85
4153725,q_lt_q20,6.65
4153905,q_lt_q20,1.35
4154000,q_lt_q20,1.25
4155500,q_lt_q20,1.85
4156000,q_lt_q20,0.85
4157005,q_lt_q20,3
4159492,q_lt_q20,4.35
4159900,q_lt_q20,2.4
4160600,q_lt_q20,4.4
4161000,q_lt_q20,4.75
4161820,q_lt_q20,1.85
4163400,q_lt_q20,3.85
4164000,q_lt_q20,2.25
4164100,q_lt_q20,3.8
4164500,q_lt_q20,3.15
4164800,q_lt_q20,2
4165500,q_lt_q20,2
4166100,q_lt_q20,3.25
4166300,q_lt_q20,2.85
4166500,q_lt_q20,2.95
4166700,q_lt_q20,6.25
4167000,q_lt_q20,2.3
4168400,q_lt_q20,2
4168580,q_lt_q20,1.3
4168660,q_lt_q20,2.15
4172000,q_lt_q20,6.25
4173500,q_lt_q20,5.25
4174490,q_lt_q20,7.55
4174500,q_lt_q20,9.8
4174518,q_lt_q20,4.25
4175600,q_lt_q20,8.65
4175748,q_lt_q20,2
4176000,q_lt_q20,2.25
4176400,q_lt_q20,2.25
4176500,q_lt_q20,1.4
4177000,q_lt_q20,2.6
4177080,q_lt_q20,2.85
4177266,q_lt_q20,3.4
4177720,q_lt_q20,3.8
4178000,q_lt_q20,3.65
4179520,q_lt_q20,3.25
4180000,q_lt_q20,2.85
4180500,q_lt_q20,3.25
4180988,q_lt_q20,3.25
4181049,q_lt_q20,2.15
4181120,q_lt_q20,1.4
4181500,q_lt_q20,4.35
4182000,q_lt_q20,1.25
4182769,q_lt_q20,2.65
4182808,q_lt_q20,3.35
4182900,q_lt_q20,3.7
4182950,q_lt_q20,2.4
4183000,q_lt_q20,2.15
4183038,q_lt_q20,1.4
4183979,q_lt_q20,1.7
4184500,q_lt_q20,1.4
4185000,q_lt_q20,1.7
4185318,q_lt_q20,2.35
4185440,q_lt_q20,1.85
4185935,q_lt_q20,4.75
4186500,q_lt_q20,1.4
4187100,q_lt_q20,5.35
4188100,q_lt_q20,2.85
4188252,q_lt_q20,3.75
4188324,q_lt_q20,3.1
4188337,q_lt_q20,1.8
4188400,q_lt_q20,2.4
4188433,q_lt_q20,2.1
4188496,q_lt_q20,2.15
4189000,q_lt_q20,3.25
4189131,q_lt_q20,2.8
4189174,q_lt_q20,2.4
4189260,q_lt_q20,2.75
4191058,q_lt_q20,2.05
4191444,q_lt_q20,0.95
4191500,q_lt_q20,3.8
4192500,q_lt_q20,6.7
4192574,q_lt_q20,2.4
4192599,q_lt_q20,1.4
4193500,q_lt_q20,5.25
4193999,q_lt_q20,1.7
4195500,q_lt_q20,2
4195820,q_lt_q20,0.45
4196000,q_lt_q20,4.25
4196500,q_lt_q20,2.5
4196800,q_lt_q20,2.65
4197100,q_lt_q20,4.25
4197137,q_lt_q20,3.7
4197152,q_lt_q20,3.05
4198000,q_lt_q20,0.85
4199000,q_lt_q20,3.25
4199155,q_lt_q20,0
4199500,q_lt_q20,4.35
4200500,q_lt_q20,4.25
4201500,q_lt_q20,5.5
4202000,q_lt_q20,9.4
4206000,q_lt_q20,11.05
4206413,q_lt_q20,5.25
4206416,q_lt_q20,6.25
4206425,q_lt_q20,7.35
4207200,q_lt_q20,7.55
4208000,q_lt_q20,7.85
4208347,q_lt_q20,5.1
4208460,q_lt_q20,6.85
4208700,q_lt_q20,3.45
4212100,q_lt_q20,5.55
4213075,q_lt_q20,6.55
4213152,q_lt_q20,4.55
4213319,q_lt_q20,5.2
4213500,q_lt_q20,7.05
4214500,q_lt_q20,2
4215000,q_lt_q20,1.85
4215500,q_lt_q20,2.85
4217000,q_lt_q20,4.25
4218000,q_lt_q20,2.3
4218518,q_lt_q20,1.45
4218601,q_lt_q20,7.4
4218700,q_lt_q20,2.4
4220045,q_lt_q20,1.85
4221000,q_lt_q20,10.95
4223000,q_lt_q20,12.1
4224775,q_lt_q20,13.9
4226000,q_lt_q20,8.15
4227500,q_lt_q20,6.4
4228500,q_lt_q20,3.25
4229500,q_lt_q20,3.05
4230380,q_lt_q20,8.65
4230500,q_lt_q20,2.85
4231000,q_lt_q20,1.85
4231401,q_lt_q20,3.85
4231600,q_lt_q20,
4232034,q_lt_q20,5.8
4232050,q_lt_q20,5.25
4232482,q_lt_q20,7.65
4232730,q_lt_q20,1.85
4233255,q_lt_q20,9.35
4233300,q_lt_q20,13.75
4234000,q_lt_q20,5.65
4234254,q_lt_q20,3.55
4234398,q_lt_q20,16.75
4235000,q_lt_q20,3.55
4235250,q_lt_q20,4.95
4235299,q_lt_q20,13.85
4235440,q_lt_q20,5.25
4235600,q_lt_q20,2.85
4236800,q_lt_q20,2.7
4237496,q_lt_q20,3.3
4239000,q_lt_q20,6.65
4240010,q_lt_q20,2.85
4242640,q_lt_q20,4.55
4243500,q_lt_q20,1.85
4243783,q_lt_q20,2
4244000,q_lt_q20,11.5
4245840,q_lt_q20,4.65
4247000,q_lt_q20,2.85
4249000,q_lt_q20,4.85
4249200,q_lt_q20,8.95
4250200,q_lt_q20,4.75
4250750,q_lt_q20,2.15
4252500,q_lt_q20,5.65
4253294,q_lt_q20,12.3
4253295,q_lt_q20,11.05
4253296,q_lt_q20,13
4256000,q_lt_q20,8.45
4258000,q_lt_q20,3.65
4260500,q_lt_q20,2.55
4262000,q_lt_q20,12
4262500,q_lt_q20,5.85
4263000,q_lt_q20,3.7
4265432,q_lt_q20,3.1
4266500,q_lt_q20,
4267500,q_lt_q20,9.2
4268000,q_lt_q20,4.1
4268800,q_lt_q20,11.05
4269000,q_lt_q20,4.55
4270200,q_lt_q20,2.55
4271500,q_lt_q20,5.8
4271815,q_lt_q20,6.55
4273500,q_lt_q20,2.15
4273700,q_lt_q20,4.05
4273800,q_lt_q20,2.5
4275000,q_lt_q20,9.55
4275500,q_lt_q20,13.85
4276500,q_lt_q20,6.85
4280000,q_lt_q20,9.5
4280450,q_lt_q20,4.55
4282000,q_lt_q20,9.6
4282500,q_lt_q20,5.5
4282525,q_lt_q20,4.95
4282581,q_lt_q20,2.8
4282650,q_lt_q20,3.4
4282780,q_lt_q20,3.25
4282795,q_lt_q20,1.7
4285500,q_lt_q20,13.05
4286000,q_lt_q20,7.9
4287000,q_lt_q20,11.15
4288000,q_lt_q20,10.35
4288225,q_lt_q20,14.65
4288230,q_lt_q20,18.65
4288295,q_lt_q20,9.15
4289000,q_lt_q20,11.75
4290500,q_lt_q20,2.85
4292000,q_lt_q20,6.9
4292500,q_lt_q20,4.45
4292750,q_lt_q20,9.85
4292810,q_lt_q20,3.65
4293000,q_lt_q20,7.5
4293500,q_lt_q20,5.65
4294000,q_lt_q20,3.7
4294140,q_lt_q20,2.25
4294300,q_lt_q20,3.35
4296000,q_lt_q20,8.95
4296280,q_lt_q20,6.5
4296500,q_lt_q20,6.8
5014500,q_lt_q20,29.85
5017500,q_lt_q20,
5030500,q_lt_q20,3.45
5046000,q_lt_q20,2.65
5046475,q_lt_q20,1.4
5050000,q_lt_q20,2.4
5051300,q_lt_q20,2.1
5051522,q_lt_q20,2.4
5051600,q_lt_q20,2.25
5052000,q_lt_q20,0.85
5052500,q_lt_q20,0.85
5053000,q_lt_q20,0
5053500,q_lt_q20,0.4
5054000,q_lt_q20,3.25
5054500,q_lt_q20,3.65
5055300,q_lt_q20,10.95
5055400,q_lt_q20,10.8
5056000,q_lt_q20,5.1
5056060,q_lt_q20,2.4
5056100,q_lt_q20,1.85
5056200,q_lt_q20,2.1
5056215,q_lt_q20,2.1
5056239,q_lt_q20,2.5
5056340,q_lt_q20,2.4
5056678,q_lt_q20,3.9
5056770,q_lt_q20,11.35
5057000,q_lt_q20,4.65
5057200,q_lt_q20,3.95
5058000,q_lt_q20,4.95
5058700,q_lt_q20,4.25
5059000,q_lt_q20,0.9
5059300,q_lt_q20,1.1
5059480,q_lt_q20,0.4
5059600,q_lt_q20,1.25
5059700,q_lt_q20,1.8
5059715,q_lt_q20,2.7
5060000,q_lt_q20,0.7
5060100,q_lt_q20,0.3
5060400,q_lt_q20,0
5060500,q_lt_q20,0
5061000,q_lt_q20,2.25
5061500,q_lt_q20,7.1
5062000,q_lt_q20,0.85
5062130,q_lt_q20,6.4
5062500,q_lt_q20,3.05
5063398,q_lt_q20,2.05
5064000,q_lt_q20,1.4
5064500,q_lt_q20,1.25
5065500,q_lt_q20,2.65
5066500,q_lt_q20,1.7
5067500,q_lt_q20,0.4
5069000,q_lt_q20,8.25
5070000,q_lt_q20,0.7
5074500,q_lt_q20,6.05
5076000,q_lt_q20,5.1
5078000,q_lt_q20,3.1
5078230,q_lt_q20,3.5
5078500,q_lt_q20,3.8
5079000,q_lt_q20,3.1
5080000,q_lt_q20,9.35
5082500,q_lt_q20,2.65
5082625,q_lt_q20,3.25
5084000,q_lt_q20,2.95
5085000,q_lt_q20,1.35
5085450,q_lt_q20,1.4
5087500,q_lt_q20,1.75
5090000,q_lt_q20,2.85
5092000,q_lt_q20,3.25
5094000,q_lt_q20,5.25
5099400,q_lt_q20,4.65
5099600,q_lt_q20,4.25
5100000,q_lt_q20,2.7
5101000,q_lt_q20,3.65
5104500,q_lt_q20,4.5
5106000,q_lt_q20,4.8
5107500,q_lt_q20,4.65
5112000,q_lt_q20,6.65
5113600,q_lt_q20,1.85
5114000,q_lt_q20,11.35
5116000,q_lt_q20,3.95
5116500,q_lt_q20,5.8
5117500,q_lt_q20,2.25
5120000,q_lt_q20,2.4
5120500,q_lt_q20,2.65
5122000,q_lt_q20,1.7
5123400,q_lt_q20,1.7
5123510,q_lt_q20,0.85
5124000,q_lt_q20,3.65
5124480,q_lt_q20,17.1
5125000,q_lt_q20,14.15
5126210,q_lt_q20,10.95
5127500,q_lt_q20,14.65
5129115,q_lt_q20,6.8
5129515,q_lt_q20,
5131500,q_lt_q20,5.8
5132000,q_lt_q20,7.65
5133500,q_lt_q20,7.6
5200510,q_lt_q20,2.65
5211000,q_lt_q20,6.35
5212700,q_lt_q20,3.1
5227500,q_lt_q20,2.7
5227530,q_lt_q20,2.8
5242300,q_lt_q20,7.05
5243725,q_lt_q20,5.75
5244000,q_lt_q20,2.25
5245100,q_lt_q20,5.05
5247500,q_lt_q20,6.65
5267000,q_lt_q20,4.2
5270500,q_lt_q20,3.65
5270700,q_lt_q20,5.45
5275000,q_lt_q20,2.65
5280000,q_lt_q20,4.25
5283500,q_lt_q20,
5286000,q_lt_q20,2.7
5287890,q_lt_q20,2.25
5288487,q_lt_q20,2.2
5288490,q_lt_q20,3.65
5288500,q_lt_q20,7.55
5288580,q_lt_q20,2.4
5288705,q_lt_q20,3.25
5289800,q_lt_q20,4.85
5290000,q_lt_q20,3.25
5291000,q_lt_q20,1.85
5292000,q_lt_q20,2.8
5293000,q_lt_q20,2.4
5294000,q_lt_q20,2.4
5300000,q_lt_q20,1.7
5301000,q_lt_q20,2.85
5304500,q_lt_q20,2.4
5305000,q_lt_q20,2.8
5311000,q_lt_q20,3.25
5311150,q_lt_q20,2.1
5313500,q_lt_q20,1.25
5315000,q_lt_q20,1.4
5316500,q_lt_q20,1.4
5316580,q_lt_q20,3.35
5316770,q_lt_q20,2
5317000,q_lt_q20,1.4
5319500,q_lt_q20,1.35
5320000,q_lt_q20,2.95
5320500,q_lt_q20,6.05
5325000,q_lt_q20,
5327000,q_lt_q20,3.95
5330000,q_lt_q20,3.1
5331000,q_lt_q20,9.15
5331833,q_lt_q20,10.7
5333500,q_lt_q20,28.35
5336700,q_lt_q20,9.25
5338500,q_lt_q20,5.95
5340500,q_lt_q20,12.35
5341550,q_lt_q20,
5342000,q_lt_q20,5.35
5344490,q_lt_q20,
5344500,q_lt_q20,
5345000,q_lt_q20,1.25
5353800,q_lt_q20,3.5
5354500,q_lt_q20,2.65
5355024,q_lt_q20,6.5
5355092,q_lt_q20,2.1
5355200,q_lt_q20,4.45
5355250,q_lt_q20,6.6
5356000,q_lt_q20,10.95
5356500,q_lt_q20,6.5
5357335,q_lt_q20,8.6
5360500,q_lt_q20,9.6
5362000,q_lt_q20,2.8
5365500,q_lt_q20,3.1
5366800,q_lt_q20,7.95
5367500,q_lt_q20,5.95
5368000,q_lt_q20,4.55
5369000,q_lt_q20,5.35
5369500,q_lt_q20,4.7
5370000,q_lt_q20,5.75
5372995,q_lt_q20,3.35
5378500,q_lt_q20,
5379400,q_lt_q20,4.65
5379500,q_lt_q20,3.05
5381000,q_lt_q20,6.35
5382000,q_lt_q20,4.65
5382255,q_lt_q20,2.25
5382257,q_lt_q20,1.95
5382267,q_lt_q20,3.35
5382284,q_lt_q20,2.55
5382325,q_lt_q20,2.25
5383075,q_lt_q20,2.8
5383950,q_lt_q20,6.15
5387440,q_lt_q20,3.25
5387500,q_lt_q20,6.4
5388250,q_lt_q20,5.05
5389000,q_lt_q20,3.7
5389400,q_lt_q20,4.95
5391000,q_lt_q20,10.35
5393500,q_lt_q20,8.45
5394500,q_lt_q20,6.35
5395000,q_lt_q20,7.05
5396000,q_lt_q20,8.6
5397500,q_lt_q20,5.45
5398000,q_lt_q20,6.95
5399500,q_lt_q20,7.85
5400625,q_lt_q20,3.2
5400760,q_lt_q20,3.8
5401034,q_lt_q20,3.65
5401050,q_lt_q20,2.75
5401514,q_lt_q20,2.6
5403000,q_lt_q20,3.2
5403500,q_lt_q20,2.05
5404000,q_lt_q20,8.5
5405000,q_lt_q20,1.55
5406457,q_lt_q20,3.95
5406469,q_lt_q20,2.25
5406479,q_lt_q20,2.1
5406500,q_lt_q20,2.25
5407000,q_lt_q20,2.4
5407468,q_lt_q20,3.1
5408000,q_lt_q20,2.95
5410490,q_lt_q20,5
5411600,q_lt_q20,3.35
5411850,q_lt_q20,1.7
5412020,q_lt_q20,4.25
5412400,q_lt_q20,2.4
5412500,q_lt_q20,2.1
5414820,q_lt_q20,5.65
5416900,q_lt_q20,1.35
5418400,q_lt_q20,2.4
5418500,q_lt_q20,1.65
5419000,q_lt_q20,4.1
5420500,q_lt_q20,2.25
5420680,q_lt_q20,1.75
5421000,q_lt_q20,3.8
5421740,q_lt_q20,4.85
5422000,q_lt_q20,0.7
5423500,q_lt_q20,3.05
5424057,q_lt_q20,7.6
5425500,q_lt_q20,5.2
5425912,q_lt_q20,2.5
5426000,q_lt_q20,0.7
5426067,q_lt_q20,3.25
5426250,q_lt_q20,1.1
5427085,q_lt_q20,2.8
5427530,q_lt_q20,5.1
5427718,q_lt_q20,1.95
5427850,q_lt_q20,1.8
5427880,q_lt_q20,0.4
5427910,q_lt_q20,0.8
5427927,q_lt_q20,0.7
5427930,q_lt_q20,0.4
5427943,q_lt_q20,3.25
5427948,q_lt_q20,3.35
5427965,q_lt_q20,5
5428500,q_lt_q20,6.25
5429369,q_lt_q20,1.25
5429700,q_lt_q20,3.2
5430150,q_lt_q20,1.35
5430175,q_lt_q20,1.8
5430500,q_lt_q20,2.25
5431016,q_lt_q20,3.6
5431486,q_lt_q20,4.1
5432500,q_lt_q20,5.2
5433000,q_lt_q20,2.55
5434500,q_lt_q20,3.1
5435500,q_lt_q20,3.65
5435943,q_lt_q20,2.35
5435950,q_lt_q20,1.4
5436500,q_lt_q20,0.95
5437050,q_lt_q20,1.25
5437500,q_lt_q20,2.8
5438170,q_lt_q20,1.7
5438283,q_lt_q20,1.95
5438500,q_lt_q20,0.4
5439000,q_lt_q20,3.1
5439500,q_lt_q20,1.1
5440000,q_lt_q20,2.4
5440700,q_lt_q20,5.25
5442300,q_lt_q20,4.95
5443500,q_lt_q20,0.3
5444000,q_lt_q20,0.7
5446500,q_lt_q20,0.85
5447500,q_lt_q20,0.95
5448000,q_lt_q20,3.8
5449500,q_lt_q20,1.25
5451210,q_lt_q20,2.4
5451500,q_lt_q20,1
5451700,q_lt_q20,0
5451770,q_lt_q20,1.35
5451900,q_lt_q20,0.4
5452000,q_lt_q20,0.4
5452200,q_lt_q20,1.4
5453000,q_lt_q20,0
5453100,q_lt_q20,0.85
5453520,q_lt_q20,4.25
5454000,q_lt_q20,1.85
5454090,q_lt_q20,4.4
5454220,q_lt_q20,1.25
5454300,q_lt_q20,4.1
5454500,q_lt_q20,4
5455100,q_lt_q20,0
5455500,q_lt_q20,1.55
5455700,q_lt_q20,0.95
5457000,q_lt_q20,2.5
5457700,q_lt_q20,3.65
5458000,q_lt_q20,1.8
5458300,q_lt_q20,2.95
5458500,q_lt_q20,1.8
5458900,q_lt_q20,1.25
5459500,q_lt_q20,3.65
5462000,q_lt_q20,2.25
5463000,q_lt_q20,1.4
5463050,q_lt_q20,3.8
5463500,q_lt_q20,1.65
5464000,q_lt_q20,6.1
5464220,q_lt_q20,1.25
5464315,q_lt_q20,1.4
5464420,q_lt_q20,1.85
5464500,q_lt_q20,3.85
5464695,q_lt_q20,2.7
5464730,q_lt_q20,3.05
5464780,q_lt_q20,1.35
5465000,q_lt_q20,0.45
5465500,q_lt_q20,1.85
5465700,q_lt_q20,0.95
5466500,q_lt_q20,0
5467000,q_lt_q20,0
5469000,q_lt_q20,3.05
5470000,q_lt_q20,2.1
5470500,q_lt_q20,4.1
5471000,q_lt_q20,0.85
5471050,q_lt_q20,1.4
5471200,q_lt_q20,0.4
5471500,q_lt_q20,0
5472500,q_lt_q20,0.4
5473400,q_lt_q20,0.85
5473450,q_lt_q20,0.7
5474000,q_lt_q20,1.95
5476000,q_lt_q20,7.65
5476590,q_lt_q20,2.25
5476750,q_lt_q20,2.65
5478265,q_lt_q20,3.8
5479000,q_lt_q20,4.1
5480500,q_lt_q20,7.95
5480820,q_lt_q20,1.3
5481000,q_lt_q20,2.25
5481300,q_lt_q20,5.9
5481650,q_lt_q20,1.4
5481950,q_lt_q20,0
5482000,q_lt_q20,2.4
5482300,q_lt_q20,0
5482500,q_lt_q20,1.85
5483450,q_lt_q20,3.25
5483600,q_lt_q20,2.7
5484000,q_lt_q20,0
5484500,q_lt_q20,1.4
5484650,q_lt_q20,3
5484800,q_lt_q20,1.85
5484900,q_lt_q20,5.35
5485500,q_lt_q20,2.85
5485605,q_lt_q20,0.95
5485640,q_lt_q20,1.25
5486000,q_lt_q20,0
5486490,q_lt_q20,0
5487470,q_lt_q20,1
5487520,q_lt_q20,0
5487980,q_lt_q20,0.85
5488110,q_lt_q20,
5488200,q_lt_q20,0.9
5488500,q_lt_q20,
5489000,q_lt_q20,0
5489500,q_lt_q20,1.85
5490500,q_lt_q20,3.85
5495000,q_lt_q20,0
5495500,q_lt_q20,0
5496000,q_lt_q20,0.45
5497150,q_lt_q20,0
5498150,q_lt_q20,0.45
5498700,q_lt_q20,0
5500000,q_lt_q20,1.85
5501000,q_lt_q20,0.95
5502000,q_lt_q20,4.85
5502300,q_lt_q20,0.4
5502500,q_lt_q20,0.85
5503800,q_lt_q20,0.7
5504800,q_lt_q20,0.95
5506100,q_lt_q20,0.85
5506350,q_lt_q20,1.4
5506800,q_lt_q20,0.3
5507600,q_lt_q20,1
5507800,q_lt_q20,1.4
5508000,q_lt_q20,3.45
5508805,q_lt_q20,2.85
5514500,q_lt_q20,1.85
5514840,q_lt_q20,2.7
5514860,q_lt_q20,1.85
5515500,q_lt_q20,1.85
5516500,q_lt_q20,3.65
5516665,q_lt_q20,2.25
5517000,q_lt_q20,2.25
5517500,q_lt_q20,1.7
5517530,q_lt_q20,1.4
5518000,q_lt_q20,1.7
5520500,q_lt_q20,1.25
5522500,q_lt_q20,1.4
5524500,q_lt_q20,1.35
5525000,q_lt_q20,0.7
5525500,q_lt_q20,0.4
5526000,q_lt_q20,1.4
5527500,q_lt_q20,
5527800,q_lt_q20,0.7
5527950,q_lt_q20,1.25
5528000,q_lt_q20,3.7
5528100,q_lt_q20,1.7
5528500,q_lt_q20,2.7
5529000,q_lt_q20,2.4
5529500,q_lt_q20,1.15
5530000,q_lt_q20,0.7
5530990,q_lt_q20,3
5531045,q_lt_q20,1.85
5531300,q_lt_q20,1
5531500,q_lt_q20,2.25
5532000,q_lt_q20,2.3
5532500,q_lt_q20,2.95
5533000,q_lt_q20,3.25
5533400,q_lt_q20,2.7
5533600,q_lt_q20,9.1
5534500,q_lt_q20,3.55
5535000,q_lt_q20,1.85
5535070,q_lt_q20,0.95
5535500,q_lt_q20,1.65
5536000,q_lt_q20,2.95
5536085,q_lt_q20,1.85
5536162,q_lt_q20,2.35
5536179,q_lt_q20,2.4
5536190,q_lt_q20,1.3
5536195,q_lt_q20,1.55
5536215,q_lt_q20,1.55
5536235,q_lt_q20,1.4
5536255,q_lt_q20,2.25
5536265,q_lt_q20,1.85
5536275,q_lt_q20,2.95
5536340,q_lt_q20,1
5536500,q_lt_q20,1.25
5537500,q_lt_q20,3.1
5539000,q_lt_q20,1.85
5539900,q_lt_q20,1.55
5540060,q_lt_q20,1.25
5540095,q_lt_q20,1.55
5540130,q_lt_q20,1.7
5540160,q_lt_q20,1.7
5540195,q_lt_q20,1.4
5540250,q_lt_q20,7.5
5540275,q_lt_q20,1.35
5540290,q_lt_q20,1.3
5540500,q_lt_q20,1.45
5541710,q_lt_q20,0.85
5542000,q_lt_q20,0.95
5543500,q_lt_q20,6.2
5543830,q_lt_q20,2.4
5544200,q_lt_q20,3.1
5545750,q_lt_q20,1.7
5548105,q_lt_q20,2.25
5548280,q_lt_q20,2.25
5550001,q_lt_q20,6.25
5550300,q_lt_q20,2.5
5550500,q_lt_q20,2.25
5551000,q_lt_q20,7.85
5551200,q_lt_q20,1.35
5551330,q_lt_q20,0.85
5551540,q_lt_q20,1.85
5551545,q_lt_q20,0.85
5551580,q_lt_q20,2.7
5551675,q_lt_q20,0.7
5551700,q_lt_q20,0.4
5552500,q_lt_q20,3.6
5554500,q_lt_q20,0.7
5555300,q_lt_q20,0
5556500,q_lt_q20,2.7
5558300,q_lt_q20,1.95
5560500,q_lt_q20,7.3
5561500,q_lt_q20,3.75
5567500,q_lt_q20,1.85
5568000,q_lt_q20,0
5568800,q_lt_q20,0.4
5569500,q_lt_q20,0.85
5570000,q_lt_q20,3.15
5570910,q_lt_q20,0
5572000,q_lt_q20,1.35
5573540,q_lt_q20,1.3
5576000,q_lt_q20,1
5576250,q_lt_q20,0
5576500,q_lt_q20,0.3
5577500,q_lt_q20,2.45
5578000,q_lt_q20,2.55
5578100,q_lt_q20,1.4
5578250,q_lt_q20,2.35
5578500,q_lt_q20,2.85
5579500,q_lt_q20,0
5579725,q_lt_q20,0.7
5580000,q_lt_q20,0.4
5580950,q_lt_q20,1.95
5582000,q_lt_q20,0
5583000,q_lt_q20,0
5584500,q_lt_q20,0
5585000,q_lt_q20,1.45
5586100,q_lt_q20,2
5587000,q_lt_q20,0
5587900,q_lt_q20,2.7
5588000,q_lt_q20,1.45
5590050,q_lt_q20,1.4
5590520,q_lt_q20,0.4
5590800,q_lt_q20,0
5591200,q_lt_q20,2
5591550,q_lt_q20,1.85
5591700,q_lt_q20,0.95
5592000,q_lt_q20,5.55
5592050,q_lt_q20,0.45
5592100,q_lt_q20,2
5592500,q_lt_q20,1.6
5592575,q_lt_q20,3.85
5592800,q_lt_q20,1.3
5592900,q_lt_q20,1.4
5593000,q_lt_q20,2
5593575,q_lt_q20,0.95
5593900,q_lt_q20,3.85
5593945,q_lt_q20,0.45
5594000,q_lt_q20,1
5594100,q_lt_q20,0
5594450,q_lt_q20,1.7
5594800,q_lt_q20,2
5595000,q_lt_q20,1
5595200,q_lt_q20,0
5595730,q_lt_q20,0.45
5595820,q_lt_q20,0
5597000,q_lt_q20,0.3
5597500,q_lt_q20,1
5599490,q_lt_q20,1.3
6006000,q_lt_q20,14.7
6012500,q_lt_q20,24.25
6016000,q_lt_q20,17.7
6017000,q_lt_q20,10.75
6018500,q_lt_q20,4.25
6019500,q_lt_q20,10.75
6020600,q_lt_q20,24
6023000,q_lt_q20,6.45
6023100,q_lt_q20,4.75
6024450,q_lt_q20,15.15
6024540,q_lt_q20,19.4
6025250,q_lt_q20,22.55
6025500,q_lt_q20,12.6
6026210,q_lt_q20,13.35
6026420,q_lt_q20,5.15
6026500,q_lt_q20,6.8
6027600,q_lt_q20,7.75
6033000,q_lt_q20,12.8
6035000,q_lt_q20,6.65
6036650,q_lt_q20,6.35
6036905,q_lt_q20,25.1
6036940,q_lt_q20,17.05
6037100,q_lt_q20,19.85
6038800,q_lt_q20,18.8
6040000,q_lt_q20,12.5
6040800,q_lt_q20,22.75
6041000,q_lt_q20,28.95
6043120,q_lt_q20,33.15
6043500,q_lt_q20,18.95
6048650,q_lt_q20,6.9
6050000,q_lt_q20,27.3
6052500,q_lt_q20,5.65
6054500,q_lt_q20,8.8
6061500,q_lt_q20,26
6062500,q_lt_q20,26.6
6063000,q_lt_q20,19.35
6065500,q_lt_q20,31.3
6066500,q_lt_q20,13.2
6071300,q_lt_q20,23.1
6073500,q_lt_q20,14.7
6074000,q_lt_q20,3.5
6076690,q_lt_q20,20.55
6077200,q_lt_q20,19.65
6077500,q_lt_q20,10.55
6078200,q_lt_q20,8.15
6078500,q_lt_q20,24.45
6079000,q_lt_q20,27.25
6082200,q_lt_q20,10.1
6085800,q_lt_q20,1.85
6088500,q_lt_q20,2.45
6089000,q_lt_q20,0.9
6090300,q_lt_q20,11.95
6090500,q_lt_q20,19.85
6090800,q_lt_q20,
6092020,q_lt_q20,6.95
6093200,q_lt_q20,8.05
6098120,q_lt_q20,5.25
6098800,q_lt_q20,6.8
6099000,q_lt_q20,7.95
6099500,q_lt_q20,6.95
6101500,q_lt_q20,8.55
6102050,q_lt_q20,7.65
6102500,q_lt_q20,18.35
6108800,q_lt_q20,7.4
6109500,q_lt_q20,8.8
6110020,q_lt_q20,11.35
6111800,q_lt_q20,5.85
6114700,q_lt_q20,7.15
6115200,q_lt_q20,6.15
6119600,q_lt_q20,11.35
6120500,q_lt_q20,4.65
6123030,q_lt_q20,3.25
6125600,q_lt_q20,1.85
6126500,q_lt_q20,5.55
6127500,q_lt_q20,4.15
6130000,q_lt_q20,0
6130500,q_lt_q20,0.85
6131200,q_lt_q20,3.95
6133500,q_lt_q20,11.6
6135000,q_lt_q20,4.1
6137575,q_lt_q20,0
6138580,q_lt_q20,0.4
6139500,q_lt_q20,0.4
6140500,q_lt_q20,4.8
6142400,q_lt_q20,0.4
6151500,q_lt_q20,0
6154100,q_lt_q20,0
6154400,q_lt_q20,1.85
6155030,q_lt_q20,0
6155500,q_lt_q20,0
6164510,q_lt_q20,1.85
6166000,q_lt_q20,1.4
6167500,q_lt_q20,0
6169500,q_lt_q20,1.25
6172310,q_lt_q20,0.85
6174500,q_lt_q20,0
6177000,q_lt_q20,5
6177500,q_lt_q20,0
6178000,q_lt_q20,1.85
6181000,q_lt_q20,1.4
6183450,q_lt_q20,4.25
6185110,q_lt_q20,0
6185500,q_lt_q20,8.05
6187915,q_lt_q20,30.5
6188000,q_lt_q20,29.5
6190540,q_lt_q20,29.3
6191000,q_lt_q20,23.8
6191500,q_lt_q20,31.95
6192500,q_lt_q20,21.9
6195600,q_lt_q20,12.6
6197800,q_lt_q20,27.2
6200000,q_lt_q20,8.35
6204050,q_lt_q20,38.8
6204070,q_lt_q20,33.8
6205000,q_lt_q20,11.1
6207500,q_lt_q20,6.75
6209500,q_lt_q20,34.3
6211000,q_lt_q20,11.35
6211500,q_lt_q20,14.65
6214500,q_lt_q20,
6218500,q_lt_q20,26.85
6220800,q_lt_q20,16.3
6221400,q_lt_q20,32.5
6224000,q_lt_q20,16.8
6227600,q_lt_q20,4.65
6228000,q_lt_q20,3.5
6235500,q_lt_q20,2.25
6253000,q_lt_q20,4.15
6274300,q_lt_q20,4.4
6279500,q_lt_q20,14.8
6279940,q_lt_q20,17.55
6281000,q_lt_q20,17
6285100,q_lt_q20,3.8
6287000,q_lt_q20,8.55
6288400,q_lt_q20,0.4
6289000,q_lt_q20,7.85
6294500,q_lt_q20,4.85
6295000,q_lt_q20,3.7
6295113,q_lt_q20,8.8
6295220,q_lt_q20,3.15
6306300,q_lt_q20,3.3
6307500,q_lt_q20,5.9
6307616,q_lt_q20,1.25
6308500,q_lt_q20,0.95
6309000,q_lt_q20,5.1
6309200,q_lt_q20,18.25
6317000,q_lt_q20,3.7
6318500,q_lt_q20,14.5
6324500,q_lt_q20,6.65
6326500,q_lt_q20,0
6327500,q_lt_q20,1.3
6329500,q_lt_q20,2.85
6331000,q_lt_q20,1.4
6331680,q_lt_q20,1.4
6332000,q_lt_q20,4.85
6332515,q_lt_q20,5.85
6332523,q_lt_q20,1.3
6332770,q_lt_q20,1
6334500,q_lt_q20,0
6335500,q_lt_q20,0.4
6335750,q_lt_q20,1.15
6336000,q_lt_q20,4.3
6336600,q_lt_q20,2.65
6337000,q_lt_q20,7.05
6337200,q_lt_q20,0.95
6339100,q_lt_q20,2.15
6339500,q_lt_q20,3.85
6340000,q_lt_q20,2.4
6340010,q_lt_q20,1.8
6340500,q_lt_q20,1
6342260,q_lt_q20,2.25
6342450,q_lt_q20,2.25
6342500,q_lt_q20,5.4
6343000,q_lt_q20,1.75
6344600,q_lt_q20,0.85
6345500,q_lt_q20,1.85
6345780,q_lt_q20,4
6347000,q_lt_q20,3.25
6347500,q_lt_q20,2.25
6348300,q_lt_q20,1.85
6348500,q_lt_q20,3
6349000,q_lt_q20,2.25
6349500,q_lt_q20,0.95
6349600,q_lt_q20,1.7
6350000,q_lt_q20,0.85
6351200,q_lt_q20,1.85
6352000,q_lt_q20,0.4
6353000,q_lt_q20,0
6354000,q_lt_q20,0.7
6354480,q_lt_q20,1.85
6354580,q_lt_q20,2.25
6355500,q_lt_q20,0
6356500,q_lt_q20,0.85
6359500,q_lt_q20,0
6360500,q_lt_q20,2.25
6386500,q_lt_q20,2
6395000,q_lt_q20,0.85
6400000,q_lt_q20,0
6400875,q_lt_q20,0.4
6401500,q_lt_q20,
6402000,q_lt_q20,6.85
6402430,q_lt_q20,8.25
6402500,q_lt_q20,1.45
6402600,q_lt_q20,2.25
6403300,q_lt_q20,13.45
6403700,q_lt_q20,1.7
6404000,q_lt_q20,11
6404998,q_lt_q20,11.1
6406000,q_lt_q20,2.3
6406500,q_lt_q20,1.25
6407500,q_lt_q20,15.05
6408650,q_lt_q20,4.4
6408700,q_lt_q20,24.9
6409000,q_lt_q20,17.3
6410000,q_lt_q20,17.55
6410500,q_lt_q20,27.1
6411500,q_lt_q20,16.85
6412500,q_lt_q20,9.95
6412810,q_lt_q20,7.25
6414000,q_lt_q20,3.25
6418800,q_lt_q20,0.85
6421500,q_lt_q20,1.3
6422500,q_lt_q20,11.3
6423500,q_lt_q20,2
6425100,q_lt_q20,0
6425500,q_lt_q20,3.2
6426500,q_lt_q20,0.4
6428500,q_lt_q20,0.85
6429997,q_lt_q20,1.9
6430500,q_lt_q20,1
6430770,q_lt_q20,34.1
6430850,q_lt_q20,26.1
6431500,q_lt_q20,4.7
6433000,q_lt_q20,1.25
6434505,q_lt_q20,2.4
6436000,q_lt_q20,2.3
6436180,q_lt_q20,4.3
6436190,q_lt_q20,2.95
6436198,q_lt_q20,0.3
6437000,q_lt_q20,0
6437020,q_lt_q20,24.3
6438000,q_lt_q20,2.1
6438500,q_lt_q20,6.65
6440200,q_lt_q20,1
6441500,q_lt_q20,1.4
6442130,q_lt_q20,2.25
6442600,q_lt_q20,0.85
6445685,q_lt_q20,0.4
6446000,q_lt_q20,0.4
6446500,q_lt_q20,0
6446700,q_lt_q20,1.7
6447000,q_lt_q20,2
6447230,q_lt_q20,3.85
6447450,q_lt_q20,1.85
6447500,q_lt_q20,0.4
6449000,q_lt_q20,0.85
6449100,q_lt_q20,5
6449500,q_lt_q20,1.85
6450500,q_lt_q20,5.25
6452000,q_lt_q20,1.85
6452320,q_lt_q20,3.7
6453600,q_lt_q20,1
6461500,q_lt_q20,6.95
6463500,q_lt_q20,9.95
6463720,q_lt_q20,4.15
6464100,q_lt_q20,0.3
6464500,q_lt_q20,1.3
6465500,q_lt_q20,
6466400,q_lt_q20,2.85
6466470,q_lt_q20,1.8
6466500,q_lt_q20,1.95
6468170,q_lt_q20,4.8
6468250,q_lt_q20,4.65
6469400,q_lt_q20,2.1
6470000,q_lt_q20,2.05
6470500,q_lt_q20,1.7
6470800,q_lt_q20,1.85
6470878,q_lt_q20,
6471000,q_lt_q20,1.4
6471200,q_lt_q20,2.25
6471500,q_lt_q20,0.7
6471800,q_lt_q20,1.25
6472000,q_lt_q20,0.4
6473000,q_lt_q20,0.7
6475000,q_lt_q20,0.85
6476000,q_lt_q20,1.7
6477000,q_lt_q20,2.4
6477500,q_lt_q20,0.45
6478000,q_lt_q20,1.35
6478500,q_lt_q20,2.7
6478513,q_lt_q20,1
6478522,q_lt_q20,0.4
6478600,q_lt_q20,0.4
6478690,q_lt_q20,1.4
6479010,q_lt_q20,0
6479215,q_lt_q20,1.8
6479438,q_lt_q20,1.25
6479500,q_lt_q20,4.95
6479525,q_lt_q20,0.85
6479770,q_lt_q20,1.25
6480000,q_lt_q20,0.7
6480650,q_lt_q20,0.7
6481000,q_lt_q20,0.7
6481480,q_lt_q20,0
6481500,q_lt_q20,0.7
6482000,q_lt_q20,1.85
6482020,q_lt_q20,5.1
6482610,q_lt_q20,1.25
6483290,q_lt_q20,1.85
6483500,q_lt_q20,1.4
6483950,q_lt_q20,0
6485500,q_lt_q20,1.4
6485910,q_lt_q20,0
6485950,q_lt_q20,0.4
6486000,q_lt_q20,0.7
6600100,q_lt_q20,1.4
6600500,q_lt_q20,1
6600900,q_lt_q20,0.4
6601000,q_lt_q20,1.3
6601200,q_lt_q20,
6602400,q_lt_q20,0
6605000,q_lt_q20,0.85
6605850,q_lt_q20,2.65
6606600,q_lt_q20,0.85
6607200,q_lt_q20,0
6607500,q_lt_q20,0
6608500,q_lt_q20,0
6609500,q_lt_q20,1.85
6610000,q_lt_q20,2.25
6610720,q_lt_q20,0.3
6610732,q_lt_q20,0.4
6610750,q_lt_q20,0.7
6610765,q_lt_q20,2.7
6610770,q_lt_q20,1
6610785,q_lt_q20,1.85
6610788,q_lt_q20,0.4
6610793,q_lt_q20,1.9
6614800,q_lt_q20,33.05
6620000,q_lt_q20,19.05
6622700,q_lt_q20,21.9
6623800,q_lt_q20,27.2
6625000,q_lt_q20,17
6630000,q_lt_q20,15.75
6632400,q_lt_q20,23.35
6634060,q_lt_q20,13.1
6634620,q_lt_q20,14.2
6635000,q_lt_q20,8.1
6638090,q_lt_q20,7.35
6646000,q_lt_q20,24.65
6652000,q_lt_q20,1.7
6657000,q_lt_q20,1.85
6660000,q_lt_q20,9.6
6696980,q_lt_q20,26.2
6700000,q_lt_q20,34.9
6701900,q_lt_q20,25.3
6708600,q_lt_q20,10.95
6708690,q_lt_q20,4.05
6708800,q_lt_q20,4.55
6709000,q_lt_q20,3.8
6709530,q_lt_q20,1.25
6709740,q_lt_q20,5.4
6709910,q_lt_q20,4.35
6710150,q_lt_q20,5.3
6710247,q_lt_q20,3
6710385,q_lt_q20,20.55
6710605,q_lt_q20,5.35
6711515,q_lt_q20,10.4
6711555,q_lt_q20,2.25
6711565,q_lt_q20,6.75
6711570,q_lt_q20,6.7
6711575,q_lt_q20,2.25
6711618,q_lt_q20,8
6711770,q_lt_q20,7.25
6711780,q_lt_q20,5.25
6712000,q_lt_q20,6.95
6713500,q_lt_q20,4.85
6714215,q_lt_q20,3.25
6714360,q_lt_q20,3.75
6714400,q_lt_q20,44.65
6714500,q_lt_q20,43.85
6714800,q_lt_q20,33.95
6715000,q_lt_q20,31.95
6716100,q_lt_q20,32.55
6716500,q_lt_q20,30.75
6718550,q_lt_q20,28.9
6719505,q_lt_q20,19.95
6719560,q_lt_q20,3.85
6719840,q_lt_q20,7.4
6720460,q_lt_q20,0.85
6720820,q_lt_q20,4.25
6720990,q_lt_q20,0
6721000,q_lt_q20,0
6724970,q_lt_q20,2.25
6727410,q_lt_q20,27.45
6727500,q_lt_q20,30.35
6730160,q_lt_q20,29.65
6730200,q_lt_q20,5.25
6730500,q_lt_q20,0
6730525,q_lt_q20,3.55
6741510,q_lt_q20,2.75
6746110,q_lt_q20,26.3
6751150,q_lt_q20,16.75
6751490,q_lt_q20,10.8
6752260,q_lt_q20,6.65
6752280,q_lt_q20,1.25
6759500,q_lt_q20,0
6762500,q_lt_q20,2.85
6764880,q_lt_q20,0
6768000,q_lt_q20,1.25
6768020,q_lt_q20,0
6768025,q_lt_q20,1.25
6768035,q_lt_q20,0.85
6769000,q_lt_q20,0
6769525,q_lt_q20,0.4
6770200,q_lt_q20,0.45
6770500,q_lt_q20,0.7
6772100,q_lt_q20,0
6772775,q_lt_q20,0
6772898,q_lt_q20,0
6773500,q_lt_q20,0
6774000,q_lt_q20,
6775500,q_lt_q20,0
6775900,q_lt_q20,5.25
6777495,q_lt_q20,0
6781600,q_lt_q20,0.4
6781900,q_lt_q20,2.25
6784000,q_lt_q20,0
6785000,q_lt_q20,0
6785500,q_lt_q20,0
6786000,q_lt_q20,0.3
6790500,q_lt_q20,0
6792500,q_lt_q20,0.85
6793000,q_lt_q20,0
6794000,q_lt_q20,0.4
6794650,q_lt_q20,0
6795500,q_lt_q20,0
6796000,q_lt_q20,
6796500,q_lt_q20,0.7
6797500,q_lt_q20,0.4
6799000,q_lt_q20,0.85
6799100,q_lt_q20,0
6799315,q_lt_q20,0.4
6799350,q_lt_q20,0
6799445,q_lt_q20,0
6799500,q_lt_q20,0
6800000,q_lt_q20,0
6800500,q_lt_q20,0
6803000,q_lt_q20,0
6803080,q_lt_q20,0
6803093,q_lt_q20,0
6803170,q_lt_q20,0
6803300,q_lt_q20,0.95
6803420,q_lt_q20,0
6803430,q_lt_q20,0.4
6803486,q_lt_q20,0
6803495,q_lt_q20,0.4
6803500,q_lt_q20,0
6803502,q_lt_q20,0
6803510,q_lt_q20,0
6803513,q_lt_q20,0
6803520,q_lt_q20,0
6803530,q_lt_q20,0
6803555,q_lt_q20,0
6804000,q_lt_q20,0
6804700,q_lt_q20,0
6805500,q_lt_q20,
6806500,q_lt_q20,0
6807000,q_lt_q20,
6807410,q_lt_q20,0
6808500,q_lt_q20,0
6809210,q_lt_q20,0
6809500,q_lt_q20,0
6810000,q_lt_q20,0
6811500,q_lt_q20,0
6813000,q_lt_q20,0
6813500,q_lt_q20,
6814000,q_lt_q20,0.4
6814500,q_lt_q20,0
6815000,q_lt_q20,0
6817000,q_lt_q20,0
6817700,q_lt_q20,0
6818000,q_lt_q20,0.95
6819185,q_lt_q20,1
6819500,q_lt_q20,0.4
6820410,q_lt_q20,0
6820500,q_lt_q20,0
6821080,q_lt_q20,0
6821150,q_lt_q20,0.85
6821190,q_lt_q20,0
6821250,q_lt_q20,
6821500,q_lt_q20,0.4
6823000,q_lt_q20,0
6823500,q_lt_q20,0
6824000,q_lt_q20,1
6824500,q_lt_q20,0.4
6827000,q_lt_q20,0
6827500,q_lt_q20,0
6828500,q_lt_q20,0
6834000,q_lt_q20,1.25
6835500,q_lt_q20,0.85
6836500,q_lt_q20,0
6837000,q_lt_q20,0.4
6838000,q_lt_q20,0.85
6843500,q_lt_q20,0
6844500,q_lt_q20,0
6845110,q_lt_q20,0
6847000,q_lt_q20,1
6847500,q_lt_q20,0
6847900,q_lt_q20,0.7
6848500,q_lt_q20,0.85
6852500,q_lt_q20,1.85
6853020,q_lt_q20,0.85
6853500,q_lt_q20,0
6853800,q_lt_q20,0
6854500,q_lt_q20,0
6855850,q_lt_q20,0
6856000,q_lt_q20,0
6856600,q_lt_q20,0
6857100,q_lt_q20,0.85
6860000,q_lt_q20,1.25
6861000,q_lt_q20,2.55
6862700,q_lt_q20,0
6862850,q_lt_q20,0
6863000,q_lt_q20,0.7
6863420,q_lt_q20,0
6863500,q_lt_q20,0.4
6864000,q_lt_q20,0.85
6864500,q_lt_q20,0
6865500,q_lt_q20,3.25
6866500,q_lt_q20,0
6866900,q_lt_q20,0.7
6867000,q_lt_q20,3.7
6868200,q_lt_q20,3.95
6868850,q_lt_q20,0.7
6869500,q_lt_q20,0.4
6869950,q_lt_q20,0
6870300,q_lt_q20,0
6871000,q_lt_q20,0
6871500,q_lt_q20,1
6872500,q_lt_q20,0
6873000,q_lt_q20,0
6873460,q_lt_q20,0.1
6874000,q_lt_q20,0
6875900,q_lt_q20,1.7
6876700,q_lt_q20,0
6876900,q_lt_q20,0
6877600,q_lt_q20,1.55
6878000,q_lt_q20,1
6879100,q_lt_q20,0
6879650,q_lt_q20,6
6879810,q_lt_q20,1.4
6880800,q_lt_q20,0.4
6881000,q_lt_q20,0
6881380,q_lt_q20,0
6882000,q_lt_q20,1.15
6882510,q_lt_q20,0
6883000,q_lt_q20,0
6883530,q_lt_q20,0.85
6884000,q_lt_q20,0
6884025,q_lt_q20,1.25
6884200,q_lt_q20,2.25
6884400,q_lt_q20,0.4
6885500,q_lt_q20,0
6887000,q_lt_q20,1.45
6887500,q_lt_q20,
6888000,q_lt_q20,0
6888350,q_lt_q20,0
6888500,q_lt_q20,2.4
6888990,q_lt_q20,2.45
6889000,q_lt_q20,0.85
6889110,q_lt_q20,0
6889200,q_lt_q20,0
6889500,q_lt_q20,0
6889630,q_lt_q20,2.85
6890100,q_lt_q20,0
6890900,q_lt_q20,0
6891000,q_lt_q20,1
6891080,q_lt_q20,3.4
6891260,q_lt_q20,0.95
6891500,q_lt_q20,0
6891850,q_lt_q20,0.55
6892000,q_lt_q20,0
6892350,q_lt_q20,0.95
6892360,q_lt_q20,2
6892495,q_lt_q20,3.85
6892513,q_lt_q20,2.25
6892518,q_lt_q20,7
6893000,q_lt_q20,8.35
6893080,q_lt_q20,3.4
6893100,q_lt_q20,4.4
6893150,q_lt_q20,3
6893300,q_lt_q20,4.65
6893350,q_lt_q20,4.65
6893390,q_lt_q20,6.25
6893500,q_lt_q20,7.65
6893557,q_lt_q20,6.25
6893578,q_lt_q20,4.5
6893820,q_lt_q20,2.35
6893830,q_lt_q20,4.1
6893970,q_lt_q20,1.85
6894000,q_lt_q20,0
6894200,q_lt_q20,0.85
6894650,q_lt_q20,
6895000,q_lt_q20,0
6895500,q_lt_q20,
6896000,q_lt_q20,0
6896400,q_lt_q20,0
6896900,q_lt_q20,0
6897000,q_lt_q20,0.4
6897500,q_lt_q20,0.9
6898000,q_lt_q20,0
6899500,q_lt_q20,3.05
6899700,q_lt_q20,1.45
6899900,q_lt_q20,0.4
6900050,q_lt_q20,0
6900800,q_lt_q20,0
6901205,q_lt_q20,1.9
6901500,q_lt_q20,0
6902000,q_lt_q20,0
6903400,q_lt_q20,0.85
6903700,q_lt_q20,0.4
6904010,q_lt_q20,0
6904500,q_lt_q20,0
6904650,q_lt_q20,4.55
6905500,q_lt_q20,0
6906000,q_lt_q20,0
6906150,q_lt_q20,0.85
6906200,q_lt_q20,2.95
6906500,q_lt_q20,2.45
6906800,q_lt_q20,0.95
6907700,q_lt_q20,0
6908000,q_lt_q20,3.7
6909000,q_lt_q20,5.85
6909500,q_lt_q20,0
6909950,q_lt_q20,1.45
6910230,q_lt_q20,5.85
6910450,q_lt_q20,
6910750,q_lt_q20,6.85
6910800,q_lt_q20,1.85
6911000,q_lt_q20,6.65
6911490,q_lt_q20,0.85
6911900,q_lt_q20,0
6912500,q_lt_q20,2
6913000,q_lt_q20,3.25
6913500,q_lt_q20,1.85
6914950,q_lt_q20,2
6914990,q_lt_q20,4.25
6915000,q_lt_q20,7.55
6915800,q_lt_q20,0
6916600,q_lt_q20,0
6917000,q_lt_q20,1.55
6917060,q_lt_q20,1.85
6917240,q_lt_q20,3.7
6917500,q_lt_q20,1.85
6917560,q_lt_q20,1.9
6917630,q_lt_q20,7.4
6918060,q_lt_q20,2.95
6918250,q_lt_q20,2.85
6918493,q_lt_q20,8.95
6918740,q_lt_q20,4.1
6920520,q_lt_q20,8.55
6921070,q_lt_q20,13.5
6921200,q_lt_q20,5.4
6921350,q_lt_q20,5.85
6921590,q_lt_q20,0.9
6921600,q_lt_q20,0.4
6921720,q_lt_q20,0.4
6923250,q_lt_q20,9.1
6923500,q_lt_q20,13.8
6923940,q_lt_q20,9.65
6923950,q_lt_q20,
6925250,q_lt_q20,10.95
6926000,q_lt_q20,8.85
6926080,q_lt_q20,7.25
6926290,q_lt_q20,2.45
6926510,q_lt_q20,5.55
6927000,q_lt_q20,6.35
6927240,q_lt_q20,5.7
6928000,q_lt_q20,10.2
6928300,q_lt_q20,17.85
6928420,q_lt_q20,13.3
6930000,q_lt_q20,10.65
6930060,q_lt_q20,8.55
6932000,q_lt_q20,14.85
6933500,q_lt_q20,7.4
6934000,q_lt_q20,5.3
6934500,q_lt_q20,
6935450,q_lt_q20,
6935550,q_lt_q20,2.15
6935755,q_lt_q20,9.85
6935770,q_lt_q20,1.25
6935830,q_lt_q20,5.85
6935850,q_lt_q20,5.85
6935890,q_lt_q20,4.85
6935955,q_lt_q20,1.3
6935965,q_lt_q20,2.25
6935980,q_lt_q20,1.85
6935997,q_lt_q20,3
6936475,q_lt_q20,1.4
6936530,q_lt_q20,1
7001910,q_lt_q20,2.7
7005000,q_lt_q20,1.85
7010000,q_lt_q20,
7010022,q_lt_q20,3.3
7010030,q_lt_q20,3
7010035,q_lt_q20,3
7010038,q_lt_q20,4.45
7010040,q_lt_q20,5.85
7010055,q_lt_q20,6
7010061,q_lt_q20,5.85
7010070,q_lt_q20,6.45
7010075,q_lt_q20,6
7010082,q_lt_q20,8.1
7010086,q_lt_q20,6.15
7010088,q_lt_q20,3.6
7010090,q_lt_q20,6.85
7010094,q_lt_q20,7.55
7010097,q_lt_q20,3.85
7010180,q_lt_q20,4
7010208,q_lt_q20,3.45
7010350,q_lt_q20,8.2
7013000,q_lt_q20,5.25
7014000,q_lt_q20,5.25
7014500,q_lt_q20,5.95
7015720,q_lt_q20,2.25
7016500,q_lt_q20,3.15
7017020,q_lt_q20,1
7017200,q_lt_q20,7.55
7017260,q_lt_q20,4.45
7017610,q_lt_q20,6.25
7018100,q_lt_q20,7.7
7018500,q_lt_q20,2
7019000,q_lt_q20,10.75
7019072,q_lt_q20,10.9
7019090,q_lt_q20,8.85
7019120,q_lt_q20,5.85
7019150,q_lt_q20,7
7019175,q_lt_q20,7.15
7019185,q_lt_q20,8.45
7019195,q_lt_q20,4.45
7019220,q_lt_q20,8.45
7019317,q_lt_q20,8.85
7019500,q_lt_q20,7.15
7020500,q_lt_q20,12.05
7020550,q_lt_q20,5
7021000,q_lt_q20,3.8
7022000,q_lt_q20,5.85
7024000,q_lt_q20,0
7024175,q_lt_q20,0.3
7024500,q_lt_q20,0
7025400,q_lt_q20,0
7026040,q_lt_q20,0
7027720,q_lt_q20,0
7028960,q_lt_q20,0
7029500,q_lt_q20,0
7030050,q_lt_q20,0
7030240,q_lt_q20,0
7030392,q_lt_q20,3.3
7030500,q_lt_q20,0
7031650,q_lt_q20,0.1
7031692,q_lt_q20,1
7032000,q_lt_q20,
7032200,q_lt_q20,0.45
7035000,q_lt_q20,4.85
7035800,q_lt_q20,8.45
7036100,q_lt_q20,5.7
7037300,q_lt_q20,11.25
7037500,q_lt_q20,3.3
7039500,q_lt_q20,6.25
7043500,q_lt_q20,0
7047942,q_lt_q20,0
7047950,q_lt_q20,0
7047980,q_lt_q20,7.25
7048550,q_lt_q20,6.85
7048600,q_lt_q20,6.7
7048780,q_lt_q20,7.85
7049000,q_lt_q20,7.85
7050152,q_lt_q20,12
7050500,q_lt_q20,9.75
7050690,q_lt_q20,9.25
7050700,q_lt_q20,10.1
7052000,q_lt_q20,8.65
7052100,q_lt_q20,8.8
7052120,q_lt_q20,6.8
7052152,q_lt_q20,8.95
7052250,q_lt_q20,11.55
7052345,q_lt_q20,9.3
7052500,q_lt_q20,9.7
7052820,q_lt_q20,9.55
7053250,q_lt_q20,11.55
7053810,q_lt_q20,9.45
7054080,q_lt_q20,5.35
7055607,q_lt_q20,7.55
7055646,q_lt_q20,16.05
7055660,q_lt_q20,13.25
7055680,q_lt_q20,11.4
7055875,q_lt_q20,15.65
7056000,q_lt_q20,7.75
7056515,q_lt_q20,5.85
7056700,q_lt_q20,8.85
7057370,q_lt_q20,
7057500,q_lt_q20,5.25
7058000,q_lt_q20,7.7
7060500,q_lt_q20,6.95
7060710,q_lt_q20,18.65
7061000,q_lt_q20,5
7061270,q_lt_q20,7.55
7061290,q_lt_q20,9.55
7061500,q_lt_q20,8.15
7061600,q_lt_q20,7.85
7061900,q_lt_q20,8.55
7062500,q_lt_q20,4.15
7063000,q_lt_q20,0.3
7064000,q_lt_q20,0
7064026,q_lt_q20,0
7064440,q_lt_q20,13.5
7064533,q_lt_q20,13.35
7065200,q_lt_q20,12.1
7065495,q_lt_q20,10.25
7066000,q_lt_q20,8
7067000,q_lt_q20,9.35
7067500,q_lt_q20,8
7068000,q_lt_q20,7.7
7068510,q_lt_q20,0.3
7069000,q_lt_q20,0.85
7069190,q_lt_q20,5.85
7069295,q_lt_q20,5.3
7069305,q_lt_q20,7.3
7069500,q_lt_q20,1.7
7071000,q_lt_q20,9.8
7071500,q_lt_q20,9.85
7072000,q_lt_q20,5.25
7072500,q_lt_q20,3.85
7074420,q_lt_q20,0.85
7074500,q_lt_q20,0.95
7074670,q_lt_q20,0.85
7074850,q_lt_q20,
7075000,q_lt_q20,9.2
7075270,q_lt_q20,10.15
7075300,q_lt_q20,6.85
7076517,q_lt_q20,1.45
7076750,q_lt_q20,1.7
7077000,q_lt_q20,0.45
7077380,q_lt_q20,0
7077500,q_lt_q20,0
7077555,q_lt_q20,0.3
7077700,q_lt_q20,0
7079300,q_lt_q20,40.1
7081200,q_lt_q20,19.2
7083000,q_lt_q20,32.65
7083200,q_lt_q20,28.25
7083710,q_lt_q20,20
7087050,q_lt_q20,29.25
7091200,q_lt_q20,23
7094500,q_lt_q20,18.15
7096250,q_lt_q20,26.65
7099050,q_lt_q20,14.8
7099060,q_lt_q20,13.5
7099970,q_lt_q20,6.45
7099973,q_lt_q20,4.25
7103700,q_lt_q20,15.1
7103703,q_lt_q20,14.35
7103780,q_lt_q20,13.8
7103797,q_lt_q20,22.6
7103800,q_lt_q20,24.25
7103970,q_lt_q20,13.25
7103980,q_lt_q20,13.35
7103987,q_lt_q20,12.3
7103990,q_lt_q20,12.25
7104000,q_lt_q20,12.95
7104905,q_lt_q20,9.4
7105000,q_lt_q20,21.85
7105490,q_lt_q20,15.8
7105500,q_lt_q20,10.1
7105530,q_lt_q20,9.35
7105600,q_lt_q20,7.25
7105800,q_lt_q20,7.25
7105815,q_lt_q20,8.35
7105820,q_lt_q20,6.5
7105900,q_lt_q20,4.85
7105940,q_lt_q20,5.8
7106000,q_lt_q20,3.2
7106300,q_lt_q20,2.25
7108900,q_lt_q20,2.85
7109500,q_lt_q20,2.45
7116500,q_lt_q20,1
7119500,q_lt_q20,0
7121500,q_lt_q20,0
7124000,q_lt_q20,0
7124200,q_lt_q20,9.75
7124410,q_lt_q20,12.95
7126200,q_lt_q20,5.85
7126300,q_lt_q20,11
7126485,q_lt_q20,4.7
7128500,q_lt_q20,0
7130500,q_lt_q20,7.7
7133000,q_lt_q20,0.95
7134180,q_lt_q20,0
7134990,q_lt_q20,0
7137000,q_lt_q20,0
7137010,q_lt_q20,1.7
7137500,q_lt_q20,0
7138000,q_lt_q20,0
7138020,q_lt_q20,0
7138050,q_lt_q20,0.85
7138063,q_lt_q20,0
7138075,q_lt_q20,0
7139000,q_lt_q20,0
7140880,q_lt_q20,2
7140890,q_lt_q20,0.85
7140900,q_lt_q20,0.7
7141200,q_lt_q20,0
7141300,q_lt_q20,2.85
7141780,q_lt_q20,0
7141900,q_lt_q20,0
7142019,q_lt_q20,2.95
7142300,q_lt_q20,0.4
7142575,q_lt_q20,0
7142680,q_lt_q20,1
7143300,q_lt_q20,1.4
7143330,q_lt_q20,0.95
7143375,q_lt_q20,1.4
7143665,q_lt_q20,0
7143672,q_lt_q20,0
7144050,q_lt_q20,0
7144100,q_lt_q20,2
7144200,q_lt_q20,1.05
7144300,q_lt_q20,0.85
7144480,q_lt_q20,2
7144486,q_lt_q20,1.7
7144490,q_lt_q20,1.85
7144550,q_lt_q20,1.85
7144570,q_lt_q20,1.6
7144780,q_lt_q20,1.3
7144910,q_lt_q20,3.85
7145200,q_lt_q20,3.7
7145500,q_lt_q20,1
7145600,q_lt_q20,1.85
7145700,q_lt_q20,0.85
7146500,q_lt_q20,3.85
7146800,q_lt_q20,1.85
7147070,q_lt_q20,1.15
7147800,q_lt_q20,1.95
7148111,q_lt_q20,5.25
7148400,q_lt_q20,1
7149000,q_lt_q20,0.85
7151000,q_lt_q20,0.6
7151500,q_lt_q20,1.1
7152000,q_lt_q20,0
7152500,q_lt_q20,0.85
7153000,q_lt_q20,3.7
7156900,q_lt_q20,0
7157500,q_lt_q20,1
7157740,q_lt_q20,0
7157940,q_lt_q20,0
7157950,q_lt_q20,1
7158000,q_lt_q20,1.4
7159100,q_lt_q20,2.4
7160000,q_lt_q20,1.7
7160300,q_lt_q20,0
7160350,q_lt_q20,3
7160500,q_lt_q20,3
7161450,q_lt_q20,5.7
7164500,q_lt_q20,2.4
7164600,q_lt_q20,2
7165562,q_lt_q20,6
7165565,q_lt_q20,4.4
7165570,q_lt_q20,0.3
7165750,q_lt_q20,1
7166500,q_lt_q20,0.85
7167500,q_lt_q20,5.3
7169500,q_lt_q20,1.95
7169800,q_lt_q20,6.85
7170500,q_lt_q20,1.55
7170990,q_lt_q20,1
7171000,q_lt_q20,1.7
7172000,q_lt_q20,7.4
7174400,q_lt_q20,0
7175500,q_lt_q20,1.9
7176000,q_lt_q20,3.7
7176500,q_lt_q20,4.4
7177500,q_lt_q20,0
7177650,q_lt_q20,12
7177800,q_lt_q20,3.55
7178000,q_lt_q20,1
7178200,q_lt_q20,1.45
7179300,q_lt_q20,0.85
7179500,q_lt_q20,3.9
7179700,q_lt_q20,0.85
7179730,q_lt_q20,1.85
7179750,q_lt_q20,1.85
7179785,q_lt_q20,1
7179795,q_lt_q20,1.85
7180400,q_lt_q20,0.85
7180500,q_lt_q20,0.85
7182000,q_lt_q20,2.85
7182200,q_lt_q20,1.65
7182250,q_lt_q20,0.4
7182260,q_lt_q20,0.85
7182390,q_lt_q20,1
7182510,q_lt_q20,0.85
7183000,q_lt_q20,0
7183500,q_lt_q20,1.75
7184000,q_lt_q20,0.85
7184500,q_lt_q20,3
7185000,q_lt_q20,4.25
7185030,q_lt_q20,4.4
7185090,q_lt_q20,4.7
7185095,q_lt_q20,3.7
7185700,q_lt_q20,7.85
7185765,q_lt_q20,3.7
7185910,q_lt_q20,8
7186000,q_lt_q20,1.85
7187000,q_lt_q20,7.85
7187600,q_lt_q20,2.4
7188000,q_lt_q20,4.25
7188005,q_lt_q20,4.45
7188653,q_lt_q20,10.8
7188838,q_lt_q20,6.65
7188885,q_lt_q20,9.1
7189000,q_lt_q20,11.1
7189100,q_lt_q20,9.85
7189540,q_lt_q20,7.3
7189542,q_lt_q20,9.45
7189700,q_lt_q20,3.8
7189710,q_lt_q20,5.7
7190500,q_lt_q20,9.85
7191000,q_lt_q20,5.4
7191160,q_lt_q20,9.1
7191179,q_lt_q20,10.4
7191220,q_lt_q20,12
7191222,q_lt_q20,9.1
7191265,q_lt_q20,11.9
7191288,q_lt_q20,14.25
7191500,q_lt_q20,7.55
7194500,q_lt_q20,0.45
7194800,q_lt_q20,8.05
7194880,q_lt_q20,8.95
7195000,q_lt_q20,9.1
7195400,q_lt_q20,9.45
7195430,q_lt_q20,9.15
7195500,q_lt_q20,8
7195800,q_lt_q20,8.85
7195855,q_lt_q20,8.55
7195865,q_lt_q20,11.65
7196000,q_lt_q20,9.25
7196090,q_lt_q20,8.85
7196500,q_lt_q20,5.7
7196900,q_lt_q20,9.85
7197000,q_lt_q20,8.7
7197360,q_lt_q20,7.25
7202500,q_lt_q20,6.25
7203000,q_lt_q20,18.6
7206000,q_lt_q20,21.4
7207000,q_lt_q20,21.5
7207500,q_lt_q20,20.55
7208500,q_lt_q20,9.95
7211500,q_lt_q20,7.95
7214470,q_lt_q20,23.25
7214670,q_lt_q20,26.6
7214680,q_lt_q20,26.8
7215500,q_lt_q20,17.2
7216500,q_lt_q20,5.9
7218000,q_lt_q20,11.2
7221500,q_lt_q20,9.2
7226500,q_lt_q20,4.25
7227000,q_lt_q20,7.7
7227100,q_lt_q20,10.6
7227500,q_lt_q20,4.15
7228000,q_lt_q20,3
7228940,q_lt_q20,2.7
7229050,q_lt_q20,1.85
7229200,q_lt_q20,1
7230000,q_lt_q20,7.95
7230500,q_lt_q20,2
7231000,q_lt_q20,2.4
7231500,q_lt_q20,10.45
7234000,q_lt_q20,0
7235600,q_lt_q20,0
7237500,q_lt_q20,0.8
7238000,q_lt_q20,1
7239300,q_lt_q20,0
7239450,q_lt_q20,0
7239500,q_lt_q20,0
7239700,q_lt_q20,0
7240000,q_lt_q20,3
7241000,q_lt_q20,1.45
7241520,q_lt_q20,2.25
7241550,q_lt_q20,1
7241780,q_lt_q20,0
7241800,q_lt_q20,2.7
7242000,q_lt_q20,4
7242380,q_lt_q20,2.7
7243500,q_lt_q20,1.95
7247000,q_lt_q20,4.95
7247015,q_lt_q20,6.55
7247250,q_lt_q20,5.65
7247500,q_lt_q20,3.3
7249400,q_lt_q20,3.6
7249413,q_lt_q20,0
7249455,q_lt_q20,
7249800,q_lt_q20,7.85
7249920,q_lt_q20,8.15
7249985,q_lt_q20,9.1
7250085,q_lt_q20,7.7
7250935,q_lt_q20,11.85
7250965,q_lt_q20,14.5
7250974,q_lt_q20,14.6
7252000,q_lt_q20,10.55
7257006,q_lt_q20,5.65
7257500,q_lt_q20,8.55
7258500,q_lt_q20,6.7
7259950,q_lt_q20,7.85
7260500,q_lt_q20,1.25
7261000,q_lt_q20,7.15
7261090,q_lt_q20,6
7261500,q_lt_q20,3.95
7263012,q_lt_q20,2.45
7263295,q_lt_q20,7.85
7263296,q_lt_q20,5.85
7263300,q_lt_q20,6.45
7263555,q_lt_q20,2
7263580,q_lt_q20,6
7263605,q_lt_q20,0
7264000,q_lt_q20,0
7268000,q_lt_q20,0
7274000,q_lt_q20,0.15
7281600,q_lt_q20,0
7283000,q_lt_q20,0
7285500,q_lt_q20,0
7288048,q_lt_q20,0
7288068,q_lt_q20,0
7288280,q_lt_q20,0
7288500,q_lt_q20,0
7288521,q_lt_q20,0
7288650,q_lt_q20,0
7288800,q_lt_q20,0
7289000,q_lt_q20,
7289350,q_lt_q20,1
7289730,q_lt_q20,0
7290000,q_lt_q20,0.55
7290650,q_lt_q20,2.3
7291000,q_lt_q20,0
7292500,q_lt_q20,1
7295000,q_lt_q20,0
7299540,q_lt_q20,3.45
7300000,q_lt_q20,0.85
7300500,q_lt_q20,1.7
7301110,q_lt_q20,0
7301300,q_lt_q20,5.75
7301420,q_lt_q20,1
7301500,q_lt_q20,1.7
7303400,q_lt_q20,4.6
7305000,q_lt_q20,8.85
7307028,q_lt_q20,0
7308200,q_lt_q20,0
7308500,q_lt_q20,0.85
7311000,q_lt_q20,0.4
7311500,q_lt_q20,2
7311700,q_lt_q20,1
7311900,q_lt_q20,3.4
7312100,q_lt_q20,9.3
7312200,q_lt_q20,0.4
7312500,q_lt_q20,4.7
7315200,q_lt_q20,4.65
7315700,q_lt_q20,0.7
7316000,q_lt_q20,4.25
7316500,q_lt_q20,0
7324200,q_lt_q20,0.4
7324400,q_lt_q20,5
7325000,q_lt_q20,0
7325800,q_lt_q20,2.85
7325840,q_lt_q20,3.25
7325850,q_lt_q20,4.85
7325860,q_lt_q20,1.85
7326000,q_lt_q20,1.85
7326500,q_lt_q20,0.85
7327442,q_lt_q20,3.7
7327447,q_lt_q20,2.25
7327550,q_lt_q20,0.4
7328100,q_lt_q20,0
7328180,q_lt_q20,1.45
7328500,q_lt_q20,0
7329780,q_lt_q20,14.25
7329849,q_lt_q20,5.7
7329852,q_lt_q20,3.85
7331000,q_lt_q20,0
7331200,q_lt_q20,2.7
7331205,q_lt_q20,3.4
7331295,q_lt_q20,4.7
7331300,q_lt_q20,2.7
7331600,q_lt_q20,8
7332307,q_lt_q20,4.25
7332348,q_lt_q20,3.7
7332389,q_lt_q20,3.35
7332390,q_lt_q20,3.25
7332500,q_lt_q20,1
7332605,q_lt_q20,1
7334000,q_lt_q20,0
7334238,q_lt_q20,5.25
7334428,q_lt_q20,4.55
7334800,q_lt_q20,0
7335300,q_lt_q20,0.95
7335500,q_lt_q20,2
7335700,q_lt_q20,11.25
7335790,q_lt_q20,4.3
7336200,q_lt_q20,3.3
7336820,q_lt_q20,0
7337000,q_lt_q20,1
7337900,q_lt_q20,3.85
7338500,q_lt_q20,1.7
7338750,q_lt_q20,4.95
7339000,q_lt_q20,2.85
7340000,q_lt_q20,0.95
7340300,q_lt_q20,11.8
7341200,q_lt_q20,1.85
7344370,q_lt_q20,6.45
7348700,q_lt_q20,0.3
7349450,q_lt_q20,0
7349860,q_lt_q20,0
7351500,q_lt_q20,0
7351750,q_lt_q20,0.15
7352000,q_lt_q20,0
7356000,q_lt_q20,7.55
7358253,q_lt_q20,7.6
7358284,q_lt_q20,6.65
7359610,q_lt_q20,7.7
7360200,q_lt_q20,5.85
7361500,q_lt_q20,3.35
7362000,q_lt_q20,0
7362100,q_lt_q20,0
7362579,q_lt_q20,12.7
7362587,q_lt_q20,9.25
7363000,q_lt_q20,2.45
7363054,q_lt_q20,1.45
7363400,q_lt_q20,0
7363500,q_lt_q20,0
7364078,q_lt_q20,0
7364133,q_lt_q20,0
7364185,q_lt_q20,0
7364200,q_lt_q20,0
7366200,q_lt_q20,0.45
7367005,q_lt_q20,1.85
7367680,q_lt_q20,0
7367690,q_lt_q20,0
7369000,q_lt_q20,0
7369500,q_lt_q20,0
7369680,q_lt_q20,0
7369700,q_lt_q20,0
7370600,q_lt_q20,0
7372050,q_lt_q20,0
7372200,q_lt_q20,0
7373000,q_lt_q20,0
7374000,q_lt_q20,3.6
7374525,q_lt_q20,
7375000,q_lt_q20,0
7375280,q_lt_q20,0
7375500,q_lt_q20,0
7375800,q_lt_q20,0.3
7375960,q_lt_q20,0
7376000,q_lt_q20,0
7376500,q_lt_q20,0
7377000,q_lt_q20,0.45
7377600,q_lt_q20,0
7378000,q_lt_q20,0
7378500,q_lt_q20,0
7380238,q_lt_q20,0
7380401,q_lt_q20,0
7381482,q_lt_q20,
7381490,q_lt_q20,
7382000,q_lt_q20,0
7382500,q_lt_q20,0
7383500,q_lt_q20,0
7385700,q_lt_q20,0
8010000,q_lt_q20,0
8012000,q_lt_q20,0
8012470,q_lt_q20,0.95
8013000,q_lt_q20,0
8013500,q_lt_q20,0
8014500,q_lt_q20,0.85
8014800,q_lt_q20,0
8015500,q_lt_q20,0
8022500,q_lt_q20,1
8023080,q_lt_q20,0
8032000,q_lt_q20,0
8032700,q_lt_q20,0
8033500,q_lt_q20,0
8037180,q_lt_q20,0.3
8040600,q_lt_q20,0
8041000,q_lt_q20,0
8041300,q_lt_q20,0
8050350,q_lt_q20,4.85
8053090,q_lt_q20,1.85
8053430,q_lt_q20,3.85
8057300,q_lt_q20,5
8061548,q_lt_q20,1.85
8062095,q_lt_q20,1.3
8063460,q_lt_q20,0
8065000,q_lt_q20,0.5
8067000,q_lt_q20,0.85
8067575,q_lt_q20,1
8067650,q_lt_q20,1
8068000,q_lt_q20,2.3
8069800,q_lt_q20,0.3
8079510,q_lt_q20,5.5
8083235,q_lt_q20,0
8083430,q_lt_q20,1.85
8096500,q_lt_q20,0.3
8117855,q_lt_q20,0
8143600,q_lt_q20,7.4
8167200,q_lt_q20,9.85
8168710,q_lt_q20,3.15
8170000,q_lt_q20,7.7
8172400,q_lt_q20,1.95
8180640,q_lt_q20,2.3
8187500,q_lt_q20,2.45
8212820,q_lt_q20,0
8252500,q_lt_q20,21.05
8253000,q_lt_q20,19.35
8253500,q_lt_q20,27.05
8254000,q_lt_q20,29.45
8255500,q_lt_q20,16.75
8261000,q_lt_q20,9.6
8263500,q_lt_q20,12.1
8265000,q_lt_q20,26.1
8266820,q_lt_q20,18.15
8267500,q_lt_q20,16.05
8269000,q_lt_q20,16.85
8271000,q_lt_q20,22.4
8275500,q_lt_q20,15.7
8276300,q_lt_q20,8.35
8276500,q_lt_q20,23.6
8277470,q_lt_q20,14.4
8279000,q_lt_q20,14.95
8279500,q_lt_q20,27.2
8282300,q_lt_q20,12.65
8284100,q_lt_q20,5.95
8294210,q_lt_q20,16.05
8328950,q_lt_q20,17.65
8329928,q_lt_q20,4.4
8330000,q_lt_q20,4.8
8330600,q_lt_q20,7.85
8330875,q_lt_q20,2.55
8331160,q_lt_q20,3.45
8331510,q_lt_q20,2.85
8332010,q_lt_q20,3.7
8353000,q_lt_q20,3.25
8354900,q_lt_q20,11.35
8355050,q_lt_q20,5.15
8355490,q_lt_q20,3.8
8358300,q_lt_q20,11.25
8358400,q_lt_q20,12.3
8359500,q_lt_q20,16.2
8361000,q_lt_q20,28.35
8378500,q_lt_q20,22.45
8379500,q_lt_q20,8.65
8380500,q_lt_q20,19.5
8382000,q_lt_q20,11.5
8382500,q_lt_q20,10.95
8382600,q_lt_q20,8.75
8382650,q_lt_q20,8.6
8382830,q_lt_q20,11.2
8383500,q_lt_q20,10.9
8384500,q_lt_q20,9.7
8385000,q_lt_q20,6.5
8385503,q_lt_q20,4.25
8385522,q_lt_q20,2.85
8385630,q_lt_q20,7.55
8386000,q_lt_q20,2.85
8386505,q_lt_q20,22.8
8387000,q_lt_q20,16.6
8387550,q_lt_q20,26.2
8387600,q_lt_q20,22.1
8390500,q_lt_q20,8.3
8393610,q_lt_q20,1.1
8395500,q_lt_q20,3.85
8396500,q_lt_q20,2.3
8399500,q_lt_q20,2.2
8401500,q_lt_q20,7.45
8402000,q_lt_q20,9.15
8403500,q_lt_q20,8.85
8405350,q_lt_q20,6.55
8405400,q_lt_q20,2.1
8405450,q_lt_q20,1.5
8405500,q_lt_q20,2.6
8406000,q_lt_q20,1.4
8406500,q_lt_q20,4.9
8407000,q_lt_q20,1.85
8408500,q_lt_q20,8.2
8474095,q_lt_q20,3.55
8474107,q_lt_q20,2
8474108,q_lt_q20,4.6
8474110,q_lt_q20,5.3
8477110,q_lt_q20,20.4
8481500,q_lt_q20,20
9010500,q_lt_q20,14
9014050,q_lt_q20,21.85
9015000,q_lt_q20,23.45
9019500,q_lt_q20,15.15
9021000,q_lt_q20,20.1
9022000,q_lt_q20,36.8
9024000,q_lt_q20,28.95
9025000,q_lt_q20,27.4
9025300,q_lt_q20,25.2
9026500,q_lt_q20,12.9
9027100,q_lt_q20,24.05
9031600,q_lt_q20,35.8
9031700,q_lt_q20,29.35
9032000,q_lt_q20,23.65
9032100,q_lt_q20,25.3
9033100,q_lt_q20,15.6
9033300,q_lt_q20,23.3
9034250,q_lt_q20,25.95
9034900,q_lt_q20,32.3
9035500,q_lt_q20,42.25
9035700,q_lt_q20,24.55
9035900,q_lt_q20,28.85
9036000,q_lt_q20,22.3
9037500,q_lt_q20,17.55
9038500,q_lt_q20,33.75
9040500,q_lt_q20,12.15
9041090,q_lt_q20,10.85
9041400,q_lt_q20,24
9041900,q_lt_q20,37.65
9044300,q_lt_q20,37.65
9044800,q_lt_q20,37.65
9046490,q_lt_q20,30
9046600,q_lt_q20,31.55
9047500,q_lt_q20,28.35
9047700,q_lt_q20,40.55
9050100,q_lt_q20,32.6
9050700,q_lt_q20,25.6
9051050,q_lt_q20,24.85
9056500,q_lt_q20,29.05
9057500,q_lt_q20,33.9
9058000,q_lt_q20,22.45
9058500,q_lt_q20,27.6
9059500,q_lt_q20,19.8
9060799,q_lt_q20,17.55
9061600,q_lt_q20,41.05
9063000,q_lt_q20,36
9063900,q_lt_q20,39.7
9064000,q_lt_q20,33.05
9064600,q_lt_q20,27.15
9065100,q_lt_q20,21
9065500,q_lt_q20,33.4
9066000,q_lt_q20,38.95
9066200,q_lt_q20,29.75
9066300,q_lt_q20,31.75
9066325,q_lt_q20,32.5
9066510,q_lt_q20,33.3
9067000,q_lt_q20,19.65
9067020,q_lt_q20,16.15
9067200,q_lt_q20,14.35
9070000,q_lt_q20,17.35
9070500,q_lt_q20,27.45
9072550,q_lt_q20,37.8
9073005,q_lt_q20,37.9
9073300,q_lt_q20,34.7
9073400,q_lt_q20,25.95
9074500,q_lt_q20,20.65
9076000,q_lt_q20,30.7
9078141,q_lt_q20,43.1
9078475,q_lt_q20,26.1
9079450,q_lt_q20,33.05
9080400,q_lt_q20,29
9081000,q_lt_q20,10.9
9081600,q_lt_q20,32.15
9085000,q_lt_q20,12.05
9085100,q_lt_q20,16.75
9085500,q_lt_q20,15.25
9087500,q_lt_q20,21.05
9090785,q_lt_q20,10.35
9093500,q_lt_q20,11.5
9095500,q_lt_q20,21.25
9105000,q_lt_q20,22.4
9106150,q_lt_q20,10.2
9107000,q_lt_q20,23.35
9107500,q_lt_q20,23
9108250,q_lt_q20,22.7
9109000,q_lt_q20,38.75
9110000,q_lt_q20,20.75
9111250,q_lt_q20,22.85
9112200,q_lt_q20,25.3
9112500,q_lt_q20,21.2
9113980,q_lt_q20,12.15
9114500,q_lt_q20,10.5
9114520,q_lt_q20,12.4
9115500,q_lt_q20,22.05
9118450,q_lt_q20,32
9119000,q_lt_q20,12.15
9123450,q_lt_q20,36.8
9124500,q_lt_q20,16.2
9126000,q_lt_q20,23.75
9127000,q_lt_q20,25.7
9128000,q_lt_q20,35.95
9129600,q_lt_q20,16.95
9132095,q_lt_q20,27.4
9132500,q_lt_q20,27.15
9132960,q_lt_q20,17
9134100,q_lt_q20,10.95
9135920,q_lt_q20,7.15
9136100,q_lt_q20,12.7
9143000,q_lt_q20,12.75
9143500,q_lt_q20,12.15
9144250,q_lt_q20,4
9146020,q_lt_q20,36
9146200,q_lt_q20,14.1
9147000,q_lt_q20,16
9147025,q_lt_q20,15.65
9147500,q_lt_q20,15.05
9149500,q_lt_q20,4.9
9151500,q_lt_q20,10
9152500,q_lt_q20,5.5
9163492,q_lt_q20,21.45
9163500,q_lt_q20,20
9166500,q_lt_q20,12.6
9166950,q_lt_q20,10.65
9168730,q_lt_q20,15.65
9169500,q_lt_q20,11.35
9171100,q_lt_q20,28.8
9172500,q_lt_q20,28.75
9174600,q_lt_q20,10.5
9177000,q_lt_q20,14.95
9179450,q_lt_q20,10.1
9180000,q_lt_q20,22.55
9180500,q_lt_q20,10.85
9183500,q_lt_q20,24.2
9183600,q_lt_q20,22.5
9184600,q_lt_q20,17.85
9185100,q_lt_q20,11.9
9185600,q_lt_q20,24.85
9188500,q_lt_q20,14.9
9196500,q_lt_q20,37.5
9205000,q_lt_q20,11.05
9209400,q_lt_q20,7.1
9210500,q_lt_q20,16.25
9211200,q_lt_q20,8.8
9213500,q_lt_q20,7.4
9217000,q_lt_q20,15.1
9217900,q_lt_q20,22.45
9219200,q_lt_q20,4.4
9220000,q_lt_q20,20.9
9222400,q_lt_q20,5.25
9223000,q_lt_q20,15.35
9224700,q_lt_q20,4.8
9229500,q_lt_q20,11.8
9234500,q_lt_q20,36.15
10023000,q_lt_q20,11.35
10038000,q_lt_q20,8
10068500,q_lt_q20,7.4
10092700,q_lt_q20,1
10108400,q_lt_q20,31.2
10109000,q_lt_q20,24.85
10109001,q_lt_q20,24.85
10125850,q_lt_q20,5.05
10126000,q_lt_q20,0.8
10126050,q_lt_q20,2.85
10130500,q_lt_q20,11.05
10131000,q_lt_q20,8.95
10132500,q_lt_q20,22.9
10133650,q_lt_q20,6.25
10133980,q_lt_q20,14.25
10136500,q_lt_q20,23.05
10140100,q_lt_q20,27.2
10141000,q_lt_q20,2.85
10141100,q_lt_q20,2.85
10141200,q_lt_q20,1.8
10142000,q_lt_q20,27.9
10145400,q_lt_q20,11
10146400,q_lt_q20,5.95
10147100,q_lt_q20,19.65
10149000,q_lt_q20,25.95
10149400,q_lt_q20,21.3
10150500,q_lt_q20,26.35
10153100,q_lt_q20,3.95
10155000,q_lt_q20,14.8
10155500,q_lt_q20,7.4
10157500,q_lt_q20,3.85
10166430,q_lt_q20,19.3
10171000,q_lt_q20,4.35
10172700,q_lt_q20,25.15
10172952,q_lt_q20,24.35
10173450,q_lt_q20,19.55
10174500,q_lt_q20,8.85
10183500,q_lt_q20,7.25
10205030,q_lt_q20,26.35
10215900,q_lt_q20,30.6
10243700,q_lt_q20,20.1
10249280,q_lt_q20,34.75
10251290,q_lt_q20,9
10251300,q_lt_q20,10.9
10251330,q_lt_q20,31.7
10251335,q_lt_q20,22.1
10254730,q_lt_q20,
10254970,q_lt_q20,13.75
10256500,q_lt_q20,23.05
10257500,q_lt_q20,23.05
10257720,q_lt_q20,31.8
10258000,q_lt_q20,30.15
10258700,q_lt_q20,35.6
10259000,q_lt_q20,29.65
10259100,q_lt_q20,13.2
10259200,q_lt_q20,44.9
10259300,q_lt_q20,13.75
10260500,q_lt_q20,16.5
10260855,q_lt_q20,17.8
10260950,q_lt_q20,14.3
10261500,q_lt_q20,7.8
10263000,q_lt_q20,15.05
10263500,q_lt_q20,15.85
10265150,q_lt_q20,10.85
10293500,q_lt_q20,19.3
10296000,q_lt_q20,27.5
10296500,q_lt_q20,25.5
10297010,q_lt_q20,21.5
10297500,q_lt_q20,16.4
10301742,q_lt_q20,14.7
10301745,q_lt_q20,15
10301755,q_lt_q20,15
10302002,q_lt_q20,13.85
10302025,q_lt_q20,
10308200,q_lt_q20,25.2
10308785,q_lt_q20,24.75
10308789,q_lt_q20,29
10308792,q_lt_q20,37.15
10308794,q_lt_q20,37.15
10309000,q_lt_q20,18.75
10309010,q_lt_q20,12.5
10310000,q_lt_q20,25.9
10310407,q_lt_q20,10.5
10310500,q_lt_q20,26.6
10311000,q_lt_q20,15.85
10311200,q_lt_q20,19.95
10311400,q_lt_q20,13.1
10311750,q_lt_q20,5.4
10312000,q_lt_q20,18.85
10312150,q_lt_q20,9.35
10312275,q_lt_q20,1.7
10313900,q_lt_q20,17.6
10316500,q_lt_q20,29.75
10317480,q_lt_q20,18.95
10318500,q_lt_q20,22.5
10320000,q_lt_q20,24.1
10321000,q_lt_q20,23.6
10321940,q_lt_q20,12.15
10322000,q_lt_q20,4.35
10322150,q_lt_q20,4.4
10322500,q_lt_q20,17.05
10322505,q_lt_q20,16.65
10322535,q_lt_q20,14.75
10323425,q_lt_q20,4.4
10324500,q_lt_q20,10.2
9237450,q_lt_q20,9.2
9237500,q_lt_q20,23
9238900,q_lt_q20,14
9239500,q_lt_q20,13.9
9240020,q_lt_q20,14.3
9242500,q_lt_q20,17.5
9244490,q_lt_q20,7.9
9246200,q_lt_q20,9.3
9251000,q_lt_q20,4.8
9258050,q_lt_q20,14.85
9258980,q_lt_q20,4.1
9260000,q_lt_q20,17.4
9261000,q_lt_q20,13.45
9261700,q_lt_q20,13.35
9263500,q_lt_q20,6.8
9271000,q_lt_q20,12.8
9271550,q_lt_q20,4.35
9272400,q_lt_q20,4.95
9276700,q_lt_q20,19.55
9288180,q_lt_q20,7.8
9289500,q_lt_q20,35.8
9292500,q_lt_q20,21.4
9294500,q_lt_q20,4.4
9295000,q_lt_q20,4.35
9295100,q_lt_q20,5.75
9296800,q_lt_q20,25
9299500,q_lt_q20,34.25
9301500,q_lt_q20,7.5
9304200,q_lt_q20,9.15
9304500,q_lt_q20,14
9306242,q_lt_q20,12.25
9310500,q_lt_q20,27.35
9310700,q_lt_q20,20.2
9312600,q_lt_q20,19.75
9313520,q_lt_q20,7.5
9313980,q_lt_q20,7.6
9314250,q_lt_q20,11.25
9314260,q_lt_q20,6.4
9315000,q_lt_q20,3
9319000,q_lt_q20,18.95
9328910,q_lt_q20,4.7
9328920,q_lt_q20,24.75
9330000,q_lt_q20,10.95
9330250,q_lt_q20,13.4
9330500,q_lt_q20,21.35
9333500,q_lt_q20,33.3
9337000,q_lt_q20,31.7
9346400,q_lt_q20,9.6
9363500,q_lt_q20,7.15
9364200,q_lt_q20,6.8
9367000,q_lt_q20,0.5
9371000,q_lt_q20,5.15
9371492,q_lt_q20,6.25
9372000,q_lt_q20,11.7
9380000,q_lt_q20,29.2
9381800,q_lt_q20,12.25
9385700,q_lt_q20,9.45
9386300,q_lt_q20,8.75
9386900,q_lt_q20,6.3
9386950,q_lt_q20,5.6
9390500,q_lt_q20,7.95
9397000,q_lt_q20,4.4
9397500,q_lt_q20,18.05
9400350,q_lt_q20,3.35
9400815,q_lt_q20,8.4
9401260,q_lt_q20,12.9
9402300,q_lt_q20,25.05
9402500,q_lt_q20,47.3
9403000,q_lt_q20,47.6
9403600,q_lt_q20,17.3
9404104,q_lt_q20,12.05
9404200,q_lt_q20,45.95
9404450,q_lt_q20,11.55
9404900,q_lt_q20,28
9405500,q_lt_q20,20.85
9406000,q_lt_q20,14.2
9406100,q_lt_q20,18.8
9408000,q_lt_q20,28.3
9408135,q_lt_q20,17.65
9408150,q_lt_q20,17.25
9408195,q_lt_q20,6.6
9408400,q_lt_q20,23.25
9409100,q_lt_q20,14.3
9410100,q_lt_q20,24.9
9413000,q_lt_q20,7.1
9413700,q_lt_q20,45.1
9415060,q_lt_q20,4.85
9415510,q_lt_q20,4.7
9415900,q_lt_q20,5
9415908,q_lt_q20,21.25
9415910,q_lt_q20,21.25
9415920,q_lt_q20,20.7
9416000,q_lt_q20,6.95
9417500,q_lt_q20,28.7
9418500,q_lt_q20,18.9
9419000,q_lt_q20,9.8
9419550,q_lt_q20,23.25
9419625,q_lt_q20,11.15
001fc3f6-5980-42be-b553-6a09c6b69b69,q_lt_q20,16.5
004d8c0d-b7cf-49ae-aee7-52e37cd11aed,q_lt_q20,17.9
00dfeaa4-34bd-4975-967a-b11e5d86520e,q_lt_q20,12.95
013054a3-670e-49ee-afda-e0865a449197,q_lt_q20,13.3
0137acef-372d-4a4f-8e7c-5782521d4e5d,q_lt_q20,18.35
024f218d-9a70-43b7-8ea2-7d038eeb2cff,q_lt_q20,8.3
02732dcd-5704-4a78-872f-ecfaa8b252ba,q_lt_q20,12.2
0290cb45-0d9f-468c-8503-7bcae31594d3,q_lt_q20,15.45
029d4a8c-45f6-4c66-8a23-1785a26aa017,q_lt_q20,15.2
02ae6414-2983-456e-9d77-9289a9e40ec7,q_lt_q20,15.75
02c2361b-a383-4dfa-86f6-1475a11a9ccf,q_lt_q20,15.7
02c30d3b-4cab-4632-a4e9-b293706a02fb,q_lt_q20,15.25
04451d0f-759d-416b-91d4-1fff49121f43,q_lt_q20,12.5
044eb050-374f-4b34-8f6c-971b492703f0,q_lt_q20,13.9
052d0819-2a32-47df-9b99-c243c9c8235b,q_lt_q20,9.35
05784319-693a-4d75-b29e-32f01a99ee4f,q_lt_q20,14.55
05aa242f-2f89-497f-9ea3-60e7028ec36e,q_lt_q20,15.7
05d216a3-0102-43d8-9907-d7698b32eb03,q_lt_q20,12.25
05dbfadb-e777-46dd-888e-61e1cc4bc504,q_lt_q20,14.2
06571677-e04c-47d4-bcbe-6c488fb22293,q_lt_q20,18.4
065d2a2a-113d-422e-ae2c-d3c24e48c47b,q_lt_q20,14.85
06e0b3c2-c771-4b8b-84e6-5846c64b5f16,q_lt_q20,10.4
0736efd5-fb9b-4b14-ab96-a4f261528bc1,q_lt_q20,11.8
078cbfd9-31ae-46f4-bbcc-0dbdaa191cd3,q_lt_q20,10.75
07b5bff9-7205-495e-8dbc-c0116a7c7d60,q_lt_q20,13.85
08167942-2551-41f7-82a6-f15d613c25cf,q_lt_q20,13.05
08a56e86-d214-4288-8726-8de31eb55766,q_lt_q20,19.65
08c2cb5f-28c4-459d-960a-251dfaf541b0,q_lt_q20,13.25
09352081-0bcd-4e45-a581-7e396155ac01,q_lt_q20,8.5
09613520-a40c-48eb-8260-6266468f5cf3,q_lt_q20,13.9
09aaf1dd-28ea-4230-9670-7709ee7aa970,q_lt_q20,13.8
0a084963-e332-483c-a5aa-26f555b9129a,q_lt_q20,14.65
0a2c61cb-a682-403b-89ba-5d7d3c85f9f3,q_lt_q20,14.25
0a8b3311-f905-40e3-9516-823b7eb8a946,q_lt_q20,17.35
0ac52dcd-bf41-4a10-98be-247a5ea28c85,q_lt_q20,12.75
0b2ad98d-d131-4233-9edc-f57be0b4ae31,q_lt_q20,14.6
0b332600-2b40-4264-9294-9b944cc4f3ca,q_lt_q20,14.6
0b351234-b489-40c7-a846-def749d91f74,q_lt_q20,10.75
0b38c227-5e33-4983-82d7-bb7bbcb1a443,q_lt_q20,12.25
0b61ef5d-3db7-42de-ae00-ebd8df2b7312,q_lt_q20,13.9
0c4f0941-030b-49ce-8f24-f148b3baff58,q_lt_q20,16.7
0d4d679c-4065-4bf7-adbd-77a1b6b8c6ee,q_lt_q20,9.9
0da114ec-4886-476f-873b-2e9f91285962,q_lt_q20,15.05
0daf6ff9-34de-454a-acd9-69f7a681231a,q_lt_q20,10.4
0dcf81cb-5305-4e0b-b150-9b733ac44d0b,q_lt_q20,11.9
0de5636a-5fc2-42de-846d-28ba870aff7b,q_lt_q20,12.65
0de6e236-9381-4dee-b1c6-c80c9ed01208,q_lt_q20,11.2
0df268eb-c5aa-42ac-b1b9-4a5d7bd95448,q_lt_q20,10.85
0e04bb35-f2a5-4f5e-9e4c-3ffc9d6d4af2,q_lt_q20,15.15
0e11ff44-2d10-4460-9b0f-1d9278be185f,q_lt_q20,13.35
0e3d02a9-ecd9-4dfd-8626-a4be5105aba1,q_lt_q20,12.8
0e47ccb4-c070-4b46-8885-f3168aa864d5,q_lt_q20,15.2
0e5c87bc-42bb-46a5-b534-7cb1ea577c7b,q_lt_q20,13.55
0ed899ca-adc1-430f-9207-c37f1766cdbe,q_lt_q20,9.8
0ee042cb-d2b3-497b-9305-2ac0a8960696,q_lt_q20,12.05
0f12ee41-f1e8-480d-9e77-7d60853dda93,q_lt_q20,9.8
0f409f22-3a10-4200-a690-c6a72902bbdf,q_lt_q20,13.9
0feede1b-3f20-4455-bd06-1305ad58b8e0,q_lt_q20,11.8
10e9cd17-c7c1-431a-8daa-1d14d131d1c1,q_lt_q20,10.8
11190c65-ef31-4e9d-9456-6e999a94cdba,q_lt_q20,9.8
116a4260-8c89-421c-83fd-107fed334eaf,q_lt_q20,10.9
116dccde-a409-4aed-b68b-496a185f79a5,q_lt_q20,15.75
117e5055-a68d-4cbb-8824-cc0caf0889b0,q_lt_q20,16.35
127a5a33-4f7c-4ac5-a4a7-c20b5dfe4484,q_lt_q20,13.6
127b5107-82fb-4e10-a15d-77ac7766422d,q_lt_q20,13.15
12e41a1b-b72e-4ea2-9a45-ce459d156560,q_lt_q20,12.4
12ebc12e-43be-4599-ac5b-57c6d357cc47,q_lt_q20,19.2
12ede3c0-861a-45f9-88a8-6170ff13a6ae,q_lt_q20,16.6
139a7706-11ac-4ef1-b81a-4dd517bef6c2,q_lt_q20,11.25
13d2950b-9382-4c47-a378-875a2e2f10de,q_lt_q20,15.6
13d5c20d-089e-4e7c-bd1f-3fd850142251,q_lt_q20,13.05
13e619ad-ce41-428c-94a6-a93e550e64f4,q_lt_q20,14.45
141185ba-bb77-4239-849f-d17a01933e3b,q_lt_q20,12.4
14846041-47d6-49c2-8419-f70fc3bbe1b5,q_lt_q20,14.65
155b4b28-40ae-48fa-b112-f442b74b8e8a,q_lt_q20,10.2
15aed991-8db9-48ab-9cc1-93b084b9c5a7,q_lt_q20,10.95
15eae722-7f1f-41cb-a93e-2acdeca10a0a,q_lt_q20,12.05
162e2bb4-a4f7-48a7-910b-65a4f5cd0a4f,q_lt_q20,12.05
162e2bb4-a4f7-48a7-910b-65a4f5cd0a4f_2879_w2TH,q_lt_q20,12.05
16b72267-fdbb-4e1c-9f45-c7bb401d3804,q_lt_q20,11.05
17f5b1f6-9779-4cbe-a0a3-978d3326bc33,q_lt_q20,13.55
18142c4b-ecf0-497c-ac4b-ccaef45aefc1,q_lt_q20,11.7
183111ef-5afe-463b-8934-30889ba56be9,q_lt_q20,11.75
1a5179f5-2a93-4eb4-9e49-0f2184253623,q_lt_q20,19.45
1a707394-5443-4c2d-b903-8ad6e243a45e,q_lt_q20,16.55
1a839fe4-72ef-4443-b572-2fcb9787be71,q_lt_q20,17.95
1aa8057c-7be4-4c7c-8a7d-0616effaea2b,q_lt_q20,9.45
1b3f24d1-2c00-48b9-8eb9-79ed40b1a9e7,q_lt_q20,12.4
1b49a5a7-f6c5-4fc7-b919-b6fc3eb05a77,q_lt_q20,9.25
1b5206df-b717-411b-982c-9b6b26418156,q_lt_q20,10.3
1b5d160c-b736-4a4b-b8e1-9a6a95d92307,q_lt_q20,14.15
1c1c7743-d410-49e6-a57c-4bfa9097eac7,q_lt_q20,16.75
1c1e42b5-f8e3-4811-b5cc-37330e028d61,q_lt_q20,8.8
1d211ed2-1bef-4d80-8ec6-57b0b37fe51b,q_lt_q20,16.05
1dd7b0f3-1823-4183-8286-77154d751b96,q_lt_q20,10.7
1e0926fd-67ec-4644-bad7-f61af239db7f,q_lt_q20,10
1ec252f0-998e-4674-8b7a-4925957b4df9,q_lt_q20,9.7
1f063d6d-d832-4386-b15f-025e0bc3e674,q_lt_q20,11.9
1f6aa0a7-531d-4588-9092-048f528cd772,q_lt_q20,15.5
1fede3ae-8d65-47ae-b9a9-2aab05fdda29,q_lt_q20,16
20152e19-e61b-40ff-ae0a-bfd520b41ad1,q_lt_q20,13.3
205a2b96-d9cb-4e0a-9b45-32b2fbf6192c,q_lt_q20,14.55
208f1b0e-b937-43be-937d-fb64e90b12f2,q_lt_q20,12.1
20940d11-3691-429d-b9e1-62646f8e3e71,q_lt_q20,13.5
20d44942-095a-4f57-9c80-537c5ac2f0de,q_lt_q20,8.45
2134c5d5-e2bb-4c03-bde5-f39a082e2b95,q_lt_q20,8.85
213d70b2-894b-406b-9dc3-31d3ccec7f54,q_lt_q20,9.5
2231adf7-22c8-4290-af00-a97b688a4574,q_lt_q20,10.8
2234c370-5154-4bb5-aae6-b7606120f917,q_lt_q20,13.15
2258aa15-417c-49cf-a3ba-f23e7a75d2f0,q_lt_q20,12.2
226bb174-6c53-4c84-a455-801c438b3969,q_lt_q20,13.1
2292891b-9138-44a5-a7e1-d31f4c4b7e73,q_lt_q20,14.25
22a659a4-6b53-49cf-9518-aec23de5de53,q_lt_q20,7.4
22b06666-bde7-49dd-a29f-559c4bed672d,q_lt_q20,15.3
23312df2-1dd7-41d4-b5e7-fb675bb070c0,q_lt_q20,14.9
23d8a627-dd63-47a1-a3ff-435a573da869,q_lt_q20,14.85
24066dfc-316c-4093-b236-57b9d675150f,q_lt_q20,17.15
244c170e-922f-4e33-8b7d-d02dd50888d3,q_lt_q20,11.75
24734dfe-df3d-43fc-acda-77cbdbc2988e,q_lt_q20,13.6
24cb6c6b-c859-4a45-b651-1468b010af70,q_lt_q20,12.9
24db5f34-18b3-46c6-aca8-f25c6c4af017,q_lt_q20,14.2
24e09f89-9598-468e-bdad-12cd705a93a9,q_lt_q20,12
250bacb0-6ff6-4252-b0ff-e4e3bd2c69ba,q_lt_q20,12.5
2530158f-c930-4664-acb5-ce38d19d3bdc,q_lt_q20,13.05
2629abeb-e504-49f7-9996-080f37e15930,q_lt_q20,9.1
26705c60-6bcc-4594-8222-1dfcdb3aebb8,q_lt_q20,10.2
26b52bb8-6524-48ff-9b5b-1af330302556,q_lt_q20,12.9
26e91f00-1139-4775-aac4-76c88f1bf1e6,q_lt_q20,10.4
26e91f00-1139-4775-aac4-76c88f1bf1e6_w1,q_lt_q20,10.4
26e91f00-1139-4775-aac4-76c88f1bf1e6_w2,q_lt_q20,10.4
2708da58-f4ea-46cb-943a-fcf3fa1ee9bc,q_lt_q20,11.9
2710c689-22a5-460b-b0cf-b8bd89e1fd12_151805001,q_lt_q20,15.25
272fc811-86a6-4abc-b6e0-7ee3661744cb,q_lt_q20,13.2
274563e1-9a34-42b0-8722-4518c40dee10,q_lt_q20,15.2
279d5197-0819-4a62-89be-0aa177425e62,q_lt_q20,13.9
27c3e7a3-3357-478d-bdd5-17a3739cbc2c,q_lt_q20,14.1
280e15ee-d656-40f0-be7a-a144770a6744,q_lt_q20,12.9
2836432d-1548-49d1-9330-dd4ce973a3e0,q_lt_q20,9.7
284ea1dd-ee32-47ef-8cbf-4b001775f8ed,q_lt_q20,14.2
28b63ceb-b74d-46ea-ad0a-1be320ce6878,q_lt_q20,14.25
28bb36cf-291b-45e7-b6de-52817e2b2417,q_lt_q20,11.5
29434d59-1597-4783-b0b6-9f9a821d30d8,q_lt_q20,15.5
294ff705-db4d-418c-8f48-231d8a1b912f,q_lt_q20,13.8
2983dfe2-9418-432c-b61d-a231c0b10b67,q_lt_q20,11.35
29c364fa-5f64-4622-b309-54f6243aaa83,q_lt_q20,16.95
29ee4ab6-deb1-4995-8d97-a781ec020966,q_lt_q20,11.5
2a87d87d-fcb7-4a46-9363-fd07fb25752a,q_lt_q20,10.3
2a9abb32-0887-4ea5-86cf-cc14cce7dc3a,q_lt_q20,10.1
2ab16180-81f3-4694-8236-0ad3610bf012,q_lt_q20,17.85
2b62e149-59e0-47e9-8650-dabee432da82,q_lt_q20,13.75
2bae7d6b-cd13-4db3-b2e2-aae042af76e3,q_lt_q20,16.75
2c255217-b063-4577-8f6a-f64d81c504ca,q_lt_q20,15.5
2c273c6f-080c-46f5-b764-e6f8161ce2c5_2469TH,q_lt_q20,9.65
2c33f2cb-1ad0-4f06-be13-24a5d83ad86a,q_lt_q20,13.05
2c7641ce-5071-4dbb-a20f-1c7d32a1945d,q_lt_q20,12.5
2c8a3836-a281-4a0e-b196-e7be47c80ddd,q_lt_q20,9.25
2cfe8824-6390-42cc-91c5-10718aa0ab03,q_lt_q20,14.6
2d12f3ed-1ff2-4622-9d7d-bd6483bd1e4f,q_lt_q20,12.2
2d37e684-7d68-4844-8353-05ada0054d29,q_lt_q20,11.05
2d88723b-45f6-46e2-b662-6b2573a7fba7,q_lt_q20,14.55
2d91e39c-81a4-4fbe-9a87-7bbec794ec87,q_lt_q20,12.35
2da4b74c-418a-4af1-bee6-bbab9ebaef5b,q_lt_q20,11.7
2de0b16b-56ea-4fdc-86eb-e813119dc006,q_lt_q20,8
2df2593d-17b3-4251-8145-5a7fb0fdf93c,q_lt_q20,19.9
2e224cf2-9423-4a4e-b719-f56d6454bc6b,q_lt_q20,15
2e4cd2b4-2d48-4ff5-882c-5ce9638491e9,q_lt_q20,13.95
2ea3c543-66af-4a63-a413-bdba8a81c8d2,q_lt_q20,17.75
2ec41641-3875-4613-8d97-2ddbe6b1a4ad,q_lt_q20,9.4
2ec6d59e-e3c9-453d-9c1b-2ea1fcf4d6d9,q_lt_q20,14
2edbe952-2f6e-403d-8dbe-5ace4a11c949,q_lt_q20,14.65
2f13612c-ff31-43d4-9673-4ec0097517cd,q_lt_q20,14.95
2f6eea72-5e1e-474d-bcb4-d4b078ee2e90,q_lt_q20,12.75
2f7f2a98-d13e-40c9-aa30-5ec1ef326c17,q_lt_q20,8.1
2faa1eb2-effd-4ce5-b700-2b766736b7b5,q_lt_q20,8.6
2fc04620-13e1-46a2-83a3-17dc75b5daf6,q_lt_q20,11.2
305bad2c-6aa6-417d-a101-698edc850bbd,q_lt_q20,9.75
30a48024-6672-49cd-9244-df510f46d422,q_lt_q20,13.1
313ae80c-424c-4907-a89e-b1eea12f028b,q_lt_q20,13.55
31612a61-a7aa-4e37-8992-91be614b07b8,q_lt_q20,14.85
31612a61-a7aa-4e37-8992-91be614b07b8_692421,q_lt_q20,14.85
31eb9af5-6e07-4f03-ae21-5a1c05fb6d27,q_lt_q20,15.75
3213ee95-4334-4bef-bfd6-62d1ce8f2493,q_lt_q20,13.35
3281b3cf-9010-4f38-8fec-8f8ba1343ea3,q_lt_q20,17.05
33b613be-70df-4574-893e-f54443627dc1,q_lt_q20,17.6
33b6b059-e8d7-43dd-ac83-7b8dfc4e62f1,q_lt_q20,13.5
34202203-d1dc-4812-843a-715467152795,q_lt_q20,18.3
3435c742-67ba-42d0-8e82-b8bee647c87c,q_lt_q20,10.3
34c9bee1-1499-4dc8-a567-a63543d8c509,q_lt_q20,12.7
34d2f579-82e0-468f-97c8-962cf792e6e9,q_lt_q20,12.65
34e23121-3c10-454d-80dc-45d824b9e2cf,q_lt_q20,11.6
351f05c7-7a89-46c0-9d8a-dc56c5f7b42d,q_lt_q20,14.75
35697b00-555e-48e6-9c48-ca035a78eae2,q_lt_q20,16.1
35b916f9-d420-425f-807f-f927415db702,q_lt_q20,15.05
35b916f9-d420-425f-807f-f927415db702_033137,q_lt_q20,15.05
35ca5784-fbba-4f28-9e24-0e7aa587a6cb,q_lt_q20,14.95
35d60d64-c511-444d-90bc-c5659d860583,q_lt_q20,11.2
361104f3-589a-457f-aa4e-0a99257c6431,q_lt_q20,13.8
361104f3-589a-457f-aa4e-0a99257c6431_032006,q_lt_q20,12.9
361ea25c-e13b-4577-8689-2f3bfc3199a2,q_lt_q20,8.15
36515ff1-a12b-4834-967a-582032db3775,q_lt_q20,8.4
36b31933-6c0f-4c7b-af02-cc18c3f1c198,q_lt_q20,16.2
36f2a050-98cd-49ae-8bdf-135dfacaeafd,q_lt_q20,13.85
3704471b-d540-4c2e-a092-96bc5d398ecc,q_lt_q20,10.5
370cba4c-c28e-4063-aaea-a99575c408b6,q_lt_q20,11.5
3742febf-be91-48d6-b6af-35d083c65099,q_lt_q20,12.65
37630f14-38e0-4e6a-a420-c1c0cc0d7ef5,q_lt_q20,11.4
3769621b-8599-4bcf-b5f9-1017619dbed2,q_lt_q20,9.7
37772543-7410-45ad-aa14-75d97aaffe1d,q_lt_q20,21.75
37f9d60e-0bdc-4578-b03b-77103b250a09,q_lt_q20,10.25
37f9d60e-0bdc-4578-b03b-77103b250a09_1090_w1TH,q_lt_q20,10.25
37f9d60e-0bdc-4578-b03b-77103b250a09_1090_w2TH,q_lt_q20,10.25
38131efd-7c79-4c3d-8657-6a6b18ba4b5c,q_lt_q20,10.65
3890b597-f8f7-47e4-bedf-bef126dccfc3,q_lt_q20,15.55
38c8cce6-4153-40e2-a91b-064b66fac61e,q_lt_q20,9.4
397596af-decc-4bd6-9566-65abdad18f10,q_lt_q20,16.1
3982df4e-f922-4bd7-9fc1-cb01d240d0a8,q_lt_q20,14.15
39aabc65-42d9-4062-857f-aa2b8290125f_033237,q_lt_q20,15.05
39b187a7-a027-4625-a7d8-bd4b9850020f,q_lt_q20,16.25
39b9499d-25bb-46e5-83d6-5c97a39b9bdb,q_lt_q20,12.6
3a1eb751-eb8b-49ae-b6d7-89ac8d9a2e9a,q_lt_q20,13
3a387080-0ead-4df7-9d77-e7374f796d60,q_lt_q20,10
3ab02013-e0a1-4215-96f2-22f078b21f21,q_lt_q20,11.7
3add181c-2a69-482b-b2f3-179f26f7a211,q_lt_q20,13.2
3b5fce31-211e-4999-b7b5-b9fcf1e1ae3d,q_lt_q20,12.65
3bb833ed-3e1d-4ed4-b2ff-04eea975f0d4,q_lt_q20,18.65
3bc1b3da-2859-41b2-9f9f-6ab2b1023572,q_lt_q20,13.3
3bf40265-657a-44f4-90e3-e1e437d3c801,q_lt_q20,16.9
3c43b72d-03a7-46e1-86c7-76dd97808544,q_lt_q20,10.25
3c4d4f78-2d0e-474a-b884-65a9daca18fb,q_lt_q20,12.55
3c5cba29-2321-4289-a1fd-c355e135f4cb,q_lt_q20,16.4
3c66c370-e349-4093-a596-9671726bdcba,q_lt_q20,12.55
3c6b6e7d-78d1-414c-899e-59a2bbabdce4,q_lt_q20,12.75
3cdb0ed3-0644-45f1-b6fb-7c1944578bf6,q_lt_q20,12.2
3cfd9161-7727-4047-9d63-af0a194620fa,q_lt_q20,19.65
3d00208c-2ec1-4a84-9b0b-5b27b0fc6b7c,q_lt_q20,7.15
3d095df8-dd9d-4b1b-8cb3-39982654c9b4,q_lt_q20,15.05
3d09c454-540b-4fb3-a5fb-072c33cf8c4b,q_lt_q20,14.85
3d267027-145d-4577-9f8d-6ad5552463b2,q_lt_q20,12.65
3d58bebc-71b1-4ecb-8605-84dbc13a15b7,q_lt_q20,14.05
3d79ad94-708d-412c-89d4-dc8c0cadcc01,q_lt_q20,9.2
3db09b08-5c7e-4f20-9363-2691eba109f8,q_lt_q20,11.3
3df68add-46f9-42e7-8439-290f63e195cd,q_lt_q20,14.8
3df7a9c3-d40c-4781-a885-5f6b7abdb86a,q_lt_q20,12.2
3e6fbf1a-f3f3-4dcf-a6fb-84a70cb6d12d,q_lt_q20,16.45
3eb60c5b-875e-46e7-b8d9-b1208d023bc4,q_lt_q20,13.1
3ef2040c-0c9a-479a-9899-460304231ce2,q_lt_q20,13.05
3f391994-18fd-4dc1-8e0f-98b18a35512e,q_lt_q20,13.7
3f4f88f1-b79e-4d98-ad5e-adcec06d3f00,q_lt_q20,12
3f750cca-ba3a-470e-b320-ea12543343c1,q_lt_q20,9.85
3f823183-2275-444a-9896-981be95ff3bf,q_lt_q20,15.15
404429da-b05c-4c95-98ee-4941b2133cb6,q_lt_q20,10.35
404d5331-0547-4b32-ba64-68766a5cc6d4,q_lt_q20,15.85
406a65e7-477b-4964-ba9b-47e452eca166,q_lt_q20,10.35
419bbe86-e02d-4dd7-b266-c51e8eb584bd,q_lt_q20,16.7
41a2a5d6-935d-441e-a733-a0837839e344,q_lt_q20,12.3
41d13879-a145-4975-83bc-1aa9878d2fb5,q_lt_q20,13.55
41e8d62c-acc8-43a2-96ab-d9c90422df69,q_lt_q20,14.95
420be20b-d2fe-40a7-aebc-cb270956eca6,q_lt_q20,10.35
42968a1f-9f4e-4162-896d-39acbb55e58b,q_lt_q20,12.25
435a330f-ef10-48ce-babf-7b08ad9d45c5,q_lt_q20,12.9
437d2a8e-0946-4b22-9594-78ffbe4a104e,q_lt_q20,20.75
4389ee79-c789-4ad7-aa83-f79b28f51448,q_lt_q20,14.45
438e6059-f150-4dea-b17a-b21cae02ded7,q_lt_q20,11.3
439b85d9-21c4-4ae9-839f-5b31d1625aba,q_lt_q20,13.35
4485824a-191e-4504-b0e4-7fa2e2119fb6,q_lt_q20,18.3
44d1a036-0174-4c14-9edd-a49e123d1495,q_lt_q20,7.85
44dca848-5f5c-49d1-bfe3-35b1fbe13cff,q_lt_q20,14.45
4517b5e9-60a5-42fe-b3ca-41c1d82decc6,q_lt_q20,11.8
45d53742-1190-4e76-b9b8-5bb6ecf9bb55,q_lt_q20,17.45
4662701f-d016-44e9-8fe2-e50064e5e924,q_lt_q20,13
469d01ff-5fcb-4611-a640-812d59f68be6,q_lt_q20,11.2
46f322df-e4b4-454b-9437-d94bb2636739,q_lt_q20,12.15
4736e10e-0707-4e0d-89f2-a485a017a231,q_lt_q20,8.95
4747aea7-d2e7-41b4-b658-3242ae1c0eb8,q_lt_q20,9.8
47886d4e-a7cc-4a67-85b0-5bf685aec358,q_lt_q20,14.25
47c4f71d-7016-4adb-b0e6-e84178f82a43,q_lt_q20,12
47ed0d00-d4ab-4f3a-84c9-c9571d1a1cc1,q_lt_q20,8.85
4818c69b-9ed1-4ac5-9a8f-67f2757171ba,q_lt_q20,15.3
481f8042-997a-44cc-b425-51340d4cee9c,q_lt_q20,11.55
48513a18-e485-4317-ae92-93bf4f7f3e54,q_lt_q20,15.7
486b6f10-b986-43dc-b2e8-1a83c15d4051,q_lt_q20,13.15
4879595c-8a89-41e4-8b6a-00db4b4312ea,q_lt_q20,15.55
48a3cf15-34e1-4429-b1a6-64f12992c076,q_lt_q20,16.4
48f022f0-31d1-4e13-98f0-f70aacd05ca3,q_lt_q20,13.1
4938555f-b1ec-4d7c-8c40-211177987e14,q_lt_q20,17.75
494645cb-c766-4b71-bd70-dc69fe8e7778,q_lt_q20,12.5
497b4131-a273-4e6b-a0ad-27a8dd0b559e,q_lt_q20,14.05
49aac0d2-d8f1-464f-989c-2564e4891401,q_lt_q20,9.85
49ef0934-49fa-4150-b1d2-83b14f6e3724,q_lt_q20,15.05
4a5d6a89-7891-451d-8c2f-0eba9ff7b71b,q_lt_q20,16.1
4aa5c9c6-09d5-4bec-a939-caf6c12b978d,q_lt_q20,20.45
4b146acd-5118-4e14-b23a-13405168a010,q_lt_q20,17.05
4b6b5531-e867-43a1-ac24-ec8868795699,q_lt_q20,8.4
4b7037a6-a12f-4648-9923-cc7583262bae,q_lt_q20,7.85
4bdbb09a-1604-4280-95f7-a245f4fec445,q_lt_q20,15.65
4c0ab2d3-ff26-47a2-bdce-abfbb07c6e0a,q_lt_q20,10.4
4c69a7bf-1c64-4695-a127-513223ba81a1,q_lt_q20,13.05
4d26d073-72fd-433d-811c-c964779ac260,q_lt_q20,10.55
4d6127c2-e324-4177-b13a-068d150f3a5c,q_lt_q20,12.2
4d693468-3dc8-4013-9fe9-a8125199be8c,q_lt_q20,12.1
4d7543c9-7b18-404e-94bb-c6cceabfd5a2,q_lt_q20,15.45
4d9c0d31-89d2-4330-994c-1376cdcb56c6,q_lt_q20,11.8
4d9c9969-529b-4990-850c-3a3cb03eb110,q_lt_q20,14.8
4e7e6fd4-ee52-4b9d-aac7-626af67cc5ac,q_lt_q20,9.4
4e87c615-767d-4b34-94c1-ca47926f6a70,q_lt_q20,12.25
4fa30952-af41-49a4-bedc-6ca392f09bda,q_lt_q20,9.3
5073a5e4-da20-402d-85d2-904619b9d788,q_lt_q20,9.45
50ee96d1-bb64-4c3d-abe9-6bdcb08764f2,q_lt_q20,13.9
51190ba2-682a-493c-bf93-918c8221d81e,q_lt_q20,10.8
514b2430-a3cd-46f1-a2d8-e721f3206709,q_lt_q20,13.75
5174c02a-40ec-4d32-bab8-f2f83d8ec43e,q_lt_q20,13.2
52814202-3a6e-475d-a6ee-ee5050b9342d,q_lt_q20,14.65
5296b17d-6ed0-44f5-bf45-4d5fc5179ace,q_lt_q20,12.8
52b2cda2-737f-474b-b36b-42be186bdc2a,q_lt_q20,12.15
52cd7d3c-b978-4f25-bb06-6b0b2ddc8cd3,q_lt_q20,16.05
52cf243f-5610-421a-94d4-f3b715fcef81,q_lt_q20,12.25
532a2993-7275-4050-8df4-b2314bc4f8e0,q_lt_q20,18.85
53450672-fa32-414b-888a-fc5480aaf67d,q_lt_q20,13.65
535004f8-c455-40a5-8b19-f66c2d40831c,q_lt_q20,14.75
535584fb-878b-41fb-a940-b97bdbd1bd8d,q_lt_q20,13.65
54287cee-bbdf-4ae8-b5bb-e07858190af9,q_lt_q20,11.95
544f2ad9-d14f-403c-bb42-abd8d5acfc8d,q_lt_q20,9.65
54a2c462-fc61-49fb-affb-9d80607588c5,q_lt_q20,16.9
54b5af26-6f8f-46a9-8b6e-33d50b109e0c,q_lt_q20,15.05
54b8c99b-9301-4361-9edb-17abdf585144,q_lt_q20,14.2
54d2b82b-cd8a-4fae-bde4-c11d9fb80af7,q_lt_q20,12.8
553c2147-bb82-4d86-8f0a-00b892d3c314,q_lt_q20,12.3
56493f12-16e9-4748-8a3d-7046a1fc93ee,q_lt_q20,16.45
5741da2c-ee1d-4390-829e-30c414aa0989,q_lt_q20,10.9
57b5cc50-50e7-401c-9071-9c60fc84e727,q_lt_q20,10.65
57e4ead6-f356-458a-86a2-22901eccab1d_432613,q_lt_q20,11.3
57e4ead6-f356-458a-86a2-22901eccab1d_432620,q_lt_q20,11.3
57e8d163-310e-4d4c-a0f2-86055cc91da0,q_lt_q20,15.5
584639e2-90cb-493d-8edc-b66eda95d788,q_lt_q20,11.15
584695f9-3854-4ba7-b2c7-973bd9c110fd,q_lt_q20,11.9
585e49e0-7070-4d85-9c52-ccd18a5a1e65,q_lt_q20,14.9
5869ac48-cbf9-4c83-8617-807b406df954,q_lt_q20,11.8
588e6dc1-a77f-4961-9085-4b2617acb48e,q_lt_q20,14.55
58a99fce-51ea-4467-a5b3-5348997b920b,q_lt_q20,8.7
58bbe65d-7372-4494-b5fc-c23788787ae7,q_lt_q20,11.7
58c114c5-cc50-4bad-be18-27b2c6a42a67,q_lt_q20,10.05
58f572ff-9fd1-4ebd-a05d-faf9e5c68fb5,q_lt_q20,10.8
5933256d-4f27-44aa-b275-d8cc8927b7bb,q_lt_q20,11.55
59abc346-440f-4d10-8da5-53d254437b98,q_lt_q20,13.7
5a86361b-f14b-449d-a091-8b7fe36c78f1,q_lt_q20,17.85
5ab499ce-a1d3-4b84-822b-4da15bb79bf4,q_lt_q20,13.4
5b0b598c-6bec-4b5b-b5fe-39d95f837e9e,q_lt_q20,15.6
5b0b8aff-bc71-48c0-b290-0f9a244ddfa1,q_lt_q20,15.65
5b5cf85f-c7d5-4885-ba0f-9e6363ff8730,q_lt_q20,14.75
5b9e9503-32e2-46ea-a713-be0f283c23be,q_lt_q20,13.3
5e453c99-a8bc-4562-984d-e60882b43bb6,q_lt_q20,14.4
5e6d925f-3102-444c-a748-1dbec611e1dc,q_lt_q20,14.8
5e7a837d-d95a-4e0f-999a-402ef9b8afdd,q_lt_q20,9
5ea01221-9252-4e29-b92c-9b452255b5be,q_lt_q20,10.4
5ec01a0f-6e08-4589-8b88-b6bd3f6457b5,q_lt_q20,8.8
5ee84750-6fbc-4cb7-9695-b30806127095,q_lt_q20,15.35
5f1235ee-0b1a-440b-a49a-ee006039623d,q_lt_q20,13.55
5f23ee39-cca5-4cf3-a793-a3098db4b071,q_lt_q20,11.15
600d33ba-8994-4b3c-92fa-1c25fb3e263b,q_lt_q20,13.2
605097d0-d67a-4e16-969a-e5fe8bbd7fd8,q_lt_q20,13.2
6078ba41-0d4f-4053-aaea-25d628b1d97f,q_lt_q20,9.2
60914c18-1838-43e3-92c3-62765dfc7a99,q_lt_q20,14.35
60a090a3-f93b-4065-a56e-ff64e6eb5f5e,q_lt_q20,12.8
60ce0c60-fc75-4465-8170-938241cd4424,q_lt_q20,14.05
6152bfd2-a1e8-408c-abd4-076bee104444,q_lt_q20,14.75
617d7d56-051e-4357-bd12-5ed0a71fa78d,q_lt_q20,11.75
61e27217-2d9d-40b5-ba69-e033ad60f7fd,q_lt_q20,11.45
61ef523d-8df4-43db-b8ca-c9a399290cd8,q_lt_q20,13.25
624d4674-67a2-4537-874a-235e8958203a,q_lt_q20,13.9
62f76bbe-e070-4f9d-a6b4-b975e4fc5e2b,q_lt_q20,14.75
632f8a0c-8561-471e-96ef-d49e35c343a1,q_lt_q20,13.3
639afc2f-44bf-467a-a8f0-95a74c573f27,q_lt_q20,11.7
63b6ae06-60fc-4e92-8337-aa0e5fdd7e79,q_lt_q20,6.7
63b8893e-1cef-40bc-8755-c0c4fe3e69dd,q_lt_q20,12.3
64118c69-e564-40c3-9fec-0e6047e955b9,q_lt_q20,8.7
649eb398-029b-4ebc-bb4d-e36ee07c234e,q_lt_q20,14.35
64dc008e-79b9-4f5e-8c4c-033833c42b89,q_lt_q20,11.8
64e8e5a8-214d-403e-8e00-d788ab94947a,q_lt_q20,18.05
64ef32d2-8077-46a8-9217-9194fb18f8bd,q_lt_q20,13.5
655a16a0-8498-4b83-a8f6-6816952b2262,q_lt_q20,12.95
6582279b-c752-46a8-ae49-60ceec40a309,q_lt_q20,13.15
65b8dffb-ee80-4b9b-b2ba-4670d2ba06c2,q_lt_q20,13.05
65d8a904-f927-415c-b501-a4f8e3325e9e,q_lt_q20,16.3
65e90cf2-5420-4521-a180-4d8750786e04,q_lt_q20,11.3
6655e67c-b0ec-43b4-9ab0-15efa569578a,q_lt_q20,12.3
676110a1-e3c3-4965-a9da-82f6a1954ed4,q_lt_q20,11.85
676110a1-e3c3-4965-a9da-82f6a1954ed4_032207,q_lt_q20,12.1
676110a1-e3c3-4965-a9da-82f6a1954ed4_032807,q_lt_q20,11.95
678aa360-300c-4c54-a3b1-47604cb60971,q_lt_q20,13.05
67b89572-9b04-42a9-a629-fd8c7e302495,q_lt_q20,11.55
68903310-c62d-4434-a7d4-96e766335179,q_lt_q20,13.75
68db9881-47c2-4fd3-b08f-738aa59dcc3d,q_lt_q20,13.05
694320fe-4c8d-4aad-8d25-277cd44bf6de,q_lt_q20,12.55
6982424f-19ec-423e-b0b6-fd0158d666a3,q_lt_q20,13.75
69c693b6-12ef-43bc-a20e-74160a53350d,q_lt_q20,14.7
69f4b3e5-a487-4769-aded-0d72062428e7,q_lt_q20,11.25
6a856754-b3a5-45ef-b806-51f0392b17ba,q_lt_q20,14.25
6add4e80-29ba-4ff6-9e5a-233795d59b26,q_lt_q20,11.8
6afb7ae1-8e82-402d-ac57-d5f658c6d114,q_lt_q20,13.6
6aff06c9-d547-4ee4-b62e-eee5e5efa01b,q_lt_q20,12.2
6b07847d-4498-448d-b27e-2057bfca19bd,q_lt_q20,10.8
6b0cab32-b905-4f3c-a554-cd5176c5d2e4,q_lt_q20,11.7
6b145dc7-2400-45af-9e0e-acc59245a20a_030033,q_lt_q20,11.15
6b145dc7-2400-45af-9e0e-acc59245a20a_030233,q_lt_q20,11.15
6b62b651-1922-40b1-b2dc-b487a77c55b4,q_lt_q20,11.05
6b80bd1c-6c19-4c26-875d-108bf8ef1a84,q_lt_q20,13.55
6bf1cadc-3229-4c0d-afd9-5b1a73443ba6,q_lt_q20,13.85
6c1e8f82-a59e-42c0-ac91-c7e864e22448,q_lt_q20,12.2
6c67bb15-c4f3-4606-ad99-21295393de4a,q_lt_q20,16.7
6c6c174e-519f-4b02-9e3e-1737f2139417_445508,q_lt_q20,12.1
6c6c174e-519f-4b02-9e3e-1737f2139417_445509,q_lt_q20,12.1
6c6c174e-519f-4b02-9e3e-1737f2139417_445510,q_lt_q20,11.25
6c72f76a-b76c-4a28-8701-71cdca25c0f5,q_lt_q20,9.6
6ca98855-a69f-458b-b798-6283f7644857,q_lt_q20,13.1
6cb3004e-7ec5-4a98-91b5-b4d4c7ec17e5,q_lt_q20,8.4
6d071aa3-2eba-439e-9699-7735350f19cd,q_lt_q20,15.65
6dba8818-bd17-424e-8568-eb699874e76a,q_lt_q20,6.15
6dd5d77f-6994-40fe-be0e-815f7febde94,q_lt_q20,11.2
6e354c27-1342-485c-acad-79b15e41dcf0,q_lt_q20,12.75
6e4d9ef9-131a-4712-895e-52a05dc290e9,q_lt_q20,15.05
6e5781bb-8730-4bb0-a861-13480b399878,q_lt_q20,10.2
6e811b46-4cc5-4e55-a39c-b73f2a4f958e,q_lt_q20,13.8
6ef70833-cb0e-4853-81e2-c51459ed0034,q_lt_q20,11.5
6f286b61-6cec-4434-b00e-f1993059139a,q_lt_q20,13.65
6f727c14-422c-4b7f-922d-b430d9aa07a2,q_lt_q20,13.4
6ff82c44-bbf2-4593-8218-76569f550b47,q_lt_q20,12.95
7014b422-27a7-42b6-9619-5cd6fe16e5e7,q_lt_q20,16.35
706c7b23-1e8c-4d71-accf-77f1650c2d7f,q_lt_q20,10.85
708cd1a7-0d90-4511-95f2-51bf24c151f0,q_lt_q20,10.4
70a6e855-44fd-424f-b3e1-b9e46da57f1c,q_lt_q20,12.2
70e18a89-96dd-4a04-8163-fc685e92bb09,q_lt_q20,11.8
70f658a0-3d32-47db-a97c-ed5e25da46f2,q_lt_q20,13.15
710f623b-972f-40cc-8242-ae9bf21dea45,q_lt_q20,14.45
71702873-e90c-46c0-b897-c0558dbbf855,q_lt_q20,14.25
718c91fa-5dce-403c-b5c2-1b19763906c8_033061,q_lt_q20,11.4
718c91fa-5dce-403c-b5c2-1b19763906c8_033062,q_lt_q20,10.8
7195a80c-13e0-4d39-a39b-0495b789779d,q_lt_q20,8.4
71d40ef2-a19b-4bc5-99f7-28f3ddd0a637_2420TH,q_lt_q20,12.9
71d40ef2-a19b-4bc5-99f7-28f3ddd0a637_w1TH,q_lt_q20,12.9
71d40ef2-a19b-4bc5-99f7-28f3ddd0a637_w2TH,q_lt_q20,12.9
7237e282-1104-4e3a-bb60-795c90646313,q_lt_q20,11.8
723a8fc4-908b-4430-91c7-9990be86540a,q_lt_q20,16.15
72f71a49-eabf-4155-91da-3b4342731f42,q_lt_q20,12.6
731171e5-9ea1-497f-a462-82db2dcbb339,q_lt_q20,8.5
732d7a5d-7c75-4326-a488-b8169eec53e9,q_lt_q20,13.4
7337c648-a4bf-4f8b-80c2-2b17efdba8cd,q_lt_q20,9.3
736dd802-46b4-4864-ae7e-9c470d21ad46,q_lt_q20,13.65
7391ff74-74f1-4e29-927e-1a472e7925cc,q_lt_q20,10.3
73a477e1-f26a-41e0-904e-f8f39b65d7ff,q_lt_q20,13.5
73a68029-540a-4d62-9c2b-2a5ffba8c0eb,q_lt_q20,13.9
73ee60b4-ef40-4579-a060-db2312ea3ce1,q_lt_q20,21.9
7445ef55-5e25-43d9-9e85-83406670fc65,q_lt_q20,13.7
7453937b-088f-46d5-ad71-bdf9c9db0d48,q_lt_q20,14.45
74996a5c-4436-4480-ab2d-129515aecebb,q_lt_q20,16.05
74a2892f-8074-4d51-9a77-28de841606c2,q_lt_q20,16.9
7569bff4-df95-4bac-aec1-cc051cb0e77f,q_lt_q20,12.3
75dfeed5-d047-42f2-aac2-64574ed6d4e6,q_lt_q20,14.1
75ed9d12-9ca5-4607-8658-c80b979a1310,q_lt_q20,13.8
7663b8bf-5756-4c71-a6a2-727e4c7448a3,q_lt_q20,12.65
76722cf0-d87a-42cb-98a3-56f2893547d6,q_lt_q20,12.6
76769a31-93bc-4e10-bf2d-2ee642eb0f2c,q_lt_q20,16.5
767b8dda-849b-400d-9a0e-feeb101a74a7,q_lt_q20,15.25
7713b538-3915-4948-813a-c953c4162252,q_lt_q20,12.1
7720e91c-4b92-436a-91b0-6386e8792189,q_lt_q20,15.3
7765d509-e68b-4ede-8924-42b8bc5bf2a1,q_lt_q20,12.3
77b42c7f-1412-4ea1-8e85-7fc99b8ee3a3,q_lt_q20,11.05
77d381c3-f098-4b67-b0d5-0e08a548fe0e,q_lt_q20,7.85
78a37028-e8de-4835-825a-6957d26306cf,q_lt_q20,9.85
78d562f2-b455-4296-84b2-4e7f59471031,q_lt_q20,14.05
78df8fd0-4075-4296-8187-b25f3c53de52,q_lt_q20,15.2
79515906-3efd-424e-8e32-0db1873cb3a3,q_lt_q20,10.8
7963009e-7d60-45d9-9ab6-35c176111128,q_lt_q20,15.5
7998bf73-641d-4084-b00c-ca6989f2ba2b,q_lt_q20,12.9
7aec20ef-6d53-43e0-80dd-7431d5ce6495,q_lt_q20,18.35
7af24b77-0058-4a2e-bf8b-e058a09d3eb9,q_lt_q20,12.7
7b6deaae-91ea-46b8-970c-dcd4a0703391,q_lt_q20,10.5
7b8eea56-6cc1-42dc-8a18-c80bb003a37c,q_lt_q20,15.9
7bd95bb6-da33-4c5a-a80d-6951f423aeee,q_lt_q20,20.05
7bea321d-236c-4c21-a629-fe072db6056d,q_lt_q20,15.65
7c139149-6466-425a-a287-9f8fa1e049ae,q_lt_q20,16.85
7ca88e3b-d821-4093-951e-1ecd25e78ef5,q_lt_q20,10.85
7d7cd52e-eed7-46a9-800a-a4d05fe52b87,q_lt_q20,13.35
7e5119f6-fa25-41ec-bc7a-85dfab1ad3c4,q_lt_q20,12.55
7fec3a84-082c-45c3-a379-1949f2e5b15d,q_lt_q20,10.2
7ffdc72e-bc0c-4172-bfe5-342a11fe53e7,q_lt_q20,13.45
801b8458-b729-4f20-8b1d-32bd7db0dce6,q_lt_q20,9.1
80b9e7b3-f7a8-4411-8912-8098b1cde182,q_lt_q20,12.9
814e58ed-cec3-488b-9a99-cd0b3fa24a57,q_lt_q20,13.9
8179e32e-1239-4598-84da-c7db7ccff7cb,q_lt_q20,13.55
81d85b5e-36b9-4933-b6be-6c4d335ae556,q_lt_q20,12.55
8245803e-7926-4ff8-95fb-1f4b7be1d5cd,q_lt_q20,9.65
825e7c96-b693-4366-8e39-a7fc587d442a,q_lt_q20,10
8266a6c0-d144-4cc8-aa72-f53b6a0d7056,q_lt_q20,10.95
839866a2-80ca-42a8-a695-8e6d6b165fa6,q_lt_q20,10.8
848c236d-41d0-4222-bd32-21597635fdf3,q_lt_q20,17.4
848df754-3005-43aa-80ce-2dba4138e942,q_lt_q20,9.5
8496ce69-482c-406a-a2f0-ac418ef8f099,q_lt_q20,8.4
84998ce2-8f7c-451f-ab64-a79a1394e5b1,q_lt_q20,10.1
849b6df0-9cb0-4acc-b42e-59fc1071cb65,q_lt_q20,22.55
84c3ec95-a8f2-4fb6-8aa9-94f91f65b5a8,q_lt_q20,14.4
85aefe46-dde4-4338-9d3c-338754cbc0d6,q_lt_q20,16.15
8629fcab-66fc-4c77-aaad-7504dada9ff8,q_lt_q20,13.8
86993eff-b766-4bee-8ef3-e0a738008418,q_lt_q20,11.5
8722ba53-2c55-40e7-acdd-9b43a486d408,q_lt_q20,13.1
8736a5d8-133a-46cc-b277-b6a20b7fd88c,q_lt_q20,21.9
875ae38f-80e1-4377-bcfe-6c808dfabc90,q_lt_q20,16.6
87aeb75c-15d4-4cbf-a125-0bf053e46a07,q_lt_q20,11.25
8820d897-a09e-4857-8095-5834fee6962f,q_lt_q20,15.85
887950f8-6b72-48c3-8f25-b32c6a0e688b,q_lt_q20,11.4
888a1773-405f-4da4-a35a-60fac8a5c930,q_lt_q20,14.65
88bdbcaa-28c4-44db-97f7-0a60d22a4e08,q_lt_q20,13
88be649b-6ea9-4daa-b81b-7767cbc5b995,q_lt_q20,17.1
88ef1864-14bd-47e0-8bb3-bebc8e97e706,q_lt_q20,10.8
89111009-6453-44ca-a7e6-529df0d9904a,q_lt_q20,21.35
895e30b6-b92a-4ef1-8735-e7dbd2dd573f,q_lt_q20,7.4
89ccf565-fb71-43b7-8dba-d843e01363c3,q_lt_q20,11.2
89d6ea36-cd33-4c77-84a8-d5629f9c075b,q_lt_q20,13.9
8a02b242-5805-4750-b141-c8bfd6028c18,q_lt_q20,12.05
8a2ef48d-ddc5-4643-a1cf-2da54a045d8e,q_lt_q20,17
8a2f47f1-711e-4805-8536-a49bfda4d06c,q_lt_q20,12.65
8afc6e20-b0bd-4b79-bf65-345dac8cafee_1290TH,q_lt_q20,12.2
8b07239d-fb98-4f27-b182-def7799b6c34_2044,q_lt_q20,12.8
8b07239d-fb98-4f27-b182-def7799b6c34_2052,q_lt_q20,12.8
8b386e12-f3d1-4a0b-9e01-3d4367bc9bc1,q_lt_q20,16.45
8b58ed93-f08e-450f-9415-2b8cf912118c,q_lt_q20,13.05
8b660fe4-779a-401b-b077-651a85fa7750,q_lt_q20,12.25
8bbc9d9a-3124-434e-942b-264e805241de,q_lt_q20,7.55
8c0977fe-d8fe-4d98-83ab-7916cbd2eb83,q_lt_q20,14.8
8c15c0b7-41f7-45f4-a741-ae32b86ee49b,q_lt_q20,12.15
8c5ed87f-13b4-450d-957f-5df4e4b05018,q_lt_q20,16.2
8c7fe5ef-7885-481e-a426-f6442d7c5fa6,q_lt_q20,16.35
8d4e3c14-3eb9-473b-a98c-51a7e88f0a7f,q_lt_q20,13.95
8dfc9b31-d090-4988-acfc-562ee23bb9d7,q_lt_q20,7
8e44ea4b-a77a-40be-9551-88585b98bc2f,q_lt_q20,8.5
8e500e89-e47d-462a-bfbd-e55703c217a9,q_lt_q20,9.2
8e8296b1-6e4d-49e3-a197-cfcd0962e1b3,q_lt_q20,17.5
8eb010eb-3cce-4244-bde9-4c60bdd6c9b1,q_lt_q20,8.8
8ed7ac07-fd8c-42b2-a6d4-3f02480244ae,q_lt_q20,15.05
8eea6beb-7999-4976-9bbc-ebba4c334a83,q_lt_q20,15.6
8f2b54dc-b425-4a05-a100-0ea06f4ba248,q_lt_q20,18
8ff9f61b-d835-498e-895c-0e54293930b2,q_lt_q20,19.1
90734a50-bf66-44ae-8f4a-d180130ca850,q_lt_q20,12.1
907380f9-b0e8-4401-a5c9-669a66a192bc_034004,q_lt_q20,9.8
90db0ee9-354c-4c0d-8c41-59a1ed012e92,q_lt_q20,16.05
912a6d1f-035b-4d82-b83e-a09788190c61,q_lt_q20,12.2
91375047-e239-472d-93e4-96e1413b5567,q_lt_q20,14.75
9318c925-3c1f-4127-9308-7c2b205c2f04,q_lt_q20,8.85
93cd0262-1cf7-45ac-8491-c9815c7fe710,q_lt_q20,11.8
942995c5-95c2-413f-82e4-6b3b3b811b28,q_lt_q20,12.65
94374942-acad-4197-87d8-ab4315077b08,q_lt_q20,18
9468508c-aff1-4004-8e71-62ab2884a8fa,q_lt_q20,13.05
94bab207-6492-444c-b80d-0ff2c089432f,q_lt_q20,6
9510f840-34f7-41f2-997f-cdaf0ee57028,q_lt_q20,9
951e3a10-1d16-4526-b767-e5056724b5b6,q_lt_q20,19.6
951f7162-24d4-45f4-a03e-ee55d3c864c1,q_lt_q20,14.55
959f3e4f-bb6e-4f4a-8082-0157eea99482,q_lt_q20,15.65
962530ad-afe9-49e5-8fcd-33af504efdf6,q_lt_q20,14.65
971d4ec4-1147-40dd-b03d-a616a02b7817,q_lt_q20,10.1
975b896f-1d6a-4fb2-a888-794eb6045ee8,q_lt_q20,10.15
976c372b-8d8d-4dc7-8673-bbbc707423c5,q_lt_q20,7.15
977e3ab5-ec6e-4040-acf2-8a178818a5c8,q_lt_q20,13.2
9796dc02-6edf-4392-b727-0d861cbb1edd,q_lt_q20,14.9
98bad5bc-b99b-437c-ade6-13b576c9086b,q_lt_q20,14.7
98e517e4-c709-4d16-b334-251677af1750,q_lt_q20,13.65
9903a7d5-7a84-45de-b9cb-e801128f8883,q_lt_q20,12.15
990c9d7a-cc5b-4ad0-b1f1-7d87642398d9,q_lt_q20,11.25
996741ae-f5e6-441f-ab9f-82d774552320,q_lt_q20,14.35
99d4811b-5177-469a-b217-732a8f1bdd13,q_lt_q20,11.3
99ef9f3b-c468-4bd7-90b9-ff505be46b98,q_lt_q20,12.5
9aa20788-e7de-449a-8b6c-2b623ba4d528,q_lt_q20,13.3
9ad5d28c-7cfe-46db-b39d-58701689cd59,q_lt_q20,15.5
9af510f4-5629-465b-81a9-855274a8750a,q_lt_q20,13.5
9bc3045c-0781-41d2-9483-196620fd4b2d,q_lt_q20,10
9c05cd86-875d-44b7-96fe-d30954c52977,q_lt_q20,13.5
9c263b41-8984-424c-aa50-27647a0ee184,q_lt_q20,11.7
9c323633-3c7f-4e96-b93e-980109bf97e8,q_lt_q20,9.25
9c7f4e0b-e8e9-44a7-8f3e-d3005900c383,q_lt_q20,14.2
9cee5ed4-ddd7-4903-8f74-00f52a78c05c,q_lt_q20,11.35
9d5bb52d-b05b-4af1-9760-11709f004c5d,q_lt_q20,14.15
9e4f7156-b832-4882-86b6-7155d30ffced,q_lt_q20,13.2
9eb75798-aa46-40f5-b9c7-7fd7b919087d,q_lt_q20,10.25
9f09c746-4fd6-45ec-ad13-b7163dcd7f14,q_lt_q20,14.1
a1041edf-26a8-46d1-a066-91900f494f49,q_lt_q20,14.55
a1041edf-26a8-46d1-a066-91900f494f49_2536,q_lt_q20,14.55
a1136eb6-a447-4f77-89f6-5cb8d556898c,q_lt_q20,9.55
a185e5ce-932f-40ae-a90f-6e77f1341e8e,q_lt_q20,15.9
a18743e3-9809-4f93-b046-79977b9707d3,q_lt_q20,10.05
a19fe1fc-0e4d-4e1f-88dd-7667af4b3d9d,q_lt_q20,11.2
a2240676-e92d-4ba4-97dc-30056b152269,q_lt_q20,10.2
a2ecfd41-65d6-4eb5-883e-1254de07c675,q_lt_q20,10.4
a360ba77-5ae2-465f-9808-26fc197adde6,q_lt_q20,13.45
a3c4766d-b704-4819-913b-0be1d2ed7b3a,q_lt_q20,14.35
a3e609ce-8ecf-43e1-a1f3-c6c5cc2786b3,q_lt_q20,12.5
a3eacfbb-f70b-44f4-bca2-f508ac6d1c74,q_lt_q20,14.65
a473e348-c00a-46c6-a93b-921f9747f96f,q_lt_q20,16.2
a491d243-2347-4c2d-9258-097bdc6fe749,q_lt_q20,14.2
a49bd26a-9ea4-47ec-b7ab-3a5ceb369e70,q_lt_q20,13.05
a4d15eec-2466-43aa-af4c-84f59d291e30,q_lt_q20,12.45
a4d390e9-daa6-4e8f-b516-1b3a6632b02a,q_lt_q20,14.25
a555bb0f-cacb-40e8-8e26-f246615c1a77,q_lt_q20,15.3
a58e1321-be75-4721-90bb-09a9864cd381,q_lt_q20,13
a5bf03e9-e63a-4cd5-8bc9-ab64c03808b9,q_lt_q20,14.8
a5f8e95f-d24c-4a37-84e1-e346594a47b4,q_lt_q20,13.05
a63195bf-80d6-4cee-9fb3-788f49fc088f,q_lt_q20,12.1
a6f032a7-b194-4c43-93c4-de34af7ffde5,q_lt_q20,9.25
a7087da1-7efa-453f-a5fb-c6a6af99e4ff_F2802,q_lt_q20,10.05
a7575048-b310-43eb-9418-1f92704b9e21,q_lt_q20,8.15
a7709ed1-2912-4369-b70e-b9e78568408e,q_lt_q20,13.1
a9417599-e466-4b53-babe-0c81229c4328,q_lt_q20,13.85
a941c6ca-6b2e-45b3-a515-198c39d4ceaa,q_lt_q20,11.2
a97cc80d-f8dd-4fa9-a0db-482ab1b41f71,q_lt_q20,12.65
a99b0223-fd15-4a76-8c45-4958137fa2ed,q_lt_q20,12.9
a9b52c38-242c-4ab0-8121-1eae51c274d3,q_lt_q20,15.05
a9bb3fc0-2b28-4bdf-8f16-d372e9f7efcc,q_lt_q20,9.85
a9d74547-58ba-498f-9fe0-6d95901507ed,q_lt_q20,13.35
aa93f4a2-cd35-4429-830b-c7280795f621,q_lt_q20,9.8
aaac507d-5e62-474f-815d-c0b46aea04e8,q_lt_q20,11.8
aaf8fe03-f3db-43f4-8ce6-701ebfac9ca7,q_lt_q20,10.65
ab5db73f-059e-4d10-9b92-5a640db3c1ab,q_lt_q20,13.45
ab69860c-e228-4e08-9b8f-b7d1eca1ed11,q_lt_q20,12.5
ab787ffe-443f-470c-b815-57d1a1882a61,q_lt_q20,19.65
ac012bfc-452d-4cce-89b9-8eb86b1cd709,q_lt_q20,13.15
ac400e1e-eff8-4029-9f6f-c73eb649b4bf,q_lt_q20,12.85
ac5d441f-d997-4348-a8d1-9683503835e5,q_lt_q20,16.7
ac819d1a-0f60-414f-b155-4b6e095ecc8c,q_lt_q20,15.45
acf6c077-f35a-4af5-9191-f8aec1831c80,q_lt_q20,14.15
ad19b458-9e76-4c18-8ebc-d2a959156f82,q_lt_q20,13.5
ad7dfcd5-f079-4c1e-b08e-9b982593763d,q_lt_q20,11.65
addc9e63-49de-4451-9a7b-6afb822d835e,q_lt_q20,14.6
adec4dd7-9cdb-4c58-8fc3-2e509aecfbcd,q_lt_q20,8.2
aded6ffd-1b3c-4fce-ad90-ec995a90a2a7,q_lt_q20,13.3
adfc6cac-b7fd-4006-a2f1-db7bdda426dd,q_lt_q20,10.2
ae3ba171-5f03-41cb-a4bf-bb8c568b8c1b,q_lt_q20,10.8
aeb7fc23-8687-4548-9f2f-c21b4cc0e59b,q_lt_q20,15.1
aef77f8a-7da4-4dae-84ea-88f643d8e00d,q_lt_q20,14.8
af0da814-0f9f-4928-89fe-6ef112d381d6,q_lt_q20,12.6
af21bf6e-b55d-429b-a3b4-65e372f0cb58,q_lt_q20,11.8
af27ed26-9dc7-4837-8235-a788b39c70d4,q_lt_q20,12.25
af486db0-05c9-4707-b5fc-c039359d7a22,q_lt_q20,11.35
af5d4468-4d94-49ce-bca2-8b4f73648d71,q_lt_q20,11.1
afc9b823-2f50-42f1-ace0-4eb4228e4712,q_lt_q20,20.15
afdcd20e-1e52-47f4-8d04-71ef656fe801,q_lt_q20,12.2
aff6b7ae-ab2a-424d-8a9e-11e2d50cdc2b,q_lt_q20,15.9
b0166a7b-cf7c-4ada-8688-deaa14a01898,q_lt_q20,20.45
b0713e87-cab3-46e4-bfb3-f0bbb91cedf6,q_lt_q20,11.8
b0a28c3c-b5dc-4a94-a661-2ef0639049c7,q_lt_q20,12.7
b0d98d93-45de-40c1-a1cf-cd32484c3542_432110,q_lt_q20,17.05
b0d98d93-45de-40c1-a1cf-cd32484c3542_432120,q_lt_q20,17.05
b1697d0b-8974-4f1e-9a8c-94cae1c00a48,q_lt_q20,15.8
b1799d01-d80b-4358-9cde-2492358e5f60,q_lt_q20,11.55
b17f0895-5a5d-442c-bbad-fcf3280aae2f,q_lt_q20,17.1
b2023a27-1c95-4b64-98d2-90bdf4c224ce,q_lt_q20,12.4
b23821f8-f8e5-4b3d-a821-70913abe37cf,q_lt_q20,10.25
b260a0a3-aaeb-40cf-b8cf-b1024a2db5d7,q_lt_q20,13.65
b27ced8c-bf7d-4d8f-8148-f590ccc35f4c,q_lt_q20,11.2
b2b023d8-8377-4afb-acaa-e8ce3c66bbe7,q_lt_q20,12.05
b326bac6-9b5e-446c-bde5-2643a0eb5cac,q_lt_q20,11.25
b34cdf4e-8f74-45b6-b97a-edde6323f25f,q_lt_q20,11.4
b39a74f7-1286-48a6-a281-71520d4ccede,q_lt_q20,14.2
b3bb7f19-ab52-4236-8666-b2c32ca2f787,q_lt_q20,12.9
b3da16fa-2b4d-464a-a835-1028fce8b596,q_lt_q20,13.9
b3da4efe-3997-4799-8c1f-399c4ae293fc,q_lt_q20,9.55
b401b1e3-c946-4a3e-bca3-3427e64eebba,q_lt_q20,12.9
b435c357-5e89-429d-9e2e-f52e231d7a5f,q_lt_q20,11.1
b49af755-891b-490a-8a2b-0896237f1936,q_lt_q20,10.25
b589aebe-0b6a-4928-b85e-14f138d250ad,q_lt_q20,12.8
b5d958ce-f342-427a-a32d-199bc52b0ee2,q_lt_q20,9.8
b5ee078f-e06e-4d3d-8823-5faffa77db23,q_lt_q20,10.4
b69080d3-02f1-48d0-982c-0150b478a8f7,q_lt_q20,10.1
b697f85e-18a0-4758-b4c5-d49dd976890f,q_lt_q20,13.5
b6c4885c-cc83-4401-aeb2-5505de2cad43,q_lt_q20,15.4
b7d7ad0f-c16b-485d-9dcc-f4f845995a11,q_lt_q20,9.8
b7db631d-9aa8-49c1-9a61-b2824d0b42c8,q_lt_q20,14.35
b82b5bd7-4174-4bef-9d90-9080ebe77b8a,q_lt_q20,11.1
b855cfed-46a0-4261-9d48-9d43d21a6315,q_lt_q20,11.8
b86817d4-c71b-4bd4-ab64-4982bf812b12,q_lt_q20,13.9
b8969b34-a0cc-4974-8893-e869f7200726,q_lt_q20,13.2
b8ddf775-3ff9-4c27-89dc-a6a7dcd628ca,q_lt_q20,14.7
b8e0fbe8-8d4f-4bd7-bd4e-068972edf6ea,q_lt_q20,9.4
b8e7dfb4-b7ee-452e-976f-1e59a1a661a4,q_lt_q20,9.85
b92a2ca3-4eb9-4a8f-b82f-8bbc2a1dfbc9,q_lt_q20,8.4
b92fdc04-60cc-49fd-b109-2ea6da11208d,q_lt_q20,11.1
b990584a-6da0-414d-a165-df8f52eaa5e7,q_lt_q20,12.8
b9933a62-f326-4d77-9206-ebb335161831,q_lt_q20,10.3
b9a652c1-1645-4fd5-8a34-bb3aafc499db,q_lt_q20,12.95
b9f6ea7e-8e51-4647-ad81-a418ef6063ab,q_lt_q20,13.75
ba894894-8201-40e8-8fb8-33aa2c4878f9,q_lt_q20,11.05
bb02cfc2-0819-427b-bb42-80099ce25bc6,q_lt_q20,8.25
bb76f2e9-4a9d-4ffb-a78b-f457e5d0325d,q_lt_q20,10.7
bb7d0230-c1be-41f4-904d-aa67307fca67,q_lt_q20,11.15
bba59546-8f69-4a24-8cc1-f4cdaebd754e,q_lt_q20,10.25
bbaa85be-3a06-4d2b-b5ad-7f1f55b6554d,q_lt_q20,11.4
bc20e967-2251-471b-b636-ff517f9e3d39,q_lt_q20,12.2
bc461833-6006-4224-8820-31c35ec58822,q_lt_q20,17.8
bc7fac98-151e-4220-ab79-455a095ea290,q_lt_q20,9.7
bce8bf9b-9b67-4bee-9c90-3c7f65c3444e,q_lt_q20,11.9
bce9c8be-26c4-40b1-b852-715b016440e5,q_lt_q20,10.25
bd2496a3-6740-41be-b251-6d2b231a55ab,q_lt_q20,9.85
bd669418-92e4-48fd-baf1-617249b435d0,q_lt_q20,9.4
bda687ce-f308-4f70-b53f-c172c70b0e89,q_lt_q20,8.85
bdf4b017-b900-4dd5-b889-8990d9a2ee36,q_lt_q20,16.45
be0a7858-95c9-43aa-a054-0dc1989349f8,q_lt_q20,15.1
bed0ef93-6faa-4f98-af56-bfb3fed3ed61,q_lt_q20,16.05
bf06f547-e1ed-4473-b1e8-2581d8bfc70f,q_lt_q20,11.1
bf679fd0-8d8f-4815-a569-ec798d81f324,q_lt_q20,13.1
bf85754c-4e6e-481b-9f58-a4fe2bf249cd,q_lt_q20,13.1
bfdc1b44-5cc4-469c-886d-bcd500a32919,q_lt_q20,11.4
c001fee0-4166-478c-ba13-f7a38b325012,q_lt_q20,16.05
c011ca8b-b2b8-4303-85fe-27f81a17fcb9,q_lt_q20,16.85
c02ac46e-bfca-4209-8521-5e1b8f2a7459,q_lt_q20,10.25
c0744418-231d-4953-be28-bbef415aea01,q_lt_q20,12.5
c0b28d37-0ec8-4944-a45c-4287cc506a26,q_lt_q20,8.7
c0c0f44d-7ad5-4f0c-8076-a783003c1805,q_lt_q20,13.4
c0d741a3-b820-4da9-a2ba-7efd545c3dd6,q_lt_q20,13.65
c10d61a3-fc5d-4d96-bf9f-57a97b6256c0,q_lt_q20,7
c126ae2b-2a89-4867-ad78-2a0685b93678,q_lt_q20,11.4
c15cb7f2-77d1-4cc2-8742-5adead1be2b4,q_lt_q20,12.8
c1773369-9f5c-4cc6-a934-9b7d58625cbb,q_lt_q20,16.05
c18ebd8a-6bed-4687-8b80-0f20e9c2b22b,q_lt_q20,15.05
c19762f5-2d97-4f44-99fe-e54536bf018c,q_lt_q20,14.25
c1c64084-6c91-47b4-8c8c-ecedec9ee99d,q_lt_q20,16.35
c1de8290-0a62-480b-b4e4-4084ac640aa2,q_lt_q20,12.25
c1e5e157-2320-48a9-9bb7-18db98d85fcb,q_lt_q20,17.65
c2322212-f769-43af-83db-08d03c1e0f49,q_lt_q20,11.5
c257f8de-5cf1-4c1f-9b46-deea2006d745,q_lt_q20,11.5
c2ced941-2e52-41f7-a7d3-65d3a8064c03,q_lt_q20,14
c2edd464-b8c1-4e06-bbcd-2f2fdcd88501,q_lt_q20,13.85
c2f93251-15b1-4243-ab56-96c4af4cce11,q_lt_q20,13.9
c305da5e-a910-49d8-b07c-434b1d1ee109,q_lt_q20,8.45
c357b418-078d-4ac2-9cf3-27eee4c4ab78,q_lt_q20,14.25
c3599c4c-3209-4752-9165-542d2e9009b7,q_lt_q20,11.25
c387e53c-84f5-4533-b970-8c3ea7b7a0fc,q_lt_q20,11.9
c3b5b925-f539-4546-ab96-9ad257fa16d9,q_lt_q20,13.05
c46d1245-e34a-4ea9-8c4c-410357e80e15,q_lt_q20,11.1
c4914aa1-8d0d-4d70-9918-e760fa9aaf88,q_lt_q20,9.25
c4cbc20d-2913-47d5-8d62-a15e65403434,q_lt_q20,11.9
c570853f-a563-424f-aeb2-a926b1c30223,q_lt_q20,15.9
c5a79e93-7589-4030-b93f-9ca42a58392c,q_lt_q20,14.95
c5b13f08-cdf0-41ab-8bbf-7b8587744459,q_lt_q20,12.8
c5d22f06-385f-46f2-bbce-4501ab51871f,q_lt_q20,21.65
c5d27c71-07b5-4a2d-a1eb-cb858c1904d1,q_lt_q20,15.15
c6b8695d-5d3f-405c-b3c5-970e8d11e4d9,q_lt_q20,12.45
c7e13884-4a02-4df3-b184-09aea28cf8e8,q_lt_q20,16.15
c7e88659-7744-4aa0-b62e-93cb6c25ef2b,q_lt_q20,7.85
c89d57ed-e3aa-4931-820f-0ee58142ae44,q_lt_q20,14.6
c8c5399f-0a0e-4a83-bf3e-475a9de5cac7,q_lt_q20,11.8
c8d339ae-22a7-413e-90d5-ef4884026eba,q_lt_q20,14.65
c8dd48fe-9e31-4096-986a-bf4c67648c7a,q_lt_q20,14.6
c8f86ce2-0e87-441d-937b-17cce6b52e12,q_lt_q20,16.3
c95332b9-0da9-4681-8e56-ac4e64a30d63,q_lt_q20,11.85
ca41ca6f-ae17-4788-bcee-b32c1a918983,q_lt_q20,12.1
cab00cd1-b095-4ab5-9b8c-1b5089373562,q_lt_q20,15.3
cabb0f6a-7ebe-464a-b695-40fc6d08cd3c,q_lt_q20,12.2
cad502d9-12f9-4449-a1e5-568b9f7d32e6,q_lt_q20,19.5
cb5596d4-deb7-4784-ad4e-5c21279082ab,q_lt_q20,13.05
cba899d9-2eee-4a91-b0ef-91335aaca422,q_lt_q20,7.85
cbc3fc1b-88ef-4f46-b12e-6eb97e45059c,q_lt_q20,11.5
cc0cedad-23fc-4893-b83c-1f47871293bd,q_lt_q20,15.15
cc169352-30d8-4fc4-884e-b37cafbfad0f,q_lt_q20,13.05
cc169352-30d8-4fc4-884e-b37cafbfad0f_031004,q_lt_q20,13.05
ccd2dcd2-9439-41e6-9e0a-cf124e772a68,q_lt_q20,15.2
cd030991-ff87-43dc-8563-284195518ffa,q_lt_q20,15.3
cd8c5956-30bd-4242-9d18-ce24ce0a3f30,q_lt_q20,12.2
cd911250-e87c-45d0-8668-03981c6876e5,q_lt_q20,9.5
cdbecc7a-6bfa-41c2-8c38-222c43367fe2,q_lt_q20,13.15
cdeb0ab1-6c05-43f5-aa47-cb6248d8ffee,q_lt_q20,14.2
cdfa6633-f9c0-4bed-b0b0-098b85310b5c,q_lt_q20,18.3
ce15ea40-742a-4221-ab0c-166d42ef4fa6,q_lt_q20,16.05
ce975340-e8ff-4b3d-bfc5-7ba57026ac22,q_lt_q20,15.6
cea9b5f0-588a-4d9c-a43c-eceffa56b782,q_lt_q20,13.5
cf3b4439-a244-41c8-b3e6-089f5ba5cee2,q_lt_q20,13.65
cf4bcfd5-1059-4fd2-b742-0e9866ad4997,q_lt_q20,9.65
cf8c9032-6d1d-473d-b304-3837260188cb,q_lt_q20,18.1
cfb660d2-2aa9-4a18-9607-6dbeec51611a,q_lt_q20,8.55
d0133283-1904-4459-8ce5-88d7786ac802,q_lt_q20,15.1
d030d4a1-e9bf-4d16-9116-76966ec1d112,q_lt_q20,15.85
d031ef9f-4e50-4c68-aa43-9b5589c32874,q_lt_q20,12.9
d0bdcc52-363a-4c03-830f-656e7e1d35f9,q_lt_q20,14.4
d0bdea3c-41c2-4ad7-8b19-28f968b4ce61,q_lt_q20,6.45
d0d00ab4-bfa9-458c-96c3-33dd5a401559,q_lt_q20,18.35
d140f62b-b08a-4a64-be9d-f808f4e06140,q_lt_q20,11.3
d173a23d-0450-4ca0-8aae-0524490e9d75,q_lt_q20,11.6
d19726f9-e3db-455e-904e-b6c91934cd34,q_lt_q20,9.35
d1a229c2-1eec-43dd-8b89-1999568e293c,q_lt_q20,9.3
d1df8d19-d1f7-4e83-8aa6-75820613be72,q_lt_q20,13.35
d209d76b-f251-4972-99d8-3a0a02c1852d,q_lt_q20,10.4
d21c59dc-848c-4c13-97eb-edbb1e71b767,q_lt_q20,11.8
d21f1e9f-b6ba-4491-b6cf-faf227813d47,q_lt_q20,16.05
d2cd29dc-cf55-4a2e-9836-7c2ab0f8912c,q_lt_q20,17.8
d2d2a44c-25cb-4b0d-b4a5-4929e1d11975,q_lt_q20,13.1
d2dcdeb9-5c08-471b-8d86-e0e1bc1d4c9c,q_lt_q20,16.45
d2eec541-fc9b-495b-9fdb-f9bf3e039940,q_lt_q20,21.7
d30dd811-b003-4eab-ba7f-c17562766b04,q_lt_q20,12.4
d32a665b-92bd-450e-98fb-2dc9398ac805,q_lt_q20,16
d32a665b-92bd-450e-98fb-2dc9398ac805_5106_w1TH,q_lt_q20,16
d32a665b-92bd-450e-98fb-2dc9398ac805_5106_w2TH,q_lt_q20,16
d33ce11e-590d-4d44-af55-6a9b0c27e829,q_lt_q20,11
d3571177-b605-4823-a6c8-507504375df3,q_lt_q20,11.95
d40cdbf5-7aea-4789-8bb5-d590b2b89ae4,q_lt_q20,13.35
d42b68be-0da7-4519-ba9a-e24f789d9c10,q_lt_q20,10.45
d45605aa-9a74-44d7-a684-5c9f3ca763da,q_lt_q20,11.25
d4c7cdbf-5fea-4ed6-9d5c-cb527ff5fd23,q_lt_q20,13.55
d52a0bf4-3d55-4913-b0e7-8f1b3ca17e38,q_lt_q20,8.4
d52d0eab-1e64-4d76-a1f2-e81c7948d2c0,q_lt_q20,13.15
d54a74bc-7d2c-400e-abbd-e2ec37f9460f,q_lt_q20,16.45
d59509c9-a7c1-4cac-8f12-2e0287c59a63,q_lt_q20,15.75
d5d96cd8-8fe7-4dd3-8c57-b782a999f92b,q_lt_q20,9.1
d5e3c53b-bae6-4df5-9d14-c087e9fa2467,q_lt_q20,13.9
d5f9c660-4e50-47c9-bb58-190acf22cf6e,q_lt_q20,14.2
d65f7681-89ab-4aff-9c42-59da80eb5120,q_lt_q20,16.3
d69fc777-cc14-47e1-993f-283e08920328,q_lt_q20,11.8
d6af1698-3999-4a5d-a449-693dc8bd8f98,q_lt_q20,15.5
d7896c1f-b892-4272-b78a-9bb4d5a53c5b,q_lt_q20,14.1
d7af3b3d-cad2-464d-bf4a-7449d85152c1,q_lt_q20,15.15
d7ba84de-0fa2-4577-9ef4-978335a86360,q_lt_q20,11.85
d7ea5745-0ca5-40fa-b5c9-3f788256411b,q_lt_q20,9.7
d8247910-913d-471a-abb1-11ee26969d96,q_lt_q20,10.4
d8fd996a-b726-4415-a41c-3150f506441c,q_lt_q20,11.3
d939b5a0-012f-4082-ad1e-eba74d1f65d5,q_lt_q20,10.4
d96cf58d-21f6-49bd-85e1-8db63a693645,q_lt_q20,15.25
d96cf58d-21f6-49bd-85e1-8db63a693645_151805002,q_lt_q20,15.25
d977db74-52e3-46a6-91e8-42aa82d83e68,q_lt_q20,13.55
d9f8ae6e-a12e-4fbf-972e-21c89e521789,q_lt_q20,11
d9ff999c-0258-41fc-abae-b4f4bcf10fee,q_lt_q20,11.15
da031053-d267-49da-857a-b8e28a7205eb,q_lt_q20,14.25
da7b6a82-062b-4723-9d9e-8fb7ca9b52c3,q_lt_q20,13.5
da7eb1f2-d42a-4707-8f04-d414dfb2de8d,q_lt_q20,13.3
daa47a41-8f5a-4edb-9840-e0a13533cc64,q_lt_q20,10.4
daca0d8d-b3de-4945-81fb-b01f249210f6,q_lt_q20,9.85
db1d776d-2226-4979-8b90-733c0f352d32,q_lt_q20,9.4
db461ec1-3ea7-4ae3-bc19-916d7ee6358f,q_lt_q20,9.4
db55568d-bd13-4e3d-bea3-7d188796ecf7,q_lt_q20,15.3
db5a4b77-c057-48a5-a174-f99045ad9bf2,q_lt_q20,15.65
dba1953a-a80a-4e6c-a12f-3f7a8e2e12cd,q_lt_q20,18.3
dbc64462-fd71-4527-995e-7ba62c05b63c,q_lt_q20,15.1
dc053ba2-8d2d-47dd-8c61-6246607bda41,q_lt_q20,9.1
dc333991-0a0d-4184-a230-30457e374bed,q_lt_q20,8.55
dd3c856a-bb15-42d0-bbf4-d0a816f20946,q_lt_q20,12.2
ddd4ea67-eff3-47b8-972c-dc5239620add,q_lt_q20,12.9
ddedb4d9-b2be-47c1-998d-acbc0ffb124b,q_lt_q20,11.75
de59cc50-5443-4a4e-a560-352a4e1d9df0,q_lt_q20,18.5
de8912c4-f8c4-4c98-8a7a-7f0f5ef137f2,q_lt_q20,15.55
dea2b321-7f1c-4acc-8839-99cf945d61d5,q_lt_q20,14.85
df197117-d3ba-4706-b6f5-a7c773ebab31,q_lt_q20,12.2
dffdaf0f-e68b-465b-bc33-3b7aafbf6381_U33026,q_lt_q20,10.65
e022dc85-f244-4f07-8ca5-27441bbebc0e,q_lt_q20,17.8
e02a1b65-521b-4672-a336-14aae201ac78,q_lt_q20,16.35
e0cc2ab9-31be-4249-9568-65b76de876c2,q_lt_q20,11.8
e0d2a692-1121-4c41-9b53-d0537f2efc62,q_lt_q20,12.5
e0d7edb6-75f8-422a-b533-365a1d4c03b2,q_lt_q20,11.4
e110ae98-cc33-42ab-9d28-1b5d7104af3f,q_lt_q20,12.85
e1167305-106b-4cd6-adbb-83d90590079e,q_lt_q20,14.15
e18394ec-4cb0-4fd6-b078-f2686bdac694,q_lt_q20,13.25
e1d6ff27-89cd-43d1-bd23-699952662cb4,q_lt_q20,8.2
e268ebd4-97ae-4e44-857d-d01c4d838027,q_lt_q20,13.95
e2b68116-d475-407a-844f-346f2750486d,q_lt_q20,12.85
e2db454d-9cdd-43b0-b47c-6fb047bd6fb4,q_lt_q20,9.4
e30e2f0a-e9ca-415f-8fb9-0df9f0133591,q_lt_q20,11.25
e32552e7-61fc-46f0-b5eb-e89930abc712,q_lt_q20,17.75
e333da21-e6fd-421c-8c30-b56f1ec745c5,q_lt_q20,8.55
e3717cf6-37f9-4c3a-bfcc-6e87acbb049b,q_lt_q20,20.35
e37d3d7e-592c-4f88-baac-0e359a750c74,q_lt_q20,14.75
e3990cb0-3ae8-4cd4-b009-55290be90c92,q_lt_q20,13.5
e3a215cc-bf59-44e6-9c07-90122efea9e5,q_lt_q20,14.7
e3a3cd09-9117-4661-9ccb-4a36d5ada337,q_lt_q20,14.6
e3af9eda-897e-4d7c-9367-dd6cf7f89ebc,q_lt_q20,14.9
e3cbc7c6-f62f-4848-9b2c-75e0da09b9a3,q_lt_q20,16.05
e4122606-b2ba-4461-9e13-0af12f5da7f6,q_lt_q20,12.9
e425b61d-9bb5-4dc0-a4d7-0d31560f8a9a,q_lt_q20,15.6
e4ef0a1b-2cd2-4488-b8c1-cdd506ab9b08,q_lt_q20,11.7
e5a69868-4eda-4f41-bae9-772ea424752b,q_lt_q20,13.4
e5dac99a-1800-40a7-be02-f9b8ac335659,q_lt_q20,8.25
e61b060b-5b5b-4695-a2be-79e50c699c2d,q_lt_q20,15.3
e66fe85a-e60d-4111-8c53-ff52ee56517b,q_lt_q20,10.4
e6eae01c-0f7d-4748-b8f1-ee199284b543,q_lt_q20,8.4
e6f18d6b-f5ab-4e66-b9c6-4fe1172219c4,q_lt_q20,14.15
e748b4a1-bc3a-4023-b3e6-3abb27009f04,q_lt_q20,12.1
e75cd792-de7e-4644-b36a-37edd76a76a9,q_lt_q20,11.65
e786e60f-a0f1-4955-aa57-f22ba39c7427,q_lt_q20,15.45
e7bc8b2f-525b-4f1f-902d-6398a291f85f,q_lt_q20,10.65
e7d8bbb6-5bba-4057-9f49-a299482c3348,q_lt_q20,11.5
e81f2363-eca0-4b47-a851-349da6a849b6,q_lt_q20,13.95
e882d716-0531-48c0-969a-84ed85fccce6,q_lt_q20,20.55
e8cc21fc-0770-4aee-8ce3-a344c8d465d3,q_lt_q20,12.8
e8da76c5-b952-4142-ac96-4d16664b4494,q_lt_q20,14.3
e95f12d8-a67b-459d-a9ab-bb233c20799d_F2595,q_lt_q20,10.4
e95fa94f-f9e4-419a-aac4-c7bb11aadd58,q_lt_q20,8.75
e96f8156-84b5-49aa-b931-5698f421b729,q_lt_q20,12.85
e9c72be8-dea1-4a5d-8af7-05dce5f419ee,q_lt_q20,12.7
e9d3271d-1599-4751-b98a-e7c9e783e512,q_lt_q20,11.9
e9da9527-28c6-4cb1-8b70-6e5460afcae3,q_lt_q20,15.65
e9f95177-02be-41bb-8728-40fe217bb6e1,q_lt_q20,14.6
ea442d7a-f666-450a-a04f-449b7aec9edb,q_lt_q20,13.95
eb0f6b17-4bc0-409d-90be-a6db939a8513,q_lt_q20,9.4
eb97fa6f-d2c5-49db-8829-7b994b0a68be,q_lt_q20,14.6
eba748a3-ebd6-4141-a671-5ef94b896ffa,q_lt_q20,15.35
eba748a3-ebd6-4141-a671-5ef94b896ffa_453202901,q_lt_q20,16.8
ebb603ce-8fde-4de0-acad-481632c0566a,q_lt_q20,15.4
ebead23d-acc0-4a2a-89a5-8dcd327767fb,q_lt_q20,9.45
ec93787b-03e6-445b-b17d-d4481b7d7e9c,q_lt_q20,8.8
ecf7d51a-1308-44fd-aaf6-7d2292332eac,q_lt_q20,13.6
ed2ab3fa-21c0-40db-970f-267924240421,q_lt_q20,10.1
ed2d0622-1e92-4886-a748-df6b7586d52c,q_lt_q20,10.8
ed9676ff-3b2e-4282-8a67-6882b2222e02,q_lt_q20,13.15
edbe7bd4-b3a4-4f9f-9d33-e932017531d7,q_lt_q20,12.8
ee1fdcfd-15f4-4a19-8356-acee538ae78d,q_lt_q20,8.15
ee2f12c8-bf0a-470c-9a21-c0ad1ccc53f6,q_lt_q20,10.7
eeeac5e4-672d-4472-893d-6ce4c6bab120,q_lt_q20,15.5
ef6614a2-669d-4bc9-95e1-bb5acfb9a7d0,q_lt_q20,10.95
ef76b105-7412-45fc-976d-972c1f7e185a,q_lt_q20,11.8
efc7f52a-ca89-4d56-bea1-7758811ee22d,q_lt_q20,11.4
efe2509e-d4c4-42a8-ae09-dcc1ffcbfe67,q_lt_q20,12.45
efe53bb2-d752-4aa6-af43-e2240eae3675,q_lt_q20,10.4
f02dce57-8c7c-4741-941e-9638164be462,q_lt_q20,13.8
f04861d7-1fea-4282-ba7a-610c44cd039c,q_lt_q20,13.95
f04ca4c9-40b2-431c-a944-863443457ac0,q_lt_q20,15.75
f053c518-139a-4210-b305-ac3f7ac95075,q_lt_q20,13.35
f06167e7-dd9e-4ce6-81c8-176d2d8b706d,q_lt_q20,15.05
f06fd5b9-7da7-41db-a784-bd785ad3264e,q_lt_q20,13.95
f06fd5b9-7da7-41db-a784-bd785ad3264e_151806011,q_lt_q20,13.95
f0718c85-fbe6-4bb5-9a00-91ef53c38567,q_lt_q20,17.85
f0719364-e4e5-4607-afce-a6f475d182e1,q_lt_q20,15.35
f0b04c16-532d-43d4-b497-d52a57b45eb2,q_lt_q20,14.5
f0ce59f5-6075-4861-8976-be2f44424535,q_lt_q20,15.05
f120647f-1a02-4597-8ba7-3cd7a1c90635,q_lt_q20,12
f1914b03-f60b-4174-9966-743e4fae2f61,q_lt_q20,14.7
f22f80f8-1bb0-4e77-b225-291487060c6f,q_lt_q20,10.45
f25278f2-f4b5-4d32-86b1-e00e6cd33a6f,q_lt_q20,8.4
f311890e-f160-4533-9cfe-39271fc164e6,q_lt_q20,10.4
f31fc8d7-3883-493b-be85-80fefa7068c5,q_lt_q20,15.6
f3536ad3-46f4-4882-a605-260958220d85,q_lt_q20,11.25
f357a614-cd56-4425-a685-133aa736e0c8,q_lt_q20,8
f35edef4-7f87-4020-8088-95ea60da2b79,q_lt_q20,8.9
f383556c-5233-45b1-aaa0-50959327d3d2,q_lt_q20,15.45
f387d5f1-d06d-48fd-92a1-ede9bdebdc10,q_lt_q20,11.65
f3904234-3063-44ac-b93a-0f52861ddbb4,q_lt_q20,15.15
f409c5a2-5d4f-41d2-a734-b0707c778dd5,q_lt_q20,9.25
f40d1dc8-2f89-441f-963c-2b15f4cfd7ff,q_lt_q20,16.8
f44bf96d-3953-4fec-88bd-30ef4e12e523,q_lt_q20,10.7
f45e1714-c4b4-44cc-9687-79d736a3a061,q_lt_q20,9.2
f463f458-8115-42d8-834a-c6872116737d,q_lt_q20,8.15
f47d3873-02f3-42e2-a96f-770c47772d6b,q_lt_q20,9.7
f48b6a3b-96f0-40cf-9f97-22d0ba05652b,q_lt_q20,10
f4a37857-9d23-4ab2-af0d-81171ad0d52a,q_lt_q20,11.1
f4b5a4cd-85af-4782-9be0-97782029e7ab,q_lt_q20,13.55
f4c0be26-7222-4c60-a6a1-bba413c33ca0,q_lt_q20,9.4
f4e33ecf-176b-44e9-b45f-8f2990d18547,q_lt_q20,21.3
f516b38c-16cc-4cda-94e7-6a85ee01b7b3,q_lt_q20,14.05
f54d561e-dae2-4cab-94f1-215a02dfc308,q_lt_q20,14.35
f5a87f88-4a45-494d-84e3-19ea46205316,q_lt_q20,14.2
f5b37267-c78d-4e3e-9fca-0a380d46ffc8,q_lt_q20,18
f5fecb83-cfac-4e5d-8b4c-1f8e2ca0ebb2,q_lt_q20,11.35
f62ffa59-4994-4d08-a962-69378aa1b2e6,q_lt_q20,13.55
f6570b4e-8721-4397-885a-7ecfeab86cd8,q_lt_q20,12.95
f74e22c2-ba83-4a05-9303-d1e2b93c54bf,q_lt_q20,11.45
f7897367-bb3b-4599-8184-b8941e889c9c,q_lt_q20,12.65
f7f3bf26-071c-4119-8702-d0d410b7fc07,q_lt_q20,16.8
f7fe310d-d263-486b-ab70-a4663975f7bd,q_lt_q20,14.55
f8531ce2-c39e-4eaa-89a9-67302cacc66f,q_lt_q20,16.2
f865f658-a32e-4601-b61e-e5c2f02c578a,q_lt_q20,10.8
f868632b-012e-4605-996e-3e3becadafc2,q_lt_q20,7.6
f8701e94-8375-4a79-865d-69acdea0853d,q_lt_q20,13.95
f8745051-b1d4-47f0-96b5-76b67c6ebaf4,q_lt_q20,14.7
f8ae6b4c-56c4-45a1-b83f-4697843b937f,q_lt_q20,11.9
f8b80146-bdfd-419b-9d09-1bd05c274034,q_lt_q20,8.4
f926adb6-6408-4d86-98b1-7c76f4bdbc37,q_lt_q20,13.05
f9fcfbc0-af1b-46f6-bf20-6d8aedc1c72f,q_lt_q20,12.75
fa1df2df-6c46-45ec-9aad-331c095431cb,q_lt_q20,7.55
fa40b47d-6153-472f-9b91-f7ac3444071a,q_lt_q20,16.65
faba42fb-8de9-4e60-a4f8-47c8271320e3,q_lt_q20,13.5
fad760ef-0c6e-48df-a1c5-01d3f471cbb0,q_lt_q20,9
fafd42b9-ed79-459c-98a6-83b7692eab78,q_lt_q20,13.8
fb8bcdf9-89d2-419c-bdca-d1d1a8c97586,q_lt_q20,13.75
fb9489af-81db-46cc-890e-1567c1f386a6,q_lt_q20,13.65
fc053c40-2354-4f94-add2-1aa71fb0afc6,q_lt_q20,8.15
fc26adc8-491a-4f56-a5a0-20d775dc0c7a,q_lt_q20,11.7
fc5e2495-e6bf-4b91-bf05-547b8ce5fa8c,q_lt_q20,9.6
fc82d49c-8b70-4e21-b1e3-0b648bf5b835,q_lt_q20,15.25
fc8999c2-d9ad-4a1a-887b-2f9c10f11689,q_lt_q20,16.75
fcb795f4-07bc-4ae0-8372-041644e7f275,q_lt_q20,9.6
fcdd7420-c000-4db7-99fa-3835a65372fe,q_lt_q20,8.25
fce4a0d2-2406-4c67-8bf4-35cd091e6545,q_lt_q20,18.4
fd0f850f-2f54-46c0-ad53-1c56361d930c,q_lt_q20,11.95
fd43ce67-61f8-481b-8547-0d899aa63c0b,q_lt_q20,14
fd8ea26c-8052-48c5-a1bb-bbd5ebbbb3d3,q_lt_q20,15.7
fdc0c6cb-c938-4b40-9b8d-6bc0f81dbbec,q_lt_q20,13.75
fdfac74b-f168-40d6-9f97-2efc9ac6a964,q_lt_q20,15.5
fe43947f-a0e9-49fe-9a11-5ef97f102fbd,q_lt_q20,13.4
fe57175f-cfc7-4fcb-bed7-6a146ef67336,q_lt_q20,11.55
fe6e0031-6278-4cf6-8097-8939a90a141d,q_lt_q20,10.1
fe864cfb-0782-4369-8343-951e2ad01992,q_lt_q20,14.6
fee4928e-59c8-4f42-b1b1-9299ae2d71f1,q_lt_q20,14.5
ff467050-5094-4775-be40-2da994ad8650,q_lt_q20,16.55
ff6ae1df-8fa7-4f88-9710-cb3b4fcde8a1,q_lt_q20,11.5
ffe31960-febf-4c98-963d-6f23354add54,q_lt_q20,14.3
fff0c2da-54e5-40af-9618-a97848d71c2e,q_lt_q20,13.4
223202,q_lt_q20,11.05
224201,q_lt_q20,18.05
224206,q_lt_q20,16.65
224213,q_lt_q20,13.3
224214,q_lt_q20,22.65
225213,q_lt_q20,23.15
225218,q_lt_q20,12.05
225219,q_lt_q20,17.95
226204,q_lt_q20,12.5
226209,q_lt_q20,10.8
226220,q_lt_q20,19.55
226226,q_lt_q20,24.65
226402,q_lt_q20,11.85
226410,q_lt_q20,13.3
227200,q_lt_q20,7.8
227202,q_lt_q20,9.75
227211,q_lt_q20,11.7
227219,q_lt_q20,12.6
227225,q_lt_q20,14.35
227226,q_lt_q20,9.55
227227,q_lt_q20,11.5
227231,q_lt_q20,9.2
227236,q_lt_q20,7.35
227237,q_lt_q20,11
230205,q_lt_q20,12.5
230210,q_lt_q20,12
231211,q_lt_q20,9.65
231213,q_lt_q20,26.8
231225,q_lt_q20,10.65
234200,q_lt_q20,10.85
234201,q_lt_q20,9.85
234203,q_lt_q20,11.4
235202,q_lt_q20,12.2
235203,q_lt_q20,11.25
235210,q_lt_q20,10.7
235211,q_lt_q20,13.8
235234,q_lt_q20,13
235237,q_lt_q20,12.65
236205,q_lt_q20,9.3
236212,q_lt_q20,10.45
236213,q_lt_q20,10
238204,q_lt_q20,13.75
238208,q_lt_q20,21.9
238223,q_lt_q20,11.85
238229,q_lt_q20,14.15
238230,q_lt_q20,17.5
238231,q_lt_q20,16.45
238235,q_lt_q20,13.25
402204,q_lt_q20,14.8
402206,q_lt_q20,16.2
402213,q_lt_q20,14.5
402217,q_lt_q20,14.4
403213,q_lt_q20,11.85
403214,q_lt_q20,16.85
403217,q_lt_q20,27.05
403221,q_lt_q20,16.45
403222,q_lt_q20,22.05
403224,q_lt_q20,14.7
403226,q_lt_q20,11
403232,q_lt_q20,17.85
404207,q_lt_q20,7.15
405205,q_lt_q20,20.4
405209,q_lt_q20,10.65
405214,q_lt_q20,16
405215,q_lt_q20,15.95
405218,q_lt_q20,21.65
405219,q_lt_q20,25.35
405226,q_lt_q20,11.7
405227,q_lt_q20,22.65
405228,q_lt_q20,13.25
405231,q_lt_q20,16.65
405234,q_lt_q20,15.6
405238,q_lt_q20,11.8
405241,q_lt_q20,16.65
405245,q_lt_q20,11.65
405248,q_lt_q20,10.15
405251,q_lt_q20,15.4
405263,q_lt_q20,23.15
405264,q_lt_q20,20.85
405274,q_lt_q20,11.7
406208,q_lt_q20,13.85
406213,q_lt_q20,13.8
406214,q_lt_q20,10
406226,q_lt_q20,11.1
406235,q_lt_q20,12.35
406250,q_lt_q20,12
407253,q_lt_q20,14.35
408200,q_lt_q20,5.75
408202,q_lt_q20,10.25
408206,q_lt_q20,13.8
415201,q_lt_q20,8.35
415207,q_lt_q20,17.35
415237,q_lt_q20,11.4
415245,q_lt_q20,11.4
602004,q_lt_q20,9.1
603003,q_lt_q20,24.65
603004,q_lt_q20,20.7
603005,q_lt_q20,26.85
603007,q_lt_q20,14.95
603136,q_lt_q20,11.65
603190,q_lt_q20,26.45
604001,q_lt_q20,24.35
604053,q_lt_q20,13.3
606001,q_lt_q20,28.15
606002,q_lt_q20,26.9
606195,q_lt_q20,28.3
607003,q_lt_q20,17.8
607004,q_lt_q20,16.75
607007,q_lt_q20,14.95
607013,q_lt_q20,18.55
607144,q_lt_q20,25.6
607220,q_lt_q20,22.2
608002,q_lt_q20,23.05
608151,q_lt_q20,19.15
609002,q_lt_q20,23.4
609005,q_lt_q20,12.6
609018,q_lt_q20,26.35
611004,q_lt_q20,16.35
611111,q_lt_q20,20.8
612001,q_lt_q20,21.25
612014,q_lt_q20,31.85
612025,q_lt_q20,17.55
612034,q_lt_q20,16.7
612230,q_lt_q20,22
613002,q_lt_q20,30
613146,q_lt_q20,23
614006,q_lt_q20,22.7
614037,q_lt_q20,33.8
614044,q_lt_q20,28.5
614196,q_lt_q20,26.6
614224,q_lt_q20,21.35
616001,q_lt_q20,31.75
616002,q_lt_q20,26.95
616006,q_lt_q20,23.85
616013,q_lt_q20,32.45
616019,q_lt_q20,20.4
616041,q_lt_q20,35.8
616178,q_lt_q20,29.5
616216,q_lt_q20,26.2
617002,q_lt_q20,15.7
617003,q_lt_q20,17.8
701009,q_lt_q20,22.25
704139,q_lt_q20,15.2
707005,q_lt_q20,11.85
708011,q_lt_q20,6.25
710003,q_lt_q20,8.85
802055,q_lt_q20,2.8
803003,q_lt_q20,12.35
