station_id,mask,DepthToBedrock_cm
410024,q_lt_q20,1670
410026,q_lt_q20,2305
410033,q_lt_q20,2612
410038,q_lt_q20,2134
410044,q_lt_q20,3226
410047,q_lt_q20,4261
410057,q_lt_q20,2297
410061,q_lt_q20,1312
410062,q_lt_q20,1657
410088,q_lt_q20,1515
410141,q_lt_q20,2028
410156,q_lt_q20,2629
410705,q_lt_q20,2069
410713,q_lt_q20,2641
410730,q_lt_q20,566
410731,q_lt_q20,1770
410734,q_lt_q20,1236
410761,q_lt_q20,1700
411003,q_lt_q20,2284
10500000,q_lt_q20,2007
11400000,q_lt_q20,2851
12370000,q_lt_q20,3739.5
12500000,q_lt_q20,3899
12520000,q_lt_q20,1884
12700000,q_lt_q20,3211
13150000,q_lt_q20,
13470000,q_lt_q20,5251
13600002,q_lt_q20,5966
13710001,q_lt_q20,3985
13750000,q_lt_q20,3592
13870000,q_lt_q20,5280
13880000,q_lt_q20,
14100000,q_lt_q20,
14110000,q_lt_q20,1946
14230000,q_lt_q20,1612
14250000,q_lt_q20,
14280001,q_lt_q20,
14310000,q_lt_q20,2067
14330000,q_lt_q20,755
14350000,q_lt_q20,2176
14440000,q_lt_q20,2418
14515000,q_lt_q20,
14526000,q_lt_q20,5571
14680001,q_lt_q20,1761
15130000,q_lt_q20,3289
15400000,q_lt_q20,
15700000,q_lt_q20,3009
15800000,q_lt_q20,1389
15910000,q_lt_q20,2260
15930000,q_lt_q20,3183
17050001,q_lt_q20,5541
17090000,q_lt_q20,2896
17200000,q_lt_q20,2389
17345000,q_lt_q20,2545
17350000,q_lt_q20,1855
18200000,q_lt_q20,3831
18850000,q_lt_q20,
19150000,q_lt_q20,3269
20200000,q_lt_q20,3479
20250000,q_lt_q20,1778
21500000,q_lt_q20,2652
21750000,q_lt_q20,3015
22050001,q_lt_q20,
22680000,q_lt_q20,3176
22700000,q_lt_q20,3244
22850000,q_lt_q20,2341
22900000,q_lt_q20,3298
23100000,q_lt_q20,
23150000,q_lt_q20,2624
23220000,q_lt_q20,3931
23230000,q_lt_q20,2331
23250000,q_lt_q20,4105
23300000,q_lt_q20,3913
23600000,q_lt_q20,
23700000,q_lt_q20,2029
23710000,q_lt_q20,
24050000,q_lt_q20,2059
24200000,q_lt_q20,2292
24500000,q_lt_q20,1994
24700000,q_lt_q20,3127
24750000,q_lt_q20,3225
24780000,q_lt_q20,3594
24800000,q_lt_q20,3759
24850000,q_lt_q20,
24900000,q_lt_q20,2480
24950000,q_lt_q20,2737
25100000,q_lt_q20,1446
25130000,q_lt_q20,2761
25200000,q_lt_q20,3604
25700000,q_lt_q20,3878
25950000,q_lt_q20,4378
26040000,q_lt_q20,2529
26050000,q_lt_q20,2620
26100000,q_lt_q20,2366
26200000,q_lt_q20,3198
26300000,q_lt_q20,
26350000,q_lt_q20,
26720000,q_lt_q20,2574
27500000,q_lt_q20,
27550000,q_lt_q20,2636
28150000,q_lt_q20,4201
28300000,q_lt_q20,3670
28850000,q_lt_q20,3046
29050000,q_lt_q20,3297
29100000,q_lt_q20,3249
30080000,q_lt_q20,3053
30400000,q_lt_q20,2930
31490000,q_lt_q20,6282
31520000,q_lt_q20,5119
31600000,q_lt_q20,8325
31680000,q_lt_q20,3336
31700000,q_lt_q20,4631
32400000,q_lt_q20,5785
32550000,q_lt_q20,4890
32620000,q_lt_q20,3516
32830000,q_lt_q20,5290
33025000,q_lt_q20,4410
33170000,q_lt_q20,4606
33190000,q_lt_q20,
33205000,q_lt_q20,2306
33215000,q_lt_q20,2952
33250000,q_lt_q20,3791
33260000,q_lt_q20,3400
33270000,q_lt_q20,3038
33281000,q_lt_q20,4723
33286000,q_lt_q20,3810
33290000,q_lt_q20,4060
33321000,q_lt_q20,6084
33330000,q_lt_q20,3037
33380000,q_lt_q20,4051
33450000,q_lt_q20,3403
33460000,q_lt_q20,4596
33480000,q_lt_q20,3412
33520000,q_lt_q20,3760
33530000,q_lt_q20,3179
33550000,q_lt_q20,3968
33620000,q_lt_q20,3138
33630000,q_lt_q20,6046
33680000,q_lt_q20,4835
33730000,q_lt_q20,2996
33760000,q_lt_q20,4709
33780000,q_lt_q20,5124
34020000,q_lt_q20,5971
34060000,q_lt_q20,3309
34070000,q_lt_q20,2372
34090000,q_lt_q20,2257
34130000,q_lt_q20,5794
34170000,q_lt_q20,4479
34251000,q_lt_q20,3414
34311000,q_lt_q20,
34571000,q_lt_q20,2531
34660000,q_lt_q20,3120
34690000,q_lt_q20,
34730000,q_lt_q20,1385
34750000,q_lt_q20,971
34770000,q_lt_q20,2277
34789000,q_lt_q20,3413
34879500,q_lt_q20,4111
34930000,q_lt_q20,1971
34940000,q_lt_q20,3543
34980000,q_lt_q20,2304
35235000,q_lt_q20,2777
35240000,q_lt_q20,1834
35258000,q_lt_q20,789
35260000,q_lt_q20,2374
35263000,q_lt_q20,1385
35740000,q_lt_q20,2344
35830000,q_lt_q20,1102
36020000,q_lt_q20,1497
36045000,q_lt_q20,2229
36125000,q_lt_q20,1618
36130000,q_lt_q20,2265
36160000,q_lt_q20,3529
36210000,q_lt_q20,3474
36250000,q_lt_q20,1634
36290000,q_lt_q20,2976
36320000,q_lt_q20,3030
36390000,q_lt_q20,2433
36580000,q_lt_q20,3940
37220000,q_lt_q20,1732
37380000,q_lt_q20,3146
37410000,q_lt_q20,4075
37470000,q_lt_q20,2712
37710150,q_lt_q20,3883
38790000,q_lt_q20,5522
38830000,q_lt_q20,2717
38860000,q_lt_q20,1761
39084010,q_lt_q20,2867
39140000,q_lt_q20,2750
39150000,q_lt_q20,2011
39170000,q_lt_q20,2520
39360000,q_lt_q20,3492
39480000,q_lt_q20,2916
39540000,q_lt_q20,2243
39560000,q_lt_q20,2851
39580000,q_lt_q20,2899
39760000,q_lt_q20,3414
39770000,q_lt_q20,3768
39870000,q_lt_q20,2610
40025000,q_lt_q20,2165
40037000,q_lt_q20,2332
40040000,q_lt_q20,1994
40050000,q_lt_q20,2179
40053000,q_lt_q20,3232
40060001,q_lt_q20,2025
40100000,q_lt_q20,2431
40150000,q_lt_q20,2827
40170000,q_lt_q20,1727
40185000,q_lt_q20,2363
40330000,q_lt_q20,2361
40500000,q_lt_q20,2178
40549998,q_lt_q20,2189
40579995,q_lt_q20,2567
40680000,q_lt_q20,2036
40710000,q_lt_q20,2640
40740000,q_lt_q20,2428
40800001,q_lt_q20,1457
40810350,q_lt_q20,2249
40810800,q_lt_q20,2054
40811100,q_lt_q20,2557
40822995,q_lt_q20,2432
40823500,q_lt_q20,2532
40850000,q_lt_q20,1942
40975000,q_lt_q20,3810
41050000,q_lt_q20,2941
41135000,q_lt_q20,4262
41199998,q_lt_q20,2697
41260000,q_lt_q20,2738
41300000,q_lt_q20,2430
41380000,q_lt_q20,2183
41410000,q_lt_q20,2332
41440005,q_lt_q20,2144
41539998,q_lt_q20,1786
41650002,q_lt_q20,1820
41685000,q_lt_q20,2099
41780002,q_lt_q20,2549
41818000,q_lt_q20,2575
41890000,q_lt_q20,2654
41990000,q_lt_q20,3655
42089998,q_lt_q20,2641
42100000,q_lt_q20,4891
42187000,q_lt_q20,3086
42210000,q_lt_q20,
42250000,q_lt_q20,2576
42255000,q_lt_q20,3275
42257000,q_lt_q20,4392
42290000,q_lt_q20,3162
42395000,q_lt_q20,3261
42440000,q_lt_q20,2562
42490000,q_lt_q20,2549
42540000,q_lt_q20,2015
42546000,q_lt_q20,3154
42690001,q_lt_q20,
42750000,q_lt_q20,3708
42840000,q_lt_q20,3349
42930000,q_lt_q20,
43200000,q_lt_q20,
43300000,q_lt_q20,3863
43670000,q_lt_q20,4038
43675000,q_lt_q20,1988
43880000,q_lt_q20,3207
44200000,q_lt_q20,3401
44250000,q_lt_q20,3065
44290002,q_lt_q20,4198
44500000,q_lt_q20,
44540000,q_lt_q20,2645
44670000,q_lt_q20,6995
45131000,q_lt_q20,4100
45170001,q_lt_q20,2625
45210000,q_lt_q20,2210
45220000,q_lt_q20,2885
45260000,q_lt_q20,5791
45298000,q_lt_q20,
45480000,q_lt_q20,
45590000,q_lt_q20,3364
45770000,q_lt_q20,3271
45840000,q_lt_q20,2841
45880000,q_lt_q20,4963
45910001,q_lt_q20,4175
45960001,q_lt_q20,3952
46035000,q_lt_q20,5698
46105000,q_lt_q20,4322
46360000,q_lt_q20,4589
46455000,q_lt_q20,2559
46570000,q_lt_q20,1924
46610000,q_lt_q20,3986
46650000,q_lt_q20,3603
46770000,q_lt_q20,3203
46830000,q_lt_q20,6555
46902000,q_lt_q20,2646
47480000,q_lt_q20,3324
48020000,q_lt_q20,
48290000,q_lt_q20,
49330000,q_lt_q20,
49370000,q_lt_q20,
49705000,q_lt_q20,3991
50040000,q_lt_q20,3046
50146000,q_lt_q20,2624
50150000,q_lt_q20,2379
50191000,q_lt_q20,4596
50250000,q_lt_q20,2041
50330000,q_lt_q20,3986
50380000,q_lt_q20,2586
50420000,q_lt_q20,3479
50430000,q_lt_q20,2730
50465000,q_lt_q20,1987
50540000,q_lt_q20,3624
50595000,q_lt_q20,4511
50620000,q_lt_q20,3247
50660000,q_lt_q20,4316
50720000,q_lt_q20,3269
50730000,q_lt_q20,3317
50740000,q_lt_q20,3575
50755000,q_lt_q20,3925
50785000,q_lt_q20,4766
50795000,q_lt_q20,3307
51060100,q_lt_q20,3746
51120000,q_lt_q20,2281
51140000,q_lt_q20,2631
51170000,q_lt_q20,3877
51230000,q_lt_q20,3307
51240000,q_lt_q20,3195
51280000,q_lt_q20,4900
51330000,q_lt_q20,2530
51350000,q_lt_q20,3361
51430000,q_lt_q20,2878
51440000,q_lt_q20,3172
51460000,q_lt_q20,3584
51560000,q_lt_q20,3942
51820000,q_lt_q20,3390
51840000,q_lt_q20,2381
51870000,q_lt_q20,3408
52050000,q_lt_q20,4024
52370000,q_lt_q20,2581
52404000,q_lt_q20,4861
52405000,q_lt_q20,4471
52570000,q_lt_q20,3398
52680000,q_lt_q20,3523
52695000,q_lt_q20,2646
52760000,q_lt_q20,3502
52790000,q_lt_q20,4379
52831000,q_lt_q20,
53125000,q_lt_q20,3800
53140000,q_lt_q20,4668
53160000,q_lt_q20,3310
53540001,q_lt_q20,3742
53620000,q_lt_q20,3258
53630000,q_lt_q20,2514
53650000,q_lt_q20,2745
53780000,q_lt_q20,3246
53880000,q_lt_q20,3420
53950000,q_lt_q20,2648
54010005,q_lt_q20,2639
54110002,q_lt_q20,2805
54150000,q_lt_q20,2619
54165000,q_lt_q20,2458
54195000,q_lt_q20,2902
54230000,q_lt_q20,2215
54260000,q_lt_q20,1778
54300000,q_lt_q20,2030
54390000,q_lt_q20,2805
54485000,q_lt_q20,2540
54500000,q_lt_q20,3370
54580000,q_lt_q20,2753
54590000,q_lt_q20,2395
54710000,q_lt_q20,4378
54730005,q_lt_q20,2724
54770000,q_lt_q20,3998
54780000,q_lt_q20,4830
54950000,q_lt_q20,3383
55330000,q_lt_q20,2226
55340000,q_lt_q20,3579
55360000,q_lt_q20,1978
55370000,q_lt_q20,2521
55380000,q_lt_q20,1853
55460000,q_lt_q20,2673
55520001,q_lt_q20,2619
55560000,q_lt_q20,2011
55610000,q_lt_q20,1434
55630000,q_lt_q20,2937
55660000,q_lt_q20,1848
55699998,q_lt_q20,1941
55790000,q_lt_q20,2165
55895000,q_lt_q20,1914
55900000,q_lt_q20,2523
55920000,q_lt_q20,2862
55960000,q_lt_q20,3470
56028000,q_lt_q20,2625
56055000,q_lt_q20,2961
56065000,q_lt_q20,2507
56075000,q_lt_q20,2913
56085000,q_lt_q20,2268
56090000,q_lt_q20,2026
56110005,q_lt_q20,2551
56240000,q_lt_q20,2659
56335001,q_lt_q20,2400
56415000,q_lt_q20,2391
56425000,q_lt_q20,2974
56460000,q_lt_q20,2309
56484998,q_lt_q20,2792
56500000,q_lt_q20,2668
56510000,q_lt_q20,2267
56539000,q_lt_q20,2500
56570000,q_lt_q20,2462
56610000,q_lt_q20,3049
56640000,q_lt_q20,2348
56659998,q_lt_q20,2559
56696000,q_lt_q20,2855
56719998,q_lt_q20,1687
56750000,q_lt_q20,2509
56775000,q_lt_q20,1958
56787000,q_lt_q20,2474
56800000,q_lt_q20,2303
56825000,q_lt_q20,
56845000,q_lt_q20,2797
56846000,q_lt_q20,3133
56850000,q_lt_q20,5593
56860000,q_lt_q20,2609
56870000,q_lt_q20,2719
56891900,q_lt_q20,2355
56915500,q_lt_q20,2854
56920000,q_lt_q20,
56940002,q_lt_q20,4759
56960005,q_lt_q20,2381
56976000,q_lt_q20,2531
56978000,q_lt_q20,2672
56983000,q_lt_q20,2176
56988500,q_lt_q20,3105
56989001,q_lt_q20,2516
56990000,q_lt_q20,2335
56990990,q_lt_q20,2875
56991500,q_lt_q20,2764
56992000,q_lt_q20,2444
56993551,q_lt_q20,1483
56994500,q_lt_q20,
56994510,q_lt_q20,4538
56995500,q_lt_q20,2294
57040008,q_lt_q20,1183
57130000,q_lt_q20,2079
57170000,q_lt_q20,705
57250000,q_lt_q20,865
57300000,q_lt_q20,3634
57320000,q_lt_q20,1993
57350000,q_lt_q20,2260
57360000,q_lt_q20,3390
57370000,q_lt_q20,1978
57400000,q_lt_q20,2421
57420000,q_lt_q20,2403
57450000,q_lt_q20,2235
57460000,q_lt_q20,2531
57476500,q_lt_q20,2424
57490000,q_lt_q20,2738
57550000,q_lt_q20,2212
57580000,q_lt_q20,4697
57650000,q_lt_q20,3414
57700000,q_lt_q20,2276
57720000,q_lt_q20,2163
57740000,q_lt_q20,2887
57770000,q_lt_q20,2680
57830000,q_lt_q20,3029
57880000,q_lt_q20,2828
57930000,q_lt_q20,3945
58030000,q_lt_q20,2209
58040000,q_lt_q20,1501
58060000,q_lt_q20,1463
58096000,q_lt_q20,1342
58099000,q_lt_q20,2030
58142200,q_lt_q20,2108
58183000,q_lt_q20,3067
58204000,q_lt_q20,3086
58218000,q_lt_q20,2835
58220000,q_lt_q20,2336
58235100,q_lt_q20,2883
58258000,q_lt_q20,1979
58270000,q_lt_q20,2364
58300000,q_lt_q20,2913
58305001,q_lt_q20,3165
58380001,q_lt_q20,2723
58405000,q_lt_q20,2481
58420000,q_lt_q20,1754
58425000,q_lt_q20,2286
58434000,q_lt_q20,2459
58440000,q_lt_q20,2297
58470000,q_lt_q20,2303
58480500,q_lt_q20,2629
58500000,q_lt_q20,2081
58516500,q_lt_q20,2414
58520000,q_lt_q20,2233
58530000,q_lt_q20,1740
58535000,q_lt_q20,2011
58542000,q_lt_q20,2118
58550001,q_lt_q20,2229
58560000,q_lt_q20,2316
58573000,q_lt_q20,1857
58585000,q_lt_q20,2456
58610000,q_lt_q20,2017
58620000,q_lt_q20,2247
58630002,q_lt_q20,2475
58645000,q_lt_q20,1728
58648001,q_lt_q20,2100
58658000,q_lt_q20,2015
58670002,q_lt_q20,2390
58710000,q_lt_q20,2340
58720000,q_lt_q20,1969
58730001,q_lt_q20,2279
58735000,q_lt_q20,2364
58736000,q_lt_q20,2146
58750000,q_lt_q20,2075
58755000,q_lt_q20,2385
58765001,q_lt_q20,1924
58770000,q_lt_q20,2880
58795000,q_lt_q20,2709
58825000,q_lt_q20,2072
58827000,q_lt_q20,2242
58846000,q_lt_q20,2327
58850000,q_lt_q20,2300
58870000,q_lt_q20,2540
58880001,q_lt_q20,2768
58910000,q_lt_q20,1951
58916000,q_lt_q20,2995
58917000,q_lt_q20,1919
58920000,q_lt_q20,2160
58930000,q_lt_q20,2122
58934000,q_lt_q20,2547
58940000,q_lt_q20,3148
58960000,q_lt_q20,3287
58974000,q_lt_q20,5591
59100000,q_lt_q20,3629
59120000,q_lt_q20,1937
59125000,q_lt_q20,1952
59181000,q_lt_q20,3889
59240000,q_lt_q20,4027
59355000,q_lt_q20,1844
60010000,q_lt_q20,3032
60011000,q_lt_q20,3671
60100000,q_lt_q20,3148
60110000,q_lt_q20,3946
60130000,q_lt_q20,2237
60145000,q_lt_q20,2951
60220000,q_lt_q20,2671
60250000,q_lt_q20,2176
60265000,q_lt_q20,2973
60381000,q_lt_q20,2615
60435000,q_lt_q20,3041
60435100,q_lt_q20,2742
60435200,q_lt_q20,2575
60435300,q_lt_q20,4426
60436000,q_lt_q20,3059
60471200,q_lt_q20,2589
60473000,q_lt_q20,3057
60476100,q_lt_q20,2898
60477400,q_lt_q20,4601
60477600,q_lt_q20,3198
60478500,q_lt_q20,3029
60478600,q_lt_q20,3904
60490000,q_lt_q20,2625
60500000,q_lt_q20,2724
60615000,q_lt_q20,2710
60635000,q_lt_q20,3046
60640000,q_lt_q20,2619
60642000,q_lt_q20,4040
60650000,q_lt_q20,2691
60653000,q_lt_q20,3421
60654000,q_lt_q20,2516
60665000,q_lt_q20,3117
60680000,q_lt_q20,3015
60715000,q_lt_q20,2342
60750000,q_lt_q20,2977
60765000,q_lt_q20,2370
60772000,q_lt_q20,3280
60774000,q_lt_q20,2109
60778000,q_lt_q20,1827
60781000,q_lt_q20,2774
60790000,q_lt_q20,3006
60798000,q_lt_q20,2478
60810000,q_lt_q20,2619
60850000,q_lt_q20,2583
60855000,q_lt_q20,2491
60910000,q_lt_q20,3165
60925001,q_lt_q20,2106
60930000,q_lt_q20,2416
60940000,q_lt_q20,1495
60950000,q_lt_q20,1622
60960000,q_lt_q20,2134
60968000,q_lt_q20,1475
60970000,q_lt_q20,1268
61009000,q_lt_q20,2441
61012000,q_lt_q20,1839
61014000,q_lt_q20,2762
61024000,q_lt_q20,2359
61031000,q_lt_q20,1736
61045000,q_lt_q20,2007
61052000,q_lt_q20,2670
61060000,q_lt_q20,1853
61075000,q_lt_q20,2274
61078000,q_lt_q20,2427
61085000,q_lt_q20,2360
61090000,q_lt_q20,2297
61100000,q_lt_q20,2699
61105000,q_lt_q20,2142
61107000,q_lt_q20,2538
61115000,q_lt_q20,2174
61122000,q_lt_q20,2100
61135000,q_lt_q20,1999
61173000,q_lt_q20,2347
61175000,q_lt_q20,2132
61250000,q_lt_q20,1145
61267000,q_lt_q20,2485
61271000,q_lt_q20,2539
61280000,q_lt_q20,2378
61285000,q_lt_q20,2194
61295000,q_lt_q20,2123
61305000,q_lt_q20,2640
61320000,q_lt_q20,2144
61343000,q_lt_q20,2270
61350000,q_lt_q20,2192
61370000,q_lt_q20,2505
61390000,q_lt_q20,2283
61410000,q_lt_q20,2277
61460000,q_lt_q20,2488
61473000,q_lt_q20,2543
61500000,q_lt_q20,2360
61510000,q_lt_q20,2235
61520000,q_lt_q20,3478
61537000,q_lt_q20,2125
61565000,q_lt_q20,2081
61610000,q_lt_q20,2060
61700000,q_lt_q20,2543
61770000,q_lt_q20,1594
61815000,q_lt_q20,2585
61826000,q_lt_q20,1264
61830000,q_lt_q20,1284
61886000,q_lt_q20,1591
61902000,q_lt_q20,1255
61910000,q_lt_q20,1055
61912000,q_lt_q20,2643
61915000,q_lt_q20,1164
61953001,q_lt_q20,1098
61956001,q_lt_q20,859
62420000,q_lt_q20,1545
62477100,q_lt_q20,1174
62490000,q_lt_q20,1335
62600000,q_lt_q20,1176
62615000,q_lt_q20,1514
62622000,q_lt_q20,1335
62625000,q_lt_q20,1917
62670000,q_lt_q20,1957
62715000,q_lt_q20,875
62760005,q_lt_q20,1089
62760150,q_lt_q20,1065
62767500,q_lt_q20,1065
63250000,q_lt_q20,1356
63350100,q_lt_q20,1951
63790000,q_lt_q20,1102
63950010,q_lt_q20,1125
63950100,q_lt_q20,1158
63955000,q_lt_q20,1394
63970000,q_lt_q20,1259
64040000,q_lt_q20,1755
64065000,q_lt_q20,1204
64075000,q_lt_q20,1141
64231000,q_lt_q20,936
64315000,q_lt_q20,1412
64327000,q_lt_q20,811
64360000,q_lt_q20,799
64362000,q_lt_q20,968
64370000,q_lt_q20,1165
64380000,q_lt_q20,1154
64382000,q_lt_q20,926
64442800,q_lt_q20,1578
64447000,q_lt_q20,1679
64453000,q_lt_q20,1700
64465000,q_lt_q20,
64477600,q_lt_q20,1316
64501000,q_lt_q20,1011
64504210,q_lt_q20,754
64504550,q_lt_q20,1290
64506000,q_lt_q20,1309
64507000,q_lt_q20,946
64508500,q_lt_q20,725
64550000,q_lt_q20,1252
64575003,q_lt_q20,4074
64613000,q_lt_q20,1499
64613800,q_lt_q20,1372
64614000,q_lt_q20,1361
64617000,q_lt_q20,1334
64618000,q_lt_q20,1474
64619950,q_lt_q20,951
64620000,q_lt_q20,960
64625000,q_lt_q20,1061
64645000,q_lt_q20,1801
64652000,q_lt_q20,503
64655000,q_lt_q20,1309
64659000,q_lt_q20,1602
64660500,q_lt_q20,
64671000,q_lt_q20,1001
64673000,q_lt_q20,1019
64675002,q_lt_q20,
64682000,q_lt_q20,1488
64685000,q_lt_q20,
64693000,q_lt_q20,
64700000,q_lt_q20,1243
64717000,q_lt_q20,1424
64723000,q_lt_q20,1729
64764000,q_lt_q20,1280
64767000,q_lt_q20,1151
64771500,q_lt_q20,772
64773000,q_lt_q20,1037
64775000,q_lt_q20,1338
64776100,q_lt_q20,992
64785000,q_lt_q20,1534
64795000,q_lt_q20,
64799500,q_lt_q20,1863
64810000,q_lt_q20,1400
64815000,q_lt_q20,1662
64820000,q_lt_q20,1444
64830000,q_lt_q20,
64843000,q_lt_q20,
65006075,q_lt_q20,3342
65009000,q_lt_q20,2557
65010000,q_lt_q20,1861
65015400,q_lt_q20,1990
65021000,q_lt_q20,985
65021250,q_lt_q20,1109
65021770,q_lt_q20,943
65024000,q_lt_q20,1208
65025000,q_lt_q20,1062
65027000,q_lt_q20,1065
65060000,q_lt_q20,2967
65095000,q_lt_q20,1257
65100000,q_lt_q20,1399
65135000,q_lt_q20,1238
65136550,q_lt_q20,1088
65180000,q_lt_q20,1518
65220000,q_lt_q20,1732
65310000,q_lt_q20,
65809000,q_lt_q20,834
65815050,q_lt_q20,1212
65855000,q_lt_q20,1196
65925000,q_lt_q20,1101
65945000,q_lt_q20,978
65948000,q_lt_q20,836
65960000,q_lt_q20,1186
65979000,q_lt_q20,992
65986000,q_lt_q20,
65987000,q_lt_q20,961
65993000,q_lt_q20,2258
66006000,q_lt_q20,4377
66160000,q_lt_q20,1919
66260001,q_lt_q20,3558
67100000,q_lt_q20,4405
70100000,q_lt_q20,1278
70200000,q_lt_q20,712
70300000,q_lt_q20,1226
70500000,q_lt_q20,940
71200000,q_lt_q20,1040
71250000,q_lt_q20,1111
71300000,q_lt_q20,974
71350001,q_lt_q20,2223
71383000,q_lt_q20,1129
71498000,q_lt_q20,891
71550000,q_lt_q20,1353
72430000,q_lt_q20,1557
72630000,q_lt_q20,646
72680000,q_lt_q20,1270
72715000,q_lt_q20,1205
72810000,q_lt_q20,1073
72849000,q_lt_q20,1281
72870000,q_lt_q20,1380
73300000,q_lt_q20,1135
73330000,q_lt_q20,1246
73350000,q_lt_q20,1160
73550000,q_lt_q20,
73600000,q_lt_q20,1069
73690001,q_lt_q20,1012
73765000,q_lt_q20,1044
73770000,q_lt_q20,1247
73780000,q_lt_q20,792
73820000,q_lt_q20,1327
73900000,q_lt_q20,1173
73960000,q_lt_q20,
74100000,q_lt_q20,
74205000,q_lt_q20,1103
74270000,q_lt_q20,1088
74295000,q_lt_q20,1094
74320000,q_lt_q20,538
74370000,q_lt_q20,862
74460000,q_lt_q20,1002
74470000,q_lt_q20,676
74700000,q_lt_q20,814
74750000,q_lt_q20,1048
74800000,q_lt_q20,
74880000,q_lt_q20,874
74900000,q_lt_q20,1931
75200000,q_lt_q20,1996
75205000,q_lt_q20,1510
75230000,q_lt_q20,964
75295000,q_lt_q20,772
75320000,q_lt_q20,1295
75450000,q_lt_q20,1018
75500000,q_lt_q20,1717
75550000,q_lt_q20,2605
75600000,q_lt_q20,1107
75700000,q_lt_q20,1440
75780000,q_lt_q20,2491
76085000,q_lt_q20,883
76100000,q_lt_q20,1331
76300000,q_lt_q20,1843
76310000,q_lt_q20,1985
76460000,q_lt_q20,932
76750000,q_lt_q20,1620
77150000,q_lt_q20,2059
81019300,q_lt_q20,1668
81019350,q_lt_q20,1041
81102000,q_lt_q20,1296
81107000,q_lt_q20,1627
81120000,q_lt_q20,1197
81125000,q_lt_q20,1167
81135000,q_lt_q20,1340
81140000,q_lt_q20,1461
81200000,q_lt_q20,1351
81335000,q_lt_q20,1995
81585000,q_lt_q20,1929
81683000,q_lt_q20,3206
82270050,q_lt_q20,2058
82320000,q_lt_q20,1798
82350000,q_lt_q20,1884
82770000,q_lt_q20,1739
83029900,q_lt_q20,1075
83050000,q_lt_q20,1405
83105000,q_lt_q20,1258
83250000,q_lt_q20,1190
83300200,q_lt_q20,1628
83345000,q_lt_q20,1024
83440000,q_lt_q20,1528
83520000,q_lt_q20,
83675000,q_lt_q20,1856
83690000,q_lt_q20,2123
83800002,q_lt_q20,2051
83892990,q_lt_q20,756
83892998,q_lt_q20,1391
84071000,q_lt_q20,1624
84095000,q_lt_q20,2234
84095500,q_lt_q20,2352
84150100,q_lt_q20,1383
84249998,q_lt_q20,2306
84300000,q_lt_q20,1516
84520000,q_lt_q20,1484
84520010,q_lt_q20,1365
84551000,q_lt_q20,2259
84559800,q_lt_q20,2601
84560000,q_lt_q20,1990
84580000,q_lt_q20,1606
84598002,q_lt_q20,2421
84600000,q_lt_q20,2018
84949000,q_lt_q20,1546
84949800,q_lt_q20,1491
84950000,q_lt_q20,1714
85400000,q_lt_q20,1885
85438000,q_lt_q20,1886
85470000,q_lt_q20,1130
85480000,q_lt_q20,1282
85600000,q_lt_q20,2673
85610000,q_lt_q20,746
85623000,q_lt_q20,1395
85642000,q_lt_q20,2901
85900000,q_lt_q20,3231
86100000,q_lt_q20,1148
86160000,q_lt_q20,806
86410000,q_lt_q20,848
86420000,q_lt_q20,1111
86480000,q_lt_q20,1017
86500000,q_lt_q20,773
86510000,q_lt_q20,1211
86560000,q_lt_q20,1085
86580000,q_lt_q20,1344
86700000,q_lt_q20,1247
86745000,q_lt_q20,1326
87160000,q_lt_q20,1600
87170000,q_lt_q20,1793
87270000,q_lt_q20,1850
87380000,q_lt_q20,2183
87382000,q_lt_q20,2668
87399000,q_lt_q20,2560
88750000,q_lt_q20,2574
88850000,q_lt_q20,1790
01AD002,q_lt_q20,1488
01AD003,q_lt_q20,1073
01AD015,q_lt_q20,1148
01AE001,q_lt_q20,1138
01AF002,q_lt_q20,
01AF007,q_lt_q20,1017
01AF009,q_lt_q20,1165
01AG003,q_lt_q20,1116
01AH002,q_lt_q20,1285
01AJ003,q_lt_q20,1206
01AJ004,q_lt_q20,975
01AJ010,q_lt_q20,1220
01AK001,q_lt_q20,1230
01AK006,q_lt_q20,815
01AK007,q_lt_q20,1475
01AL002,q_lt_q20,1438
01AL004,q_lt_q20,1333
01AM001,q_lt_q20,1089
01AN002,q_lt_q20,1074
01AP002,q_lt_q20,1103
01AP004,q_lt_q20,1583
01AP006,q_lt_q20,938
01AQ001,q_lt_q20,842
01AQ002,q_lt_q20,1118
01AR004,q_lt_q20,1120
01AR005,q_lt_q20,924
01AR006,q_lt_q20,1241
01AR011,q_lt_q20,1402
01BC001,q_lt_q20,1094
01BD008,q_lt_q20,1104
01BD009,q_lt_q20,786
01BE001,q_lt_q20,1253
01BF004,q_lt_q20,780
01BG005,q_lt_q20,989
01BG008,q_lt_q20,766
01BG009,q_lt_q20,882
01BH005,q_lt_q20,713
01BH010,q_lt_q20,1055
01BJ003,q_lt_q20,905
01BJ007,q_lt_q20,995
01BJ010,q_lt_q20,1114
01BJ012,q_lt_q20,887
01BL002,q_lt_q20,1046
01BL003,q_lt_q20,917
01BO001,q_lt_q20,1240
01BP001,q_lt_q20,1267
01BP002,q_lt_q20,1033
01BQ001,q_lt_q20,1225
01BS001,q_lt_q20,798
01BU002,q_lt_q20,1216
01BU009,q_lt_q20,1269
01BV006,q_lt_q20,922
01CA003,q_lt_q20,1289
01CB018,q_lt_q20,1559
01CC002,q_lt_q20,1413
01DC007,q_lt_q20,1171
01DD005,q_lt_q20,1190
01DG003,q_lt_q20,1884
01DG043,q_lt_q20,1360
01DH002,q_lt_q20,888
01DH004,q_lt_q20,919
01DH006,q_lt_q20,1167
01DJ005,q_lt_q20,899
01DL001,q_lt_q20,998
01DN004,q_lt_q20,914
01DP004,q_lt_q20,1116
01DR001,q_lt_q20,1158
01EA003,q_lt_q20,1334
01EC001,q_lt_q20,1121
01ED005,q_lt_q20,839
01ED007,q_lt_q20,968
01ED013,q_lt_q20,887
01EE005,q_lt_q20,652
01EF001,q_lt_q20,743
01EJ001,q_lt_q20,1000
01EJ004,q_lt_q20,1559
01FA001,q_lt_q20,1371
01FB001,q_lt_q20,660
01FB003,q_lt_q20,1164
01FF001,q_lt_q20,563
01FG001,q_lt_q20,1284
02AB006,q_lt_q20,1424
02AB014,q_lt_q20,469
02AB017,q_lt_q20,988
02AB019,q_lt_q20,1728
02AB020,q_lt_q20,940
02AB021,q_lt_q20,1436
02AB022,q_lt_q20,1122
02AB023,q_lt_q20,1891
02AB024,q_lt_q20,809
02AC001,q_lt_q20,2201
02AC002,q_lt_q20,1906
02AD010,q_lt_q20,1762
02AE001,q_lt_q20,1339
02BA005,q_lt_q20,1629
02BB003,q_lt_q20,2103
02BB004,q_lt_q20,1145
02BC006,q_lt_q20,1683
02BC008,q_lt_q20,1278
02BD002,q_lt_q20,1982
02BF002,q_lt_q20,1767
02BF004,q_lt_q20,8770
02CA002,q_lt_q20,2797
02CA007,q_lt_q20,1823
02CA008,q_lt_q20,
02CB003,q_lt_q20,1210
02CC010,q_lt_q20,1477
02CD001,q_lt_q20,2025
02CD006,q_lt_q20,1037
02CE007,q_lt_q20,1106
02CF005,q_lt_q20,1532
02CF007,q_lt_q20,1353
02CF008,q_lt_q20,2245
02CF010,q_lt_q20,1315
02CF011,q_lt_q20,1465
02CF012,q_lt_q20,1702
02CF013,q_lt_q20,1570
02CF014,q_lt_q20,1365
02CG003,q_lt_q20,1163
02DB005,q_lt_q20,1109
02DB007,q_lt_q20,1289
02DB008,q_lt_q20,1036
02DC004,q_lt_q20,1129
02DC012,q_lt_q20,1205
02DC013,q_lt_q20,1041
02DD010,q_lt_q20,687
02DD012,q_lt_q20,2733
02DD013,q_lt_q20,1139
02DD014,q_lt_q20,1373
02DD015,q_lt_q20,1296
02DD017,q_lt_q20,870
02DD020,q_lt_q20,858
02DD024,q_lt_q20,625
02DD026,q_lt_q20,1065
02DD027,q_lt_q20,819
02DD029,q_lt_q20,564
02DD030,q_lt_q20,
02DD031,q_lt_q20,622
02EA005,q_lt_q20,1011
02EA010,q_lt_q20,1459
02EA018,q_lt_q20,806
02EA021,q_lt_q20,525
02EB004,q_lt_q20,1110
02EB008,q_lt_q20,803
02EB013,q_lt_q20,1058
02EB014,q_lt_q20,1299
02EC002,q_lt_q20,685
02EC003,q_lt_q20,417
02EC009,q_lt_q20,5771
02EC010,q_lt_q20,4958
02EC011,q_lt_q20,1090
02EC014,q_lt_q20,638
02EC019,q_lt_q20,420
02EC022,q_lt_q20,750
02ED003,q_lt_q20,4415
02ED010,q_lt_q20,4150
02ED014,q_lt_q20,3219
02ED015,q_lt_q20,1989
02ED024,q_lt_q20,697
02ED026,q_lt_q20,2718
02ED027,q_lt_q20,2276
02ED029,q_lt_q20,4794
02ED030,q_lt_q20,1641
02ED032,q_lt_q20,4528
02ED100,q_lt_q20,6023
02ED101,q_lt_q20,4133
02ED102,q_lt_q20,4267
02FA004,q_lt_q20,1260
02FB007,q_lt_q20,382
02FB009,q_lt_q20,3129
02FB010,q_lt_q20,2803
02FB012,q_lt_q20,1750
02FB013,q_lt_q20,2062
02FB014,q_lt_q20,2148
02FC001,q_lt_q20,4232
02FC002,q_lt_q20,2759
02FC011,q_lt_q20,2962
02FC012,q_lt_q20,2915
02FC015,q_lt_q20,2766
02FC016,q_lt_q20,2413
02FC017,q_lt_q20,2695
02FC020,q_lt_q20,1904
02FC021,q_lt_q20,2251
02FD002,q_lt_q20,2808
02FE002,q_lt_q20,2025
02FE003,q_lt_q20,2676
02FE005,q_lt_q20,2593
02FE007,q_lt_q20,2617
02FE008,q_lt_q20,2613
02FE009,q_lt_q20,2704
02FE010,q_lt_q20,3598
02FE011,q_lt_q20,2584
02FE013,q_lt_q20,3101
02FE014,q_lt_q20,3147
02FE016,q_lt_q20,2001
02FE017,q_lt_q20,2420
02FF002,q_lt_q20,3994
02FF004,q_lt_q20,4426
02FF007,q_lt_q20,2645
02FF008,q_lt_q20,3638
02FF009,q_lt_q20,2618
02FF011,q_lt_q20,2377
02FF013,q_lt_q20,3991
02FF014,q_lt_q20,3337
02FF015,q_lt_q20,3129
02GA003,q_lt_q20,878
02GA005,q_lt_q20,1119
02GA006,q_lt_q20,3626
02GA010,q_lt_q20,3097
02GA014,q_lt_q20,1394
02GA015,q_lt_q20,929
02GA016,q_lt_q20,2046
02GA018,q_lt_q20,3281
02GA023,q_lt_q20,3191
02GA024,q_lt_q20,3691
02GA028,q_lt_q20,2989
02GA029,q_lt_q20,1220
02GA030,q_lt_q20,5038
02GA031,q_lt_q20,836
02GA034,q_lt_q20,2588
02GA038,q_lt_q20,3892
02GA039,q_lt_q20,4380
02GA040,q_lt_q20,1422
02GA041,q_lt_q20,1153
02GA042,q_lt_q20,3669
02GA043,q_lt_q20,3737
02GA044,q_lt_q20,5106
02GA046,q_lt_q20,5566
02GA047,q_lt_q20,1141
02GA048,q_lt_q20,2463
02GB001,q_lt_q20,1679
02GB006,q_lt_q20,3240
02GB007,q_lt_q20,2641
02GB008,q_lt_q20,3174
02GB010,q_lt_q20,1184
02GC002,q_lt_q20,2929
02GC006,q_lt_q20,3125
02GC007,q_lt_q20,3580
02GC010,q_lt_q20,2876
02GC011,q_lt_q20,2874
02GC017,q_lt_q20,3536
02GC018,q_lt_q20,3118
02GC021,q_lt_q20,4257
02GC026,q_lt_q20,3622
02GC029,q_lt_q20,4673
02GC030,q_lt_q20,4345
02GC031,q_lt_q20,5136
02GC036,q_lt_q20,4710
02GD001,q_lt_q20,2714
02GD003,q_lt_q20,2756
02GD004,q_lt_q20,2492
02GD005,q_lt_q20,1507
02GD008,q_lt_q20,2205
02GD009,q_lt_q20,2702
02GD010,q_lt_q20,2177
02GD011,q_lt_q20,2435
02GD014,q_lt_q20,3180
02GD015,q_lt_q20,3007
02GD016,q_lt_q20,1914
02GD018,q_lt_q20,3062
02GD019,q_lt_q20,4305
02GD021,q_lt_q20,1869
02GD026,q_lt_q20,4280
02GD027,q_lt_q20,2955
02GD028,q_lt_q20,2660
02GE002,q_lt_q20,2734
02GE003,q_lt_q20,1943
02GE005,q_lt_q20,4361
02GE006,q_lt_q20,4243
02GE008,q_lt_q20,4767
02GG002,q_lt_q20,2054
02GG003,q_lt_q20,1629
02GG005,q_lt_q20,4159
02GG009,q_lt_q20,3311
02GG013,q_lt_q20,2661
02GH002,q_lt_q20,2653
02GH003,q_lt_q20,2009
02GH011,q_lt_q20,2298
02GH015,q_lt_q20,
02GH016,q_lt_q20,2857
02HA003,q_lt_q20,1627
02HA006,q_lt_q20,1248
02HA007,q_lt_q20,1743
02HA013,q_lt_q20,
02HA014,q_lt_q20,655
02HA019,q_lt_q20,1818
02HA020,q_lt_q20,1050
02HA024,q_lt_q20,1671
02HA030,q_lt_q20,1536
02HA031,q_lt_q20,1962
02HB001,q_lt_q20,2269
02HB004,q_lt_q20,1069
02HB005,q_lt_q20,1388
02HB007,q_lt_q20,2207
02HB008,q_lt_q20,1127
02HB011,q_lt_q20,1537
02HB013,q_lt_q20,1903
02HB015,q_lt_q20,1571
02HB018,q_lt_q20,1835
02HB020,q_lt_q20,1528
02HB021,q_lt_q20,1509
02HB022,q_lt_q20,1286
02HB023,q_lt_q20,1484
02HB024,q_lt_q20,1604
02HB025,q_lt_q20,901
02HB027,q_lt_q20,618
02HB028,q_lt_q20,1714
02HB029,q_lt_q20,782
02HB030,q_lt_q20,844
02HB031,q_lt_q20,1826
02HB032,q_lt_q20,1515
02HB033,q_lt_q20,1094
02HC003,q_lt_q20,1455
02HC005,q_lt_q20,2315
02HC009,q_lt_q20,1730
02HC013,q_lt_q20,2548
02HC017,q_lt_q20,1423
02HC018,q_lt_q20,1376
02HC019,q_lt_q20,1705
02HC022,q_lt_q20,3832
02HC023,q_lt_q20,4771
02HC024,q_lt_q20,1586
02HC025,q_lt_q20,2632
02HC027,q_lt_q20,1455
02HC028,q_lt_q20,3500
02HC030,q_lt_q20,1257
02HC031,q_lt_q20,1754
02HC032,q_lt_q20,4870
02HC033,q_lt_q20,1442
02HC038,q_lt_q20,3050
02HC047,q_lt_q20,4304
02HC049,q_lt_q20,1410
02HC053,q_lt_q20,3942
02HC054,q_lt_q20,3411
02HC055,q_lt_q20,2401
02HC056,q_lt_q20,3372
02HC058,q_lt_q20,2597
02HC059,q_lt_q20,3697
02HD003,q_lt_q20,2908
02HD004,q_lt_q20,3024
02HD006,q_lt_q20,2645
02HD008,q_lt_q20,2601
02HD009,q_lt_q20,1272
02HD021,q_lt_q20,3614
02HD023,q_lt_q20,3464
02HE002,q_lt_q20,338
02HF002,q_lt_q20,533
02HF003,q_lt_q20,486
02HF005,q_lt_q20,613
02HG001,q_lt_q20,1221
02HG003,q_lt_q20,2529
02HH003,q_lt_q20,3857
02HJ001,q_lt_q20,2301
02HJ003,q_lt_q20,1073
02HJ006,q_lt_q20,2322
02HJ007,q_lt_q20,3038
02HK003,q_lt_q20,619
02HK005,q_lt_q20,312
02HK006,q_lt_q20,608
02HK007,q_lt_q20,2148
02HK008,q_lt_q20,1004
02HK009,q_lt_q20,2596
02HK010,q_lt_q20,609
02HK011,q_lt_q20,961
02HK015,q_lt_q20,2021
02HK016,q_lt_q20,1039
02HK017,q_lt_q20,911
02HL001,q_lt_q20,447
02HL003,q_lt_q20,265
02HL004,q_lt_q20,284
02HL005,q_lt_q20,508
02HL007,q_lt_q20,359
02HL008,q_lt_q20,620
02HM002,q_lt_q20,126
02HM003,q_lt_q20,392
02HM004,q_lt_q20,878
02HM005,q_lt_q20,586
02HM006,q_lt_q20,347
02HM007,q_lt_q20,677
02HM009,q_lt_q20,868
02HM010,q_lt_q20,524
02HM011,q_lt_q20,337
02JA006,q_lt_q20,1507
02JB009,q_lt_q20,
02JB013,q_lt_q20,1477
02JC008,q_lt_q20,2473
02JE020,q_lt_q20,1488
02JE029,q_lt_q20,839
02KA015,q_lt_q20,1164
02KB001,q_lt_q20,1012
02KC009,q_lt_q20,2907
02KC015,q_lt_q20,807
02KC018,q_lt_q20,1408
02KD002,q_lt_q20,1123
02KD004,q_lt_q20,1568
02KF001,q_lt_q20,308
02KF005,q_lt_q20,952
02KF006,q_lt_q20,335
02KF010,q_lt_q20,545
02KF011,q_lt_q20,1181
02KF012,q_lt_q20,591
02KF013,q_lt_q20,459
02KF015,q_lt_q20,1452
02KF016,q_lt_q20,482
02KF017,q_lt_q20,575
02KF018,q_lt_q20,340
02KF019,q_lt_q20,435
02KJ004,q_lt_q20,1431
02LA004,q_lt_q20,1346
02LA006,q_lt_q20,714
02LA007,q_lt_q20,1332
02LA011,q_lt_q20,667
02LA012,q_lt_q20,1318
02LA024,q_lt_q20,365
02LB005,q_lt_q20,1641
02LB006,q_lt_q20,1107
02LB007,q_lt_q20,979
02LB008,q_lt_q20,2218
02LB009,q_lt_q20,1190
02LB013,q_lt_q20,1199
02LB017,q_lt_q20,925
02LB018,q_lt_q20,1699
02LB020,q_lt_q20,1001
02LB022,q_lt_q20,978
02LB031,q_lt_q20,1255
02LB036,q_lt_q20,954
02LC008,q_lt_q20,849
02LC021,q_lt_q20,905
02LC027,q_lt_q20,1006
02LC043,q_lt_q20,902
02LC070,q_lt_q20,977
02LC073,q_lt_q20,1638
02LD005,q_lt_q20,1187
02LD006,q_lt_q20,1398
02LE024,q_lt_q20,1309
02LE025,q_lt_q20,1937
02LG005,q_lt_q20,
02LH032,q_lt_q20,1312
02LH033,q_lt_q20,1415
02MA001,q_lt_q20,528
02MB006,q_lt_q20,294
02MB010,q_lt_q20,464
02MC001,q_lt_q20,1385
02MC026,q_lt_q20,1258
02MC027,q_lt_q20,990
02MC028,q_lt_q20,1274
02MC030,q_lt_q20,1149
02MC036,q_lt_q20,1346
02ND003,q_lt_q20,
02NE011,q_lt_q20,1754
02NF003,q_lt_q20,1756
02OA003,q_lt_q20,900
02OA004,q_lt_q20,
02OA016,q_lt_q20,
02OA033,q_lt_q20,
02OA054,q_lt_q20,1348
02OA057,q_lt_q20,1535
02OA107,q_lt_q20,
02OA108,q_lt_q20,669
02OA109,q_lt_q20,2203
02OA110,q_lt_q20,1872
02OA111,q_lt_q20,884
02OB008,q_lt_q20,1475
02OB017,q_lt_q20,1104
02OB032,q_lt_q20,779
02OB037,q_lt_q20,1777
02OB046,q_lt_q20,1600
02OC002,q_lt_q20,1468
02OC004,q_lt_q20,1089
02OC021,q_lt_q20,683
02OD001,q_lt_q20,1231
02OD003,q_lt_q20,1352
02OD010,q_lt_q20,659
02OE001,q_lt_q20,1015
02OE005,q_lt_q20,994
02OE019,q_lt_q20,1001
02OE022,q_lt_q20,1297
02OE027,q_lt_q20,1214
02OE032,q_lt_q20,1189
02OE062,q_lt_q20,1413
02OE070,q_lt_q20,3006
02OG002,q_lt_q20,992
02OG007,q_lt_q20,640
02OG014,q_lt_q20,1031
02OG019,q_lt_q20,1080
02OG026,q_lt_q20,2237
02OG042,q_lt_q20,1073
02OG045,q_lt_q20,1307
02OG047,q_lt_q20,1733
02OH012,q_lt_q20,1409
02OH013,q_lt_q20,734
02OH014,q_lt_q20,881
02OH015,q_lt_q20,778
02OJ007,q_lt_q20,1096
02OJ024,q_lt_q20,1019
02OJ026,q_lt_q20,1141
02PA007,q_lt_q20,1605
02PB006,q_lt_q20,846
02PB019,q_lt_q20,1265
02PC002,q_lt_q20,1163
02PC010,q_lt_q20,1190
02PC017,q_lt_q20,1409
02PC018,q_lt_q20,627
02PC019,q_lt_q20,783
02PC020,q_lt_q20,1551
02PD002,q_lt_q20,1346
02PD004,q_lt_q20,860
02PD010,q_lt_q20,762
02PD012,q_lt_q20,856
02PD013,q_lt_q20,975
02PD014,q_lt_q20,695
02PD015,q_lt_q20,775
02PD023,q_lt_q20,1674
02PD024,q_lt_q20,638
02PF001,q_lt_q20,1745
02PG001,q_lt_q20,1021
02PG003,q_lt_q20,555
02PG006,q_lt_q20,986
02PG022,q_lt_q20,808
02PG023,q_lt_q20,1275
02PJ005,q_lt_q20,
02PJ007,q_lt_q20,1462
02PJ012,q_lt_q20,1610
02PJ014,q_lt_q20,1064
02PJ030,q_lt_q20,808
02PJ034,q_lt_q20,797
02PK009,q_lt_q20,1396
02PL005,q_lt_q20,895
02PL015,q_lt_q20,338
02PL016,q_lt_q20,1240
02QB001,q_lt_q20,880
02QB005,q_lt_q20,1517
02QC009,q_lt_q20,1431
02RD007,q_lt_q20,1409
02RF001,q_lt_q20,1709
02RF009,q_lt_q20,1955
02RF010,q_lt_q20,2260
02RG005,q_lt_q20,1458
02RG008,q_lt_q20,1043
02RH015,q_lt_q20,1151
02RH027,q_lt_q20,1660
02RH035,q_lt_q20,1227
02RH045,q_lt_q20,1420
02RH066,q_lt_q20,1329
02RH067,q_lt_q20,1123
02RH069,q_lt_q20,1006
02RH070,q_lt_q20,2117
02RH071,q_lt_q20,1113
02RH072,q_lt_q20,802
02RH073,q_lt_q20,1126
02UA003,q_lt_q20,626
02UC002,q_lt_q20,1098
02VB004,q_lt_q20,1131
02WB003,q_lt_q20,
02XA003,q_lt_q20,689
02XA008,q_lt_q20,115
02XC001,q_lt_q20,
02YC001,q_lt_q20,213
02YD002,q_lt_q20,21
02YG001,q_lt_q20,144
02YJ001,q_lt_q20,664
02YK002,q_lt_q20,234
02YK005,q_lt_q20,468
02YK008,q_lt_q20,248
02YL001,q_lt_q20,584
02YL003,q_lt_q20,520
02YL004,q_lt_q20,1048
02YL005,q_lt_q20,496
02YL008,q_lt_q20,125
02YL012,q_lt_q20,774
02YM004,q_lt_q20,489
02YN002,q_lt_q20,0
02YN004,q_lt_q20,48
02YO006,q_lt_q20,674
02YO008,q_lt_q20,333
02YO011,q_lt_q20,
02YO012,q_lt_q20,620
02YO013,q_lt_q20,633
02YO014,q_lt_q20,182
02YO015,q_lt_q20,362
02YO016,q_lt_q20,428
02YO018,q_lt_q20,507
02YQ001,q_lt_q20,135
02YQ005,q_lt_q20,201
02YR001,q_lt_q20,195
02YR003,q_lt_q20,402
02YR004,q_lt_q20,468
02YS003,q_lt_q20,410
02YS005,q_lt_q20,636
02YS006,q_lt_q20,552
02ZA002,q_lt_q20,834
02ZB001,q_lt_q20,579
02ZC002,q_lt_q20,525
02ZC003,q_lt_q20,414
02ZD002,q_lt_q20,416
02ZE004,q_lt_q20,474
02ZF001,q_lt_q20,210
02ZH001,q_lt_q20,359
02ZH002,q_lt_q20,287
02ZJ001,q_lt_q20,439
02ZJ003,q_lt_q20,301
02ZK001,q_lt_q20,854
02ZK002,q_lt_q20,453
02ZK004,q_lt_q20,325
02ZK006,q_lt_q20,300
02ZK008,q_lt_q20,258
02ZL004,q_lt_q20,598
02ZM009,q_lt_q20,454
02ZM016,q_lt_q20,431
02ZN002,q_lt_q20,500
03AB002,q_lt_q20,
03BD002,q_lt_q20,1775
03BF001,q_lt_q20,2615
03ED001,q_lt_q20,821
03JB004,q_lt_q20,
03KC004,q_lt_q20,
03LF002,q_lt_q20,1277
03MB002,q_lt_q20,1350
03MD001,q_lt_q20,
03NE001,q_lt_q20,17
03NE002,q_lt_q20,0
03OA005,q_lt_q20,
03OA012,q_lt_q20,1046
03OA015,q_lt_q20,477
03OA016,q_lt_q20,170
03OA017,q_lt_q20,183
03OB007,q_lt_q20,0
03OC003,q_lt_q20,
03OD008,q_lt_q20,604
03OD009,q_lt_q20,824
03OD010,q_lt_q20,
03OE001,q_lt_q20,878
03OE011,q_lt_q20,531
03OE013,q_lt_q20,1356
03OE014,q_lt_q20,874
03QC001,q_lt_q20,320
03QC002,q_lt_q20,382
04AA004,q_lt_q20,254
04AB001,q_lt_q20,
04CA002,q_lt_q20,8909
04CA003,q_lt_q20,
04CA004,q_lt_q20,
04CA005,q_lt_q20,
04CB001,q_lt_q20,
04DA001,q_lt_q20,
04DA002,q_lt_q20,935
04DB001,q_lt_q20,
04DC001,q_lt_q20,1008
04DC002,q_lt_q20,1705
04EA001,q_lt_q20,1588
04FA001,q_lt_q20,1446
04FA002,q_lt_q20,1387
04FA003,q_lt_q20,
04FB001,q_lt_q20,1266
04FC001,q_lt_q20,990
04FC003,q_lt_q20,1414
04GA002,q_lt_q20,756
04GB004,q_lt_q20,
04GB005,q_lt_q20,958
04GC002,q_lt_q20,633
04GD001,q_lt_q20,
04HA001,q_lt_q20,
04HA002,q_lt_q20,1918
04JC002,q_lt_q20,2572
04JD005,q_lt_q20,1781
04JF001,q_lt_q20,1405
04JG001,q_lt_q20,1672
04KA001,q_lt_q20,1751
04LA002,q_lt_q20,2023
04LA003,q_lt_q20,1549
04LA004,q_lt_q20,1727
04LA006,q_lt_q20,1153
04LB002,q_lt_q20,1962
04LC003,q_lt_q20,2240
04LD001,q_lt_q20,806
04LE002,q_lt_q20,1325
04LF001,q_lt_q20,1295
04LG004,q_lt_q20,
04LJ001,q_lt_q20,1852
04LK001,q_lt_q20,1481
04LM001,q_lt_q20,
04ME003,q_lt_q20,
04MF001,q_lt_q20,
04NA001,q_lt_q20,1639
04NA005,q_lt_q20,1547
05AA004,q_lt_q20,3639
05AA008,q_lt_q20,2569
05AA011,q_lt_q20,2734
05AA022,q_lt_q20,3282
05AA024,q_lt_q20,3463
05AA027,q_lt_q20,2226
05AA028,q_lt_q20,2056
05AA030,q_lt_q20,2159
05AA033,q_lt_q20,4362
05AA034,q_lt_q20,2082
05AA035,q_lt_q20,2369
05AA909,q_lt_q20,3156
05AB005,q_lt_q20,5245
05AB013,q_lt_q20,3836
05AB019,q_lt_q20,5011
05AB021,q_lt_q20,4138
05AB029,q_lt_q20,5406
05AB040,q_lt_q20,2075
05AB041,q_lt_q20,3135
05AB042,q_lt_q20,3174
05AB045,q_lt_q20,5850
05AB046,q_lt_q20,4249
05AC003,q_lt_q20,3894
05AC012,q_lt_q20,2899
05AC017,q_lt_q20,5172
05AC023,q_lt_q20,3603
05AC030,q_lt_q20,4761
05AC031,q_lt_q20,4927
05AC034,q_lt_q20,3312
05AC902,q_lt_q20,5769
05AC930,q_lt_q20,4350
05AC938,q_lt_q20,3773
05AC941,q_lt_q20,4318
05AD003,q_lt_q20,4177
05AD005,q_lt_q20,2760
05AD007,q_lt_q20,4162
05AD010,q_lt_q20,3805
05AD013,q_lt_q20,3775
05AD017,q_lt_q20,2436
05AD021,q_lt_q20,3334
05AD027,q_lt_q20,3945
05AD028,q_lt_q20,3519
05AD035,q_lt_q20,5308
05AD037,q_lt_q20,3640
05AD041,q_lt_q20,3787
05AD042,q_lt_q20,2758
05AD934,q_lt_q20,4359
05AE002,q_lt_q20,3681
05AE005,q_lt_q20,4208
05AE006,q_lt_q20,3126
05AE016,q_lt_q20,2904
05AE021,q_lt_q20,4159
05AE026,q_lt_q20,3934
05AE027,q_lt_q20,2476
05AE029,q_lt_q20,2543
05AF034,q_lt_q20,5235
05AG003,q_lt_q20,5783
05AG006,q_lt_q20,3528
05AG026,q_lt_q20,3870
05AH002,q_lt_q20,3484
05AH005,q_lt_q20,3181
05AH037,q_lt_q20,3100
05AH041,q_lt_q20,4358
05AH043,q_lt_q20,3401
05AH052,q_lt_q20,3696
05AH053,q_lt_q20,3281
05AJ001,q_lt_q20,3448
05BA001,q_lt_q20,1683
05BA002,q_lt_q20,1776
05BB001,q_lt_q20,2391
05BC001,q_lt_q20,1983
05BC008,q_lt_q20,1457
05BD004,q_lt_q20,2308
05BE004,q_lt_q20,2771
05BE007,q_lt_q20,1960
05BE999,q_lt_q20,3188
05BF003,q_lt_q20,1454
05BF025,q_lt_q20,1955
05BG006,q_lt_q20,1884
05BG010,q_lt_q20,2011
05BH004,q_lt_q20,5103
05BH005,q_lt_q20,2953
05BH008,q_lt_q20,3493
05BH013,q_lt_q20,1415
05BH014,q_lt_q20,5312
05BH015,q_lt_q20,4992
05BH016,q_lt_q20,3861
05BJ001,q_lt_q20,4115
05BJ004,q_lt_q20,1794
05BJ010,q_lt_q20,3123
05BK001,q_lt_q20,2603
05BL004,q_lt_q20,3709
05BL007,q_lt_q20,3864
05BL012,q_lt_q20,3284
05BL013,q_lt_q20,3330
05BL014,q_lt_q20,3358
05BL015,q_lt_q20,4174
05BL019,q_lt_q20,2367
05BL022,q_lt_q20,1375
05BL023,q_lt_q20,4170
05BL024,q_lt_q20,3719
05BL025,q_lt_q20,3964
05BL027,q_lt_q20,2847
05BM002,q_lt_q20,
05BM004,q_lt_q20,3435
05BM008,q_lt_q20,4199
05BM014,q_lt_q20,4477
05BM015,q_lt_q20,5369
05BM018,q_lt_q20,4864
05BM020,q_lt_q20,3451
05BM021,q_lt_q20,3166
05BN002,q_lt_q20,4278
05BN006,q_lt_q20,4909
05BN008,q_lt_q20,4968
05BN012,q_lt_q20,3691
05CA002,q_lt_q20,3282
05CA004,q_lt_q20,1674
05CA009,q_lt_q20,1206
05CA011,q_lt_q20,3430
05CA012,q_lt_q20,4185
05CB001,q_lt_q20,4799
05CB002,q_lt_q20,2093
05CB004,q_lt_q20,3884
05CB007,q_lt_q20,4163
05CC001,q_lt_q20,4070
05CC002,q_lt_q20,4384
05CC007,q_lt_q20,3814
05CC008,q_lt_q20,3618
05CC009,q_lt_q20,3946
05CC010,q_lt_q20,4192
05CC011,q_lt_q20,4888
05CC013,q_lt_q20,3305
05CD004,q_lt_q20,3313
05CD006,q_lt_q20,4194
05CD007,q_lt_q20,4338
05CD902,q_lt_q20,3983
05CE001,q_lt_q20,4165
05CE002,q_lt_q20,3651
05CE005,q_lt_q20,2886
05CE006,q_lt_q20,4546
05CE007,q_lt_q20,3660
05CE010,q_lt_q20,4515
05CE011,q_lt_q20,4501
05CE012,q_lt_q20,4153
05CE018,q_lt_q20,4497
05CE020,q_lt_q20,4364
05CG006,q_lt_q20,3259
05CG007,q_lt_q20,3512
05CH007,q_lt_q20,3251
05CH011,q_lt_q20,4205
05CJ006,q_lt_q20,4719
05CJ012,q_lt_q20,3662
05CK001,q_lt_q20,3384
05CK004,q_lt_q20,4841
05CK005,q_lt_q20,3784
05DA002,q_lt_q20,2009
05DA007,q_lt_q20,1060
05DA009,q_lt_q20,2348
05DA010,q_lt_q20,1357
05DB002,q_lt_q20,3911
05DB005,q_lt_q20,1328
05DB006,q_lt_q20,3984
05DC001,q_lt_q20,
05DC006,q_lt_q20,1676
05DC010,q_lt_q20,2577
05DC011,q_lt_q20,1172
05DC012,q_lt_q20,2461
05DD004,q_lt_q20,1255
05DD005,q_lt_q20,1965
05DD007,q_lt_q20,1187
05DD009,q_lt_q20,3060
05DE007,q_lt_q20,3082
05DE009,q_lt_q20,4257
05DE010,q_lt_q20,3062
05DE911,q_lt_q20,4131
05DF001,q_lt_q20,
05DF003,q_lt_q20,3727
05DF004,q_lt_q20,2966
05DF006,q_lt_q20,3855
05DF007,q_lt_q20,4218
05DF008,q_lt_q20,3321
05DF009,q_lt_q20,3824
05EA001,q_lt_q20,3574
05EA002,q_lt_q20,3680
05EA005,q_lt_q20,3970
05EA010,q_lt_q20,3668
05EA011,q_lt_q20,3785
05EA012,q_lt_q20,3662
05EA013,q_lt_q20,3576
05EB902,q_lt_q20,3648
05EC002,q_lt_q20,3932
05EC005,q_lt_q20,4342
05ED002,q_lt_q20,2856
05EE005,q_lt_q20,2785
05EE006,q_lt_q20,3562
05EE007,q_lt_q20,2652
05EE009,q_lt_q20,3490
05EE010,q_lt_q20,3817
05EF001,q_lt_q20,
05EF004,q_lt_q20,2295
05EF005,q_lt_q20,2080
05EF006,q_lt_q20,2134
05EG004,q_lt_q20,3466
05EG005,q_lt_q20,2011
05FA001,q_lt_q20,4266
05FA011,q_lt_q20,3358
05FA012,q_lt_q20,4330
05FA014,q_lt_q20,3983
05FA024,q_lt_q20,3820
05FA025,q_lt_q20,4046
05FB002,q_lt_q20,2912
05FC001,q_lt_q20,2993
05FC002,q_lt_q20,3862
05FC004,q_lt_q20,2658
05FC007,q_lt_q20,3040
05FC008,q_lt_q20,2120
05FD001,q_lt_q20,3463
05FE002,q_lt_q20,2899
05FE004,q_lt_q20,3239
05FF003,q_lt_q20,4409
05GA003,q_lt_q20,4219
05GA008,q_lt_q20,5485
05GA010,q_lt_q20,2846
05GB004,q_lt_q20,3433
05GC006,q_lt_q20,3747
05GC007,q_lt_q20,4681
05GD001,q_lt_q20,3254
05GD002,q_lt_q20,3512
05GF001,q_lt_q20,2999
05GF002,q_lt_q20,3309
05GG001,q_lt_q20,
05GG010,q_lt_q20,2904
05HA003,q_lt_q20,2988
05HA015,q_lt_q20,3795
05HC003,q_lt_q20,4690
05HD036,q_lt_q20,1992
05HD039,q_lt_q20,2428
05HD042,q_lt_q20,1494
05HE001,q_lt_q20,3337
05HF015,q_lt_q20,4760
05HG001,q_lt_q20,4339
05HG002,q_lt_q20,4360
05HH002,q_lt_q20,4135
05HH003,q_lt_q20,4113
05JA002,q_lt_q20,2986
05JA003,q_lt_q20,1978
05JA005,q_lt_q20,2534
05JA006,q_lt_q20,2347
05JB001,q_lt_q20,2314
05JB004,q_lt_q20,2005
05JB007,q_lt_q20,1855
05JC004,q_lt_q20,1790
05JC005,q_lt_q20,3152
05JC006,q_lt_q20,3468
05JC007,q_lt_q20,3177
05JE001,q_lt_q20,2628
05JE004,q_lt_q20,3386
05JE005,q_lt_q20,2449
05JE006,q_lt_q20,2243
05JF001,q_lt_q20,2833
05JF005,q_lt_q20,3154
05JF006,q_lt_q20,2888
05JF008,q_lt_q20,4484
05JF011,q_lt_q20,3112
05JF012,q_lt_q20,2911
05JF014,q_lt_q20,3481
05JG001,q_lt_q20,3754
05JG004,q_lt_q20,3155
05JG006,q_lt_q20,3549
05JG013,q_lt_q20,3096
05JG014,q_lt_q20,4342
05JH001,q_lt_q20,3846
05JH005,q_lt_q20,3370
05JJ003,q_lt_q20,5706
05JJ009,q_lt_q20,3472
05JK002,q_lt_q20,3403
05JK004,q_lt_q20,4162
05JK007,q_lt_q20,3154
05JL005,q_lt_q20,5952
05JM001,q_lt_q20,2669
05JM010,q_lt_q20,4120
05JM013,q_lt_q20,3425
05JM015,q_lt_q20,2047
05KA001,q_lt_q20,3942
05KA009,q_lt_q20,5098
05KB003,q_lt_q20,3902
05KB005,q_lt_q20,2990
05KB006,q_lt_q20,4357
05KB011,q_lt_q20,3234
05KC001,q_lt_q20,2383
05KD003,q_lt_q20,2519
05KD007,q_lt_q20,2518
05KE002,q_lt_q20,2729
05KE005,q_lt_q20,2933
05KE007,q_lt_q20,2912
05KE010,q_lt_q20,1420
05KF001,q_lt_q20,2141
05KH007,q_lt_q20,2418
05KH009,q_lt_q20,2508
05KJ001,q_lt_q20,2476
05KJ014,q_lt_q20,3700
05KL001,q_lt_q20,
05LA003,q_lt_q20,3182
05LA004,q_lt_q20,3291
05LA005,q_lt_q20,3022
05LB004,q_lt_q20,1772
05LB005,q_lt_q20,1753
05LB006,q_lt_q20,2517
05LB007,q_lt_q20,1640
05LB010,q_lt_q20,2656
05LC001,q_lt_q20,1648
05LC004,q_lt_q20,1769
05LD001,q_lt_q20,628
05LD003,q_lt_q20,2204
05LE004,q_lt_q20,2219
05LE005,q_lt_q20,2611
05LE006,q_lt_q20,2307
05LE008,q_lt_q20,2325
05LE010,q_lt_q20,2328
05LE011,q_lt_q20,2401
05LG003,q_lt_q20,1343
05LG004,q_lt_q20,2542
05LH005,q_lt_q20,1272
05LJ005,q_lt_q20,1744
05LJ007,q_lt_q20,1929
05LJ010,q_lt_q20,2638
05LJ012,q_lt_q20,2415
05LJ019,q_lt_q20,1545
05LJ025,q_lt_q20,2074
05LJ027,q_lt_q20,2028
05LJ045,q_lt_q20,1431
05LL005,q_lt_q20,3049
05LL014,q_lt_q20,3380
05LL015,q_lt_q20,2812
05LL021,q_lt_q20,3820
05LL027,q_lt_q20,1498
05LM006,q_lt_q20,1140
05LN006,q_lt_q20,1220
05MA011,q_lt_q20,4342
05MA012,q_lt_q20,3901
05MA016,q_lt_q20,3910
05MA020,q_lt_q20,3379
05MA021,q_lt_q20,4617
05MA025,q_lt_q20,3596
05MB001,q_lt_q20,2331
05MB003,q_lt_q20,2938
05MB005,q_lt_q20,4873
05MC001,q_lt_q20,2850
05MC002,q_lt_q20,2053
05MC003,q_lt_q20,2884
05MD004,q_lt_q20,2352
05MD005,q_lt_q20,2348
05MD007,q_lt_q20,2992
05MD010,q_lt_q20,2320
05ME001,q_lt_q20,2152
05ME003,q_lt_q20,2441
05ME005,q_lt_q20,1658
05ME006,q_lt_q20,2205
05ME007,q_lt_q20,4328
05ME009,q_lt_q20,2961
05ME010,q_lt_q20,2167
05MF001,q_lt_q20,2828
05MF008,q_lt_q20,2699
05MF018,q_lt_q20,2831
05MF024,q_lt_q20,2313
05MG001,q_lt_q20,2149
05MG003,q_lt_q20,3182
05MG004,q_lt_q20,2910
05MG015,q_lt_q20,1869
05MH001,q_lt_q20,2704
05MH005,q_lt_q20,2094
05MH006,q_lt_q20,2685
05MH007,q_lt_q20,5108
05MH008,q_lt_q20,835
05MJ001,q_lt_q20,1659
05MJ003,q_lt_q20,3711
05MJ004,q_lt_q20,1822
05MJ013,q_lt_q20,1816
05NA003,q_lt_q20,4511
05NA004,q_lt_q20,2792
05NA005,q_lt_q20,3090
05NB001,q_lt_q20,2087
05NB011,q_lt_q20,2338
05NB018,q_lt_q20,3542
05NB021,q_lt_q20,3490
05NB027,q_lt_q20,2652
05NB031,q_lt_q20,2828
05NB033,q_lt_q20,2701
05NB036,q_lt_q20,2491
05NB039,q_lt_q20,3713
05NB040,q_lt_q20,2942
05NB041,q_lt_q20,2886
05NC001,q_lt_q20,2930
05ND007,q_lt_q20,2924
05ND010,q_lt_q20,3753
05ND011,q_lt_q20,4459
05ND013,q_lt_q20,2975
05NE003,q_lt_q20,2820
05NF001,q_lt_q20,2194
05NF002,q_lt_q20,3503
05NF006,q_lt_q20,5995
05NF007,q_lt_q20,4744
05NF010,q_lt_q20,5215
05NF012,q_lt_q20,3029
05NG001,q_lt_q20,1791
05NG003,q_lt_q20,3772
05NG007,q_lt_q20,2039
05NG010,q_lt_q20,2142
05NG012,q_lt_q20,2080
05NG020,q_lt_q20,2584
05NG021,q_lt_q20,1777
05NG024,q_lt_q20,2241
05OA001,q_lt_q20,2282
05OA006,q_lt_q20,2604
05OA007,q_lt_q20,1888
05OA010,q_lt_q20,1292
05OB001,q_lt_q20,775
05OB007,q_lt_q20,1264
05OB010,q_lt_q20,1347
05OB016,q_lt_q20,1433
05OB019,q_lt_q20,1861
05OB021,q_lt_q20,2062
05OB023,q_lt_q20,1187
05OC001,q_lt_q20,5132
05OC004,q_lt_q20,4535
05OC008,q_lt_q20,
05OC012,q_lt_q20,2620
05OC016,q_lt_q20,4460
05OC019,q_lt_q20,5132
05OC022,q_lt_q20,4591
05OC024,q_lt_q20,4028
05OC029,q_lt_q20,1971
05OD001,q_lt_q20,5031
05OD004,q_lt_q20,4709
05OD028,q_lt_q20,5558
05OD034,q_lt_q20,5701
05OE001,q_lt_q20,3352
05OE004,q_lt_q20,4782
05OE006,q_lt_q20,2514
05OE007,q_lt_q20,3789
05OE009,q_lt_q20,3042
05OE010,q_lt_q20,2929
05OE011,q_lt_q20,2548
05OE014,q_lt_q20,5415
05OE015,q_lt_q20,5534
05OF003,q_lt_q20,3672
05OF009,q_lt_q20,3404
05OF011,q_lt_q20,3493
05OF014,q_lt_q20,3659
05OF017,q_lt_q20,2063
05OF018,q_lt_q20,4282
05OF020,q_lt_q20,3393
05OF023,q_lt_q20,1515
05OF024,q_lt_q20,3253
05OF026,q_lt_q20,3997
05OG001,q_lt_q20,2197
05OG005,q_lt_q20,3364
05OG008,q_lt_q20,2172
05OH007,q_lt_q20,2664
05OH009,q_lt_q20,2219
05OJ005,q_lt_q20,
05OJ008,q_lt_q20,1178
05OJ016,q_lt_q20,1202
05OJ017,q_lt_q20,1789
05PA006,q_lt_q20,1372
05PA012,q_lt_q20,
05PB009,q_lt_q20,1704
05PB018,q_lt_q20,1316
05PC018,q_lt_q20,2589
05PC019,q_lt_q20,
05PC022,q_lt_q20,1578
05PC023,q_lt_q20,1713
05PE005,q_lt_q20,910
05PE006,q_lt_q20,1227
05PE011,q_lt_q20,1345
05PE020,q_lt_q20,
05PE028,q_lt_q20,1280
05PF063,q_lt_q20,
05PF068,q_lt_q20,
05PF069,q_lt_q20,
05PG001,q_lt_q20,540
05PH003,q_lt_q20,1586
05PH007,q_lt_q20,1317
05PJ001,q_lt_q20,834
05QA002,q_lt_q20,
05QA004,q_lt_q20,850
05QC001,q_lt_q20,945
05QC006,q_lt_q20,744
05QC007,q_lt_q20,1094
05QD006,q_lt_q20,1003
05QD016,q_lt_q20,864
05QE008,q_lt_q20,588
05QE009,q_lt_q20,232
05RA001,q_lt_q20,978
05RB003,q_lt_q20,204
05RC001,q_lt_q20,687
05RD008,q_lt_q20,0
05RE001,q_lt_q20,
05SA002,q_lt_q20,2261
05SC002,q_lt_q20,1632
05SD004,q_lt_q20,1173
05SD005,q_lt_q20,1149
05SD006,q_lt_q20,1260
05TD001,q_lt_q20,154
05TE002,q_lt_q20,247
05TF002,q_lt_q20,0
05TG001,q_lt_q20,677
05TG002,q_lt_q20,131
05TG003,q_lt_q20,785
05TG006,q_lt_q20,226
05UA003,q_lt_q20,108
05UB008,q_lt_q20,
05UB009,q_lt_q20,
05UE005,q_lt_q20,
05UF004,q_lt_q20,1390
05UF006,q_lt_q20,1197
05UF007,q_lt_q20,
05UG001,q_lt_q20,905
05UH001,q_lt_q20,537
05UH002,q_lt_q20,1189
06AA001,q_lt_q20,2313
06AA002,q_lt_q20,2333
06AB001,q_lt_q20,2160
06AB002,q_lt_q20,2890
06AC001,q_lt_q20,3911
06AD001,q_lt_q20,3485
06AD006,q_lt_q20,2342
06AD007,q_lt_q20,3397
06AD008,q_lt_q20,3147
06AD009,q_lt_q20,3404
06AD010,q_lt_q20,3355
06AD011,q_lt_q20,2735
06AF005,q_lt_q20,1650
06AG001,q_lt_q20,2625
06AG002,q_lt_q20,2476
06BA002,q_lt_q20,2532
06BB003,q_lt_q20,3014
06BB005,q_lt_q20,2549
06BD001,q_lt_q20,797
06CA001,q_lt_q20,1058
06CC001,q_lt_q20,1684
06CD002,q_lt_q20,
06DA002,q_lt_q20,0
06DA004,q_lt_q20,237
06DA005,q_lt_q20,136
06DC001,q_lt_q20,208
06DD002,q_lt_q20,175
06DD003,q_lt_q20,
06EA002,q_lt_q20,1030
06EA006,q_lt_q20,
06EA011,q_lt_q20,
06EB004,q_lt_q20,
06FA001,q_lt_q20,
06FB001,q_lt_q20,54
06FC001,q_lt_q20,
06FD001,q_lt_q20,534
06FD002,q_lt_q20,718
06GD001,q_lt_q20,
06HB002,q_lt_q20,565
06JA001,q_lt_q20,906
06JB001,q_lt_q20,367
06JC002,q_lt_q20,305
06KB003,q_lt_q20,
06KC003,q_lt_q20,
06LA001,q_lt_q20,435
06LC001,q_lt_q20,
06OA007,q_lt_q20,
07AA001,q_lt_q20,2317
07AA002,q_lt_q20,2450
07AA007,q_lt_q20,1017
07AC001,q_lt_q20,1754
07AC007,q_lt_q20,1941
07AC008,q_lt_q20,1963
07AD002,q_lt_q20,2905
07AE001,q_lt_q20,1822
07AF002,q_lt_q20,2496
07AF003,q_lt_q20,1316
07AF010,q_lt_q20,2028
07AF013,q_lt_q20,1244
07AF014,q_lt_q20,2410
07AF015,q_lt_q20,1391
07AG003,q_lt_q20,2607
07AG004,q_lt_q20,2697
07AG007,q_lt_q20,3020
07AG008,q_lt_q20,2075
07AH001,q_lt_q20,2226
07AH002,q_lt_q20,2422
07AH003,q_lt_q20,1795
07BA001,q_lt_q20,2762
07BA002,q_lt_q20,2065
07BA003,q_lt_q20,1659
07BB002,q_lt_q20,3787
07BB004,q_lt_q20,3168
07BB005,q_lt_q20,4137
07BB006,q_lt_q20,3370
07BB011,q_lt_q20,3355
07BB014,q_lt_q20,3348
07BC002,q_lt_q20,3024
07BC006,q_lt_q20,3359
07BC007,q_lt_q20,3956
07BE001,q_lt_q20,2645
07BE003,q_lt_q20,2147
07BE004,q_lt_q20,2234
07BF001,q_lt_q20,3465
07BF002,q_lt_q20,3856
07BF009,q_lt_q20,2900
07BF010,q_lt_q20,2522
07BF905,q_lt_q20,3349
07BG004,q_lt_q20,2710
07BJ001,q_lt_q20,4173
07BJ003,q_lt_q20,1181
07BK001,q_lt_q20,3152
07BK005,q_lt_q20,2775
07BK007,q_lt_q20,2449
07BK009,q_lt_q20,2969
07CA003,q_lt_q20,2851
07CA005,q_lt_q20,3075
07CA006,q_lt_q20,2996
07CA008,q_lt_q20,3630
07CA012,q_lt_q20,2311
07CA013,q_lt_q20,2251
07CB002,q_lt_q20,1478
07CD001,q_lt_q20,2328
07CD004,q_lt_q20,3006
07CD005,q_lt_q20,2603
07CD008,q_lt_q20,3121
07CD009,q_lt_q20,2109
07CE002,q_lt_q20,2995
07CE003,q_lt_q20,2906
07CE005,q_lt_q20,2404
07CE007,q_lt_q20,2865
07CE008,q_lt_q20,1857
07CE010,q_lt_q20,2362
07CE013,q_lt_q20,2276
07DA001,q_lt_q20,
07DA006,q_lt_q20,2246
07DA007,q_lt_q20,2651
07DA008,q_lt_q20,2330
07DA018,q_lt_q20,2965
07DA026,q_lt_q20,3218
07DA027,q_lt_q20,2273
07DA028,q_lt_q20,2209
07DA029,q_lt_q20,2893
07DA030,q_lt_q20,1865
07DA032,q_lt_q20,2724
07DA033,q_lt_q20,1915
07DA034,q_lt_q20,2514
07DA035,q_lt_q20,1603
07DA037,q_lt_q20,2087
07DA038,q_lt_q20,1831
07DA039,q_lt_q20,2014
07DA040,q_lt_q20,2761
07DA041,q_lt_q20,3090
07DA042,q_lt_q20,2030
07DA044,q_lt_q20,2143
07DA045,q_lt_q20,2457
07DB001,q_lt_q20,1764
07DB002,q_lt_q20,1872
07DB003,q_lt_q20,2173
07DB006,q_lt_q20,3430
07DC001,q_lt_q20,1752
07DC003,q_lt_q20,840
07DC004,q_lt_q20,2456
07DD001,q_lt_q20,
07DD002,q_lt_q20,1566
07DD003,q_lt_q20,600
07EA004,q_lt_q20,2467
07EA005,q_lt_q20,3796
07EA007,q_lt_q20,2409
07EB002,q_lt_q20,
07EC002,q_lt_q20,3219
07EC003,q_lt_q20,3009
07EC004,q_lt_q20,3095
07ED001,q_lt_q20,3506
07ED003,q_lt_q20,2967
07EE007,q_lt_q20,3426
07EE009,q_lt_q20,3109
07EE010,q_lt_q20,4675
07EF004,q_lt_q20,2491
07FA003,q_lt_q20,2309
07FA004,q_lt_q20,2532
07FA005,q_lt_q20,3404
07FA006,q_lt_q20,3029
07FB001,q_lt_q20,2825
07FB002,q_lt_q20,4437
07FB003,q_lt_q20,3921
07FB004,q_lt_q20,2449
07FB006,q_lt_q20,4052
07FB008,q_lt_q20,3721
07FB009,q_lt_q20,3186
07FC001,q_lt_q20,3177
07FC003,q_lt_q20,2769
07FD001,q_lt_q20,3780
07FD002,q_lt_q20,2264
07FD003,q_lt_q20,2600
07FD006,q_lt_q20,3674
07FD007,q_lt_q20,3785
07FD009,q_lt_q20,3161
07FD010,q_lt_q20,
07FD011,q_lt_q20,3861
07FD012,q_lt_q20,3399
07FD013,q_lt_q20,3318
07FD019,q_lt_q20,2372
07FD020,q_lt_q20,3732
07FD908,q_lt_q20,4380
07FD910,q_lt_q20,3841
07GA001,q_lt_q20,3717
07GA002,q_lt_q20,2473
07GB001,q_lt_q20,2255
07GB003,q_lt_q20,2969
07GC002,q_lt_q20,3386
07GD001,q_lt_q20,4679
07GD004,q_lt_q20,4273
07GE001,q_lt_q20,2991
07GE002,q_lt_q20,3616
07GE003,q_lt_q20,3701
07GE007,q_lt_q20,4486
07GF001,q_lt_q20,2632
07GF008,q_lt_q20,1775
07GG001,q_lt_q20,3140
07GG002,q_lt_q20,3430
07GG003,q_lt_q20,1553
07GH002,q_lt_q20,2861
07GH004,q_lt_q20,3328
07GJ001,q_lt_q20,3705
07HA001,q_lt_q20,3242
07HA003,q_lt_q20,3614
07HA005,q_lt_q20,2716
07HA914,q_lt_q20,3864
07HB001,q_lt_q20,2014
07HC001,q_lt_q20,3093
07HC002,q_lt_q20,2799
07HC907,q_lt_q20,3179
07HF001,q_lt_q20,2211
07HF002,q_lt_q20,3020
07JA003,q_lt_q20,3123
07JC001,q_lt_q20,2458
07JC002,q_lt_q20,2844
07JC003,q_lt_q20,1347
07JD002,q_lt_q20,2881
07JD003,q_lt_q20,2395
07JD004,q_lt_q20,3556
07JF002,q_lt_q20,2112
07JF003,q_lt_q20,1987
07JF005,q_lt_q20,4792
07KC001,q_lt_q20,1126
07KE001,q_lt_q20,2273
07KF015,q_lt_q20,965
07LE002,q_lt_q20,547
07MA003,q_lt_q20,
07MB001,q_lt_q20,228
07NB001,q_lt_q20,
07OA001,q_lt_q20,1652
07OB003,q_lt_q20,2057
07OB004,q_lt_q20,1057
07OB006,q_lt_q20,1818
07OB008,q_lt_q20,1130
07OC001,q_lt_q20,1873
07QC005,q_lt_q20,121
07QC006,q_lt_q20,259
07QC007,q_lt_q20,180
07QC008,q_lt_q20,
07QD007,q_lt_q20,440
07RB001,q_lt_q20,369
07RD001,q_lt_q20,315
07SA002,q_lt_q20,
07SA004,q_lt_q20,
07SA008,q_lt_q20,337
07SB002,q_lt_q20,293
07SB003,q_lt_q20,741
07SB010,q_lt_q20,375
07SB013,q_lt_q20,615
07SB020,q_lt_q20,469
07SC001,q_lt_q20,
07SC004,q_lt_q20,
08AA003,q_lt_q20,3588
08AA011,q_lt_q20,4052
08AB001,q_lt_q20,2042
08AC001,q_lt_q20,3111
08AC002,q_lt_q20,3505
08BB005,q_lt_q20,1434
08CD001,q_lt_q20,3598
08CE001,q_lt_q20,3988
08CE005,q_lt_q20,3974
08CF003,q_lt_q20,1794
08CG001,q_lt_q20,1718
08DA005,q_lt_q20,1580
08DA012,q_lt_q20,1850
08DB001,q_lt_q20,2473
08DB013,q_lt_q20,1964
08EB003,q_lt_q20,2912
08EB004,q_lt_q20,2054
08EB005,q_lt_q20,2360
08EC001,q_lt_q20,3349
08EC004,q_lt_q20,2060
08EC013,q_lt_q20,2674
08EC014,q_lt_q20,2212
08ED001,q_lt_q20,
08ED002,q_lt_q20,1594
08ED004,q_lt_q20,2205
08EE003,q_lt_q20,3160
08EE004,q_lt_q20,3447
08EE005,q_lt_q20,4728
08EE008,q_lt_q20,2416
08EE012,q_lt_q20,4091
08EE013,q_lt_q20,3817
08EE020,q_lt_q20,2396
08EE025,q_lt_q20,2183
08EF001,q_lt_q20,
08EF005,q_lt_q20,1895
08EF006,q_lt_q20,2273
08EG012,q_lt_q20,2644
08EG018,q_lt_q20,1313
08EG019,q_lt_q20,2296
08FA002,q_lt_q20,
08FB004,q_lt_q20,1864
08FB006,q_lt_q20,2586
08FB011,q_lt_q20,2779
08FC003,q_lt_q20,2700
08FE002,q_lt_q20,1967
08FE003,q_lt_q20,2253
08FF001,q_lt_q20,3506
08FF002,q_lt_q20,2860
08FF003,q_lt_q20,1944
08FF006,q_lt_q20,1890
08GA010,q_lt_q20,1537
08GA022,q_lt_q20,
08GA026,q_lt_q20,1880
08GA030,q_lt_q20,2049
08GA043,q_lt_q20,1885
08GA061,q_lt_q20,2344
08GA071,q_lt_q20,2451
08GA072,q_lt_q20,1832
08GA075,q_lt_q20,1929
08GA076,q_lt_q20,
08GA077,q_lt_q20,1921
08GA079,q_lt_q20,1855
08GB013,q_lt_q20,2649
08GB014,q_lt_q20,1824
08GC005,q_lt_q20,2627
08GC006,q_lt_q20,2266
08GC007,q_lt_q20,2266
08GC008,q_lt_q20,2100
08GD004,q_lt_q20,2173
08GD008,q_lt_q20,3449
08GD010,q_lt_q20,2272
08GE002,q_lt_q20,1924
08GE003,q_lt_q20,1890
08GF007,q_lt_q20,1950
08HA001,q_lt_q20,1386
08HA002,q_lt_q20,2128
08HA003,q_lt_q20,1395
08HA010,q_lt_q20,1138
08HA011,q_lt_q20,1342
08HA016,q_lt_q20,1555
08HA068,q_lt_q20,1693
08HA069,q_lt_q20,2303
08HA070,q_lt_q20,2366
08HA072,q_lt_q20,2275
08HB006,q_lt_q20,1587
08HB008,q_lt_q20,1232
08HB011,q_lt_q20,2412
08HB017,q_lt_q20,1991
08HB022,q_lt_q20,1904
08HB023,q_lt_q20,2256
08HB025,q_lt_q20,1442
08HB034,q_lt_q20,1148
08HB041,q_lt_q20,2193
08HB048,q_lt_q20,1878
08HB074,q_lt_q20,2469
08HB075,q_lt_q20,1685
08HB084,q_lt_q20,1543
08HB086,q_lt_q20,2110
08HB092,q_lt_q20,1765
08HC001,q_lt_q20,2504
08HC006,q_lt_q20,2504
08HD005,q_lt_q20,2390
08HD006,q_lt_q20,2355
08HD007,q_lt_q20,1762
08HD011,q_lt_q20,2136
08HD018,q_lt_q20,2602
08HD021,q_lt_q20,1680
08HD023,q_lt_q20,2201
08HD026,q_lt_q20,2014
08HD027,q_lt_q20,1889
08HD035,q_lt_q20,2289
08HE001,q_lt_q20,806
08HE006,q_lt_q20,2291
08HE008,q_lt_q20,1788
08HE009,q_lt_q20,1742
08HF004,q_lt_q20,1597
08HF005,q_lt_q20,2265
08HF006,q_lt_q20,1662
08HF012,q_lt_q20,930
08HF013,q_lt_q20,1081
08HF014,q_lt_q20,1439
08HF015,q_lt_q20,2611
08JA013,q_lt_q20,2420
08JA015,q_lt_q20,1321
08JA017,q_lt_q20,3646
08JA029,q_lt_q20,1566
08JB002,q_lt_q20,
08JB003,q_lt_q20,4636
08JB008,q_lt_q20,1551
08JB013,q_lt_q20,1877
08JC001,q_lt_q20,4980
08JC002,q_lt_q20,3309
08JD006,q_lt_q20,2604
08JE001,q_lt_q20,4669
08JE004,q_lt_q20,4381
08KA001,q_lt_q20,2433
08KA004,q_lt_q20,4768
08KA005,q_lt_q20,4308
08KA007,q_lt_q20,2791
08KA013,q_lt_q20,2910
08KB001,q_lt_q20,4932
08KB003,q_lt_q20,3698
08KB006,q_lt_q20,2899
08KC001,q_lt_q20,5092
08KD007,q_lt_q20,4628
08KE016,q_lt_q20,5631
08KE024,q_lt_q20,2652
08KG001,q_lt_q20,3619
08KH001,q_lt_q20,3028
08KH006,q_lt_q20,
08KH019,q_lt_q20,3667
08KH030,q_lt_q20,2895
08KH031,q_lt_q20,2969
08LA001,q_lt_q20,3859
08LA027,q_lt_q20,1964
08LB020,q_lt_q20,3304
08LB024,q_lt_q20,3344
08LB038,q_lt_q20,2989
08LB047,q_lt_q20,3369
08LB064,q_lt_q20,3334
08LB069,q_lt_q20,3523
08LB072,q_lt_q20,3931
08LB076,q_lt_q20,2179
08LB078,q_lt_q20,3646
08LC002,q_lt_q20,2597
08LC003,q_lt_q20,2642
08LC018,q_lt_q20,2182
08LC039,q_lt_q20,2505
08LC040,q_lt_q20,3183
08LC042,q_lt_q20,3721
08LD001,q_lt_q20,2394
08LE020,q_lt_q20,2537
08LE021,q_lt_q20,4956
08LE024,q_lt_q20,3536
08LE027,q_lt_q20,2071
08LE031,q_lt_q20,3627
08LE077,q_lt_q20,1770
08LE108,q_lt_q20,2360
08LE112,q_lt_q20,2999
08LF002,q_lt_q20,2771
08LF007,q_lt_q20,3824
08LF027,q_lt_q20,3161
08LF033,q_lt_q20,4589
08LF051,q_lt_q20,2997
08LF094,q_lt_q20,1901
08LF099,q_lt_q20,2959
08LF100,q_lt_q20,2619
08LG008,q_lt_q20,2848
08LG009,q_lt_q20,3802
08LG010,q_lt_q20,3811
08LG016,q_lt_q20,2464
08LG017,q_lt_q20,4003
08LG028,q_lt_q20,3244
08LG041,q_lt_q20,4394
08LG048,q_lt_q20,2390
08LG056,q_lt_q20,2247
08LG065,q_lt_q20,4947
08LG070,q_lt_q20,3196
08MA001,q_lt_q20,3331
08MA002,q_lt_q20,
08MA003,q_lt_q20,2283
08MA006,q_lt_q20,2839
08MB006,q_lt_q20,2936
08MB007,q_lt_q20,1660
08MB012,q_lt_q20,3181
08MC018,q_lt_q20,
08MC040,q_lt_q20,4069
08MC045,q_lt_q20,2382
08MC049,q_lt_q20,3058
08MD013,q_lt_q20,4633
08MD035,q_lt_q20,1668
08ME002,q_lt_q20,4422
08ME003,q_lt_q20,
08ME023,q_lt_q20,1439
08ME025,q_lt_q20,2767
08ME027,q_lt_q20,1900
08ME028,q_lt_q20,2638
08ME029,q_lt_q20,2871
08MF005,q_lt_q20,
08MF035,q_lt_q20,2543
08MF040,q_lt_q20,
08MF062,q_lt_q20,1689
08MF065,q_lt_q20,2229
08MF068,q_lt_q20,2491
08MG001,q_lt_q20,1788
08MG005,q_lt_q20,2820
08MG013,q_lt_q20,
08MG025,q_lt_q20,2119
08MG026,q_lt_q20,1684
08MG027,q_lt_q20,
08MG028,q_lt_q20,2676
08MH001,q_lt_q20,2279
08MH002,q_lt_q20,3923
08MH005,q_lt_q20,2829
08MH006,q_lt_q20,2354
08MH016,q_lt_q20,2479
08MH024,q_lt_q20,
08MH029,q_lt_q20,3154
08MH056,q_lt_q20,2399
08MH076,q_lt_q20,1772
08MH090,q_lt_q20,4396
08MH098,q_lt_q20,3114
08MH103,q_lt_q20,2376
08MH126,q_lt_q20,2338
08MH141,q_lt_q20,2381
08MH147,q_lt_q20,2824
08MH152,q_lt_q20,2341
08MH153,q_lt_q20,4340
08MH155,q_lt_q20,4137
08MH156,q_lt_q20,3724
08MH166,q_lt_q20,1705
08MH168,q_lt_q20,2198
08NA002,q_lt_q20,3544
08NA006,q_lt_q20,3590
08NA011,q_lt_q20,2374
08NB005,q_lt_q20,2493
08NB012,q_lt_q20,2341
08NB014,q_lt_q20,2072
08NB016,q_lt_q20,2686
08NB020,q_lt_q20,725
08NB021,q_lt_q20,1925
08NC004,q_lt_q20,2110
08ND012,q_lt_q20,2188
08ND013,q_lt_q20,2084
08ND021,q_lt_q20,1612
08ND025,q_lt_q20,1964
08NE006,q_lt_q20,1890
08NE008,q_lt_q20,1191
08NE039,q_lt_q20,1786
08NE049,q_lt_q20,
08NE058,q_lt_q20,2173
08NE074,q_lt_q20,1980
08NE087,q_lt_q20,2305
08NE110,q_lt_q20,2596
08NE114,q_lt_q20,1868
08NE123,q_lt_q20,1979
08NE126,q_lt_q20,
08NE130,q_lt_q20,2244
08NF001,q_lt_q20,1739
08NG002,q_lt_q20,4023
08NG065,q_lt_q20,3887
08NG076,q_lt_q20,3025
08NG077,q_lt_q20,1649
08NH005,q_lt_q20,1632
08NH006,q_lt_q20,2058
08NH007,q_lt_q20,2464
08NH016,q_lt_q20,2210
08NH021,q_lt_q20,
08NH032,q_lt_q20,1920
08NH084,q_lt_q20,2165
08NH115,q_lt_q20,1996
08NH118,q_lt_q20,2399
08NH119,q_lt_q20,2883
08NH126,q_lt_q20,
08NH132,q_lt_q20,2288
08NH138,q_lt_q20,1831
08NH139,q_lt_q20,2151
08NJ013,q_lt_q20,2631
08NJ026,q_lt_q20,2203
08NJ061,q_lt_q20,2541
08NJ130,q_lt_q20,1696
08NJ158,q_lt_q20,
08NJ160,q_lt_q20,1525
08NK002,q_lt_q20,3079
08NK016,q_lt_q20,3268
08NK018,q_lt_q20,2624
08NK022,q_lt_q20,2761
08NK026,q_lt_q20,2440
08NK030,q_lt_q20,3603
08NL004,q_lt_q20,3553
08NL007,q_lt_q20,1930
08NL022,q_lt_q20,3817
08NL024,q_lt_q20,2421
08NL038,q_lt_q20,3268
08NL039,q_lt_q20,2531
08NL045,q_lt_q20,3277
08NL050,q_lt_q20,3249
08NL069,q_lt_q20,3008
08NL070,q_lt_q20,2382
08NL071,q_lt_q20,1621
08NL076,q_lt_q20,2713
08NM002,q_lt_q20,2419
08NM037,q_lt_q20,2173
08NM050,q_lt_q20,3980
08NM065,q_lt_q20,2924
08NM085,q_lt_q20,4768
08NM116,q_lt_q20,3657
08NM127,q_lt_q20,3823
08NM134,q_lt_q20,3184
08NM146,q_lt_q20,2765
08NM158,q_lt_q20,3235
08NM160,q_lt_q20,3054
08NM165,q_lt_q20,3553
08NM171,q_lt_q20,2473
08NM172,q_lt_q20,2818
08NM173,q_lt_q20,3359
08NM174,q_lt_q20,3704
08NM200,q_lt_q20,5101
08NM232,q_lt_q20,2103
08NM240,q_lt_q20,1337
08NM241,q_lt_q20,1762
08NM242,q_lt_q20,1669
08NM247,q_lt_q20,2430
08NM248,q_lt_q20,3144
08NN002,q_lt_q20,1875
08NN003,q_lt_q20,1900
08NN012,q_lt_q20,3208
08NN013,q_lt_q20,3486
08NN015,q_lt_q20,2263
08NN019,q_lt_q20,2574
08NN023,q_lt_q20,1955
08NN026,q_lt_q20,2234
08NN028,q_lt_q20,2274
08NP001,q_lt_q20,2270
08NP003,q_lt_q20,2125
08OA003,q_lt_q20,644
08OA004,q_lt_q20,1299
08OA005,q_lt_q20,1150
08OB002,q_lt_q20,1518
08PA012,q_lt_q20,2079
09AA006,q_lt_q20,
09AA013,q_lt_q20,2191
09AB001,q_lt_q20,
09AC001,q_lt_q20,4543
09AC007,q_lt_q20,2638
09AD002,q_lt_q20,2894
09AE003,q_lt_q20,2692
09AE006,q_lt_q20,2304
09AG001,q_lt_q20,4904
09AH001,q_lt_q20,2904
09AH003,q_lt_q20,1414
09AH004,q_lt_q20,3654
09AH005,q_lt_q20,2265
09BA001,q_lt_q20,3658
09BB001,q_lt_q20,2034
09BC001,q_lt_q20,
09BC004,q_lt_q20,
09CA002,q_lt_q20,3333
09CA004,q_lt_q20,1971
09CA006,q_lt_q20,2313
09CB001,q_lt_q20,3289
09CD001,q_lt_q20,
09DA001,q_lt_q20,1332
09DB001,q_lt_q20,495
09DD003,q_lt_q20,975
09DD004,q_lt_q20,1534
09EA003,q_lt_q20,1714
09EA004,q_lt_q20,4168
09EA005,q_lt_q20,578
09EB003,q_lt_q20,899
09EB004,q_lt_q20,1092
09ED001,q_lt_q20,901
09FA001,q_lt_q20,1305
09FB002,q_lt_q20,4607
09FB003,q_lt_q20,1924
09FC001,q_lt_q20,2264
09FD002,q_lt_q20,338
10AA001,q_lt_q20,
10AA004,q_lt_q20,2004
10AA005,q_lt_q20,2341
10AA006,q_lt_q20,1420
10AB001,q_lt_q20,2686
10AC005,q_lt_q20,1614
10AD002,q_lt_q20,2780
10BD001,q_lt_q20,1604
10BE001,q_lt_q20,3808
10BE004,q_lt_q20,3236
10BE007,q_lt_q20,3521
10BE009,q_lt_q20,3063
10BE013,q_lt_q20,2980
10CA001,q_lt_q20,1640
10CB001,q_lt_q20,2062
10CD001,q_lt_q20,
10CD003,q_lt_q20,2655
10CD004,q_lt_q20,1602
10CD005,q_lt_q20,1534
10DA001,q_lt_q20,1828
10DB001,q_lt_q20,2670
10EA003,q_lt_q20,906
10EB001,q_lt_q20,1031
10EC003,q_lt_q20,332
10ED001,q_lt_q20,
10ED002,q_lt_q20,1587
10ED003,q_lt_q20,1795
10ED007,q_lt_q20,2022
10ED009,q_lt_q20,1546
10ED010,q_lt_q20,1095
10FA002,q_lt_q20,337
10FB001,q_lt_q20,1717
10FB005,q_lt_q20,1688
10FB006,q_lt_q20,704
10GA001,q_lt_q20,1092
10GB006,q_lt_q20,1576
10GC001,q_lt_q20,1791
10GC003,q_lt_q20,2236
10GD001,q_lt_q20,997
10GD002,q_lt_q20,1563
10HA004,q_lt_q20,
10HB005,q_lt_q20,468
10HC008,q_lt_q20,1397
10JB001,q_lt_q20,684
10JD002,q_lt_q20,877
10KA001,q_lt_q20,
10KA006,q_lt_q20,1250
10KA007,q_lt_q20,1460
10KA008,q_lt_q20,1116
10KA009,q_lt_q20,1364
10KB001,q_lt_q20,874
10KC001,q_lt_q20,459
10KD009,q_lt_q20,1198
10LA002,q_lt_q20,3079
10LB004,q_lt_q20,1841
10LB005,q_lt_q20,1396
10LB006,q_lt_q20,1733
10LB007,q_lt_q20,1470
10LC002,q_lt_q20,2001
10LC003,q_lt_q20,2193
10LC007,q_lt_q20,2340
10LC017,q_lt_q20,1650
10LD004,q_lt_q20,1550
10MA001,q_lt_q20,1688
10MA002,q_lt_q20,3843
10MA003,q_lt_q20,3268
10MA005,q_lt_q20,
10MB003,q_lt_q20,1856
10MB004,q_lt_q20,374
10MC002,q_lt_q20,1489
10MC007,q_lt_q20,147
10MC008,q_lt_q20,
10MD001,q_lt_q20,2328
10MD002,q_lt_q20,2741
10NB001,q_lt_q20,825
10NC001,q_lt_q20,1385
10ND002,q_lt_q20,924
10ND004,q_lt_q20,1167
10OB001,q_lt_q20,
10PA001,q_lt_q20,
10PA002,q_lt_q20,
10PB001,q_lt_q20,
10PC004,q_lt_q20,523
10PC005,q_lt_q20,
10QA001,q_lt_q20,670
10QC001,q_lt_q20,0
10QD001,q_lt_q20,
10RA001,q_lt_q20,0
10RA002,q_lt_q20,0
10RC001,q_lt_q20,
10RC002,q_lt_q20,
10TA001,q_lt_q20,695
10UH001,q_lt_q20,644
10UH002,q_lt_q20,1396
10UH012,q_lt_q20,578
10VK001,q_lt_q20,12202
11AA001,q_lt_q20,2970
11AA005,q_lt_q20,5648
11AA025,q_lt_q20,3379
11AA028,q_lt_q20,4043
11AA029,q_lt_q20,5743
11AA031,q_lt_q20,2734
11AA032,q_lt_q20,2671
11AA038,q_lt_q20,4133
11AB009,q_lt_q20,2795
11AB018,q_lt_q20,2561
11AB027,q_lt_q20,3116
11AB044,q_lt_q20,2777
11AB058,q_lt_q20,2147
11AB060,q_lt_q20,3635
11AB077,q_lt_q20,2854
11AB078,q_lt_q20,2359
11AB082,q_lt_q20,3536
11AB083,q_lt_q20,3970
11AB084,q_lt_q20,2197
11AB096,q_lt_q20,2723
11AB101,q_lt_q20,3150
11AB102,q_lt_q20,2531
11AB108,q_lt_q20,2641
11AB117,q_lt_q20,2111
11AB118,q_lt_q20,2586
11AC017,q_lt_q20,1984
11AC025,q_lt_q20,1935
11AC041,q_lt_q20,2326
11AC052,q_lt_q20,2572
11AC054,q_lt_q20,2921
11AC060,q_lt_q20,3128
11AC064,q_lt_q20,2154
11AC065,q_lt_q20,2281
11AC066,q_lt_q20,2329
11AC068,q_lt_q20,2177
11AE003,q_lt_q20,2706
11AE008,q_lt_q20,3348
11AE009,q_lt_q20,3165
11AE010,q_lt_q20,2189
11AE014,q_lt_q20,2605
11AE015,q_lt_q20,1989
1001001,q_lt_q20,4278
1001002,q_lt_q20,1934
1001003,q_lt_q20,4620
10100002,q_lt_q20,1010
10100006,q_lt_q20,602
10102001,q_lt_q20,1394
10111001,q_lt_q20,1529
10121001,q_lt_q20,2295
10122001,q_lt_q20,3200
10122003,q_lt_q20,2356
10133000,q_lt_q20,2262.5
10134001,q_lt_q20,2765
10137001,q_lt_q20,3066
10142003,q_lt_q20,1851
1020002,q_lt_q20,2622
1020003,q_lt_q20,1417
1021001,q_lt_q20,790
1021002,q_lt_q20,4188
10304001,q_lt_q20,
10305001,q_lt_q20,1513
10306001,q_lt_q20,1657
10311001,q_lt_q20,2863
10313001,q_lt_q20,1641
10322003,q_lt_q20,458
10327001,q_lt_q20,2222
10328001,q_lt_q20,2122
10340001,q_lt_q20,1244
10343001,q_lt_q20,1385
10343002,q_lt_q20,1529
10344003,q_lt_q20,2138
10344004,q_lt_q20,1703
10351001,q_lt_q20,1455
10356001,q_lt_q20,1766
10362001,q_lt_q20,2341
10363002,q_lt_q20,2261
10364001,q_lt_q20,1996
10401001,q_lt_q20,1181
10405001,q_lt_q20,1512
10405002,q_lt_q20,834
10405005,q_lt_q20,2135
1041002,q_lt_q20,2992
10411002,q_lt_q20,1715
10414001,q_lt_q20,1569
10431000,q_lt_q20,500
10431001,q_lt_q20,158
10432002,q_lt_q20,914
10432003,q_lt_q20,977
10440000,q_lt_q20,
1044001,q_lt_q20,2457
1050002,q_lt_q20,2508
1050004,q_lt_q20,2349
10503001,q_lt_q20,881
10514001,q_lt_q20,472
10520001,q_lt_q20,205
10523002,q_lt_q20,215
10701002,q_lt_q20,425
10702002,q_lt_q20,1488
10704002,q_lt_q20,580
11020004,q_lt_q20,635
11040001,q_lt_q20,858
11141001,q_lt_q20,546
11143001,q_lt_q20,813
11143002,q_lt_q20,814
11147001,q_lt_q20,814
11147002,q_lt_q20,190
11151001,q_lt_q20,623
11302001,q_lt_q20,245
11307001,q_lt_q20,692
11308001,q_lt_q20,768
11310001,q_lt_q20,2078
11310002,q_lt_q20,2970
11310003,q_lt_q20,3109
11312001,q_lt_q20,1044
11314001,q_lt_q20,1527
11315001,q_lt_q20,1364
11316001,q_lt_q20,995
11317001,q_lt_q20,1121
11337001,q_lt_q20,434
11405001,q_lt_q20,1424
11500002,q_lt_q20,539
11504001,q_lt_q20,1031
11505001,q_lt_q20,2609
11514001,q_lt_q20,681
11520002,q_lt_q20,2917
11521001,q_lt_q20,3235
11530000,q_lt_q20,1013
11532000,q_lt_q20,1092
11545000,q_lt_q20,910
11710000,q_lt_q20,
11711000,q_lt_q20,937
1201001,q_lt_q20,3798
1201003,q_lt_q20,2981
1201005,q_lt_q20,2421
1210001,q_lt_q20,1796
1211001,q_lt_q20,3233
12285001,q_lt_q20,927
12287001,q_lt_q20,866
12288002,q_lt_q20,1265
12288003,q_lt_q20,
12288004,q_lt_q20,
12289001,q_lt_q20,
12289002,q_lt_q20,
12289003,q_lt_q20,843
12291001,q_lt_q20,292
12400003,q_lt_q20,1498
12400004,q_lt_q20,655
12448001,q_lt_q20,1132
12452001,q_lt_q20,1468
12561001,q_lt_q20,344
12563001,q_lt_q20,382
12600001,q_lt_q20,1188
12622001,q_lt_q20,3213
12660001,q_lt_q20,3042
12802001,q_lt_q20,2382
12805001,q_lt_q20,2453
12806001,q_lt_q20,2248
12825002,q_lt_q20,1831
12861001,q_lt_q20,4254
12863002,q_lt_q20,2177
12865001,q_lt_q20,1998
12872001,q_lt_q20,3350
12876001,q_lt_q20,3439
12876004,q_lt_q20,3394
12878001,q_lt_q20,3784
12930001,q_lt_q20,1447
1300009,q_lt_q20,2987
1310002,q_lt_q20,1522
1410004,q_lt_q20,1927
1502002,q_lt_q20,919
1502008,q_lt_q20,3688
1610002,q_lt_q20,3017
1610004,q_lt_q20,2157
1730001,q_lt_q20,1327
1730002,q_lt_q20,733
1730003,q_lt_q20,1367
1730007,q_lt_q20,1077
1730012,q_lt_q20,2398
2101001,q_lt_q20,2685
2103001,q_lt_q20,5441
2103002,q_lt_q20,2437
2103003,q_lt_q20,2466
2103014,q_lt_q20,1891
2104002,q_lt_q20,3431
2104003,q_lt_q20,4166
2104013,q_lt_q20,4229
2105001,q_lt_q20,1404
2105002,q_lt_q20,2134
2105005,q_lt_q20,10902
2105007,q_lt_q20,2489
2110001,q_lt_q20,9017
2110002,q_lt_q20,6917
2110004,q_lt_q20,8099
2110031,q_lt_q20,11666
2112005,q_lt_q20,9417
2112006,q_lt_q20,12899
2112007,q_lt_q20,13264
2113001,q_lt_q20,3384
2120001,q_lt_q20,4603
2510001,q_lt_q20,10102
3022001,q_lt_q20,4344
3041001,q_lt_q20,4738
3041002,q_lt_q20,2892
3041003,q_lt_q20,1903
3041004,q_lt_q20,1737
3041005,q_lt_q20,4218
3050001,q_lt_q20,4411
3404001,q_lt_q20,7832
3414001,q_lt_q20,14208
3421001,q_lt_q20,5895
3430001,q_lt_q20,10594
3430003,q_lt_q20,10620
3431001,q_lt_q20,7435
3450001,q_lt_q20,13560
3453001,q_lt_q20,7863
3802001,q_lt_q20,5226
3804002,q_lt_q20,7135
3806001,q_lt_q20,7823
3814003,q_lt_q20,7921
3815001,q_lt_q20,7919
3815002,q_lt_q20,11963
3820001,q_lt_q20,9369
3820002,q_lt_q20,7021
3820003,q_lt_q20,7532
3825001,q_lt_q20,11111
3826001,q_lt_q20,8370
4301002,q_lt_q20,4214
4302001,q_lt_q20,1282
4306001,q_lt_q20,3529
4308001,q_lt_q20,9117
4311001,q_lt_q20,6502
4313001,q_lt_q20,6134
4314002,q_lt_q20,10379
4320001,q_lt_q20,8373
4323001,q_lt_q20,9500
4335001,q_lt_q20,5761
4400001,q_lt_q20,8858
4501001,q_lt_q20,5957
4502001,q_lt_q20,5038
4503001,q_lt_q20,11170
4511002,q_lt_q20,6188
4512001,q_lt_q20,7688
4513001,q_lt_q20,6671
4514001,q_lt_q20,4845
4515002,q_lt_q20,6685
4520001,q_lt_q20,929
4522001,q_lt_q20,4018
4522002,q_lt_q20,7893
4523001,q_lt_q20,5714
4523002,q_lt_q20,9859
4530001,q_lt_q20,4262
4531001,q_lt_q20,12957
4531002,q_lt_q20,8325
4532001,q_lt_q20,6088
4533002,q_lt_q20,8654
4537001,q_lt_q20,11653
4540001,q_lt_q20,9072
4550003,q_lt_q20,5887
4557002,q_lt_q20,15287
4558001,q_lt_q20,12912
4703001,q_lt_q20,6458
4703002,q_lt_q20,6935
4704001,q_lt_q20,283
4704002,q_lt_q20,979
4711001,q_lt_q20,10784
4712001,q_lt_q20,4197
4714001,q_lt_q20,12287
4716001,q_lt_q20,8158
4716004,q_lt_q20,10772
4721001,q_lt_q20,7344
4723001,q_lt_q20,10965
4726001,q_lt_q20,8186
4730001,q_lt_q20,8455
4810001,q_lt_q20,9446
4810005,q_lt_q20,6225
4810006,q_lt_q20,6225
5100001,q_lt_q20,5367
5101001,q_lt_q20,4454
5101002,q_lt_q20,8389
5110002,q_lt_q20,9051
5120001,q_lt_q20,5067
5200001,q_lt_q20,5320
5221001,q_lt_q20,9101
5221002,q_lt_q20,8565
5320001,q_lt_q20,6089
5401003,q_lt_q20,2152
5402001,q_lt_q20,2436
5402015,q_lt_q20,1563
5403002,q_lt_q20,4329
5406001,q_lt_q20,1114
5410002,q_lt_q20,7146
5410005,q_lt_q20,7787
5411001,q_lt_q20,8314
5411002,q_lt_q20,9184
5414001,q_lt_q20,6363
5420002,q_lt_q20,10138
5421001,q_lt_q20,8730
5421002,q_lt_q20,12565
5422001,q_lt_q20,10385
5423002,q_lt_q20,8546
5423003,q_lt_q20,8706
5423004,q_lt_q20,11626
5423005,q_lt_q20,9499
5423006,q_lt_q20,7395
5427003,q_lt_q20,6005
5701001,q_lt_q20,3040
5701002,q_lt_q20,1023
5702001,q_lt_q20,1942
5703006,q_lt_q20,1298
5704002,q_lt_q20,2221
5705001,q_lt_q20,1081
5706001,q_lt_q20,1220
5707002,q_lt_q20,2905
5710001,q_lt_q20,2056
5716001,q_lt_q20,2961
5720001,q_lt_q20,2677
5721001,q_lt_q20,1924
5721016,q_lt_q20,771
5722001,q_lt_q20,2768
5722002,q_lt_q20,1885
5730005,q_lt_q20,5761
5730008,q_lt_q20,6306
5734001,q_lt_q20,9944
5737002,q_lt_q20,3313
5741001,q_lt_q20,10957
5746001,q_lt_q20,11565
5748001,q_lt_q20,7729
6000003,q_lt_q20,6269
6002001,q_lt_q20,5744
6003001,q_lt_q20,5635
6006001,q_lt_q20,2426
6008005,q_lt_q20,3039
6011001,q_lt_q20,6638
6013001,q_lt_q20,6001
6015001,q_lt_q20,7804
6018001,q_lt_q20,4859
6019003,q_lt_q20,8706
6025001,q_lt_q20,5572
6027001,q_lt_q20,3435
6028001,q_lt_q20,5628
6033001,q_lt_q20,
6033011,q_lt_q20,4497
6034022,q_lt_q20,2838
6034023,q_lt_q20,7468
6035001,q_lt_q20,5807
6043001,q_lt_q20,10586
6132001,q_lt_q20,3509
7102001,q_lt_q20,5622
7102005,q_lt_q20,4840
7103001,q_lt_q20,5293
7104001,q_lt_q20,5864
7104002,q_lt_q20,5460
7112001,q_lt_q20,3889
7115001,q_lt_q20,4335
7116001,q_lt_q20,5052
7123001,q_lt_q20,5373
7200002,q_lt_q20,4568
7300001,q_lt_q20,3303
7303000,q_lt_q20,2453
7306001,q_lt_q20,5990
7308001,q_lt_q20,4042
7308002,q_lt_q20,4393
7317003,q_lt_q20,2642
7317005,q_lt_q20,5355
7320003,q_lt_q20,4304
7321002,q_lt_q20,3073
7322001,q_lt_q20,
7330001,q_lt_q20,4332
7331001,q_lt_q20,5682
7332001,q_lt_q20,4833
7335001,q_lt_q20,3796
7335002,q_lt_q20,4168
7336001,q_lt_q20,5073
7339001,q_lt_q20,5972
7340001,q_lt_q20,6340
7341001,q_lt_q20,3434
7343001,q_lt_q20,4373
7350001,q_lt_q20,4447
7350002,q_lt_q20,3007
7350003,q_lt_q20,3772
7351001,q_lt_q20,5730
7354001,q_lt_q20,3579
7354002,q_lt_q20,5657
7355001,q_lt_q20,5861
7355002,q_lt_q20,4987
7355003,q_lt_q20,4626
7357002,q_lt_q20,2119
7358001,q_lt_q20,6184
7359001,q_lt_q20,3245
7372001,q_lt_q20,6109
7374001,q_lt_q20,3360
7379001,q_lt_q20,3611
7379002,q_lt_q20,3846
7381001,q_lt_q20,3474
7383001,q_lt_q20,5188
8104001,q_lt_q20,4575
8105001,q_lt_q20,5089
8106001,q_lt_q20,3089
8106002,q_lt_q20,4139
8112001,q_lt_q20,4695
8114001,q_lt_q20,5019
8115001,q_lt_q20,4900
8117004,q_lt_q20,2921
8117005,q_lt_q20,7147
8117006,q_lt_q20,2633
8117008,q_lt_q20,5707
8118001,q_lt_q20,4526
8123001,q_lt_q20,6067
8124001,q_lt_q20,7194
8124002,q_lt_q20,6024
8130001,q_lt_q20,2515
8130002,q_lt_q20,2514
8132001,q_lt_q20,4916
8133001,q_lt_q20,3694
8134002,q_lt_q20,6996
8134003,q_lt_q20,3482
8135002,q_lt_q20,4292
8140002,q_lt_q20,6085
8141001,q_lt_q20,3599
8144001,q_lt_q20,5028
8210003,q_lt_q20,3531
8220001,q_lt_q20,3834
8220008,q_lt_q20,3252
8220009,q_lt_q20,3383
8220010,q_lt_q20,3779
8304001,q_lt_q20,3756
8307002,q_lt_q20,2587
8308000,q_lt_q20,3156
8312000,q_lt_q20,2484
8312001,q_lt_q20,2897
8313000,q_lt_q20,2618
8313001,q_lt_q20,2748
8316002,q_lt_q20,2893
8317001,q_lt_q20,3686
8317002,q_lt_q20,2771
8317004,q_lt_q20,2850
8317005,q_lt_q20,3402
8319001,q_lt_q20,4722
8323001,q_lt_q20,5482
8323002,q_lt_q20,4945
8324002,q_lt_q20,5353
8330001,q_lt_q20,3912
8332001,q_lt_q20,3326
8334001,q_lt_q20,7067
8342001,q_lt_q20,3369
8343001,q_lt_q20,2766
8350001,q_lt_q20,2524
8351001,q_lt_q20,3380
8356001,q_lt_q20,2990
8358001,q_lt_q20,4386
8362001,q_lt_q20,5627
8366002,q_lt_q20,5609
8372002,q_lt_q20,3716
8376001,q_lt_q20,3592
8380001,q_lt_q20,5896
8380006,q_lt_q20,5815
8381003,q_lt_q20,7301
8383001,q_lt_q20,5658
8385001,q_lt_q20,7187
8386001,q_lt_q20,
8393002,q_lt_q20,4083
8394001,q_lt_q20,
8700002,q_lt_q20,4070
8700003,q_lt_q20,3974
8720001,q_lt_q20,2721
8820001,q_lt_q20,3771
8821001,q_lt_q20,3570
8821002,q_lt_q20,3570
8821003,q_lt_q20,3992
8821006,q_lt_q20,3703
8822001,q_lt_q20,3892
8822002,q_lt_q20,2907
8910001,q_lt_q20,4609
9101001,q_lt_q20,4333
9101002,q_lt_q20,4061
9102001,q_lt_q20,3396
9104001,q_lt_q20,2381
9104002,q_lt_q20,3546
9106001,q_lt_q20,3422
9107001,q_lt_q20,3283
9107002,q_lt_q20,4159
9111001,q_lt_q20,4354
9113001,q_lt_q20,3128
9116001,q_lt_q20,3595
9122002,q_lt_q20,2755
9123001,q_lt_q20,3050
9126001,q_lt_q20,2197
9127001,q_lt_q20,2073
9129002,q_lt_q20,2432
9131001,q_lt_q20,2952
9134001,q_lt_q20,2169
9135001,q_lt_q20,3292
9140001,q_lt_q20,3165
9400000,q_lt_q20,3016
9402001,q_lt_q20,2532
9404001,q_lt_q20,2058
9405001,q_lt_q20,2428
9412001,q_lt_q20,3397
9414001,q_lt_q20,2932
9416001,q_lt_q20,1702
9420001,q_lt_q20,1302
9423001,q_lt_q20,2636
9433001,q_lt_q20,3564
9434001,q_lt_q20,3508
9436001,q_lt_q20,2251
9437002,q_lt_q20,2710
AARSCHOT_6220300,q_lt_q20,
AARUP_6934050,q_lt_q20,
ABISKO_6232101,q_lt_q20,
ACHLEITEN_6342900,q_lt_q20,
ACHSTETTEN_6342105,q_lt_q20,
AECKLINGEN_6233460,q_lt_q20,
AENGABAECKS KRV_6233170,q_lt_q20,
AESOO_6172041,q_lt_q20,
AFFOLDERN_6337505,q_lt_q20,
AGUILCOURT ET A ORAINVILLE_6122430,q_lt_q20,
AHJA_6172260,q_lt_q20,
AIRE-SUR-L'ADOUR_6119190,q_lt_q20,
AIVIEKSTES HES_6373219,q_lt_q20,
AKEN_6340170,q_lt_q20,
ALBA IULIA_6744201,q_lt_q20,
ALBUFEIRA DE BELVER (R.E.)_6113110,q_lt_q20,
ALLEMOND_6139750,q_lt_q20,
ALLENDORF_6337511,q_lt_q20,
ALLEVES (LA CHARNIAZ)_6139825,q_lt_q20,
ALMOUROL_6113050,q_lt_q20,
ALTKIRCH_6135800,q_lt_q20,
ANDERNACH_6335070,q_lt_q20,
ANDOUILLE (LES VAUGEOIS)_6123200,q_lt_q20,
ANJALA_6854203,q_lt_q20,
ANKARVATTNET_6233450,q_lt_q20,
APE_6373115,q_lt_q20,
ARAD_6744200,q_lt_q20,
ARCEAU (ARCELOT)_6139921,q_lt_q20,
ARDENTES_6123360,q_lt_q20,
ARGENTIERE LA BESSEE_6139282,q_lt_q20,
ARNDRUP_6934870,q_lt_q20,
AROEDAN_6229140,q_lt_q20,
ARTEMARE_6139810,q_lt_q20,
ARTHAZ-PONT-NOTRE-DAME_6139960,q_lt_q20,
ARUP_6934720,q_lt_q20,
ASBRO 3_6233100,q_lt_q20,
ASTED BRO_6934300,q_lt_q20,
ATNASJO_6729410,q_lt_q20,
AUE 1_6340627,q_lt_q20,
AULESTAD_6729453,q_lt_q20,
AUSTENA_6729280,q_lt_q20,
AUTRICOURT_6122200,q_lt_q20,
AUVERS-LE-HAMON [MOULIN LA ROCHE]_6123570,q_lt_q20,
BAD DUEBEN_6340600,q_lt_q20,
BAD ROTENFELS_6335710,q_lt_q20,
BADEN_6935305,q_lt_q20,
BAIN-DE-BRETAGNE_6119095,q_lt_q20,
BALOZI_6373454,q_lt_q20,
BANNALEC (PONT MEYA)_6119070,q_lt_q20,
BARBY_6340140,q_lt_q20,
BARCELONNETTE (ABATTOIR)_6139261,q_lt_q20,
BAUME-LES-DAMES_6139215,q_lt_q20,
BAUSKA_6373430,q_lt_q20,
BEAUFORT-SUR-GERVANNE_6139140,q_lt_q20,
BEAUJEU_6139430,q_lt_q20,
BEAUMOTTE-AUBERTANS_6139681,q_lt_q20,
BEAUVAIS_6122470,q_lt_q20,
BEDOUES (COCURES)_6125362,q_lt_q20,
BELI BROD_6545160,q_lt_q20,
BELIN-BELIET (MOULIN DU MOINE)_6119220,q_lt_q20,
BELLAC_6123800,q_lt_q20,
BERGEFORSENS KRV_6233401,q_lt_q20,
BERGHAUSEN_6335640,q_lt_q20,
BERG_6342502,q_lt_q20,
BERLIN MUEHLENDAMM OP_6340611,q_lt_q20,
BEROUN_6140250,q_lt_q20,
BERTNEM_6731555,q_lt_q20,
BEYNES_6139250,q_lt_q20,
BIERGES_6220502,q_lt_q20,
BISTRA_6744600,q_lt_q20,
BJOERNEGARDSVINGEN_6729420,q_lt_q20,
BLOIS_6123300,q_lt_q20,
BOCHENIEC_6458613,q_lt_q20,
BODENS KRV (+ VATTENVERK  TRANGFORS)_6233750,q_lt_q20,
BODENWERDER_6337514,q_lt_q20,
BOEHLEN 1_6340365,q_lt_q20,
BOGOJEVO_6542200,q_lt_q20,
BOGUSLAW_6457956,q_lt_q20,
BOHUMIN_6157100,q_lt_q20,
BOHUNOVSKO-JESENNY_6140140,q_lt_q20,
BONDONS (COCURES)_6125340,q_lt_q20,
BORGAI_6729447,q_lt_q20,
BORGHAREN_6421500,q_lt_q20,
BOROVNICE_6142270,q_lt_q20,
BOURGES_6123335,q_lt_q20,
BOXBERG_6340810,q_lt_q20,
BRANDENBURG-WILHELMSDORF_6340515,q_lt_q20,
BRATISLAVA_6142200,q_lt_q20,
BREDEBRO_6934800,q_lt_q20,
BREDSTRUP_6934600,q_lt_q20,
BREHY_6142660,q_lt_q20,
BRIENZWILER_6935019,q_lt_q20,
BRODNICA_6458510,q_lt_q20,
BROEDEBACKEN_6233180,q_lt_q20,
BROMOELLE_6934530,q_lt_q20,
BRUEGG-AEGERTEN_6935021,q_lt_q20,
BRUNIQUEL [LA GAUTERIE]_6125275,q_lt_q20,
BRUNSTATT ET A DIDENHEIM ET A MULHOUSE_6135035,q_lt_q20,
BRUSTUEN_6729132,q_lt_q20,
BRZEGI_6458610,q_lt_q20,
BULKEN_6729200,q_lt_q20,
BUVATN_6729445,q_lt_q20,
CALBE-GRIZEHNE_6340300,q_lt_q20,
CAMPAGNE_6119235,q_lt_q20,
CANDE (LA GREE)_6123171,q_lt_q20,
CARIGNAN_6121240,q_lt_q20,
CASTELBIAGUE (PONT DE RRADES)_6125220,q_lt_q20,
CASTELSAGRAT [FOURQUET]_6125305,q_lt_q20,
CELLE-EN-MORVAN (POLROY)_6123720,q_lt_q20,
CELLE_6337502,q_lt_q20,
CERNON (VOUGLANS)_6139501,q_lt_q20,
CESSEY-SUR-TILLE_6139920,q_lt_q20,
CHABLIS_6122190,q_lt_q20,
CHALABRE_6125260,q_lt_q20,
CHALUPKI_6457660,q_lt_q20,
CHAMBON-AU-LIGNON_6123780,q_lt_q20,
CHAMPAGNE-SUR-LOUE_6139790,q_lt_q20,
CHANTONNAY (ST-PHILBERT DU PONT CHARRAUL_6119320,q_lt_q20,
CHAPELLE-SAINT-FLORENT (PONT DALAINE)_6123140,q_lt_q20,
CHATEAU-GONTIER_6123655,q_lt_q20,
CHATEAUNEUF-DU-FAOU_6119035,q_lt_q20,
CHATELAIS [MARCILLE]_6123660,q_lt_q20,
CHATILLON EN MICHAINE_6139837,q_lt_q20,
CHATILLON-EN-DIOIS_6139130,q_lt_q20,
CHATILLON_6139360,q_lt_q20,
CHAUDFONTAINE_6221200,q_lt_q20,
CHAZEY_6139500,q_lt_q20,
CHEZERY-FORENS (CHEZERY)_6139831,q_lt_q20,
CHMELNICA_6158100,q_lt_q20,
CHRISTINEHOLMS REGL.DAMM_6233133,q_lt_q20,
CIGACICE_6457690,q_lt_q20,
CIRCOURT-SUR-MOUZON [VILLARS]_6121040,q_lt_q20,
CIRON [SCOURY]_6123485,q_lt_q20,
CISNA_6458620,q_lt_q20,
CLOUE [PONT DE CLOUE]_6123425,q_lt_q20,
COCHEM_6336050,q_lt_q20,
CONCARNEAU (PONT D22)_6119080,q_lt_q20,
CONDAT-SUR-VIENNE (CHAMBON VEYRINAS)_6123430,q_lt_q20,
CONQUES_6125385,q_lt_q20,
CORBES (ROC COURBE)_6139060,q_lt_q20,
CORNET_6742451,q_lt_q20,
CORVOL-ORGUEILLEUX_6122170,q_lt_q20,
COSERENI_6742912,q_lt_q20,
COUSSERGUES (RESUENHE)_6125630,q_lt_q20,
CSENGER_6444600,q_lt_q20,
CUSTINES_6136120,q_lt_q20,
DALESZYCE_6458615,q_lt_q20,
DALSBOVATN_6731147,q_lt_q20,
DALUM_6338110,q_lt_q20,
DAMELEVIERES_6136105,q_lt_q20,
DASICE_6140600,q_lt_q20,
DAUGAVPILS_6373300,q_lt_q20,
DAVERDISSE_6221551,q_lt_q20,
DECIN_6140400,q_lt_q20,
DEG_6729225,q_lt_q20,
DEMANDOLX (CASTILLON)_6139201,q_lt_q20,
DENEVRE_6139045,q_lt_q20,
DIEDENDORF_6136155,q_lt_q20,
DIGNY ST. CLAIRE_6139821,q_lt_q20,
DILLSFOSS_6731690,q_lt_q20,
DISSAY_6123455,q_lt_q20,
DJUPEVAD_6729840,q_lt_q20,
DOERVERDEN_6337515,q_lt_q20,
DOLNI STEPANICE_6140130,q_lt_q20,
DOMBAS_6729590,q_lt_q20,
DONJI MIHOLJAC C.S._6646800,q_lt_q20,
DOUCIER_6139520,q_lt_q20,
DOULAINCOURT-SAUCOURT_6122370,q_lt_q20,
DRAGESTI_6742701,q_lt_q20,
DRAWINY_6457985,q_lt_q20,
DRAWSKO POMORSKIE_6457982,q_lt_q20,
DRENNEC_6118130,q_lt_q20,
DROUX_6123810,q_lt_q20,
DUESSELDORF_6335050,q_lt_q20,
DUKUPJI_6373151,q_lt_q20,
DUNG_6139780,q_lt_q20,
DVORCE_6142250,q_lt_q20,
DZIALOSZYN_6457850,q_lt_q20,
EDSVALLA KRV_6233525,q_lt_q20,
EGGAFOSS_6731502,q_lt_q20,
EGGEDAL_6729315,q_lt_q20,
EIDFJORDVATN_6729134,q_lt_q20,
ELKAER BRO_6934310,q_lt_q20,
EMBRUN (LA CLAPIERE)_6139281,q_lt_q20,
EMSFORS BRUK_6233360,q_lt_q20,
ENGESETVATN_6731010,q_lt_q20,
ENGOMER [BALAGUERES]_6125055,q_lt_q20,
ENTRAIGUES_6139730,q_lt_q20,
EPINAL_6136200,q_lt_q20,
EPINIAC_6118195,q_lt_q20,
EPISY_6122240,q_lt_q20,
EPPEGEM_6220360,q_lt_q20,
ERGUE-GABERIC_6119090,q_lt_q20,
ERSBO_6233205,q_lt_q20,
ESPINASSES (SERRE-PONCON)_6139280,q_lt_q20,
ESSENE_6220170,q_lt_q20,
ESTIRAC_6119170,q_lt_q20,
ETANG-SUR-ARROUX_6123065,q_lt_q20,
ETIKHOVE_6220110,q_lt_q20,
ETNA_6729300,q_lt_q20,
EVAUX-LES-BAINS_6123380,q_lt_q20,
FEIGUMFOSSEN_6731580,q_lt_q20,
FELENNE_6221610,q_lt_q20,
FELLETIN_6123451,q_lt_q20,
FELSOEZSOLCA_6444380,q_lt_q20,
FEMUNDSENDEN_6733571,q_lt_q20,
FETVATN_6731105,q_lt_q20,
FIGEAC (MERLANCON)_6125600,q_lt_q20,
FLAKSVATN_6729371,q_lt_q20,
FLAM BRU_6731575,q_lt_q20,
FLEUREY-LES-FAVERNEY_6139930,q_lt_q20,
FLORAC_6125350,q_lt_q20,
FOLLES (BESSINES)_6123820,q_lt_q20,
FOLLES (FORGEFER)_6123825,q_lt_q20,
FORCE_6123190,q_lt_q20,
FORSBAKK_6731715,q_lt_q20,
FOS_6125730,q_lt_q20,
FOURILLES_6123610,q_lt_q20,
FRANCHEVILLE_6122220,q_lt_q20,
FRANKFURT OSTHAFEN_6335304,q_lt_q20,
FREMERSDORF_6336900,q_lt_q20,
FRESSELINES (PUY RAGEAUD)_6123460,q_lt_q20,
FRESSELINES_6123450,q_lt_q20,
FRIGNICOURT_6122380,q_lt_q20,
FROSTDALEN_6731560,q_lt_q20,
FURA_6729460,q_lt_q20,
FUSTVATN_6731610,q_lt_q20,
FYRAS_6233400,q_lt_q20,
GAGNIERES (BANNES)_6139070,q_lt_q20,
GAILDORF_6335291,q_lt_q20,
GARBE-KOUROU_1234130,q_lt_q20,
GASLANDSVATN_6731758,q_lt_q20,
GAULFOSS_6731501,q_lt_q20,
GENDRON_6221550,q_lt_q20,
GENLIS_6139900,q_lt_q20,
GERBEVILLER_6136095,q_lt_q20,
GIESSEN_6335450,q_lt_q20,
GILLY-SUR-LOIRE_6123095,q_lt_q20,
GIVRY_6122420,q_lt_q20,
GLUIRAS (TISONECHE)_6139240,q_lt_q20,
GLUSZYNA_6457350,q_lt_q20,
GOERITZHAIN_6340625,q_lt_q20,
GOLENIOW_6457990,q_lt_q20,
GONCOURT_6121035,q_lt_q20,
GORZOW WIELKOPOLSKI_6457800,q_lt_q20,
GOZDOWICE_6457010,q_lt_q20,
GRABNO_6457240,q_lt_q20,
GRADA KRV_6233204,q_lt_q20,
GRANAKER_6233510,q_lt_q20,
GRAND-FOUGERAY (LA BERNADAISE)_6119140,q_lt_q20,
GRAVA_6729232,q_lt_q20,
GRDELICA_6547300,q_lt_q20,
GREBENAU_6337506,q_lt_q20,
GRISKANI_6373212,q_lt_q20,
GROETSJOEN_6233200,q_lt_q20,
GRONBRO_6934560,q_lt_q20,
GROSETTJERN_6729347,q_lt_q20,
GROSSDITTMANNSDORF_6340440,q_lt_q20,
GROSSE TRAENKE WEHR UP_6340610,q_lt_q20,
GROVAI_6729342,q_lt_q20,
GRUNNFOSS_6731693,q_lt_q20,
GRYTA_6729360,q_lt_q20,
GUBEN 2_6357501,q_lt_q20,
GUBIN_6457505,q_lt_q20,
GUENIN_6119060,q_lt_q20,
GUNTERSHAUSEN_6337507,q_lt_q20,
GY-LES-NONAINS_6122040,q_lt_q20,
GYA_6729210,q_lt_q20,
HAAPAJYRAE_6854902,q_lt_q20,
HAAPAKOSKI_6832752,q_lt_q20,
HAGEBRO_6934150,q_lt_q20,
HALABAECK_6233240,q_lt_q20,
HALINEN_6854630,q_lt_q20,
HALLAMOELLA_6233165,q_lt_q20,
HALLBOSJOEN_6233440,q_lt_q20,
HALLE TROTHA UP_6340301,q_lt_q20,
HALLEDALSVATN_6729145,q_lt_q20,
HAMOIR(TABREUX)_6221500,q_lt_q20,
HAN-LES-JUVIGNY_6121085,q_lt_q20,
HANN.-MUENDEN_6337400,q_lt_q20,
HARJAVALTA_6854101,q_lt_q20,
HASTIERE_6221670,q_lt_q20,
HATTINGEN_6335030,q_lt_q20,
HAUGLAND_6729220,q_lt_q20,
HAUKEDALSVATN NDF._6731569,q_lt_q20,
HAUKIPUDAS_6854400,q_lt_q20,
HEISEL_6729260,q_lt_q20,
HELLELAND_6729217,q_lt_q20,
HELMINGHAUSEN_6337503,q_lt_q20,
HERRENHAUSEN_6337509,q_lt_q20,
HERRFORS_6854210,q_lt_q20,
HERSVIKVATN_6731820,q_lt_q20,
HESDIN_6118040,q_lt_q20,
HIRSON_6122140,q_lt_q20,
HISSMOFORS KRV_6233404,q_lt_q20,
HOFKIRCHEN_6342800,q_lt_q20,
HOGGAS BRU_6731050,q_lt_q20,
HOGHIZ_6742452,q_lt_q20,
HOLEN_6729140,q_lt_q20,
HOLERVATN_6729327,q_lt_q20,
HOLISA_6142601,q_lt_q20,
HOLJES KRV_6233523,q_lt_q20,
HOLLOESE MOELLE_6934571,q_lt_q20,
HOLMEN_6233301,q_lt_q20,
HORNINDALSVATN_6731175,q_lt_q20,
HORUP_6934510,q_lt_q20,
HRONOV_6140101,q_lt_q20,
HUHTISUONOJA_6855404,q_lt_q20,
HUOPAKINOJA_6854420,q_lt_q20,
HUURU_6172024,q_lt_q20,
HYYPPA_6854580,q_lt_q20,
IDDERGEM_6220111,q_lt_q20,
INTSCHEDE_6337200,q_lt_q20,
ISOHAARA_6854700,q_lt_q20,
JAASJARVI - OUTLET_6854205,q_lt_q20,
JALOGNY (CLUNY)_6139940,q_lt_q20,
JAMIOULX_6221130,q_lt_q20,
JASIKA_6547110,q_lt_q20,
JEKABPILS_6373304,q_lt_q20,
JEMELLE_6221510,q_lt_q20,
JEURRE_6139315,q_lt_q20,
JOGLA_6729218,q_lt_q20,
JONAVA_6574350,q_lt_q20,
JONDAL_6729320,q_lt_q20,
JORDANOW_6458200,q_lt_q20,
JORDBRUFJELL_6731727,q_lt_q20,
JOURSAC (JOURSAC-LE-VIALARD)_6123641,q_lt_q20,
JOURSAC (PONT DE VERNET)_6123645,q_lt_q20,
JUGOWICE_6457600,q_lt_q20,
JUILLAC_6119180,q_lt_q20,
JUMISKO_6854711,q_lt_q20,
JUNKERDALSELV_6731680,q_lt_q20,
JUOJARVI  PALOKKI_6855450,q_lt_q20,
JUVANKOSKI_6854650,q_lt_q20,
KAAPA_6172058,q_lt_q20,
KAARESUVANTO_6832907,q_lt_q20,
KAIDESLUOMO_6854201,q_lt_q20,
KAINASTONLUOMA_6854901,q_lt_q20,
KAJOONJARVI - OUTLET_6855411,q_lt_q20,
KALKOFEN NEU_6335349,q_lt_q20,
KALLAVESIE (KONNUS+KARVIO)_6855402,q_lt_q20,
KALLIO 2_6232901,q_lt_q20,
KALLSTORP 2_6233351,q_lt_q20,
KALTIMO_6855401,q_lt_q20,
KARANKAJARVI - OUTLET_6854272,q_lt_q20,
KARESUVANTO_6232905,q_lt_q20,
KARJALANKOSKI_6855460,q_lt_q20,
KARKKIMALA_6854560,q_lt_q20,
KARTENA_6573100,q_lt_q20,
KARUNKI_6832755,q_lt_q20,
KARVIANJOKI  (ETELAJ+POHJAJOKI+LANKOSKI)_6854170,q_lt_q20,
KASARI_6172023,q_lt_q20,
KATAJALUOMA_6854110,q_lt_q20,
KATIMA MULILO (64370001)_1291100,q_lt_q20,
KAUB_6335100,q_lt_q20,
KAUKOLANKOSKI_6854730,q_lt_q20,
KEILA_6172013,q_lt_q20,
KEPPO_6854200,q_lt_q20,
KESKASTEL_6136500,q_lt_q20,
KESSELINPURO_6855405,q_lt_q20,
KETZIN_6340510,q_lt_q20,
KILAI BRU_6729387,q_lt_q20,
KILPISJARVI  LUUSUA_6832753,q_lt_q20,
KISTA_6731920,q_lt_q20,
KITUSJARVI - OUTLET_6854107,q_lt_q20,
KLEMPENOW_6341500,q_lt_q20,
KLIPPAN 2_6233612,q_lt_q20,
KLOOSTRIMETSA_6172012,q_lt_q20,
KNAPPOM_6729530,q_lt_q20,
KOELN_6335060,q_lt_q20,
KOEPINGE_6233235,q_lt_q20,
KONGAS_6854707,q_lt_q20,
KONGEBROEN_6934370,q_lt_q20,
KONGOLA_1291200,q_lt_q20,
KONOJAD_6457340,q_lt_q20,
KONUVERE_6172025,q_lt_q20,
KORPIJOKI_6855408,q_lt_q20,
KOSCIAN_6457320,q_lt_q20,
KOSICKE OLSANY_6144350,q_lt_q20,
KOSKI_6854722,q_lt_q20,
KOWANOWKO_6457220,q_lt_q20,
KRAKFOSS_6729435,q_lt_q20,
KRAMSVAD_6934550,q_lt_q20,
KRASNYSTAW_6458713,q_lt_q20,
KRINGLERDAL_6729436,q_lt_q20,
KRINSVATN_6731070,q_lt_q20,
KROKBRAECKE_6229120,q_lt_q20,
KUDIRKOS NAUMIESTIS_6574201,q_lt_q20,
KUGGERUD_6729405,q_lt_q20,
KUIKKISENOJA_6854430,q_lt_q20,
KUKKOLANKOSKI OEVRE_6232910,q_lt_q20,
KULDIGA_6373010,q_lt_q20,
KULENIEKI_6373226,q_lt_q20,
KUMMANIVA_6854705,q_lt_q20,
KUNOW_6458520,q_lt_q20,
KUZNICA SKAKAWSKA_6457280,q_lt_q20,
KVISTFORSENS KRV_6233690,q_lt_q20,
KYLMANOJA_6854505,q_lt_q20,
KYSUCKE NOVE MESTO_6142551,q_lt_q20,
L'HUISSERIE [BONNE]_6123635,q_lt_q20,
LA FERTE-ALAIS ET A GUIGNEVILLE-SUR-ESSONNE_6122065,q_lt_q20,
LA JAVIE (ESCLANGON-PEROURE)_6139255,q_lt_q20,
LA VALLETTE_6139735,q_lt_q20,
LABARTHE-SUR-LEZE_6125115,q_lt_q20,
LAFRANCAISE [LUNEL]_6125290,q_lt_q20,
LAGASTE_6373932,q_lt_q20,
LAKE LESTIJARVI OUTLET_6854300,q_lt_q20,
LAKFORS_6731601,q_lt_q20,
LAKSA BRU_6731743,q_lt_q20,
LAKSHOLA_6731730,q_lt_q20,
LALM_6729455,q_lt_q20,
LANDBRU_6733645,q_lt_q20,
LANGEDALEN_6731582,q_lt_q20,
LANGSJOEN_6233755,q_lt_q20,
LANGTJERNBEKKEN_6729325,q_lt_q20,
LANKELA_6854720,q_lt_q20,
LANNAVAARA_6232930,q_lt_q20,
LARRA_6125135,q_lt_q20,
LATOSUONOJA_6855403,q_lt_q20,
LAUBEN_6342230,q_lt_q20,
LAUCHERTHAL_6342070,q_lt_q20,
LAUZET UBAYE (ROCHE ROUSSE)_6139260,q_lt_q20,
LAUZON_6139050,q_lt_q20,
LEIPZIG-THEKLA_6340350,q_lt_q20,
LEIRAGA_6731720,q_lt_q20,
LEIRBOTNVATN_6731930,q_lt_q20,
LEIRPOLDVATN_6731750,q_lt_q20,
LEJASCIEMS_6373113,q_lt_q20,
LELEX (NIAIZET)_6139832,q_lt_q20,
LEMPAALA - KUOKKALANKOSKI_6854102,q_lt_q20,
LEMPDES_6123640,q_lt_q20,
LENARTOVCE_6144100,q_lt_q20,
LENT_6139560,q_lt_q20,
LEPPASJARVI - OUTLET_6854108,q_lt_q20,
LEPPAVESI  LUUSUA_6854250,q_lt_q20,
LES SORINIERES (VILLENEUVE)_6123150,q_lt_q20,
LETOVICE_6142260,q_lt_q20,
LETZTER HELLER_6337513,q_lt_q20,
LEUN NEU_6335350,q_lt_q20,
LIAVATN_6729125,q_lt_q20,
LIELPECI_6373750,q_lt_q20,
LIEPVRE_6135210,q_lt_q20,
LIESJARVI - OUTLET_6854109,q_lt_q20,
LIEZELE_6220112,q_lt_q20,
LILLE LINDE_6934500,q_lt_q20,
LILLEFOSSEN_6731772,q_lt_q20,
LILLGLAEN_6233222,q_lt_q20,
LINDENBORG BRO_6934460,q_lt_q20,
LIPTOVSKY MIKULAS_6142680,q_lt_q20,
LISLEFJODD_6729227,q_lt_q20,
LITENE_6373213,q_lt_q20,
LJUSNE STROEMMAR KRV_6233221,q_lt_q20,
LJUSNEDAL OEVRE_6233227,q_lt_q20,
LOBEZ_6456105,q_lt_q20,
LOCHOW_6458924,q_lt_q20,
LODSHOLMBRO_6934480,q_lt_q20,
LOEVEL BRO_6934170,q_lt_q20,
LOEYTAENEENOJA_6854112,q_lt_q20,
LOHNAJARVI - OUTLET_6855412,q_lt_q20,
LOKOJA_1834101,q_lt_q20,
LONGCHAMP-SUR-AUJON [OUTRE AUBE]_6122225,q_lt_q20,
LOSNA_6729450,q_lt_q20,
LOUEY_6119110,q_lt_q20,
LOUVIERS_6122360,q_lt_q20,
LOVATN_6731170,q_lt_q20,
LOWICZ_6458540,q_lt_q20,
LOYAT (PONT D129)_6119015,q_lt_q20,
LOZANNE_6139361,q_lt_q20,
LUBARTOW_6458715,q_lt_q20,
LUGANUSE_6172016,q_lt_q20,
LUGUSE_6172031,q_lt_q20,
LUNEVILLE_6136085,q_lt_q20,
LUNGOCI_6742700,q_lt_q20,
LUPAWA_6456110,q_lt_q20,
LUPENE_6142190,q_lt_q20,
LUTHERSTADT WITTENBERG_6340130,q_lt_q20,
MAGDEBURG-STROMBRUECKE_6340180,q_lt_q20,
MAINZ_6335150,q_lt_q20,
MAKO_6444110,q_lt_q20,
MALANGSFOSS_6731907,q_lt_q20,
MALOWA GORA_6458555,q_lt_q20,
MANGLIEU (MOULIN DE LAVAUR)_6123630,q_lt_q20,
MANNDALEN BRU_6731765,q_lt_q20,
MAREUIL-SUR-LAY-DISSAIS_6119135,q_lt_q20,
MARIGNY-EGLISE (MENEFRIERS+CROTTEFROU)_6122160,q_lt_q20,
MARINGUES [COTE ROUGE]_6123215,q_lt_q20,
MARKLENDORF_6337501,q_lt_q20,
MARRASKOSKI_6854710,q_lt_q20,
MARSOV NAD METUJI_6140100,q_lt_q20,
MARTINRIVE_6221680,q_lt_q20,
MARTIN_6142640,q_lt_q20,
MAS-D'AGENAIS_6125100,q_lt_q20,
MASI_6731910,q_lt_q20,
MASSAIS [MOULIN BERNARD]_6123520,q_lt_q20,
MAULEON-LICHARRE_6119040,q_lt_q20,
MAXAU_6335200,q_lt_q20,
MAZSALACA_6373931,q_lt_q20,
MEDREAC_6118185,q_lt_q20,
MEDSTUGAN NEDRE_6233465,q_lt_q20,
MELTURI_6373112,q_lt_q20,
MEMBRE PONT_6221620,q_lt_q20,
MENNINGEN_6342081,q_lt_q20,
MERIKOSKI_6854500,q_lt_q20,
MERTAJARVI_6232960,q_lt_q20,
MEZOTNE_6373400,q_lt_q20,
MIDDAL_6729237,q_lt_q20,
MIKUZIAI_6573020,q_lt_q20,
MILHARS_6125270,q_lt_q20,
MILLAU_6125170,q_lt_q20,
MIRKOW_6457955,q_lt_q20,
MIRSK_6457704,q_lt_q20,
MIZOEN_6139725,q_lt_q20,
MOHACS_6442600,q_lt_q20,
MOJSINJE_6547310,q_lt_q20,
MONFORT-SUR-MEU (LABBAYE)_6119230,q_lt_q20,
MONTAGNAT_6139640,q_lt_q20,
MONTBERAUD (STE-CROIX-VOLVESTRE)_6125440,q_lt_q20,
MONTBRON_6119275,q_lt_q20,
MONTBRUN (PONT DE MONTBRUN)_6125361,q_lt_q20,
MONTCEAUX-L'ETOILE_6123040,q_lt_q20,
MONTDRAGON_6125225,q_lt_q20,
MONTESTRUC-SUR-GERS_6125335,q_lt_q20,
MONTJAUX (STAINT-HIPPOLYTE)_6125320,q_lt_q20,
MONTJEAN_6123100,q_lt_q20,
MONTPOUILLAN_6125405,q_lt_q20,
MOORSELE_6220100,q_lt_q20,
MORAVICANY_6142100,q_lt_q20,
MORAVSKY JAN_6142150,q_lt_q20,
MOREUIL_6118055,q_lt_q20,
MORRUM_6233130,q_lt_q20,
MORSANG-SUR-ORGE_6122130,q_lt_q20,
MORSTOL BRU_6731100,q_lt_q20,
MORTIERS_6122450,q_lt_q20,
MORZYCA_6457995,q_lt_q20,
MOSINA_6457330,q_lt_q20,
MOULINS_6123280,q_lt_q20,
MOURON_6122110,q_lt_q20,
MOUTIER-ROZEILLE (AUBUSSON)_6123470,q_lt_q20,
MUNKEDAL 2_6229135,q_lt_q20,
MUONIO_6832750,q_lt_q20,
MURET_6125085,q_lt_q20,
MUROLEENKOSKI_6854104,q_lt_q20,
MURR_6335675,q_lt_q20,
MUZY_6122345,q_lt_q20,
MYGLEVATN NDF_6729265,q_lt_q20,
MYLLYOJA_6854715,q_lt_q20,
MYON_6139795,q_lt_q20,
MYRKDALSVATN_6729180,q_lt_q20,
MYSZYNIEC_6458809,q_lt_q20,
NAAMIJOKI_6832918,q_lt_q20,
NAGYMAROS_6442500,q_lt_q20,
NANT (PONT DE GARDIES)_6125330,q_lt_q20,
NARSJO_6729830,q_lt_q20,
NARVA LINN_6172350,q_lt_q20,
NASIJARVI  TAMMERKOSKI_6854103,q_lt_q20,
NAUSTA_6731160,q_lt_q20,
NAUTSUNDVATN_6731161,q_lt_q20,
NEDERZWALM_6220510,q_lt_q20,
NEKOR_6140700,q_lt_q20,
NEMETICE_6140150,q_lt_q20,
NESMER_6142170,q_lt_q20,
NEU DARCHAU_6340110,q_lt_q20,
NEUBLANS-ABERGEMENT_6139770,q_lt_q20,
NEUSTADT_6335690,q_lt_q20,
NEUVILLE-LES-DAMES_6139550,q_lt_q20,
NEUVILLE-SUR-SARTHE ET A SOUILLE [MONTREUIL]_6123535,q_lt_q20,
NEZELLE_6123741,q_lt_q20,
NIAMEY_1234150,q_lt_q20,
NIECHMIROW_6457230,q_lt_q20,
NIEDERKIRCH_6342100,q_lt_q20,
NIEDERROEDERN_6135110,q_lt_q20,
NIEMISEL_6233780,q_lt_q20,
NIETULISKO DUZE_6458525,q_lt_q20,
NIGARDSVATN_6731585,q_lt_q20,
NIITTYJOKI_6854273,q_lt_q20,
NISKAKOSKI_6854800,q_lt_q20,
NISMES_6221560,q_lt_q20,
NIS_6547400,q_lt_q20,
NITRIANSKA STREDA_6142520,q_lt_q20,
NIWKI_6457880,q_lt_q20,
NOD-SUR-SEINE_6122102,q_lt_q20,
NOGENT-LE-ROTROU [PONT DE BOIS]_6123540,q_lt_q20,
NOGENT-SUR-OISE_6122465,q_lt_q20,
NORMANVILLE_6122355,q_lt_q20,
NORRSJOEN_6233555,q_lt_q20,
NORRSKOGSDIKET_6854940,q_lt_q20,
NORT-SUR-ERDRE (MOULIN DE VAUX)_6123170,q_lt_q20,
NOUATRE_6123400,q_lt_q20,
NOVOSARATOVKA_6955430,q_lt_q20,
NOWA WIES PODGORNA_6457870,q_lt_q20,
NOWE DREZDENKO_6457200,q_lt_q20,
NOWY SACZ_6458406,q_lt_q20,
NOWY TARG_6458402,q_lt_q20,
NR BROBY_6934750,q_lt_q20,
OBERLAUCHRINGEN_6335410,q_lt_q20,
OERSLEV_6934540,q_lt_q20,
OEYUNGEN_6731550,q_lt_q20,
OISILLY_6139055,q_lt_q20,
OJCOW_6458630,q_lt_q20,
OKONEK_6457215,q_lt_q20,
OKSFJORDVATN_6731770,q_lt_q20,
OLKKAJARVI  PERMANTOKOSKI_6854708,q_lt_q20,
OLOBOK_6457290,q_lt_q20,
OLORON-SAINTE-MARIE (OLORON-SNCF)_6119030,q_lt_q20,
OLORON-SAINTE-MARIE (OLORON-STE-CROIX)_6119020,q_lt_q20,
OMNESFOSS_6729525,q_lt_q20,
ONET-LE-CHATEAU ET A RODEZ_6125245,q_lt_q20,
OORE_6172050,q_lt_q20,
OOSTROZEBEKE_6220120,q_lt_q20,
OOSTVLETEREN_6238100,q_lt_q20,
ORAISON (ESCALE)_6139284,q_lt_q20,
ORIGNY-EN-THIERACHE_6122145,q_lt_q20,
ORNIAC [LES AMIS DU CELE]_6125395,q_lt_q20,
ORSOVA (1971_6742200,q_lt_q20,
OSENELV V OREN_6731123,q_lt_q20,
OSETNO_6457720,q_lt_q20,
OSIELEC_6458201,q_lt_q20,
OSTHEIM_6135040,q_lt_q20,
OUAGNE (CHAMPMOREAU)_6122180,q_lt_q20,
OULUNKYLA_6854115,q_lt_q20,
OUNASJARVI - OUTLET_6854713,q_lt_q20,
OVRE HYNDEVAD_6233412,q_lt_q20,
OVREVATN_6731906,q_lt_q20,
OYE NDF_6729240,q_lt_q20,
OYE_6729238,q_lt_q20,
PAHKAOJA_6854221,q_lt_q20,
PAIMPONT (PONT DU SECRET)_6119150,q_lt_q20,
PAJALA PUMPHUS_6232911,q_lt_q20,
PAJUPEA_6172010,q_lt_q20,
PAJUSI_6172236,q_lt_q20,
PALMAS (PONT DE MANSON)_6125620,q_lt_q20,
PAMILO_6855470,q_lt_q20,
PAULHAGUET_6123650,q_lt_q20,
PAULINET (ST-JEAN-DE-JEANNE)_6125540,q_lt_q20,
PAUNULANPURO_6854114,q_lt_q20,
PEERAJARVI  LUUSUA_6832909,q_lt_q20,
PELLO_6832917,q_lt_q20,
PELTOKOSKI_6854520,q_lt_q20,
PERL_6336800,q_lt_q20,
PESMES_6139682,q_lt_q20,
PEYREVELADE (SERVIERES)_6123401,q_lt_q20,
PFELLING_6342920,q_lt_q20,
PFORZHEIM_6335660,q_lt_q20,
PIEVIKI_6373921,q_lt_q20,
PILA_6457213,q_lt_q20,
PISEK_6140300,q_lt_q20,
PLAINES-SAINT-LANGE_6122101,q_lt_q20,
PLANCHER-BAS_6139710,q_lt_q20,
PLOUGONVEN_6118175,q_lt_q20,
PODARI_6742552,q_lt_q20,
PODGORZE_6457225,q_lt_q20,
POHJAKA I_6172020,q_lt_q20,
POLANA_6458605,q_lt_q20,
POMMEUSE_6122115,q_lt_q20,
PONT-DE-MONTVERT (FONTCHALETTES)_6125363,q_lt_q20,
PONTAUMUR_6123790,q_lt_q20,
PORAJ_6457860,q_lt_q20,
PORSCHDORF 1_6340430,q_lt_q20,
PORTA_6337518,q_lt_q20,
PORTTIPAHTA_6854706,q_lt_q20,
POZNAN-MOST ROCHA_6457820,q_lt_q20,
PROISELIERE ET LANGLE_6139935,q_lt_q20,
PRUDNIK_6457675,q_lt_q20,
PRZEDBORZ_6458753,q_lt_q20,
PTAKI_6458863,q_lt_q20,
PUCHACZOW_6458717,q_lt_q20,
PUDISOO_6172014,q_lt_q20,
PULO DO LOBO_6116200,q_lt_q20,
PUTTAKOSKI_6854810,q_lt_q20,
PYHAJARVI  LUUSUA_6854350,q_lt_q20,
PYHAJARVI LUUSA_6854310,q_lt_q20,
QUELNEUC_6119125,q_lt_q20,
QUEMPER-GUEZENNEC ET A YVIAS_6118170,q_lt_q20,
QUINCAY (ROCHECOURBE)_6123410,q_lt_q20,
QUISTINIC (KERDEC)_6119065,q_lt_q20,
RACIBORZ-MIEDONIA_6457670,q_lt_q20,
RAI_6118165,q_lt_q20,
RAJCZA_6458530,q_lt_q20,
RANSBERG_6220370,q_lt_q20,
RAON-L'ETAPE_6136065,q_lt_q20,
RAPINA_6172280,q_lt_q20,
RASKA_6547210,q_lt_q20,
RASKOV_6142101,q_lt_q20,
RATE_6731515,q_lt_q20,
RAUANA_6729380,q_lt_q20,
RAUMLAND_6337521,q_lt_q20,
RAUNHEIM_6335305,q_lt_q20,
RAVASKA_6854610,q_lt_q20,
RAVIJOKI_6854330,q_lt_q20,
RAZDORSKAYA_6978250,q_lt_q20,
REALVILLE_6125280,q_lt_q20,
REES_6335020,q_lt_q20,
REINSNOSVATN_6729131,q_lt_q20,
RENDA_6373050,q_lt_q20,
RENGEN_6233470,q_lt_q20,
RETHEM_6337250,q_lt_q20,
RHEINE UNTERSCHLEUSE_6338130,q_lt_q20,
RIEUX-VOLVESTRE [VOLVESTRE]_6125075,q_lt_q20,
RIGNY-SUR-ARROUX_6123710,q_lt_q20,
RIISA_6172042,q_lt_q20,
RISEFOSS_6731620,q_lt_q20,
RIVE-DE-GIER_6139330,q_lt_q20,
ROCKENAU SKA_6335600,q_lt_q20,
ROMAZY_6118145,q_lt_q20,
ROOSTOJA_6172037,q_lt_q20,
ROQUEFORT_6119215,q_lt_q20,
RORKAER_6934860,q_lt_q20,
ROTENBURG_6337508,q_lt_q20,
ROYKENES_6729150,q_lt_q20,
RUPT-SUR-MOSELLE_6136202,q_lt_q20,
RUUNAA_6855480,q_lt_q20,
RUUNAPURO_6854282,q_lt_q20,
RYCZYWOL_6457370,q_lt_q20,
RYSNA_6729567,q_lt_q20,
SAAKSJARVI - OUTLET_6854106,q_lt_q20,
SAETERNBEKKEN_6729425,q_lt_q20,
SAG_6742400,q_lt_q20,
SAIN-BEL_6139365,q_lt_q20,
SAINT-ANTOINE_6125295,q_lt_q20,
SAINT-AUBIN-LE-CAUF_6118230,q_lt_q20,
SAINT-BRANCHS_6123270,q_lt_q20,
SAINT-CYR-SOUS-DOURDAN_6122135,q_lt_q20,
SAINT-CYRAN-DU-JAMBOT_6123250,q_lt_q20,
SAINT-DENIS-D'ANJOU [BEFFES]_6123575,q_lt_q20,
SAINT-DIDIER-EN-VELAY (LE CROUZET)_6123750,q_lt_q20,
SAINT-DIE_6136160,q_lt_q20,
SAINT-ETIENNE-DE-BAIGORRY_6119050,q_lt_q20,
SAINT-FRAIMBAULT-DE-PRIERES_6123625,q_lt_q20,
SAINT-GEORGES-SUR-LAYON_6123181,q_lt_q20,
SAINT-HILAIRE-LE-VOUHIS_6119310,q_lt_q20,
SAINT-JEAN-BREVELAY_6119130,q_lt_q20,
SAINT-JUNIEN (LE DEROT)_6123420,q_lt_q20,
SAINT-JUST (LA RIVIERE COLOMBEL)_6119025,q_lt_q20,
SAINT-LAMBERT-DU-LATTAY (PONT BEZIGON)_6123180,q_lt_q20,
SAINT-LUPERCE_6122150,q_lt_q20,
SAINT-MARTIN-SAINTE CATHERINE_6123440,q_lt_q20,
SAINT-MARTIN-SUR-NOHAIN [VILLIERS]_6123290,q_lt_q20,
SAINT-MAUR-SUR-LE-LOIR_6123580,q_lt_q20,
SAINT-MAURICE-DE-VENTALON (LA CEPEDE)_6125370,q_lt_q20,
SAINT-MAY (PONT DE LA TUNE)_6139120,q_lt_q20,
SAINT-MEDARD-EN-FOREZ (MOULIN BRULE)_6123740,q_lt_q20,
SAINT-MIHIEL_6121055,q_lt_q20,
SAINT-NABOR (NOIR GUEUX)_6136201,q_lt_q20,
SAINT-OUEN-LA-ROUERIE_6118205,q_lt_q20,
SAINT-PATERNE-RACAN_6123230,q_lt_q20,
SAINT-PIERRE-DE-CLAIRAC_6125325,q_lt_q20,
SAINT-PROUANT (MONSIREIGNE)_6119300,q_lt_q20,
SAINT-SATURNIN_6122255,q_lt_q20,
SAINT-SAVIOL ET A VOULEME_6119270,q_lt_q20,
SAINT-USUGE_6139275,q_lt_q20,
SAINTE-SIGOLENE (VAUBARLET)_6123770,q_lt_q20,
SALA_6142620,q_lt_q20,
SALMEN  SILTA_6854360,q_lt_q20,
SALSVATN_6731850,q_lt_q20,
SAMARZEWO_6457260,q_lt_q20,
SAMI_6172036,q_lt_q20,
SANDOMIERZ_6458460,q_lt_q20,
SARRALBE (RECH)_6136520,q_lt_q20,
SATU MARE_6744500,q_lt_q20,
SAUHEID_6221501,q_lt_q20,
SAUZE ST MARTIN_6139300,q_lt_q20,
SCHERMBECK 1_6335080,q_lt_q20,
SCHMITTLOTHEIM_6337504,q_lt_q20,
SCHWABSBERG_6335680,q_lt_q20,
SCHWARMSTEDT_6337510,q_lt_q20,
SCHWEIGHOUSE-SUR-MODER D/S_6135120,q_lt_q20,
SCINAWA_6457680,q_lt_q20,
SEILH_6125160,q_lt_q20,
SEITAKORVA_6854701,q_lt_q20,
SEMPIGNY_6122141,q_lt_q20,
SENTA_6544100,q_lt_q20,
SERRES_6139270,q_lt_q20,
SERVANCE (FOURGUENONS)_6139680,q_lt_q20,
SIERADZ_6457840,q_lt_q20,
SIGULDA_6372104,q_lt_q20,
SIKFORS KRV_6233710,q_lt_q20,
SILI_6373220,q_lt_q20,
SIMLANGEN_6233150,q_lt_q20,
SIMO_6854620,q_lt_q20,
SINETTAJARVI - OUTLET_6854714,q_lt_q20,
SINT-JORIS-WEERT_6220500,q_lt_q20,
SKAERUMBRO_6934120,q_lt_q20,
SKALLBOELE KRV_6233551,q_lt_q20,
SKATILA_6854900,q_lt_q20,
SKIBBY_6934400,q_lt_q20,
SKOROGOSZCZ_6457730,q_lt_q20,
SKWIERZYNA_6457810,q_lt_q20,
SLUPSK_6456120,q_lt_q20,
SMALININKAI_6574150,q_lt_q20,
SMEDEREVO_6542510,q_lt_q20,
SNEISVATN_6731757,q_lt_q20,
SOGNE_6729395,q_lt_q20,
SOLBERGFOSS_6729403,q_lt_q20,
SOLLEFTEA KRV_6233650,q_lt_q20,
SOMBRUN_6119100,q_lt_q20,
SORSELE 2_6233680,q_lt_q20,
SOULAN (FREYCHET)_6125230,q_lt_q20,
SOUSPIERRE_6139230,q_lt_q20,
SOYA V MELHUS_6731112,q_lt_q20,
SOYANS_6139220,q_lt_q20,
SPEYER_6335170,q_lt_q20,
ST-ANDRE-DE-NAJAC (CANABRAL)_6125710,q_lt_q20,
ST-JUST-SUR-VIAUR (LA FABREGUERIE)_6125720,q_lt_q20,
ST. ANDRE LES ALPES_6139210,q_lt_q20,
ST. LAURENT DU PONT_6139450,q_lt_q20,
ST. RAMBERT_6139470,q_lt_q20,
STABBY_6233415,q_lt_q20,
STAVNAGER_6934350,q_lt_q20,
STEIN_6335290,q_lt_q20,
STIGVASSA_6729383,q_lt_q20,
STORDALSVATN_6729130,q_lt_q20,
STORHOLEN_6731120,q_lt_q20,
STORMYRA_6233175,q_lt_q20,
STORNORRFORS KRV_6233502,q_lt_q20,
STORUMAN_6233740,q_lt_q20,
STORVATN_6731675,q_lt_q20,
STORVATN_6731735,q_lt_q20,
STRANDA_6731660,q_lt_q20,
STRASBOURG [CHASSEUR FROID  LA ROBERTSAU]_6135045,q_lt_q20,
STRAZNICE_6142120,q_lt_q20,
STRECKEWALDE_6340635,q_lt_q20,
STREDA NAD BODROGOM_6144200,q_lt_q20,
STROE_6934520,q_lt_q20,
SULA_6731561,q_lt_q20,
SURAZ_6458805,q_lt_q20,
SVARTJOERNBEKKEN_6731540,q_lt_q20,
SVEDALA_6233367,q_lt_q20,
SVEG_6233223,q_lt_q20,
SZAMOTULY_6457380,q_lt_q20,
SZCZUCIN_6458450,q_lt_q20,
SZEGED_6444100,q_lt_q20,
TAENGVATTNET_6233530,q_lt_q20,
TAHKUSE_6172052,q_lt_q20,
TAINIONKOSKI_6855400,q_lt_q20,
TANEMOELLA_6233120,q_lt_q20,
TANGERMUENDE_6340160,q_lt_q20,
TANNSVATN_6729390,q_lt_q20,
TARTU_6172200,q_lt_q20,
TAUBERBISCHOFSHEIM_6335520,q_lt_q20,
TAULE (PENHOAT)_6118160,q_lt_q20,
TCZEW_6458010,q_lt_q20,
TEERESSUONOJA_6854504,q_lt_q20,
TEPLICE NAD BECVOU_6142300,q_lt_q20,
TERANDE_6372941,q_lt_q20,
TIFFAUGES (LA MOULINETTE)_6123160,q_lt_q20,
TIGHINA (BENDERY)_6781800,q_lt_q20,
TIGNIEU-JAMEYZIEU_6139310,q_lt_q20,
TINGVATN_6729250,q_lt_q20,
TINTIGNY_6221640,q_lt_q20,
TINTIGNY_6221645,q_lt_q20,
TOERNESTORP_6233540,q_lt_q20,
TOLLISTE_6172220,q_lt_q20,
TOLVFORS KRV_6233113,q_lt_q20,
TORA_6729110,q_lt_q20,
TORGAU_6340190,q_lt_q20,
TORI_6172039,q_lt_q20,
TORVA_6172033,q_lt_q20,
TORVE_6172240,q_lt_q20,
TOUCY_6122560,q_lt_q20,
TOULOUSE [SAINT-MARTIN-DU-TOUCH]_6125120,q_lt_q20,
TOURNEHEM-SUR-LA-HEM (GUEMY)_6122210,q_lt_q20,
TOURS-SUR-MEYMONT (GIROUX)_6123620,q_lt_q20,
TREIA_6334800,q_lt_q20,
TREZILIDE_6118150,q_lt_q20,
TRYNCZA_6458950,q_lt_q20,
TRZEBIATOW_6456107,q_lt_q20,
TUCHOLA_6458560,q_lt_q20,
TUDULINNA_6172230,q_lt_q20,
TUJUOJA_6854801,q_lt_q20,
TURNA NAD BODVOU_6144150,q_lt_q20,
TVEITDALEN_6729370,q_lt_q20,
TYSVAER_6729835,q_lt_q20,
UHLDINGEN_6335470,q_lt_q20,
UJSCIE I_6457205,q_lt_q20,
UKMERGE_6574360,q_lt_q20,
UNTERGRIESHEIM_6335681,q_lt_q20,
UNTERSCHMEIEN_6342810,q_lt_q20,
USCLADES-ET-RIEUTORD (RIEUTORD)_6123501,q_lt_q20,
USTI NAD LABEM_6140401,q_lt_q20,
USTRON OBLAZIEC_6458440,q_lt_q20,
UUE-LOVE_6172040,q_lt_q20,
UZINI_6373450,q_lt_q20,
V. KROGBAEKSBRO_6934015,q_lt_q20,
VAANTEENJOKI_6854660,q_lt_q20,
VAESTERSEL_6233700,q_lt_q20,
VAHA-ASKANJOKI_6854717,q_lt_q20,
VAKKOLA_6854340,q_lt_q20,
VAL D'ISERE_6139600,q_lt_q20,
VALAJASKOSKI_6854702,q_lt_q20,
VALENNES (LA CABOCHE)_6123220,q_lt_q20,
VALEX_6229110,q_lt_q20,
VALKEAKOSKI_6854116,q_lt_q20,
VALLIERES_6139850,q_lt_q20,
VALMIERA_6372100,q_lt_q20,
VANAKULA_6172026,q_lt_q20,
VANDENESSE_6123700,q_lt_q20,
VANTTAUSKOSKI_6854703,q_lt_q20,
VARGOENS KRV_6233315,q_lt_q20,
VARVARIN_6547600,q_lt_q20,
VASCOUIL_6122330,q_lt_q20,
VASKNARVA_6172351,q_lt_q20,
VASSBOTTEN_6229100,q_lt_q20,
VASSVATN_6731650,q_lt_q20,
VATTHOLMA 2_6233600,q_lt_q20,
VD LETOVICE_6142160,q_lt_q20,
VEKKOSKI_6854820,q_lt_q20,
VELEN 2_6233300,q_lt_q20,
VELENA_6373102,q_lt_q20,
VELLES [FORGES]_6123480,q_lt_q20,
VIARMES (GIEZ+BERTINVAL)_6122155,q_lt_q20,
VICAKI_6373912,q_lt_q20,
VIHTERPALU_6172028,q_lt_q20,
VIKSVATN_6731165,q_lt_q20,
VILLEFRANCHE-DE-ROUERGUE (BARRAGE CABAL)_6125610,q_lt_q20,
VILLEMUR-SUR-TARN_6125235,q_lt_q20,
VIRA (ENGRAVIES)_6125250,q_lt_q20,
VISKI_6373222,q_lt_q20,
VITRY-EN-CHAROLLAIS_6123730,q_lt_q20,
VITRY-EN-PERTHOIS_6122120,q_lt_q20,
VIVONNE [DANLOT]_6123445,q_lt_q20,
VLOTHO_6337100,q_lt_q20,
VODJA_6172056,q_lt_q20,
VRAENGEBAECKEN_6233325,q_lt_q20,
VUOHIJARVI  SIIKAKOSKI_6854260,q_lt_q20,
VUOSJARVI  HUOPANANKOSKI_6854280,q_lt_q20,
VUOTTASBAECKEN_6233785,q_lt_q20,
WADOWICE_6458203,q_lt_q20,
WAHMBECK_6337519,q_lt_q20,
WALCOURT (GARE)_6221131,q_lt_q20,
WARNANT_6221140,q_lt_q20,
WECHSELBURG 1_6340620,q_lt_q20,
WILKANOW_6457735,q_lt_q20,
WILSELE_6220501,q_lt_q20,
WISCHES_6135200,q_lt_q20,
WISLA_6458420,q_lt_q20,
WITTENBERGE_6340150,q_lt_q20,
WORMS_6335180,q_lt_q20,
YLANEENJOKI_6854151,q_lt_q20,
YLINENKOSKI_6854570,q_lt_q20,
YTTERHOLMEN_6233800,q_lt_q20,
ZAGAN_6457707,q_lt_q20,
ZAJECAR_6542700,q_lt_q20,
ZAKOPANE  HARENDA_6458403,q_lt_q20,
ZDANA_6144300,q_lt_q20,
ZELEZNY BROD_6140500,q_lt_q20,
ZELL_6335730,q_lt_q20,
ZERIND_6744100,q_lt_q20,
ZICHEM_6220301,q_lt_q20,
ZIMNICEA_6742500,q_lt_q20,
ZLEBY_6140120,q_lt_q20,
ZRUC NAD SAZAVOU_6140450,q_lt_q20,
ZWICKAU-POELBITZ_6340621,q_lt_q20,
201001,q_lt_q20,2020
203005,q_lt_q20,1937
203010,q_lt_q20,1698
203030,q_lt_q20,1906
204002,q_lt_q20,1799
204007,q_lt_q20,2034
204014,q_lt_q20,1926
204017,q_lt_q20,2324
204030,q_lt_q20,1940
204036,q_lt_q20,458
204037,q_lt_q20,1283
204039,q_lt_q20,1305
204041,q_lt_q20,1677
204046,q_lt_q20,1541
204051,q_lt_q20,1023
204056,q_lt_q20,1521
204906,q_lt_q20,1794
206009,q_lt_q20,2148
206014,q_lt_q20,2683
206018,q_lt_q20,1747
206025,q_lt_q20,2095
207004,q_lt_q20,2768
207013,q_lt_q20,2537
207014,q_lt_q20,1667
207015,q_lt_q20,1433
208003,q_lt_q20,1605
208004,q_lt_q20,1981
208005,q_lt_q20,1293
208007,q_lt_q20,3553
208009,q_lt_q20,2080
208011,q_lt_q20,1544
208015,q_lt_q20,3122
208026,q_lt_q20,1524
209002,q_lt_q20,1591
209003,q_lt_q20,1813
210011,q_lt_q20,1783
210014,q_lt_q20,1389
210016,q_lt_q20,2311
210017,q_lt_q20,1250
210022,q_lt_q20,2317
210031,q_lt_q20,2877
210040,q_lt_q20,1830
210052,q_lt_q20,2183
211009,q_lt_q20,1642
211013,q_lt_q20,1613
211014,q_lt_q20,1889
212040,q_lt_q20,2478
212209,q_lt_q20,1070
212260,q_lt_q20,844
215004,q_lt_q20,1518
215207,q_lt_q20,291
216002,q_lt_q20,1443
216009,q_lt_q20,1452
218001,q_lt_q20,1690
218005,q_lt_q20,770
218007,q_lt_q20,420
218008,q_lt_q20,2241
219001,q_lt_q20,171
219003,q_lt_q20,1689
219006,q_lt_q20,203
219017,q_lt_q20,2244
219022,q_lt_q20,1854
220003,q_lt_q20,1914
221002,q_lt_q20,735
221201,q_lt_q20,500
221207,q_lt_q20,506
221208,q_lt_q20,633
221209,q_lt_q20,284
221210,q_lt_q20,550
221211,q_lt_q20,340
221212,q_lt_q20,489
222004,q_lt_q20,2036
222016,q_lt_q20,1981
222202,q_lt_q20,512
222206,q_lt_q20,2062
222213,q_lt_q20,1380
222217,q_lt_q20,821
401009,q_lt_q20,2458
401012,q_lt_q20,1886
401013,q_lt_q20,2501
401015,q_lt_q20,4031
401016,q_lt_q20,2587
401017,q_lt_q20,2129
401203,q_lt_q20,2070
401208,q_lt_q20,1813
401210,q_lt_q20,708
401212,q_lt_q20,788
401216,q_lt_q20,405
401217,q_lt_q20,707
401220,q_lt_q20,2014
410091,q_lt_q20,4183
412028,q_lt_q20,2053
412029,q_lt_q20,3155
412050,q_lt_q20,1841
412066,q_lt_q20,2146
416003,q_lt_q20,2208
416010,q_lt_q20,3070
416016,q_lt_q20,2640
416020,q_lt_q20,3663
416023,q_lt_q20,1802
416032,q_lt_q20,1969
418005,q_lt_q20,2913
418014,q_lt_q20,2469
418015,q_lt_q20,2982
418017,q_lt_q20,3345
418021,q_lt_q20,3236
418025,q_lt_q20,2664
418027,q_lt_q20,2513
418032,q_lt_q20,3911
419005,q_lt_q20,2681
419010,q_lt_q20,2334
419016,q_lt_q20,2440
419029,q_lt_q20,2109
419035,q_lt_q20,1931
419054,q_lt_q20,1756
420003,q_lt_q20,1652
420017,q_lt_q20,2324
421018,q_lt_q20,2648
421026,q_lt_q20,1946
421042,q_lt_q20,3341
421048,q_lt_q20,2441
421050,q_lt_q20,2466
424002,q_lt_q20,4888
809310,q_lt_q20,36
809315,q_lt_q20,3447
809316,q_lt_q20,3163
809321,q_lt_q20,841
809322,q_lt_q20,65
A0020101,q_lt_q20,
G8110004,q_lt_q20,
G8140001,q_lt_q20,
G8140008,q_lt_q20,
G8140011,q_lt_q20,
G8140040,q_lt_q20,
G8140063,q_lt_q20,
G8140067,q_lt_q20,
G8170002,q_lt_q20,
G8190001,q_lt_q20,
G8200045,q_lt_q20,
G9030001,q_lt_q20,
G9070142,q_lt_q20,
003303A,q_lt_q20,
105101A,q_lt_q20,
105105A,q_lt_q20,
108002A,q_lt_q20,
111005A,q_lt_q20,
111007A,q_lt_q20,
112002A,q_lt_q20,
112101B,q_lt_q20,
112102A,q_lt_q20,
113004A,q_lt_q20,
114001A,q_lt_q20,
116006B,q_lt_q20,
116010A,q_lt_q20,
116011A,q_lt_q20,
116013A,q_lt_q20,
116014A,q_lt_q20,
116015A,q_lt_q20,
117002A,q_lt_q20,
117003A,q_lt_q20,
120102A,q_lt_q20,
120301B,q_lt_q20,
120304A,q_lt_q20,
121002A,q_lt_q20,
121003A,q_lt_q20,
122004A,q_lt_q20,
124002A,q_lt_q20,
125005A,q_lt_q20,
126003A,q_lt_q20,
129001A,q_lt_q20,
130004A,q_lt_q20,
130302A,q_lt_q20,
130324A,q_lt_q20,
130403A,q_lt_q20,
130410A,q_lt_q20,
130413A,q_lt_q20,
132001A,q_lt_q20,
135002A,q_lt_q20,
135004A,q_lt_q20,
136006A,q_lt_q20,
136202D,q_lt_q20,
136203A,q_lt_q20,
136208A,q_lt_q20,
136304A,q_lt_q20,
137101A,q_lt_q20,
137201A,q_lt_q20,
138009A,q_lt_q20,
138110A,q_lt_q20,
138903A,q_lt_q20,
143007A,q_lt_q20,
143009A,q_lt_q20,
143107A,q_lt_q20,
143110A,q_lt_q20,
143209B,q_lt_q20,
143303A,q_lt_q20,
145010A,q_lt_q20,
145011A,q_lt_q20,
145018A,q_lt_q20,
145101D,q_lt_q20,
145102B,q_lt_q20,
145107A,q_lt_q20,
146010A,q_lt_q20,
422202B,q_lt_q20,
422306A,q_lt_q20,
422319B,q_lt_q20,
422321B,q_lt_q20,
422334A,q_lt_q20,
422394A,q_lt_q20,
424201A,q_lt_q20,
915206A,q_lt_q20,
917107A,q_lt_q20,
919003A,q_lt_q20,
919005A,q_lt_q20,
919201A,q_lt_q20,
919309A,q_lt_q20,
925001A,q_lt_q20,
926002A,q_lt_q20,
A0030501,q_lt_q20,
A2390519,q_lt_q20,
A4260533,q_lt_q20,
A5030502,q_lt_q20,
A5040523,q_lt_q20,
A5050517,q_lt_q20,
A5060500,q_lt_q20,
A5070500,q_lt_q20,
A5070503,q_lt_q20,
A5090503,q_lt_q20,
A5130501,q_lt_q20,
302200,q_lt_q20,2866
303203,q_lt_q20,817
304040,q_lt_q20,667
304497,q_lt_q20,0
304499,q_lt_q20,340
305202,q_lt_q20,0
306119,q_lt_q20,511
307473,q_lt_q20,648
308145,q_lt_q20,0
308799,q_lt_q20,0
312061,q_lt_q20,555
314207,q_lt_q20,691
314212,q_lt_q20,1108
315450,q_lt_q20,427
316624,q_lt_q20,184
317200,q_lt_q20,928
318076,q_lt_q20,434
318150,q_lt_q20,1098
318181,q_lt_q20,1369
318191,q_lt_q20,1825
318311,q_lt_q20,1546
319204,q_lt_q20,1608
10327500,q_lt_q20,5356
10329000,q_lt_q20,4011
10329500,q_lt_q20,2705
10333000,q_lt_q20,5839
10335000,q_lt_q20,8538
10336610,q_lt_q20,2966
10336645,q_lt_q20,1715
10336660,q_lt_q20,1457
10336676,q_lt_q20,1345
10336698,q_lt_q20,1330
10336700,q_lt_q20,1456
10336780,q_lt_q20,3212
10337500,q_lt_q20,2058
10338000,q_lt_q20,913
10338500,q_lt_q20,1838
10338700,q_lt_q20,1409
10339410,q_lt_q20,1955
10340500,q_lt_q20,1704
10343000,q_lt_q20,1446
10343500,q_lt_q20,1143
10344400,q_lt_q20,1572
10344500,q_lt_q20,1447
10344505,q_lt_q20,1428
10346000,q_lt_q20,1832
10347310,q_lt_q20,3917
10347460,q_lt_q20,6313
10347600,q_lt_q20,5455
10348000,q_lt_q20,5781
10348036,q_lt_q20,6720
10348200,q_lt_q20,7384
10348245,q_lt_q20,6069
10348295,q_lt_q20,9830
10348460,q_lt_q20,1085
10349300,q_lt_q20,4211
10349849,q_lt_q20,3990
10349980,q_lt_q20,5291
10350000,q_lt_q20,4260
10350340,q_lt_q20,4082
10351300,q_lt_q20,4732
10351400,q_lt_q20,30501
10351600,q_lt_q20,3387
10351650,q_lt_q20,9440
10351700,q_lt_q20,5515
10352500,q_lt_q20,3852
10396000,q_lt_q20,2790
10642505,q_lt_q20,1478
10735562,q_lt_q20,549
10965852,q_lt_q20,871
11012500,q_lt_q20,0
11014000,q_lt_q20,91
11015000,q_lt_q20,535
11016200,q_lt_q20,330
11022200,q_lt_q20,583
11022480,q_lt_q20,1456
11023000,q_lt_q20,1199
11023340,q_lt_q20,393
11025500,q_lt_q20,405
11027000,q_lt_q20,275
11028500,q_lt_q20,972
11042400,q_lt_q20,223
11042800,q_lt_q20,1062
11042900,q_lt_q20,1302
11044000,q_lt_q20,95
11044250,q_lt_q20,256
11044300,q_lt_q20,481
11044350,q_lt_q20,398
11044800,q_lt_q20,418
11045300,q_lt_q20,468
11045600,q_lt_q20,1518
11048175,q_lt_q20,477
11048600,q_lt_q20,1327
11051499,q_lt_q20,427
11051502,q_lt_q20,427
11055500,q_lt_q20,929
11055566,q_lt_q20,1217
11055800,q_lt_q20,432
11057500,q_lt_q20,2543
11058500,q_lt_q20,491
11058600,q_lt_q20,390
11059300,q_lt_q20,5604
11060400,q_lt_q20,2213
11062000,q_lt_q20,422
11062800,q_lt_q20,1399
11063510,q_lt_q20,341
11063680,q_lt_q20,421
11065000,q_lt_q20,2169
11069500,q_lt_q20,615
11070270,q_lt_q20,4357
11070365,q_lt_q20,2191
11070465,q_lt_q20,1954
11072100,q_lt_q20,1705
11073300,q_lt_q20,856
11073360,q_lt_q20,1774
11073495,q_lt_q20,1783
11074000,q_lt_q20,338
11075720,q_lt_q20,1183
11075800,q_lt_q20,479
11077500,q_lt_q20,1547
11078000,q_lt_q20,3730
11087020,q_lt_q20,1786
11088500,q_lt_q20,1566
11089500,q_lt_q20,1443
11098000,q_lt_q20,372
11101250,q_lt_q20,2156
11102300,q_lt_q20,1589
11109000,q_lt_q20,812
11109600,q_lt_q20,447
11109800,q_lt_q20,208
11111500,q_lt_q20,619
11113000,q_lt_q20,907
11113500,q_lt_q20,901
11114495,q_lt_q20,572
11119500,q_lt_q20,1865
11119750,q_lt_q20,1553
11119940,q_lt_q20,1503
11120000,q_lt_q20,984
11120500,q_lt_q20,517
11121900,q_lt_q20,467
11123500,q_lt_q20,448
11124500,q_lt_q20,498
11128500,q_lt_q20,1074
11132500,q_lt_q20,1061
11133000,q_lt_q20,1249
11136040,q_lt_q20,1272
11136800,q_lt_q20,375
11137900,q_lt_q20,540
11141050,q_lt_q20,2759
11141280,q_lt_q20,276
11143000,q_lt_q20,1556
11143250,q_lt_q20,2050
11147500,q_lt_q20,979
11148900,q_lt_q20,288
11149400,q_lt_q20,327
11149900,q_lt_q20,554
11150500,q_lt_q20,2072
11151300,q_lt_q20,551
11151700,q_lt_q20,2837
11152000,q_lt_q20,1339
11152050,q_lt_q20,3769
11152300,q_lt_q20,2120
11152500,q_lt_q20,2812
11152650,q_lt_q20,3391
11153650,q_lt_q20,2353
11156500,q_lt_q20,269
11157500,q_lt_q20,1573
11158600,q_lt_q20,1390
11159000,q_lt_q20,1378
11159200,q_lt_q20,3380
11159490,q_lt_q20,3897
11159500,q_lt_q20,3852
11160000,q_lt_q20,1840
11160500,q_lt_q20,1730
11161000,q_lt_q20,1937
11162500,q_lt_q20,1975
11162570,q_lt_q20,3669
11169025,q_lt_q20,2757
11169500,q_lt_q20,695
11169800,q_lt_q20,130
11172175,q_lt_q20,2646
11172945,q_lt_q20,213
11172955,q_lt_q20,166
11173200,q_lt_q20,199
11173500,q_lt_q20,316
11173510,q_lt_q20,446
11173575,q_lt_q20,263
11173800,q_lt_q20,60
11174000,q_lt_q20,413
11176400,q_lt_q20,505
11176500,q_lt_q20,360
11176900,q_lt_q20,572
11179000,q_lt_q20,620
11179100,q_lt_q20,1803
11180500,q_lt_q20,1598
11180700,q_lt_q20,3021
11180825,q_lt_q20,787
11180900,q_lt_q20,875
11180960,q_lt_q20,1087
11181000,q_lt_q20,1553
11181008,q_lt_q20,1859
11182500,q_lt_q20,1180
11189500,q_lt_q20,2844
11200800,q_lt_q20,83
11203580,q_lt_q20,1178
11204100,q_lt_q20,122
11206820,q_lt_q20,1713
11224000,q_lt_q20,1514
11224500,q_lt_q20,315
11251000,q_lt_q20,1368
11253310,q_lt_q20,1699
11261500,q_lt_q20,3260
11262900,q_lt_q20,2564
11264500,q_lt_q20,1889
11266500,q_lt_q20,1826
11273400,q_lt_q20,2647
11274000,q_lt_q20,2628
11274550,q_lt_q20,2589
11274630,q_lt_q20,770
11274790,q_lt_q20,947
11276500,q_lt_q20,1145
11276600,q_lt_q20,614
11276900,q_lt_q20,865
11277300,q_lt_q20,1120
11278000,q_lt_q20,1299
11278300,q_lt_q20,1363
11278400,q_lt_q20,839
11284400,q_lt_q20,258
11289000,q_lt_q20,548
11289500,q_lt_q20,618
11289650,q_lt_q20,384
11290000,q_lt_q20,1822
11299600,q_lt_q20,347
11303000,q_lt_q20,2615
11303500,q_lt_q20,1835
11335000,q_lt_q20,332
11342000,q_lt_q20,438
11345500,q_lt_q20,1794
11348500,q_lt_q20,1010
11355010,q_lt_q20,999
11355500,q_lt_q20,436
11370500,q_lt_q20,467
11370700,q_lt_q20,2208
11372000,q_lt_q20,296
11374000,q_lt_q20,1843
11376000,q_lt_q20,1979
11376550,q_lt_q20,194
11377100,q_lt_q20,421
11379500,q_lt_q20,228
11381500,q_lt_q20,1191
11383500,q_lt_q20,278
11389500,q_lt_q20,2357
11390000,q_lt_q20,401
11390500,q_lt_q20,2338
11401920,q_lt_q20,1321
11402000,q_lt_q20,1269
11413000,q_lt_q20,681
11418500,q_lt_q20,424
11421000,q_lt_q20,2796
11424000,q_lt_q20,2144
11425500,q_lt_q20,2597
11427000,q_lt_q20,374
11446500,q_lt_q20,891
11447360,q_lt_q20,633
11448750,q_lt_q20,236
11448800,q_lt_q20,532
11449255,q_lt_q20,1339
11449500,q_lt_q20,467
11449820,q_lt_q20,2084
11451000,q_lt_q20,146
11451100,q_lt_q20,353
11451300,q_lt_q20,356
11451715,q_lt_q20,279
11451800,q_lt_q20,1429
11452500,q_lt_q20,2303
11452900,q_lt_q20,3082
11453000,q_lt_q20,2701
11453500,q_lt_q20,230
11453590,q_lt_q20,158
11454000,q_lt_q20,576
11456000,q_lt_q20,1386
11458000,q_lt_q20,2198
11458433,q_lt_q20,1186
11458500,q_lt_q20,1685
11458600,q_lt_q20,1860
11459500,q_lt_q20,1761
11460000,q_lt_q20,1057
11460400,q_lt_q20,715
11460600,q_lt_q20,1546
11460605,q_lt_q20,2693
11460750,q_lt_q20,1634
11461500,q_lt_q20,823
11462080,q_lt_q20,2153
11462500,q_lt_q20,1509
11463000,q_lt_q20,618
11463170,q_lt_q20,838
11463200,q_lt_q20,943
11463500,q_lt_q20,2364
11463682,q_lt_q20,1169
11463980,q_lt_q20,1016
11464000,q_lt_q20,920
11465240,q_lt_q20,1541
11465350,q_lt_q20,2706
11465390,q_lt_q20,
11465660,q_lt_q20,2034
11465680,q_lt_q20,2600
11465690,q_lt_q20,2881
11465700,q_lt_q20,2683
11465750,q_lt_q20,2594
11466170,q_lt_q20,2332
11466200,q_lt_q20,2539
11466320,q_lt_q20,2539
11467000,q_lt_q20,821
11467200,q_lt_q20,745
11467510,q_lt_q20,983
11467553,q_lt_q20,1153
11468900,q_lt_q20,1026
11472180,q_lt_q20,2407
11473900,q_lt_q20,646
11475000,q_lt_q20,1109
11476500,q_lt_q20,1397
11476600,q_lt_q20,1401
11477000,q_lt_q20,2076
11478500,q_lt_q20,1020
11480390,q_lt_q20,1159
11481000,q_lt_q20,1786
11481200,q_lt_q20,1747
11481500,q_lt_q20,818
11482500,q_lt_q20,2314
11493500,q_lt_q20,1541
11501000,q_lt_q20,1303
11502500,q_lt_q20,1546
11503000,q_lt_q20,676
11504115,q_lt_q20,2855
11507500,q_lt_q20,1539
11509105,q_lt_q20,2392
11509200,q_lt_q20,2648
11509250,q_lt_q20,2624
11509340,q_lt_q20,2684
11509500,q_lt_q20,1500
11510700,q_lt_q20,1235
11516530,q_lt_q20,1075
11517000,q_lt_q20,1577
11517500,q_lt_q20,1785
11519500,q_lt_q20,969
11520500,q_lt_q20,1007
11521500,q_lt_q20,980
11522500,q_lt_q20,695
11523000,q_lt_q20,1106
11523200,q_lt_q20,860
11525500,q_lt_q20,772
11525530,q_lt_q20,769
11525655,q_lt_q20,598
11525670,q_lt_q20,741
11525854,q_lt_q20,531
11526250,q_lt_q20,875
11526400,q_lt_q20,520
11527000,q_lt_q20,595
11528700,q_lt_q20,628
11530500,q_lt_q20,1760
11532500,q_lt_q20,1107
12013500,q_lt_q20,2561
12020000,q_lt_q20,1922
12020525,q_lt_q20,1871
12020800,q_lt_q20,1752
12021800,q_lt_q20,1400
12024000,q_lt_q20,3541
12024400,q_lt_q20,1672
12025000,q_lt_q20,2985
12025700,q_lt_q20,1933
12026150,q_lt_q20,2371
12026400,q_lt_q20,2277
12027500,q_lt_q20,2015
12031000,q_lt_q20,3387
12035000,q_lt_q20,3365
12035055,q_lt_q20,1105
12035400,q_lt_q20,2131
12036000,q_lt_q20,1978
12037400,q_lt_q20,3047
12039005,q_lt_q20,2398
12039500,q_lt_q20,1776
12041200,q_lt_q20,2280
12042800,q_lt_q20,2395
12043000,q_lt_q20,3026
12043300,q_lt_q20,2053
12052210,q_lt_q20,2372
12054000,q_lt_q20,1524
12056500,q_lt_q20,1497
12058790,q_lt_q20,2170
12059500,q_lt_q20,2171
12060500,q_lt_q20,2096
12061500,q_lt_q20,2094
12073500,q_lt_q20,1585
12076800,q_lt_q20,3255
12079000,q_lt_q20,1726
12080010,q_lt_q20,2412
12082500,q_lt_q20,2452
12083000,q_lt_q20,2381
12086500,q_lt_q20,1975
12087000,q_lt_q20,1597
12088000,q_lt_q20,2508
12089208,q_lt_q20,2058
12089500,q_lt_q20,3032
12090400,q_lt_q20,2561
12090500,q_lt_q20,2119
12091100,q_lt_q20,2155
12091200,q_lt_q20,2248
12091290,q_lt_q20,1710
12091500,q_lt_q20,1890
12092000,q_lt_q20,2048
12093500,q_lt_q20,1585
12094000,q_lt_q20,1807
12095000,q_lt_q20,2496
12095493,q_lt_q20,1090
12096500,q_lt_q20,2689
12096505,q_lt_q20,2647
12096865,q_lt_q20,2668
12097500,q_lt_q20,2245
12097820,q_lt_q20,2299
12097850,q_lt_q20,2326
12098920,q_lt_q20,2442
12099200,q_lt_q20,2352
12099600,q_lt_q20,2492
12100490,q_lt_q20,3082
12101100,q_lt_q20,3130
12101470,q_lt_q20,2430
12101500,q_lt_q20,2337
12102190,q_lt_q20,2309
12106700,q_lt_q20,2122
12108500,q_lt_q20,2173
12112600,q_lt_q20,3386
12113000,q_lt_q20,3228
12113150,q_lt_q20,2505
12113344,q_lt_q20,2939
12113346,q_lt_q20,2762
12113347,q_lt_q20,2475
12113349,q_lt_q20,3341
12114500,q_lt_q20,2459
12115000,q_lt_q20,2084
12115500,q_lt_q20,1999
12115700,q_lt_q20,2058
12116100,q_lt_q20,2700
12116400,q_lt_q20,2087
12116500,q_lt_q20,2383
12117000,q_lt_q20,2047
12117500,q_lt_q20,2385
12117600,q_lt_q20,1697
12118400,q_lt_q20,2141
12119000,q_lt_q20,2219
12120600,q_lt_q20,2429
12121600,q_lt_q20,2742
12131300,q_lt_q20,2483
12131500,q_lt_q20,2381
12134500,q_lt_q20,2213
12137290,q_lt_q20,1755
12137800,q_lt_q20,2147
12138160,q_lt_q20,1879
12141300,q_lt_q20,2310
12142000,q_lt_q20,2467
12143400,q_lt_q20,2350
12143600,q_lt_q20,2217
12143700,q_lt_q20,2123
12143900,q_lt_q20,2167
12144000,q_lt_q20,2516
12144500,q_lt_q20,1884
12145500,q_lt_q20,2015
12147470,q_lt_q20,2496
12147600,q_lt_q20,2298
12147680,q_lt_q20,2165
12148000,q_lt_q20,2298
12148300,q_lt_q20,2220
12148500,q_lt_q20,1980
12149000,q_lt_q20,2326
12150800,q_lt_q20,2578
12155300,q_lt_q20,3642
12157250,q_lt_q20,1318
12158010,q_lt_q20,1569
12158032,q_lt_q20,1374
12158040,q_lt_q20,1058
12167000,q_lt_q20,2370
12172000,q_lt_q20,2709
12173500,q_lt_q20,2653
12175500,q_lt_q20,2617
12178000,q_lt_q20,2053
12178100,q_lt_q20,2115
12179900,q_lt_q20,2768
12181000,q_lt_q20,2990
12182500,q_lt_q20,2354
12186000,q_lt_q20,2136
12189500,q_lt_q20,2108
12190400,q_lt_q20,2504
12193400,q_lt_q20,2471
12194000,q_lt_q20,2446
12200500,q_lt_q20,3124
12201500,q_lt_q20,2492
12201950,q_lt_q20,1686
12201960,q_lt_q20,1390
12202300,q_lt_q20,1240
12202310,q_lt_q20,1500
12205000,q_lt_q20,2290
12208000,q_lt_q20,2450
12209490,q_lt_q20,2101
12210000,q_lt_q20,2220
12210700,q_lt_q20,2149
12210900,q_lt_q20,2866
12211200,q_lt_q20,3401
12212050,q_lt_q20,4800
12212390,q_lt_q20,2341
12212430,q_lt_q20,2604
12214500,q_lt_q20,3017
12301250,q_lt_q20,3128
12301933,q_lt_q20,2802
12302055,q_lt_q20,2920
12304500,q_lt_q20,2515
12305000,q_lt_q20,
12308000,q_lt_q20,2236
12323233,q_lt_q20,4114
12323250,q_lt_q20,2740
12323600,q_lt_q20,3941
12323670,q_lt_q20,2661
12323700,q_lt_q20,4391
12323710,q_lt_q20,2204
12323720,q_lt_q20,3938
12323750,q_lt_q20,3903
12323760,q_lt_q20,3612
12323770,q_lt_q20,3822
12323800,q_lt_q20,4062
12323840,q_lt_q20,3615
12323850,q_lt_q20,4158
12324200,q_lt_q20,4495
12324400,q_lt_q20,3295
12324590,q_lt_q20,2952
12324680,q_lt_q20,2943
12325500,q_lt_q20,2281
12329500,q_lt_q20,2199
12330000,q_lt_q20,2502
12331500,q_lt_q20,4544
12331800,q_lt_q20,2988
12332000,q_lt_q20,3022
12334510,q_lt_q20,3300
12334550,q_lt_q20,3694
12335100,q_lt_q20,3712
12338300,q_lt_q20,2860
12340500,q_lt_q20,2365
12342500,q_lt_q20,3152
12344000,q_lt_q20,2597
12350250,q_lt_q20,4166
12352500,q_lt_q20,4035
12353000,q_lt_q20,2649
12354000,q_lt_q20,2270
12354500,q_lt_q20,3201
12355000,q_lt_q20,2270
12355500,q_lt_q20,2785
12358500,q_lt_q20,3012
12359800,q_lt_q20,2437
12362500,q_lt_q20,2691
12363000,q_lt_q20,3539
12365700,q_lt_q20,4377
12372000,q_lt_q20,4609
12377150,q_lt_q20,3037
12381400,q_lt_q20,2520
12388700,q_lt_q20,2933
12389000,q_lt_q20,3094
12389500,q_lt_q20,2665
12390700,q_lt_q20,2663
12391950,q_lt_q20,2233
12392155,q_lt_q20,3677
12392300,q_lt_q20,2399
12393501,q_lt_q20,1893
12395000,q_lt_q20,2350
12396500,q_lt_q20,2814
12399500,q_lt_q20,2391
12401500,q_lt_q20,3486
12404500,q_lt_q20,3208
12409000,q_lt_q20,2331
12411000,q_lt_q20,2080
12413000,q_lt_q20,1992
12413125,q_lt_q20,2974
12413130,q_lt_q20,2734
12413131,q_lt_q20,3239
12413210,q_lt_q20,2402
12413355,q_lt_q20,2466
12413470,q_lt_q20,2350
12413500,q_lt_q20,2313
12413875,q_lt_q20,2784
12414500,q_lt_q20,3038
12419000,q_lt_q20,2369
12422500,q_lt_q20,1950
12422990,q_lt_q20,2635
12424000,q_lt_q20,2169
12426000,q_lt_q20,3269
12431000,q_lt_q20,2780
12431500,q_lt_q20,2728
12433200,q_lt_q20,2329
12434590,q_lt_q20,3559
12436500,q_lt_q20,
12438000,q_lt_q20,
12438905,q_lt_q20,4952
12442500,q_lt_q20,3817
12444290,q_lt_q20,4058
12444550,q_lt_q20,3835
12445000,q_lt_q20,3629
12445500,q_lt_q20,2636
12446150,q_lt_q20,2188
12446400,q_lt_q20,2830
12446995,q_lt_q20,2875
12447200,q_lt_q20,4647
12447285,q_lt_q20,5064
12447383,q_lt_q20,3379
12447390,q_lt_q20,3650
12448000,q_lt_q20,2940
12448500,q_lt_q20,4745
12448998,q_lt_q20,2812
12449500,q_lt_q20,3396
12449950,q_lt_q20,2285
12450700,q_lt_q20,3994
12451000,q_lt_q20,3651
12452550,q_lt_q20,1854
12452800,q_lt_q20,2217
12452890,q_lt_q20,2309
12452990,q_lt_q20,2840
12453700,q_lt_q20,2430
12456500,q_lt_q20,2463
12457000,q_lt_q20,3134
12458000,q_lt_q20,2527
12459000,q_lt_q20,2911
12462500,q_lt_q20,3252
12462600,q_lt_q20,2324
12464800,q_lt_q20,1394
12465000,q_lt_q20,2500
12465400,q_lt_q20,3423
12467000,q_lt_q20,4159
12472600,q_lt_q20,2382
12472800,q_lt_q20,
12484500,q_lt_q20,2794
12488500,q_lt_q20,1539
12500450,q_lt_q20,2257
12502500,q_lt_q20,2343
12505450,q_lt_q20,2885
12508990,q_lt_q20,3059
12510500,q_lt_q20,2755
13010065,q_lt_q20,2976
13011000,q_lt_q20,2119
13011500,q_lt_q20,3079
13011900,q_lt_q20,3753
13013650,q_lt_q20,4214
13014500,q_lt_q20,3544
13015000,q_lt_q20,3568
13016305,q_lt_q20,4053
13016450,q_lt_q20,3442
13018300,q_lt_q20,2295
13018350,q_lt_q20,2767
13018750,q_lt_q20,2495
13022500,q_lt_q20,2838
13023000,q_lt_q20,2170
13027500,q_lt_q20,3719
13032500,q_lt_q20,2425
13037500,q_lt_q20,3724
13038000,q_lt_q20,3500
13038500,q_lt_q20,3968
13039500,q_lt_q20,3350
13042500,q_lt_q20,3847
13046000,q_lt_q20,1737
13046995,q_lt_q20,2076
13047500,q_lt_q20,3107
13047600,q_lt_q20,3664
13049500,q_lt_q20,4711
13050500,q_lt_q20,3876
13052200,q_lt_q20,3639
13055000,q_lt_q20,1962
13055250,q_lt_q20,4250
13056500,q_lt_q20,4101
13057000,q_lt_q20,3232
13057132,q_lt_q20,4249
13057155,q_lt_q20,4143
13057300,q_lt_q20,1778
13057940,q_lt_q20,2105
13058000,q_lt_q20,1914
13058510,q_lt_q20,3775
13058520,q_lt_q20,4495
13058529,q_lt_q20,4084
13058530,q_lt_q20,4293
13060000,q_lt_q20,4037
13062500,q_lt_q20,3651
13063000,q_lt_q20,2464
13066000,q_lt_q20,1694
13068300,q_lt_q20,3829
13068495,q_lt_q20,4529
13068500,q_lt_q20,4416
13069500,q_lt_q20,3697
13073000,q_lt_q20,2380
13075000,q_lt_q20,3398
13075500,q_lt_q20,3121
13075910,q_lt_q20,3812
13075983,q_lt_q20,3963
13077000,q_lt_q20,
13078000,q_lt_q20,2634
13079300,q_lt_q20,3670
13082500,q_lt_q20,2715
13087995,q_lt_q20,4046
13089500,q_lt_q20,1828
13090500,q_lt_q20,3496
13092747,q_lt_q20,2713
13093383,q_lt_q20,
13094000,q_lt_q20,2253
13095175,q_lt_q20,2924
13095500,q_lt_q20,4997
13105000,q_lt_q20,3535
13108150,q_lt_q20,2768
13112000,q_lt_q20,5447
13116500,q_lt_q20,2385
13118700,q_lt_q20,4014
13118975,q_lt_q20,4593
13119000,q_lt_q20,4738
13120000,q_lt_q20,4643
13120500,q_lt_q20,5195
13122000,q_lt_q20,5922
13124265,q_lt_q20,6787
13127000,q_lt_q20,3448
13130300,q_lt_q20,3743
13132100,q_lt_q20,4467
13135500,q_lt_q20,4264
13135520,q_lt_q20,4628
13136550,q_lt_q20,3284
13137500,q_lt_q20,3861
13138000,q_lt_q20,2863
13139510,q_lt_q20,4497
13140335,q_lt_q20,4097
13140800,q_lt_q20,2673
13141500,q_lt_q20,2001
13142500,q_lt_q20,2066
13147900,q_lt_q20,2839
13148500,q_lt_q20,4286
13150430,q_lt_q20,3769
13152500,q_lt_q20,4160
13154500,q_lt_q20,3758
13159800,q_lt_q20,1946
13161500,q_lt_q20,3131
13162225,q_lt_q20,3029
13168500,q_lt_q20,5744
13174500,q_lt_q20,2444
13175100,q_lt_q20,3740
13176305,q_lt_q20,2744
13176400,q_lt_q20,4312
13181000,q_lt_q20,4100
13183000,q_lt_q20,2453
13185000,q_lt_q20,1110
13186000,q_lt_q20,2898
13190500,q_lt_q20,896
13200000,q_lt_q20,1448
13206000,q_lt_q20,3531
13206305,q_lt_q20,3260
13206400,q_lt_q20,3152
13210810,q_lt_q20,3496
13210824,q_lt_q20,2895
13210831,q_lt_q20,2887
13210980,q_lt_q20,3190
13210986,q_lt_q20,3130
13211205,q_lt_q20,2969
13212549,q_lt_q20,3497
13213000,q_lt_q20,3181
13213100,q_lt_q20,3217
13233300,q_lt_q20,2741
13235000,q_lt_q20,2270
13236500,q_lt_q20,2239
13237920,q_lt_q20,3155
13239000,q_lt_q20,2956
13240000,q_lt_q20,2053
13246000,q_lt_q20,1834
13247500,q_lt_q20,1903
13249500,q_lt_q20,1054
13250000,q_lt_q20,2753
13251000,q_lt_q20,3328
13258500,q_lt_q20,2480
13265500,q_lt_q20,2822
13269000,q_lt_q20,2400
13295000,q_lt_q20,3800
13296000,q_lt_q20,3010
13296500,q_lt_q20,2652
13297330,q_lt_q20,2826
13297355,q_lt_q20,2924
13297380,q_lt_q20,4032
13302005,q_lt_q20,5202
13302500,q_lt_q20,8688
13304050,q_lt_q20,4021
13304700,q_lt_q20,4305
13305000,q_lt_q20,4494
13305310,q_lt_q20,4435
13306370,q_lt_q20,3295
13306385,q_lt_q20,2709
13307000,q_lt_q20,4086
13309220,q_lt_q20,2724
13310199,q_lt_q20,4046
13310700,q_lt_q20,2130
13310800,q_lt_q20,2416
13310850,q_lt_q20,3096
13311000,q_lt_q20,2020
13311250,q_lt_q20,2470
13311450,q_lt_q20,2470
13313000,q_lt_q20,2576
13316500,q_lt_q20,1567
13317000,q_lt_q20,2415
13317660,q_lt_q20,2990
13325000,q_lt_q20,2291
13331500,q_lt_q20,2038
13333000,q_lt_q20,1432
13334300,q_lt_q20,
13335050,q_lt_q20,2115
13336500,q_lt_q20,1696
13337000,q_lt_q20,1854
13338500,q_lt_q20,1991
13338950,q_lt_q20,2212
13340000,q_lt_q20,
13340600,q_lt_q20,2049
13341050,q_lt_q20,2121
13341140,q_lt_q20,2215
13341570,q_lt_q20,2099
13342450,q_lt_q20,2320
13342500,q_lt_q20,2363
13344500,q_lt_q20,2989
13345000,q_lt_q20,2386
13346800,q_lt_q20,2579
13348000,q_lt_q20,2032
13351000,q_lt_q20,2670
13621955,q_lt_q20,1600
14013000,q_lt_q20,1806
14013700,q_lt_q20,2461
14015000,q_lt_q20,1970
14015350,q_lt_q20,2900
14018500,q_lt_q20,3224
14020000,q_lt_q20,2064
14020300,q_lt_q20,1920
14020850,q_lt_q20,1783
14033500,q_lt_q20,2926
14034470,q_lt_q20,1078
14034500,q_lt_q20,2414
14034608,q_lt_q20,2545
14038530,q_lt_q20,2378
14043840,q_lt_q20,2247
14044000,q_lt_q20,991
14046000,q_lt_q20,3148
14046500,q_lt_q20,2296
14046778,q_lt_q20,2307
14048000,q_lt_q20,2433
14070615,q_lt_q20,1171
14070624,q_lt_q20,1171
14076500,q_lt_q20,1797
14087380,q_lt_q20,986
14087400,q_lt_q20,2507
14091500,q_lt_q20,1843
14092500,q_lt_q20,2243
14092750,q_lt_q20,1062
14093000,q_lt_q20,1749
14096850,q_lt_q20,1663
14097100,q_lt_q20,1588
14103000,q_lt_q20,2593
14105700,q_lt_q20,
14107000,q_lt_q20,1931
14111400,q_lt_q20,1730
14113000,q_lt_q20,1598
14113200,q_lt_q20,1754
14120000,q_lt_q20,1576
14123500,q_lt_q20,1883
14137000,q_lt_q20,1847
14138720,q_lt_q20,2363
14138800,q_lt_q20,2390
14138850,q_lt_q20,2450
14138870,q_lt_q20,2168
14138900,q_lt_q20,1864
14139800,q_lt_q20,1937
14140000,q_lt_q20,1400
14141500,q_lt_q20,1726
14142500,q_lt_q20,1567
14142800,q_lt_q20,2612
14145500,q_lt_q20,740
14148000,q_lt_q20,949
14150000,q_lt_q20,1749
14150800,q_lt_q20,1308
14151000,q_lt_q20,1655
14152000,q_lt_q20,1908
14153500,q_lt_q20,1365
14154500,q_lt_q20,1379
14155500,q_lt_q20,1468
14157500,q_lt_q20,2296
14158500,q_lt_q20,1788
14158740,q_lt_q20,1571
14158790,q_lt_q20,1752
14158798,q_lt_q20,1537
14158850,q_lt_q20,1958
14159200,q_lt_q20,1827
14159500,q_lt_q20,1394
14161500,q_lt_q20,1287
14162050,q_lt_q20,1294
14162200,q_lt_q20,1083
14162500,q_lt_q20,913
14163150,q_lt_q20,1892
14163900,q_lt_q20,1470
14164700,q_lt_q20,2733
14164900,q_lt_q20,2342
14165000,q_lt_q20,1732
14166000,q_lt_q20,3327
14166500,q_lt_q20,1926
14169000,q_lt_q20,2257
14170000,q_lt_q20,2356
14171000,q_lt_q20,3152
14171600,q_lt_q20,2882
14174000,q_lt_q20,2472
14178000,q_lt_q20,1985
14179000,q_lt_q20,1910
14180300,q_lt_q20,1771
14181500,q_lt_q20,2176
14182500,q_lt_q20,1634
14183000,q_lt_q20,2101
14184100,q_lt_q20,3166
14185000,q_lt_q20,1385
14185900,q_lt_q20,1603
14187000,q_lt_q20,1645
14187200,q_lt_q20,1541
14187500,q_lt_q20,2261
14187600,q_lt_q20,2106
14188610,q_lt_q20,1425
14188800,q_lt_q20,1893
14189000,q_lt_q20,3011
14190500,q_lt_q20,2742
14191000,q_lt_q20,2738
14194150,q_lt_q20,2650
14197900,q_lt_q20,2861
14198400,q_lt_q20,1231
14199704,q_lt_q20,1281
14201340,q_lt_q20,2813
14201500,q_lt_q20,3115
14202000,q_lt_q20,1781
14203500,q_lt_q20,1956
14206241,q_lt_q20,2189
14206900,q_lt_q20,1768
14206950,q_lt_q20,1927
14207500,q_lt_q20,1151
14208700,q_lt_q20,1609
14209000,q_lt_q20,1717
14209250,q_lt_q20,1677
14209500,q_lt_q20,1691
14210000,q_lt_q20,1862
14211010,q_lt_q20,1928
14211315,q_lt_q20,1926
14211400,q_lt_q20,1697
14211499,q_lt_q20,1378
14211500,q_lt_q20,1506
14211550,q_lt_q20,1543
14211720,q_lt_q20,
14211814,q_lt_q20,
14211820,q_lt_q20,2148
14216000,q_lt_q20,2209
14216500,q_lt_q20,2384
14219000,q_lt_q20,1742
14219800,q_lt_q20,1907
14220500,q_lt_q20,2414
14222500,q_lt_q20,1670
14226500,q_lt_q20,3126
14231000,q_lt_q20,2575
14231900,q_lt_q20,2228
14233500,q_lt_q20,2014
14236200,q_lt_q20,2200
14238000,q_lt_q20,2726
14240525,q_lt_q20,1851
14242580,q_lt_q20,1860
14243000,q_lt_q20,2647
14246900,q_lt_q20,
14299800,q_lt_q20,2158
14301000,q_lt_q20,1861
14301500,q_lt_q20,1847
14302480,q_lt_q20,1916
14303200,q_lt_q20,1947
14303600,q_lt_q20,1738
14305500,q_lt_q20,1801
14306340,q_lt_q20,1526
14306500,q_lt_q20,2175
14307620,q_lt_q20,1484
14308000,q_lt_q20,1174
14308500,q_lt_q20,1034
14308990,q_lt_q20,802
14309000,q_lt_q20,1525
14309500,q_lt_q20,1260
14312000,q_lt_q20,2311
14313200,q_lt_q20,1357
14313600,q_lt_q20,1181
14313700,q_lt_q20,1378
14314400,q_lt_q20,1158
14314500,q_lt_q20,1596
14314700,q_lt_q20,984
14315500,q_lt_q20,1161
14315700,q_lt_q20,860
14315950,q_lt_q20,1307
14316455,q_lt_q20,1310
14316495,q_lt_q20,803
14316500,q_lt_q20,738
14316700,q_lt_q20,820
14319500,q_lt_q20,2613
14320934,q_lt_q20,1825
14321000,q_lt_q20,2188
14325000,q_lt_q20,2284
14332000,q_lt_q20,1197
14335072,q_lt_q20,1114
14337500,q_lt_q20,1160
14337600,q_lt_q20,1010
14338000,q_lt_q20,1315
14339000,q_lt_q20,1434
14353000,q_lt_q20,874
14353500,q_lt_q20,734
14354200,q_lt_q20,1386
14357500,q_lt_q20,2494
14359000,q_lt_q20,963
14361500,q_lt_q20,1883
14362000,q_lt_q20,993
14362250,q_lt_q20,469
14366000,q_lt_q20,1340
14369500,q_lt_q20,1324
14372300,q_lt_q20,1326
14375100,q_lt_q20,877
14377100,q_lt_q20,1170
14400000,q_lt_q20,1487
15008000,q_lt_q20,1509
15024800,q_lt_q20,1738
15041200,q_lt_q20,1400
15052000,q_lt_q20,708
15052500,q_lt_q20,
15055500,q_lt_q20,1224
15056210,q_lt_q20,2600
St101,q_lt_q20,3361.5
St104,q_lt_q20,2812
St105,q_lt_q20,2310
St107,q_lt_q20,2280.5
St11,q_lt_q20,2345
St117,q_lt_q20,2015.5
St119,q_lt_q20,2779.5
St120,q_lt_q20,1510
St121,q_lt_q20,2413
St126,q_lt_q20,1867
St127,q_lt_q20,1567
St130,q_lt_q20,1172
St131,q_lt_q20,744
St133,q_lt_q20,1995.5
St134,q_lt_q20,1582
St135,q_lt_q20,1800.5
St136,q_lt_q20,1465
St138,q_lt_q20,1829.5
St139,q_lt_q20,1707
St14,q_lt_q20,2160
St140,q_lt_q20,1996.5
St141,q_lt_q20,2285
St142,q_lt_q20,2506
St148,q_lt_q20,2427.5
St149,q_lt_q20,2447.5
St150,q_lt_q20,1683.5
St151,q_lt_q20,2570
St152,q_lt_q20,1436
St154,q_lt_q20,1983
St155,q_lt_q20,2056
St156,q_lt_q20,1823.5
St157,q_lt_q20,1547.5
St158,q_lt_q20,2273.5
St159,q_lt_q20,1962.5
St160,q_lt_q20,1188
St161,q_lt_q20,2054
St162,q_lt_q20,1545.5
St163,q_lt_q20,1897.5
St164,q_lt_q20,1586
St165,q_lt_q20,1663.5
St166,q_lt_q20,2047.5
St167,q_lt_q20,1746.5
St168,q_lt_q20,1103.5
St169,q_lt_q20,1729.5
St17,q_lt_q20,1834
St170,q_lt_q20,1413
St171,q_lt_q20,2011.5
St172,q_lt_q20,1246
St173,q_lt_q20,2028
St175,q_lt_q20,1401.5
St176,q_lt_q20,1613.5
St177,q_lt_q20,2072.5
St178,q_lt_q20,1225
St179,q_lt_q20,1566
St18,q_lt_q20,1497.333333
St181,q_lt_q20,1970
St182,q_lt_q20,1377
St19,q_lt_q20,2013.333333
St20,q_lt_q20,1223.666667
St209,q_lt_q20,2305.5
St210,q_lt_q20,1797
St211,q_lt_q20,1827
St212,q_lt_q20,1684
St213,q_lt_q20,1771.5
St214,q_lt_q20,2710.5
St215,q_lt_q20,2547
St217,q_lt_q20,1630.5
St218,q_lt_q20,2181.5
St219,q_lt_q20,2969
St22,q_lt_q20,1624.666667
St220,q_lt_q20,2288.5
St221,q_lt_q20,1953
St224,q_lt_q20,2564
St225,q_lt_q20,2266
St227,q_lt_q20,1927
St228,q_lt_q20,1865
St229,q_lt_q20,1715.5
St230,q_lt_q20,2172
St231,q_lt_q20,2195
St232,q_lt_q20,2230.5
St233,q_lt_q20,1815
St234,q_lt_q20,2295
St235,q_lt_q20,1819
St236,q_lt_q20,2397
St237,q_lt_q20,1670.5
St239,q_lt_q20,2494.5
St240,q_lt_q20,2214
St241,q_lt_q20,2660.5
St242,q_lt_q20,2142
St244,q_lt_q20,2506
St245,q_lt_q20,1928
St246,q_lt_q20,1625.5
St247,q_lt_q20,2829.5
St248,q_lt_q20,1456
St249,q_lt_q20,2413.5
St25,q_lt_q20,1063.666667
St250,q_lt_q20,2047.5
St252,q_lt_q20,2198.5
St253,q_lt_q20,2427.5
St254,q_lt_q20,2256
St255,q_lt_q20,2355
St256,q_lt_q20,1833.5
St257,q_lt_q20,1714.5
St259,q_lt_q20,2239.5
St26,q_lt_q20,1096.666667
St260,q_lt_q20,2701
St261,q_lt_q20,2609
St262,q_lt_q20,6751.5
St265,q_lt_q20,1588.5
St266,q_lt_q20,6243.5
St267,q_lt_q20,2061.5
St268,q_lt_q20,3253
St27,q_lt_q20,2785.333333
St270,q_lt_q20,1990
St271,q_lt_q20,2917
St273,q_lt_q20,1925.5
St274,q_lt_q20,1567
St276,q_lt_q20,1845
St277,q_lt_q20,1837
St279,q_lt_q20,1357
St280,q_lt_q20,2065
St281,q_lt_q20,2294.5
St282,q_lt_q20,2098
St283,q_lt_q20,2018.5
St284,q_lt_q20,1676
St286,q_lt_q20,2129.5
St287,q_lt_q20,1679.5
St288,q_lt_q20,1831
St289,q_lt_q20,2014
St290,q_lt_q20,1554
St292,q_lt_q20,1956
St293,q_lt_q20,1613
St295,q_lt_q20,1439
St296,q_lt_q20,1552
St297,q_lt_q20,1779.5
St298,q_lt_q20,1757
St3,q_lt_q20,928.6666667
St301,q_lt_q20,1753
St304,q_lt_q20,1878
St305,q_lt_q20,2234.5
St306,q_lt_q20,1788
St308,q_lt_q20,4890
St309,q_lt_q20,2469.5
St312,q_lt_q20,1235.5
St313,q_lt_q20,1618.5
St314,q_lt_q20,1139.5
St315,q_lt_q20,1516
St316,q_lt_q20,2306
St318,q_lt_q20,1595
St319,q_lt_q20,778
St32,q_lt_q20,1689
St320,q_lt_q20,825.5
St321,q_lt_q20,1231.5
St34,q_lt_q20,1733
St35,q_lt_q20,2050.666667
St36,q_lt_q20,1398.5
St37,q_lt_q20,1859
St38,q_lt_q20,1962.333333
St39,q_lt_q20,1640.666667
St42,q_lt_q20,1447.333333
St43,q_lt_q20,1777
St44,q_lt_q20,1785
St45,q_lt_q20,1791.333333
St46,q_lt_q20,1085.666667
St48,q_lt_q20,1672
St5,q_lt_q20,1608
St50,q_lt_q20,1792.5
St51,q_lt_q20,561.5
St53,q_lt_q20,1058
St55,q_lt_q20,1094
St56,q_lt_q20,1581
St57,q_lt_q20,1661.5
St58,q_lt_q20,2014
St59,q_lt_q20,1703
St6,q_lt_q20,1821.333333
St60,q_lt_q20,1999.5
St61,q_lt_q20,1919.5
St62,q_lt_q20,1992
St63,q_lt_q20,905
St64,q_lt_q20,837.5
St65,q_lt_q20,1555.5
St66,q_lt_q20,2033
St67,q_lt_q20,1328
St68,q_lt_q20,874
St7,q_lt_q20,1522
St70,q_lt_q20,1878
St72,q_lt_q20,1489.5
St73,q_lt_q20,1309
St75,q_lt_q20,1066.5
St76,q_lt_q20,679.5
St77,q_lt_q20,900
St88,q_lt_q20,2769.5
St9,q_lt_q20,4186.5
St97,q_lt_q20,3896.5
St98,q_lt_q20,3533.5
St99,q_lt_q20,3660
St1,q_lt_q20,1032.666667
St10,q_lt_q20,1957.333333
St12,q_lt_q20,1225.333333
St2,q_lt_q20,854.3333333
St21,q_lt_q20,1894
St23,q_lt_q20,1928
St24,q_lt_q20,1521.666667
St28,q_lt_q20,2103.666667
St29,q_lt_q20,2912
St30,q_lt_q20,2740.333333
St31,q_lt_q20,1488.666667
St33,q_lt_q20,2363.666667
St4,q_lt_q20,3134
St40,q_lt_q20,2300.333333
St41,q_lt_q20,1736.333333
St47,q_lt_q20,1565
St49,q_lt_q20,1864.666667
3107500,q_lt_q20,1065
3108000,q_lt_q20,839
3109500,q_lt_q20,957
3110000,q_lt_q20,801
3110830,q_lt_q20,854
3111500,q_lt_q20,891
3111548,q_lt_q20,772
3112000,q_lt_q20,1141
3113990,q_lt_q20,752
3114306,q_lt_q20,
3114500,q_lt_q20,965
3115400,q_lt_q20,647
3115644,q_lt_q20,726
3115712,q_lt_q20,938
3115786,q_lt_q20,842
3115917,q_lt_q20,3004
3116077,q_lt_q20,5835
3117000,q_lt_q20,2654
3117500,q_lt_q20,2246
3118000,q_lt_q20,2438
3118500,q_lt_q20,1522
3121500,q_lt_q20,1498
3124500,q_lt_q20,1473
3125900,q_lt_q20,619
3126910,q_lt_q20,1915
3129000,q_lt_q20,1984
3129197,q_lt_q20,1504
3136500,q_lt_q20,2329
3139000,q_lt_q20,2248
3140000,q_lt_q20,1228
3140500,q_lt_q20,2085
3141870,q_lt_q20,637
3142000,q_lt_q20,1478
3144000,q_lt_q20,2949
3144500,q_lt_q20,1769
3144816,q_lt_q20,2630
3145000,q_lt_q20,3595
3145173,q_lt_q20,1952
3145483,q_lt_q20,2401
3145534,q_lt_q20,2563
3146402,q_lt_q20,3149
3146500,q_lt_q20,2604
3149500,q_lt_q20,1007
3150000,q_lt_q20,1334
3150500,q_lt_q20,1397
3151400,q_lt_q20,1025
3154000,q_lt_q20,816
3155000,q_lt_q20,1300
3155220,q_lt_q20,833
3157000,q_lt_q20,775
3157500,q_lt_q20,1498
3159500,q_lt_q20,1220
3159540,q_lt_q20,795
3164000,q_lt_q20,1378
3165000,q_lt_q20,1451
3165500,q_lt_q20,1243
3167000,q_lt_q20,1336
3168000,q_lt_q20,1244
3170000,q_lt_q20,1243
3171000,q_lt_q20,1352
3173000,q_lt_q20,1638
3175500,q_lt_q20,1594
3176500,q_lt_q20,1724
3177120,q_lt_q20,1552
3177710,q_lt_q20,1190
3179000,q_lt_q20,1129
3180500,q_lt_q20,1119
3182500,q_lt_q20,1389
3183500,q_lt_q20,1389
3184000,q_lt_q20,1295
3185000,q_lt_q20,956
3185400,q_lt_q20,1245
3186500,q_lt_q20,1084
3187500,q_lt_q20,1128
3188900,q_lt_q20,951
3189100,q_lt_q20,1223
3191500,q_lt_q20,877
3192000,q_lt_q20,901
3193000,q_lt_q20,1089
3194700,q_lt_q20,1191
3197000,q_lt_q20,996
3197950,q_lt_q20,1299
3198350,q_lt_q20,609
3198500,q_lt_q20,994
3200500,q_lt_q20,1345
3201000,q_lt_q20,962
3201405,q_lt_q20,1138
3202000,q_lt_q20,874
3202400,q_lt_q20,696
3202750,q_lt_q20,566
3203600,q_lt_q20,634
3205470,q_lt_q20,849
3206600,q_lt_q20,561
3207800,q_lt_q20,778
3207965,q_lt_q20,721
3208500,q_lt_q20,695
3208950,q_lt_q20,511
3209000,q_lt_q20,647
3209500,q_lt_q20,675
3210000,q_lt_q20,563
3212500,q_lt_q20,976
3212750,q_lt_q20,826
3212980,q_lt_q20,596
3213500,q_lt_q20,557
3213700,q_lt_q20,676
3214500,q_lt_q20,923
3215410,q_lt_q20,719
3216070,q_lt_q20,
3216500,q_lt_q20,1048
3216777,q_lt_q20,539
3217000,q_lt_q20,853
3217424,q_lt_q20,2242
3217500,q_lt_q20,1721
3219500,q_lt_q20,1282
3219781,q_lt_q20,2407
3220000,q_lt_q20,1368
3221000,q_lt_q20,1515
3221646,q_lt_q20,2077
3223425,q_lt_q20,1666
3225500,q_lt_q20,1430
3226800,q_lt_q20,1390
3227107,q_lt_q20,2145
3227500,q_lt_q20,2277
3228300,q_lt_q20,1620
3228500,q_lt_q20,1603
3228689,q_lt_q20,2159
3228750,q_lt_q20,1719
3228805,q_lt_q20,1760
3229500,q_lt_q20,1649
3229610,q_lt_q20,2338
3229796,q_lt_q20,1971
3230310,q_lt_q20,1888
3230450,q_lt_q20,2306
3230500,q_lt_q20,2234
3230800,q_lt_q20,2542
3231500,q_lt_q20,2046
3232000,q_lt_q20,1918
3232500,q_lt_q20,1446
3234000,q_lt_q20,2410
3234300,q_lt_q20,1932
3234500,q_lt_q20,1396
3237020,q_lt_q20,1468
3237280,q_lt_q20,722
3237500,q_lt_q20,856
3238140,q_lt_q20,2157
3238495,q_lt_q20,1130
3238745,q_lt_q20,734
3238772,q_lt_q20,768
3238785,q_lt_q20,926
3240000,q_lt_q20,1580
3241500,q_lt_q20,1293
3244936,q_lt_q20,1166
3245500,q_lt_q20,942
3246500,q_lt_q20,1111
3247500,q_lt_q20,1054
3248300,q_lt_q20,533
3249500,q_lt_q20,725
3250100,q_lt_q20,863
3250190,q_lt_q20,662
3250322,q_lt_q20,284
3250500,q_lt_q20,853
3251200,q_lt_q20,584
3251500,q_lt_q20,878
3251900,q_lt_q20,441
3252300,q_lt_q20,511
3253000,q_lt_q20,1289
3253500,q_lt_q20,808
3254520,q_lt_q20,1454
3254550,q_lt_q20,749
3255349,q_lt_q20,2792
3255420,q_lt_q20,2438
3259000,q_lt_q20,1931
3260015,q_lt_q20,1538
3260050,q_lt_q20,959
3260100,q_lt_q20,1010
3260706,q_lt_q20,2557
3261500,q_lt_q20,2169
3261950,q_lt_q20,2268
3262000,q_lt_q20,2092
3262001,q_lt_q20,626
3262500,q_lt_q20,2346
3262700,q_lt_q20,1588
3263000,q_lt_q20,1616
3264000,q_lt_q20,2374
3265000,q_lt_q20,2197
3266560,q_lt_q20,2001
3267000,q_lt_q20,1874
3267900,q_lt_q20,2102
3269500,q_lt_q20,1559
3270000,q_lt_q20,1552
3270500,q_lt_q20,2150
3271000,q_lt_q20,1681
3271300,q_lt_q20,1909
3271620,q_lt_q20,1860
3272000,q_lt_q20,1478
3272100,q_lt_q20,2068
3272700,q_lt_q20,1466
3274000,q_lt_q20,1672
3274650,q_lt_q20,2614
3275000,q_lt_q20,1590
3275500,q_lt_q20,1549
3275600,q_lt_q20,1240
3276500,q_lt_q20,1384
3277075,q_lt_q20,843
3277130,q_lt_q20,652
3277200,q_lt_q20,
3277300,q_lt_q20,660
3277500,q_lt_q20,668
3280700,q_lt_q20,507
3280902,q_lt_q20,592
3281000,q_lt_q20,760
3281100,q_lt_q20,561
3281500,q_lt_q20,707
3282000,q_lt_q20,721
3282040,q_lt_q20,351
3282060,q_lt_q20,388
3282120,q_lt_q20,649
3282290,q_lt_q20,637
3282500,q_lt_q20,614
3283500,q_lt_q20,763
3284000,q_lt_q20,688
3284230,q_lt_q20,820
3284525,q_lt_q20,306
3284533,q_lt_q20,346
3284552,q_lt_q20,431
3285000,q_lt_q20,364
3286200,q_lt_q20,614
3287000,q_lt_q20,872
3287250,q_lt_q20,807
3287500,q_lt_q20,930
3287590,q_lt_q20,364
3287600,q_lt_q20,334
3288100,q_lt_q20,451
3288110,q_lt_q20,175
3288180,q_lt_q20,462
3288190,q_lt_q20,330
3289000,q_lt_q20,447
3289193,q_lt_q20,682
3289200,q_lt_q20,219
3289300,q_lt_q20,334
3289500,q_lt_q20,866
3290080,q_lt_q20,1332
3290500,q_lt_q20,
3291000,q_lt_q20,277
3291500,q_lt_q20,1632
3291780,q_lt_q20,681
3292470,q_lt_q20,743
3292474,q_lt_q20,464
3292475,q_lt_q20,781
3292480,q_lt_q20,895
3292500,q_lt_q20,433
3292550,q_lt_q20,625
3293000,q_lt_q20,441
3293510,q_lt_q20,1356
3294000,q_lt_q20,787
3294500,q_lt_q20,2010
3294550,q_lt_q20,1428
3294570,q_lt_q20,1570
3295400,q_lt_q20,270
3295890,q_lt_q20,435
3297800,q_lt_q20,155
3297900,q_lt_q20,345
3298000,q_lt_q20,450
3298135,q_lt_q20,318
3298150,q_lt_q20,433
3298200,q_lt_q20,573
3298250,q_lt_q20,202
3298300,q_lt_q20,359
3298500,q_lt_q20,1006
3298550,q_lt_q20,462
3300400,q_lt_q20,384
3301500,q_lt_q20,1546
3301900,q_lt_q20,501
3301940,q_lt_q20,615
3302000,q_lt_q20,800
3302030,q_lt_q20,1147
3302050,q_lt_q20,558
3302220,q_lt_q20,800
3302680,q_lt_q20,976
3302800,q_lt_q20,665
3303000,q_lt_q20,904
3303280,q_lt_q20,
3303300,q_lt_q20,1215
3305000,q_lt_q20,198
3307000,q_lt_q20,575
3308500,q_lt_q20,626
3310000,q_lt_q20,1073
3310300,q_lt_q20,864
3310400,q_lt_q20,598
3313700,q_lt_q20,754
3314000,q_lt_q20,511
3314500,q_lt_q20,657
3316500,q_lt_q20,1417
3318800,q_lt_q20,887
3320000,q_lt_q20,1143
3320500,q_lt_q20,824
3321350,q_lt_q20,1363
3321500,q_lt_q20,1589
3322485,q_lt_q20,2663
3322900,q_lt_q20,1635
3323000,q_lt_q20,1428
3324000,q_lt_q20,1813
3324300,q_lt_q20,2136
3325000,q_lt_q20,2247
3325519,q_lt_q20,2204
3326500,q_lt_q20,1929
3327500,q_lt_q20,2083
3328000,q_lt_q20,2642
3328500,q_lt_q20,1674
3329000,q_lt_q20,1080
3329700,q_lt_q20,2009
3330241,q_lt_q20,2826
3330500,q_lt_q20,2753
3331500,q_lt_q20,3022
3331753,q_lt_q20,4244
3332345,q_lt_q20,1819
3332349,q_lt_q20,2547
3332555,q_lt_q20,2090
3332605,q_lt_q20,2396
3333050,q_lt_q20,1469
3333450,q_lt_q20,1922
3334000,q_lt_q20,2403
3334500,q_lt_q20,2008
3335000,q_lt_q20,2268
3335500,q_lt_q20,2388
3335960,q_lt_q20,2945
3336000,q_lt_q20,1438
3336645,q_lt_q20,1902
3336890,q_lt_q20,2325
3336900,q_lt_q20,2630
3337000,q_lt_q20,2675
3337100,q_lt_q20,2306
3339000,q_lt_q20,1948
3339280,q_lt_q20,3058
3339305,q_lt_q20,1659
3339500,q_lt_q20,1588
3340500,q_lt_q20,1868
3340800,q_lt_q20,1885
3341300,q_lt_q20,1036
3341500,q_lt_q20,2170
3342000,q_lt_q20,1452
3342500,q_lt_q20,1351
3343010,q_lt_q20,1738
3343400,q_lt_q20,2000
3345500,q_lt_q20,1785
3346000,q_lt_q20,1858
3346500,q_lt_q20,1411
3347000,q_lt_q20,1796
3348000,q_lt_q20,2548
3348130,q_lt_q20,1889
3348350,q_lt_q20,2385
3349000,q_lt_q20,2090
3349210,q_lt_q20,3196
3349510,q_lt_q20,2704
3350500,q_lt_q20,1945
3350655,q_lt_q20,1635
3350660,q_lt_q20,2158
3350700,q_lt_q20,1922
3351000,q_lt_q20,1848
3351072,q_lt_q20,1988
3351310,q_lt_q20,1564
3351350,q_lt_q20,2242
3351500,q_lt_q20,1642
3351710,q_lt_q20,2570
3352500,q_lt_q20,1512
3352953,q_lt_q20,2336
3352988,q_lt_q20,2378
3353000,q_lt_q20,1828
3353120,q_lt_q20,2096
3353200,q_lt_q20,2092
3353415,q_lt_q20,2738
3353420,q_lt_q20,2399
3353451,q_lt_q20,1772
3353460,q_lt_q20,1121
3353500,q_lt_q20,1609
3353600,q_lt_q20,1848
3353611,q_lt_q20,1941
3353620,q_lt_q20,2426
3353800,q_lt_q20,1684
3353910,q_lt_q20,1427
3354000,q_lt_q20,2095
3357000,q_lt_q20,1604
3357330,q_lt_q20,2156
3357350,q_lt_q20,2280
3358000,q_lt_q20,1686
3360000,q_lt_q20,1433
3360500,q_lt_q20,1045
3360600,q_lt_q20,1591
3361500,q_lt_q20,1817
3361650,q_lt_q20,1614
3361850,q_lt_q20,1725
3361872,q_lt_q20,1587
3362000,q_lt_q20,1191
3362500,q_lt_q20,1769
3363000,q_lt_q20,1281
3363500,q_lt_q20,1018
3363900,q_lt_q20,1640
3364000,q_lt_q20,1610
3364042,q_lt_q20,870
3364200,q_lt_q20,1253
3364500,q_lt_q20,1063
3364650,q_lt_q20,1366
3365500,q_lt_q20,1259
3366500,q_lt_q20,1136
3368000,q_lt_q20,1180
3369500,q_lt_q20,1144
3371500,q_lt_q20,1384
3371600,q_lt_q20,727
3371650,q_lt_q20,945
3373500,q_lt_q20,1469
3373508,q_lt_q20,723
3373560,q_lt_q20,1186
3373610,q_lt_q20,1054
3374000,q_lt_q20,1234
3374100,q_lt_q20,1324
3375500,q_lt_q20,754
3376300,q_lt_q20,1179
3376500,q_lt_q20,928
3377500,q_lt_q20,
3378000,q_lt_q20,2021
3378500,q_lt_q20,1503
3378550,q_lt_q20,1751
3378635,q_lt_q20,1621
3379500,q_lt_q20,1720
3380500,q_lt_q20,1893
3381500,q_lt_q20,1531
3381700,q_lt_q20,
3382100,q_lt_q20,1640
3383000,q_lt_q20,721
3384100,q_lt_q20,1146
3384450,q_lt_q20,865
3399800,q_lt_q20,
3400500,q_lt_q20,605
3400785,q_lt_q20,640
3400800,q_lt_q20,563
3400986,q_lt_q20,673
3401000,q_lt_q20,1023
3402900,q_lt_q20,782
3403910,q_lt_q20,732
3404000,q_lt_q20,491
3404500,q_lt_q20,506
3404900,q_lt_q20,709
3406500,q_lt_q20,378
3407500,q_lt_q20,488
3408500,q_lt_q20,427
3409500,q_lt_q20,399
3410210,q_lt_q20,526
3410500,q_lt_q20,450
3413200,q_lt_q20,820
3414078,q_lt_q20,498
3414100,q_lt_q20,464
3414170,q_lt_q20,851
3415000,q_lt_q20,637
3418224,q_lt_q20,364
3419530,q_lt_q20,1181
3421000,q_lt_q20,1049
3424730,q_lt_q20,704
3424860,q_lt_q20,609
3425290,q_lt_q20,517
3425520,q_lt_q20,454
3425622,q_lt_q20,489
3426470,q_lt_q20,453
3427500,q_lt_q20,523
3428200,q_lt_q20,506
3429498,q_lt_q20,552
3430200,q_lt_q20,993
3431060,q_lt_q20,626
3431300,q_lt_q20,554
3431500,q_lt_q20,1119
3431599,q_lt_q20,537
3431700,q_lt_q20,944
3432350,q_lt_q20,577
3432400,q_lt_q20,693
3433500,q_lt_q20,1046
3434500,q_lt_q20,1088
3436100,q_lt_q20,907
3436690,q_lt_q20,1232
3437480,q_lt_q20,714
3437495,q_lt_q20,672
3455000,q_lt_q20,1668
3461500,q_lt_q20,1308
3465500,q_lt_q20,1296
3466208,q_lt_q20,2011
3467609,q_lt_q20,1309
3469251,q_lt_q20,1604
3471500,q_lt_q20,1397
3473000,q_lt_q20,1546
3474000,q_lt_q20,1453
3475000,q_lt_q20,1336
3478400,q_lt_q20,1304
3488000,q_lt_q20,1257
3490000,q_lt_q20,1354
3491000,q_lt_q20,1459
3491544,q_lt_q20,1275
3495005,q_lt_q20,1612
3497300,q_lt_q20,1719
3498500,q_lt_q20,1860
3498850,q_lt_q20,1642
3518500,q_lt_q20,1566
3524000,q_lt_q20,1199
3527000,q_lt_q20,1277
3528000,q_lt_q20,1164
3529500,q_lt_q20,1267
3531500,q_lt_q20,1057
3532000,q_lt_q20,1133
3535000,q_lt_q20,1062
3535200,q_lt_q20,1571
3535400,q_lt_q20,1865
3535618,q_lt_q20,1534
3538830,q_lt_q20,444
3538970,q_lt_q20,502
3539600,q_lt_q20,444
3539778,q_lt_q20,589
3539800,q_lt_q20,657
3540500,q_lt_q20,1212
3544970,q_lt_q20,1766
3550500,q_lt_q20,1603
3558000,q_lt_q20,1320
3565500,q_lt_q20,1692
3566535,q_lt_q20,1377
3566700,q_lt_q20,1336
3567340,q_lt_q20,1561
3567500,q_lt_q20,1339
3568400,q_lt_q20,1398
3568933,q_lt_q20,1502
3569190,q_lt_q20,1812
3571000,q_lt_q20,1743
3572690,q_lt_q20,1297
3574100,q_lt_q20,1765
3574500,q_lt_q20,1399
3575100,q_lt_q20,1171
3576250,q_lt_q20,1272
3576500,q_lt_q20,1630
3577225,q_lt_q20,1250
3578000,q_lt_q20,1271
3578500,q_lt_q20,1652
3582000,q_lt_q20,829
3584045,q_lt_q20,770
3584600,q_lt_q20,985
3586500,q_lt_q20,1096
3588500,q_lt_q20,1610
3590000,q_lt_q20,1461
3593800,q_lt_q20,1133
3596000,q_lt_q20,1307
3597860,q_lt_q20,839
3598000,q_lt_q20,786
1010000,q_lt_q20,861
1010070,q_lt_q20,750
1010500,q_lt_q20,
1011000,q_lt_q20,1263
1013500,q_lt_q20,1138
1014000,q_lt_q20,
1015800,q_lt_q20,952
1017000,q_lt_q20,917
1017290,q_lt_q20,764
1017550,q_lt_q20,702
1017960,q_lt_q20,782
1018009,q_lt_q20,622
1018035,q_lt_q20,699
1018500,q_lt_q20,1150
1019000,q_lt_q20,838
1021000,q_lt_q20,891
1021470,q_lt_q20,1191
1021480,q_lt_q20,979
1022500,q_lt_q20,763
1027200,q_lt_q20,1192
1027240,q_lt_q20,1138
1029200,q_lt_q20,1182
1029500,q_lt_q20,1338
1030350,q_lt_q20,1173
1030500,q_lt_q20,1223
1031300,q_lt_q20,1476
1031450,q_lt_q20,1147
1031500,q_lt_q20,1037
1031510,q_lt_q20,1011
1034000,q_lt_q20,1498
1034500,q_lt_q20,
1037000,q_lt_q20,706
1037380,q_lt_q20,812
1042500,q_lt_q20,1520
1043500,q_lt_q20,1207
1044550,q_lt_q20,1528
1046000,q_lt_q20,1391
1046500,q_lt_q20,1421
1047000,q_lt_q20,1451
1047150,q_lt_q20,1472
1047200,q_lt_q20,1289
1048000,q_lt_q20,1491
1048220,q_lt_q20,1045
1052500,q_lt_q20,1111
1053500,q_lt_q20,1449
1053600,q_lt_q20,1548
1054000,q_lt_q20,1697
1054114,q_lt_q20,1589
1054200,q_lt_q20,1777
1054300,q_lt_q20,1464
1054500,q_lt_q20,
1055000,q_lt_q20,1520
1055500,q_lt_q20,1527
1057000,q_lt_q20,1296
1059000,q_lt_q20,1556
1063310,q_lt_q20,1195
1064500,q_lt_q20,1675
1064801,q_lt_q20,1160
1066000,q_lt_q20,1489
1067950,q_lt_q20,1187
1068910,q_lt_q20,925
1069500,q_lt_q20,1247
1073319,q_lt_q20,762
1074520,q_lt_q20,1646
1075000,q_lt_q20,1645
1076000,q_lt_q20,1902
1076500,q_lt_q20,2559
1077400,q_lt_q20,1024
1078000,q_lt_q20,1297
1081000,q_lt_q20,2197
1081500,q_lt_q20,1779
1082000,q_lt_q20,1853
1085000,q_lt_q20,1514
1085500,q_lt_q20,1677
1086000,q_lt_q20,1711
1087000,q_lt_q20,1221
1089500,q_lt_q20,827
1089925,q_lt_q20,1193
1091000,q_lt_q20,1332
1091500,q_lt_q20,1178
1092000,q_lt_q20,
1093852,q_lt_q20,1390
1094000,q_lt_q20,1008
1094400,q_lt_q20,1422
1094500,q_lt_q20,1446
1095220,q_lt_q20,1339
1095375,q_lt_q20,1343
1095434,q_lt_q20,1480
1095503,q_lt_q20,981
1096000,q_lt_q20,1183
1096500,q_lt_q20,1099
1097000,q_lt_q20,936
1097300,q_lt_q20,979
1098500,q_lt_q20,1369
1098530,q_lt_q20,1511
1099500,q_lt_q20,1588
1100000,q_lt_q20,1681
1100505,q_lt_q20,719
1100561,q_lt_q20,994
1100600,q_lt_q20,1334
1100627,q_lt_q20,871
1101000,q_lt_q20,1023
1101500,q_lt_q20,756
1102000,q_lt_q20,954
1102345,q_lt_q20,933
1102500,q_lt_q20,1172
1103025,q_lt_q20,1336
1103280,q_lt_q20,900
1103500,q_lt_q20,758
1104000,q_lt_q20,1242
1104200,q_lt_q20,1141
1104370,q_lt_q20,880
1104415,q_lt_q20,931
1104420,q_lt_q20,1042
1104430,q_lt_q20,1257
1104455,q_lt_q20,1129
1104460,q_lt_q20,1367
1104475,q_lt_q20,1222
1104480,q_lt_q20,1495
1104500,q_lt_q20,1434
1105000,q_lt_q20,1159
1105500,q_lt_q20,1029
1105554,q_lt_q20,1227
1105583,q_lt_q20,895
1105585,q_lt_q20,1325
1105600,q_lt_q20,1076
1105606,q_lt_q20,1006
1105608,q_lt_q20,1076
1105730,q_lt_q20,1174
1105870,q_lt_q20,1248
1105917,q_lt_q20,1146
1108000,q_lt_q20,1323
1108410,q_lt_q20,1778
1109000,q_lt_q20,1231
1109060,q_lt_q20,1239
1109070,q_lt_q20,1174
1109403,q_lt_q20,1512
1109730,q_lt_q20,1236
1110000,q_lt_q20,950
1111212,q_lt_q20,1063
1111300,q_lt_q20,1127
1111500,q_lt_q20,885
1112500,q_lt_q20,1612
1113895,q_lt_q20,1551
1114000,q_lt_q20,1348
1114500,q_lt_q20,1193
1115098,q_lt_q20,1178
1115110,q_lt_q20,1467
1115114,q_lt_q20,1227
1115170,q_lt_q20,1038
1115183,q_lt_q20,1806
1115185,q_lt_q20,1402
1115187,q_lt_q20,1431
1115190,q_lt_q20,897
1115265,q_lt_q20,1167
1115276,q_lt_q20,1237
1115278,q_lt_q20,1224
1115280,q_lt_q20,1009
1115500,q_lt_q20,1202
1115630,q_lt_q20,1174
1116000,q_lt_q20,1056
1116500,q_lt_q20,1672
1116905,q_lt_q20,1700
1117000,q_lt_q20,1418
1117420,q_lt_q20,1767
1117430,q_lt_q20,960
1117468,q_lt_q20,1114
1117500,q_lt_q20,1522
1117800,q_lt_q20,1441
1118000,q_lt_q20,1135
1118300,q_lt_q20,1115
1118500,q_lt_q20,1327
1119382,q_lt_q20,1270
1119500,q_lt_q20,1256
1120790,q_lt_q20,1351
1121000,q_lt_q20,1334
1121330,q_lt_q20,1280
1122000,q_lt_q20,1547
1122500,q_lt_q20,1366
1123000,q_lt_q20,913
1123360,q_lt_q20,1377
1123600,q_lt_q20,1216
1124000,q_lt_q20,1164
1124151,q_lt_q20,1247
1125100,q_lt_q20,1100
1125490,q_lt_q20,1178
1125500,q_lt_q20,1082
1127000,q_lt_q20,1235
1129200,q_lt_q20,1134
1129500,q_lt_q20,2946
1130000,q_lt_q20,1989
1131500,q_lt_q20,2383
1133000,q_lt_q20,1325
1134500,q_lt_q20,1322
1135150,q_lt_q20,1357
1135300,q_lt_q20,1042
1135500,q_lt_q20,1204
1137500,q_lt_q20,2624
1138500,q_lt_q20,1667
1139000,q_lt_q20,1165
1139800,q_lt_q20,907
1141500,q_lt_q20,856
1142500,q_lt_q20,1535
1144000,q_lt_q20,1011
1144500,q_lt_q20,2302
1150900,q_lt_q20,1053
1151500,q_lt_q20,1627
1152010,q_lt_q20,1185
1152500,q_lt_q20,1465
1153000,q_lt_q20,1536
1153550,q_lt_q20,1520
1154500,q_lt_q20,
1154950,q_lt_q20,1489
1155500,q_lt_q20,1340
1157000,q_lt_q20,1201
1158000,q_lt_q20,1301
1158110,q_lt_q20,1701
1160350,q_lt_q20,2786
1161000,q_lt_q20,1598
1161280,q_lt_q20,1991
1162000,q_lt_q20,1649
1162500,q_lt_q20,1385
1163200,q_lt_q20,1282
1166500,q_lt_q20,2063
1168250,q_lt_q20,1175
1168500,q_lt_q20,1383
1169000,q_lt_q20,1157
1169900,q_lt_q20,1333
1170000,q_lt_q20,1234
1170100,q_lt_q20,903
1170500,q_lt_q20,1875
1171000,q_lt_q20,1130
1171100,q_lt_q20,1482
1171500,q_lt_q20,1438
1172010,q_lt_q20,1974
1172500,q_lt_q20,1060
1173000,q_lt_q20,1299
1173500,q_lt_q20,1123
1174500,q_lt_q20,1211
1174565,q_lt_q20,1471
1175500,q_lt_q20,1442
1175670,q_lt_q20,1566
1176000,q_lt_q20,2092
1177000,q_lt_q20,1460
1179500,q_lt_q20,1269
1181000,q_lt_q20,1408
1183500,q_lt_q20,1123
1184000,q_lt_q20,
1184100,q_lt_q20,1307
1184490,q_lt_q20,1173
1185500,q_lt_q20,1335
1186000,q_lt_q20,1361
1186500,q_lt_q20,1277
1187300,q_lt_q20,1324
1188000,q_lt_q20,924
1188090,q_lt_q20,1454
1189000,q_lt_q20,1472
1189995,q_lt_q20,1307
1191000,q_lt_q20,1657
1192500,q_lt_q20,1433
1192883,q_lt_q20,1199
1193500,q_lt_q20,1386
1194000,q_lt_q20,1302
1194500,q_lt_q20,1270
1195100,q_lt_q20,1067
1195490,q_lt_q20,1227
1196210,q_lt_q20,1086
1196500,q_lt_q20,1261
1196561,q_lt_q20,1334
1196620,q_lt_q20,1050
1197000,q_lt_q20,1995
1197500,q_lt_q20,1700
1198000,q_lt_q20,1625
1198125,q_lt_q20,1662
1199000,q_lt_q20,1519
1199050,q_lt_q20,1487
1200000,q_lt_q20,1497
1200500,q_lt_q20,1617
1201487,q_lt_q20,1533
1202501,q_lt_q20,1343
1203510,q_lt_q20,1135
1203600,q_lt_q20,1066
1203805,q_lt_q20,1165
1204000,q_lt_q20,1171
1205500,q_lt_q20,1097
1206900,q_lt_q20,1687
1208171,q_lt_q20,1555
1208500,q_lt_q20,1207
1208873,q_lt_q20,1399
1208925,q_lt_q20,1186
1208950,q_lt_q20,1198
1209005,q_lt_q20,1012
1209105,q_lt_q20,1208
1209500,q_lt_q20,1080
1209700,q_lt_q20,1082
1209761,q_lt_q20,1038
1212500,q_lt_q20,1248
1304500,q_lt_q20,1682
1312000,q_lt_q20,2159
1315000,q_lt_q20,1020
1315500,q_lt_q20,2219
1318500,q_lt_q20,2156
1321000,q_lt_q20,1430
1325000,q_lt_q20,1720
1327500,q_lt_q20,1572
1327750,q_lt_q20,2078
1329490,q_lt_q20,1959
1330000,q_lt_q20,2434
1331500,q_lt_q20,1809
1332500,q_lt_q20,2582
1333000,q_lt_q20,2567
1334000,q_lt_q20,1632
1334500,q_lt_q20,1978
1335754,q_lt_q20,
1336000,q_lt_q20,2049
1338000,q_lt_q20,1465
1339060,q_lt_q20,1949
1342602,q_lt_q20,1994
1342682,q_lt_q20,1579
1342730,q_lt_q20,2236
1342743,q_lt_q20,1394
1343060,q_lt_q20,1936
1343403,q_lt_q20,1915
1346000,q_lt_q20,2094
1347000,q_lt_q20,2111
1348000,q_lt_q20,2107
1349000,q_lt_q20,1870
1349150,q_lt_q20,2230
1349700,q_lt_q20,1501
1349705,q_lt_q20,1882
1349711,q_lt_q20,1735
1349810,q_lt_q20,1358
1349950,q_lt_q20,1461
1350000,q_lt_q20,1777
1350035,q_lt_q20,2008
1350080,q_lt_q20,1409
1350101,q_lt_q20,1716
1350120,q_lt_q20,1596
1350140,q_lt_q20,1589
1350180,q_lt_q20,1574
1350355,q_lt_q20,1845
1351500,q_lt_q20,1642
1354500,q_lt_q20,1771
1357499,q_lt_q20,1919
1357500,q_lt_q20,1657
1359528,q_lt_q20,2353
1360640,q_lt_q20,1235
1361000,q_lt_q20,1633
1362200,q_lt_q20,2097
1362230,q_lt_q20,1987
1362342,q_lt_q20,2338
1362357,q_lt_q20,1928
1362370,q_lt_q20,1931
1362487,q_lt_q20,2483
1362497,q_lt_q20,2404
1362500,q_lt_q20,2374
1363382,q_lt_q20,1801
1363556,q_lt_q20,1952
1364500,q_lt_q20,1294
1365000,q_lt_q20,1842
1365500,q_lt_q20,1802
1367500,q_lt_q20,1855
1371500,q_lt_q20,1390
1372500,q_lt_q20,1206
1374505,q_lt_q20,1272
1374531,q_lt_q20,1244
1374559,q_lt_q20,877
1374581,q_lt_q20,1279
1374598,q_lt_q20,1116
1374701,q_lt_q20,
1374781,q_lt_q20,948
1374821,q_lt_q20,1185
1374890,q_lt_q20,1261
1374901,q_lt_q20,1284
1374930,q_lt_q20,1023
1374941,q_lt_q20,1172
1375000,q_lt_q20,1007
1376800,q_lt_q20,1038
1377000,q_lt_q20,1303
1377370,q_lt_q20,1071
1377500,q_lt_q20,1311
1378500,q_lt_q20,1061
1379000,q_lt_q20,877
1379500,q_lt_q20,898
1379530,q_lt_q20,858
1379773,q_lt_q20,1258
1379780,q_lt_q20,1033
1379845,q_lt_q20,1421
1380450,q_lt_q20,1039
1381000,q_lt_q20,978
1381400,q_lt_q20,1128
1381500,q_lt_q20,1165
1381800,q_lt_q20,1170
1381900,q_lt_q20,1078
1382210,q_lt_q20,1509
1382385,q_lt_q20,1550
1382500,q_lt_q20,1476
1382800,q_lt_q20,894
1383500,q_lt_q20,1498
1384500,q_lt_q20,1188
1386000,q_lt_q20,1188
1387000,q_lt_q20,1445
1387400,q_lt_q20,1301
1387420,q_lt_q20,1292
1387450,q_lt_q20,1091
1387500,q_lt_q20,1170
1387905,q_lt_q20,1203
1388000,q_lt_q20,1189
1388500,q_lt_q20,934
1389010,q_lt_q20,1026
1389500,q_lt_q20,1300
1389550,q_lt_q20,1024
1389890,q_lt_q20,
1390450,q_lt_q20,912
1390500,q_lt_q20,1135
1391000,q_lt_q20,1070
1391102,q_lt_q20,1167
1392500,q_lt_q20,1371
1393450,q_lt_q20,1321
1394500,q_lt_q20,1393
1395000,q_lt_q20,1325
1396500,q_lt_q20,1036
1396582,q_lt_q20,1323
1396660,q_lt_q20,1053
1396800,q_lt_q20,1128
1397000,q_lt_q20,864
1398000,q_lt_q20,1080
1398500,q_lt_q20,925
1399100,q_lt_q20,946
1399500,q_lt_q20,1201
1399670,q_lt_q20,984
1400000,q_lt_q20,1006
1400500,q_lt_q20,1291
1401000,q_lt_q20,713
1401650,q_lt_q20,952
1402000,q_lt_q20,868
1402630,q_lt_q20,1106
1403060,q_lt_q20,910
1403150,q_lt_q20,930
1403400,q_lt_q20,1098
1403540,q_lt_q20,980
1403900,q_lt_q20,1035
1405030,q_lt_q20,1232
1405400,q_lt_q20,1553
1406050,q_lt_q20,1377
1407290,q_lt_q20,1342
1407500,q_lt_q20,1411
1408000,q_lt_q20,1484
1408029,q_lt_q20,1243
1408120,q_lt_q20,1647
1408500,q_lt_q20,2053
1408900,q_lt_q20,1970
1409280,q_lt_q20,1848
1409400,q_lt_q20,1798
1409810,q_lt_q20,1714
1410000,q_lt_q20,1639
1410150,q_lt_q20,1841
1410784,q_lt_q20,1397
1410820,q_lt_q20,1329
1411000,q_lt_q20,1341
1411300,q_lt_q20,1541
1411500,q_lt_q20,1570
1412080,q_lt_q20,1850
1412800,q_lt_q20,1316
1413088,q_lt_q20,1469
1413398,q_lt_q20,1353
1413408,q_lt_q20,1775
1413500,q_lt_q20,1625
1414000,q_lt_q20,1556
1414500,q_lt_q20,1761
1415000,q_lt_q20,1678
1417000,q_lt_q20,1876
1417500,q_lt_q20,2071
1420500,q_lt_q20,2003
1421000,q_lt_q20,2486
1421610,q_lt_q20,1341
1421618,q_lt_q20,1371
1421900,q_lt_q20,1279
1422500,q_lt_q20,1581
1423000,q_lt_q20,1630
1425000,q_lt_q20,2279
1426500,q_lt_q20,1768
1427195,q_lt_q20,1795
1427207,q_lt_q20,1971
1427510,q_lt_q20,
1428500,q_lt_q20,1648
1428750,q_lt_q20,1785
1429000,q_lt_q20,1303
1429301,q_lt_q20,1633
1429500,q_lt_q20,1424
1430000,q_lt_q20,1853
1431500,q_lt_q20,1887
1432110,q_lt_q20,1631
1432495,q_lt_q20,2250
1432900,q_lt_q20,1634
1433500,q_lt_q20,1535
1434000,q_lt_q20,
1434017,q_lt_q20,1200
1434021,q_lt_q20,1161
1434025,q_lt_q20,1386
1434498,q_lt_q20,1860
1435000,q_lt_q20,1663
1436000,q_lt_q20,1769
1436690,q_lt_q20,1693
1437500,q_lt_q20,1502
1438500,q_lt_q20,1794
1439500,q_lt_q20,1506
1439590,q_lt_q20,1243
1440000,q_lt_q20,1252
1440400,q_lt_q20,1370
1440485,q_lt_q20,926
1442500,q_lt_q20,1228
1443280,q_lt_q20,1527
1443500,q_lt_q20,1701
1443900,q_lt_q20,1539
1445000,q_lt_q20,1520
1445500,q_lt_q20,1230
1446000,q_lt_q20,1582
1446500,q_lt_q20,1904
1446775,q_lt_q20,1387
1446776,q_lt_q20,1530
1447500,q_lt_q20,1637
1447680,q_lt_q20,1414
1447720,q_lt_q20,1217
1447800,q_lt_q20,1504
1449000,q_lt_q20,1405
1449360,q_lt_q20,1343
1449800,q_lt_q20,1263
1450500,q_lt_q20,1944
1451000,q_lt_q20,
1451380,q_lt_q20,1557
1451400,q_lt_q20,1512
1451500,q_lt_q20,1445
1451630,q_lt_q20,1302
1451650,q_lt_q20,986
1451800,q_lt_q20,1173
1452000,q_lt_q20,1126
1452500,q_lt_q20,1255
1453000,q_lt_q20,1095
1454700,q_lt_q20,1166
1455290,q_lt_q20,1511
1455500,q_lt_q20,1567
1457000,q_lt_q20,1752
1457500,q_lt_q20,
1459500,q_lt_q20,656
1460440,q_lt_q20,1132
1463500,q_lt_q20,
1463620,q_lt_q20,1226
1463740,q_lt_q20,945
1464000,q_lt_q20,1270
1464290,q_lt_q20,1300
1464500,q_lt_q20,1353
1464645,q_lt_q20,696
1464720,q_lt_q20,618
1464750,q_lt_q20,668
1464899,q_lt_q20,739
1464907,q_lt_q20,916
1464984,q_lt_q20,720
1465200,q_lt_q20,610
1465798,q_lt_q20,1012
1465850,q_lt_q20,1930
1466500,q_lt_q20,1735
1466900,q_lt_q20,1485
1467000,q_lt_q20,1235
1467042,q_lt_q20,1023
1467048,q_lt_q20,1078
1467081,q_lt_q20,1379
1467086,q_lt_q20,731
1467150,q_lt_q20,1295
1468500,q_lt_q20,1107
1469500,q_lt_q20,1322
1470500,q_lt_q20,1214
1470755,q_lt_q20,1079
1470761,q_lt_q20,1192
1470779,q_lt_q20,1109
1470960,q_lt_q20,1315
1471000,q_lt_q20,1069
1471510,q_lt_q20,1206
1471875,q_lt_q20,1117
1472000,q_lt_q20,818
1472157,q_lt_q20,1015
1472198,q_lt_q20,789
1472199,q_lt_q20,801
1472620,q_lt_q20,519
1472810,q_lt_q20,825
1473000,q_lt_q20,936
1473169,q_lt_q20,1365
1473470,q_lt_q20,702
1473500,q_lt_q20,
1473900,q_lt_q20,634
1474000,q_lt_q20,830
1474500,q_lt_q20,
1475001,q_lt_q20,1399
1475530,q_lt_q20,983
1475548,q_lt_q20,1069
1475850,q_lt_q20,973
1476480,q_lt_q20,946
1477000,q_lt_q20,866
1477120,q_lt_q20,1312
1478100,q_lt_q20,1410
1478120,q_lt_q20,1173
1478245,q_lt_q20,1018
1479820,q_lt_q20,1139
1480300,q_lt_q20,1382
1480400,q_lt_q20,1030
1480500,q_lt_q20,1333
1480617,q_lt_q20,1303
1480675,q_lt_q20,1021
1480685,q_lt_q20,1106
1480700,q_lt_q20,1105
1480870,q_lt_q20,1140
1481000,q_lt_q20,1131
1482500,q_lt_q20,1178
1494850,q_lt_q20,1447
1500000,q_lt_q20,1588
1500500,q_lt_q20,1758
1502500,q_lt_q20,2748
1502632,q_lt_q20,2198
1502731,q_lt_q20,2051
1503000,q_lt_q20,2172
1505000,q_lt_q20,2693
1505810,q_lt_q20,2338
1507000,q_lt_q20,2225
1509000,q_lt_q20,1895
1510000,q_lt_q20,2185
1512500,q_lt_q20,
1513500,q_lt_q20,2377
1513550,q_lt_q20,1708
1513831,q_lt_q20,2295
1514850,q_lt_q20,1414
1515000,q_lt_q20,1692
1516350,q_lt_q20,1919
1516500,q_lt_q20,1493
1518000,q_lt_q20,1680
1518420,q_lt_q20,1671
1518700,q_lt_q20,1784
1518862,q_lt_q20,1531
1519200,q_lt_q20,1815
1520000,q_lt_q20,1526
1520500,q_lt_q20,1422
1521500,q_lt_q20,1708
1523500,q_lt_q20,1492
1524500,q_lt_q20,1936
1525500,q_lt_q20,1258
1525981,q_lt_q20,1379
1526500,q_lt_q20,1705
1527500,q_lt_q20,2045
1529500,q_lt_q20,1577
1529950,q_lt_q20,2183
1530332,q_lt_q20,1955
1531000,q_lt_q20,1865
1531250,q_lt_q20,1389
1531325,q_lt_q20,1577
1531500,q_lt_q20,2088
1531908,q_lt_q20,1696
1532000,q_lt_q20,1244
1533400,q_lt_q20,1761
1534000,q_lt_q20,1540
1534300,q_lt_q20,1277
1534500,q_lt_q20,1633
1534860,q_lt_q20,1487
1536000,q_lt_q20,1246
1536500,q_lt_q20,1525
1538000,q_lt_q20,1287
1538700,q_lt_q20,
1539000,q_lt_q20,1183
1540500,q_lt_q20,
1541000,q_lt_q20,977
1541200,q_lt_q20,1153
1541303,q_lt_q20,1348
1541500,q_lt_q20,875
1542500,q_lt_q20,1317
1542810,q_lt_q20,1152
1543000,q_lt_q20,1631
1543500,q_lt_q20,1378
1543693,q_lt_q20,934
1543700,q_lt_q20,1066
1544000,q_lt_q20,1529
1544500,q_lt_q20,1116
1545000,q_lt_q20,1003
1545500,q_lt_q20,1785
1545600,q_lt_q20,1119
1546400,q_lt_q20,1612
1546500,q_lt_q20,948
1547100,q_lt_q20,1103
1547200,q_lt_q20,1153
1547500,q_lt_q20,2000
1547700,q_lt_q20,1638
1547950,q_lt_q20,1046
1548005,q_lt_q20,1358
1548500,q_lt_q20,1094
1549500,q_lt_q20,1349
1549700,q_lt_q20,1392
1549760,q_lt_q20,1424
1550000,q_lt_q20,1221
1551500,q_lt_q20,1985
1552000,q_lt_q20,1482
1552500,q_lt_q20,876
1553025,q_lt_q20,
1553500,q_lt_q20,1332
1553700,q_lt_q20,1327
1553850,q_lt_q20,1439
1554000,q_lt_q20,
1555000,q_lt_q20,739
1555500,q_lt_q20,689
1556000,q_lt_q20,1023
1557500,q_lt_q20,1116
1558000,q_lt_q20,1239
1559000,q_lt_q20,1245
1560000,q_lt_q20,1049
1562000,q_lt_q20,872
1563200,q_lt_q20,1375
1563500,q_lt_q20,1270
1564500,q_lt_q20,1076
1564512,q_lt_q20,1162
1564895,q_lt_q20,1294
1565000,q_lt_q20,1643
1566000,q_lt_q20,1336
1567000,q_lt_q20,
1567500,q_lt_q20,1601
1568000,q_lt_q20,1036
1570000,q_lt_q20,918
1570500,q_lt_q20,1336
1571005,q_lt_q20,1005
1571184,q_lt_q20,1967
1571500,q_lt_q20,918
1572025,q_lt_q20,1189
1572190,q_lt_q20,1504
1573000,q_lt_q20,1171
1573160,q_lt_q20,807
1573560,q_lt_q20,1083
1573660,q_lt_q20,1068
1573695,q_lt_q20,1031
1573710,q_lt_q20,899
1573825,q_lt_q20,908
1573849,q_lt_q20,1054
1574000,q_lt_q20,780
1575500,q_lt_q20,909
1575598,q_lt_q20,1046
1576000,q_lt_q20,
1576007,q_lt_q20,1025
1576045,q_lt_q20,1095
1576500,q_lt_q20,973
1576754,q_lt_q20,1030
1576767,q_lt_q20,846
1576787,q_lt_q20,702
1577500,q_lt_q20,1235
1578475,q_lt_q20,1107
1601000,q_lt_q20,1123
1604500,q_lt_q20,1198
1605500,q_lt_q20,1451
1606000,q_lt_q20,1341
1606500,q_lt_q20,1447
1607500,q_lt_q20,1366
1608000,q_lt_q20,1478
1608500,q_lt_q20,1557
1610400,q_lt_q20,1493
1611500,q_lt_q20,1324
1613030,q_lt_q20,1338
1613050,q_lt_q20,751
1613900,q_lt_q20,1054
1614000,q_lt_q20,1110
1615000,q_lt_q20,1147
1616100,q_lt_q20,1027
1616400,q_lt_q20,1147
1616425,q_lt_q20,742
1616500,q_lt_q20,1094
1617000,q_lt_q20,1249
1618100,q_lt_q20,846
1620500,q_lt_q20,1476
1621050,q_lt_q20,2090
1622000,q_lt_q20,1872
1625000,q_lt_q20,1986
1626000,q_lt_q20,1269
1626850,q_lt_q20,1518
1627500,q_lt_q20,1537
1628500,q_lt_q20,2110
1629500,q_lt_q20,1413
1631000,q_lt_q20,
1632000,q_lt_q20,1232
1632082,q_lt_q20,1416
1632900,q_lt_q20,1460
1633000,q_lt_q20,1701
1634000,q_lt_q20,1356
1634500,q_lt_q20,1162
1635500,q_lt_q20,1210
1636316,q_lt_q20,1079
1636464,q_lt_q20,1031
1636500,q_lt_q20,1201
1636690,q_lt_q20,1073
1638350,q_lt_q20,1101
1638420,q_lt_q20,1076
1638480,q_lt_q20,973
1643500,q_lt_q20,1197
1643590,q_lt_q20,1199
1643700,q_lt_q20,1198
1643805,q_lt_q20,951
1643880,q_lt_q20,898
1644000,q_lt_q20,830
1644280,q_lt_q20,929
1645704,q_lt_q20,1287
1645762,q_lt_q20,1163
1646000,q_lt_q20,1146
1646305,q_lt_q20,1361
1652500,q_lt_q20,1965
1653000,q_lt_q20,1399
1654000,q_lt_q20,1074
1656000,q_lt_q20,890
1656903,q_lt_q20,1732
1658500,q_lt_q20,1267
1660400,q_lt_q20,1230
1662800,q_lt_q20,1064
1663500,q_lt_q20,1498
1664000,q_lt_q20,1031
1665500,q_lt_q20,1844
1666500,q_lt_q20,1864
1667500,q_lt_q20,1185
1668000,q_lt_q20,955
1669000,q_lt_q20,1008
1669520,q_lt_q20,1423
1670400,q_lt_q20,1277
1671020,q_lt_q20,1629
1671100,q_lt_q20,1138
1672500,q_lt_q20,1015
1673000,q_lt_q20,1905
1673550,q_lt_q20,1079
1673800,q_lt_q20,1120
1674000,q_lt_q20,1827
1674182,q_lt_q20,1487
1674500,q_lt_q20,1234
2011400,q_lt_q20,1587
2011460,q_lt_q20,1275
2011470,q_lt_q20,1601
2011490,q_lt_q20,1300
2011500,q_lt_q20,1659
2011800,q_lt_q20,1577
2013000,q_lt_q20,1648
2013100,q_lt_q20,1502
2014000,q_lt_q20,1403
2015700,q_lt_q20,1294
2016000,q_lt_q20,1571
2016500,q_lt_q20,1311
2017500,q_lt_q20,1706
2018000,q_lt_q20,1624
2018500,q_lt_q20,1150
2019500,q_lt_q20,1797
2020500,q_lt_q20,1543
2021500,q_lt_q20,1436
2022500,q_lt_q20,1507
2024000,q_lt_q20,1298
2024752,q_lt_q20,1529
2024915,q_lt_q20,1263
2025500,q_lt_q20,1867
2025652,q_lt_q20,1683
2026000,q_lt_q20,1576
2027000,q_lt_q20,1976
2027500,q_lt_q20,1828
2028500,q_lt_q20,1607
2029000,q_lt_q20,1240
2030000,q_lt_q20,1163
2030500,q_lt_q20,1635
2031000,q_lt_q20,1784
2032250,q_lt_q20,1753
2032640,q_lt_q20,1245
2034000,q_lt_q20,1339
2035000,q_lt_q20,1042
2036500,q_lt_q20,1489
2037000,q_lt_q20,1443
2037500,q_lt_q20,
2038850,q_lt_q20,1669
2039000,q_lt_q20,2028
2039500,q_lt_q20,1214
2040000,q_lt_q20,840
2040892,q_lt_q20,907
2041000,q_lt_q20,962
2041650,q_lt_q20,1061
2042500,q_lt_q20,1274
2044500,q_lt_q20,656
2045320,q_lt_q20,907
2045500,q_lt_q20,1446
2046000,q_lt_q20,685
2047000,q_lt_q20,1337
2047500,q_lt_q20,1434
2047783,q_lt_q20,1407
2049500,q_lt_q20,1452
2051000,q_lt_q20,841
2051190,q_lt_q20,1118
2051500,q_lt_q20,741
2052000,q_lt_q20,1202
2052090,q_lt_q20,1521
2053800,q_lt_q20,1151
2054500,q_lt_q20,1283
2054530,q_lt_q20,1477
2055000,q_lt_q20,1271
2055100,q_lt_q20,1342
2056000,q_lt_q20,1378
2056650,q_lt_q20,1496
2056900,q_lt_q20,1462
2058400,q_lt_q20,1812
2059500,q_lt_q20,1870
2060500,q_lt_q20,1832
2061500,q_lt_q20,2329
2062500,q_lt_q20,1351
2064000,q_lt_q20,1501
2065500,q_lt_q20,1316
2066000,q_lt_q20,1124
2069700,q_lt_q20,1507
2070000,q_lt_q20,1714
2071530,q_lt_q20,1529
2072000,q_lt_q20,1616
2072500,q_lt_q20,1434
2073000,q_lt_q20,1469
2074500,q_lt_q20,1162
2075045,q_lt_q20,1415
2075500,q_lt_q20,1366
2076000,q_lt_q20,924
2077000,q_lt_q20,1310
2079640,q_lt_q20,1208
2086849,q_lt_q20,1119
2090504,q_lt_q20,1220
2091814,q_lt_q20,1440
2097280,q_lt_q20,944
2097386,q_lt_q20,1052
2098206,q_lt_q20,912
2102907,q_lt_q20,1033
2108000,q_lt_q20,1246
2123500,q_lt_q20,925
2123629,q_lt_q20,1300
2145910,q_lt_q20,1279
2147500,q_lt_q20,940
2168810,q_lt_q20,1508
2171500,q_lt_q20,1703
2174000,q_lt_q20,887
2175025,q_lt_q20,1076
2175500,q_lt_q20,1489
2176930,q_lt_q20,2509
2177000,q_lt_q20,2325
2180400,q_lt_q20,2283
2181350,q_lt_q20,3037
2181580,q_lt_q20,2449
2185010,q_lt_q20,2507
2186645,q_lt_q20,1928
2191227,q_lt_q20,2123
2191300,q_lt_q20,1123
2192000,q_lt_q20,937
2193340,q_lt_q20,1071
2193500,q_lt_q20,1109
2195320,q_lt_q20,813
2197020,q_lt_q20,1189
2197598,q_lt_q20,1092
2197830,q_lt_q20,1155
2198000,q_lt_q20,1003
2198100,q_lt_q20,1284
2198690,q_lt_q20,1176
2200120,q_lt_q20,1257
2201000,q_lt_q20,2735
2202190,q_lt_q20,1412
2202500,q_lt_q20,1138
2202600,q_lt_q20,1123
2202680,q_lt_q20,1131
2203000,q_lt_q20,1043
2203518,q_lt_q20,1187
2203557,q_lt_q20,1203
2203831,q_lt_q20,1379
2203863,q_lt_q20,1333
2203873,q_lt_q20,1501
2203900,q_lt_q20,1456
2203950,q_lt_q20,1237
2203960,q_lt_q20,1288
2204037,q_lt_q20,1191
2204070,q_lt_q20,1193
2204130,q_lt_q20,991
2204285,q_lt_q20,1268
2205865,q_lt_q20,1936
2206500,q_lt_q20,1398
2207120,q_lt_q20,1425
2207135,q_lt_q20,1379
2207160,q_lt_q20,1335
2207220,q_lt_q20,1262
2207335,q_lt_q20,1536
2207385,q_lt_q20,1202
2207400,q_lt_q20,1192
2207418,q_lt_q20,1382
2207448,q_lt_q20,1144
2208000,q_lt_q20,1494
2208150,q_lt_q20,1977
2208450,q_lt_q20,1162
2208485,q_lt_q20,958
2208487,q_lt_q20,1322
2208493,q_lt_q20,1197
2209000,q_lt_q20,958
2209360,q_lt_q20,1018
2210500,q_lt_q20,1278
2211800,q_lt_q20,665
2212600,q_lt_q20,976
2212735,q_lt_q20,893
2213000,q_lt_q20,1419
2213500,q_lt_q20,1414
2214075,q_lt_q20,1231
2214590,q_lt_q20,1259
2215000,q_lt_q20,1254
2215100,q_lt_q20,2535
2215260,q_lt_q20,1859
2215500,q_lt_q20,1592
2216180,q_lt_q20,1990
2217274,q_lt_q20,2248
2217297,q_lt_q20,1516
2217475,q_lt_q20,1838
2217500,q_lt_q20,1499
2217615,q_lt_q20,2024
2217643,q_lt_q20,2132
2217770,q_lt_q20,1543
2218300,q_lt_q20,1864
2218900,q_lt_q20,1109
2219000,q_lt_q20,1045
2220788,q_lt_q20,976
2220900,q_lt_q20,979
2223000,q_lt_q20,914
2223056,q_lt_q20,1529
2223110,q_lt_q20,1533
2223190,q_lt_q20,1517
2223248,q_lt_q20,1610
2223360,q_lt_q20,1266
2223500,q_lt_q20,1801
2224500,q_lt_q20,1466
2224940,q_lt_q20,1842
2225000,q_lt_q20,1638
2225270,q_lt_q20,1265
2225500,q_lt_q20,997
2226000,q_lt_q20,1252
2226500,q_lt_q20,1027
2227270,q_lt_q20,1188
2227500,q_lt_q20,971
2228000,q_lt_q20,1010
2228500,q_lt_q20,732
2231000,q_lt_q20,794
2231291,q_lt_q20,
2231322,q_lt_q20,622
2231342,q_lt_q20,181
2231396,q_lt_q20,313
2231600,q_lt_q20,592
2232000,q_lt_q20,1027
2232155,q_lt_q20,944
2232200,q_lt_q20,589
2232400,q_lt_q20,645
2232500,q_lt_q20,714
2233475,q_lt_q20,897
2233484,q_lt_q20,799
2233500,q_lt_q20,802
2234000,q_lt_q20,
2234308,q_lt_q20,645
2234324,q_lt_q20,347
2234344,q_lt_q20,694
2234384,q_lt_q20,533
2234400,q_lt_q20,758
2234435,q_lt_q20,691
2234500,q_lt_q20,
2234990,q_lt_q20,310
2235000,q_lt_q20,1018
2235200,q_lt_q20,513
2235500,q_lt_q20,810
2236000,q_lt_q20,761
2236125,q_lt_q20,250
2236160,q_lt_q20,750
2236350,q_lt_q20,416
2236500,q_lt_q20,934
2236605,q_lt_q20,658
2236900,q_lt_q20,
2237293,q_lt_q20,847
2237734,q_lt_q20,417
2238500,q_lt_q20,1024
2239000,q_lt_q20,791
2239501,q_lt_q20,803
2240000,q_lt_q20,660
2240500,q_lt_q20,550
2243000,q_lt_q20,840
2243960,q_lt_q20,1064
2244040,q_lt_q20,
2244333,q_lt_q20,648
2244440,q_lt_q20,942
2245260,q_lt_q20,845
2245500,q_lt_q20,512
2246000,q_lt_q20,462
2246160,q_lt_q20,803
2246318,q_lt_q20,825
2246459,q_lt_q20,1080
2246500,q_lt_q20,
2246515,q_lt_q20,841
2246518,q_lt_q20,1194
2246621,q_lt_q20,1344
2246751,q_lt_q20,940
2246804,q_lt_q20,1343
2246825,q_lt_q20,
2247510,q_lt_q20,715
2248000,q_lt_q20,1359
2249007,q_lt_q20,1287
2249500,q_lt_q20,1137
2250030,q_lt_q20,575
2251000,q_lt_q20,32
2251500,q_lt_q20,277
2251767,q_lt_q20,119
2252500,q_lt_q20,766
2253000,q_lt_q20,1484
2255600,q_lt_q20,609
2258800,q_lt_q20,115
2262900,q_lt_q20,37
2263800,q_lt_q20,242
2264000,q_lt_q20,264
2264003,q_lt_q20,190
2264030,q_lt_q20,310
2264051,q_lt_q20,418
2264060,q_lt_q20,521
2264100,q_lt_q20,296
2264141,q_lt_q20,109
2264495,q_lt_q20,470
2266025,q_lt_q20,816
2266200,q_lt_q20,1611
2266291,q_lt_q20,387
2266293,q_lt_q20,429
2266295,q_lt_q20,1097
2266300,q_lt_q20,286
2266480,q_lt_q20,897
2266496,q_lt_q20,353
2266500,q_lt_q20,345
2268390,q_lt_q20,716
2269520,q_lt_q20,356
2270000,q_lt_q20,1124
2270500,q_lt_q20,650
2271500,q_lt_q20,814
2272650,q_lt_q20,1369
2272676,q_lt_q20,1025
2273230,q_lt_q20,860
2273630,q_lt_q20,562
2274005,q_lt_q20,264
2274010,q_lt_q20,293
2274325,q_lt_q20,316
2274490,q_lt_q20,102
2274505,q_lt_q20,374
2275197,q_lt_q20,1171
2287497,q_lt_q20,307
2289035,q_lt_q20,137
2289080,q_lt_q20,135
2290767,q_lt_q20,74
2291001,q_lt_q20,184
2291580,q_lt_q20,399
2291597,q_lt_q20,692
2291669,q_lt_q20,835
2291673,q_lt_q20,921
2291710,q_lt_q20,841
2292900,q_lt_q20,16
2293230,q_lt_q20,611
2293262,q_lt_q20,255
2293987,q_lt_q20,543
2294161,q_lt_q20,419
2294217,q_lt_q20,432
2294261,q_lt_q20,631
2294290,q_lt_q20,796
2294330,q_lt_q20,925
2294405,q_lt_q20,723
2294650,q_lt_q20,289
2294655,q_lt_q20,773
2294747,q_lt_q20,407
2294759,q_lt_q20,469
2294760,q_lt_q20,481
2294775,q_lt_q20,421
2294781,q_lt_q20,138
2294898,q_lt_q20,562
2295013,q_lt_q20,915
2295163,q_lt_q20,860
2295194,q_lt_q20,782
2295420,q_lt_q20,574
2295580,q_lt_q20,408
2295637,q_lt_q20,579
2296260,q_lt_q20,818
2296500,q_lt_q20,936
2296750,q_lt_q20,306
2297100,q_lt_q20,224
2297155,q_lt_q20,400
2297251,q_lt_q20,0
2297310,q_lt_q20,463
2297600,q_lt_q20,531
2298110,q_lt_q20,321
2298123,q_lt_q20,62
2298202,q_lt_q20,14
2298488,q_lt_q20,658
2298492,q_lt_q20,597
2298495,q_lt_q20,277
2298527,q_lt_q20,314
2298530,q_lt_q20,755
2298554,q_lt_q20,291
2298608,q_lt_q20,115
2298760,q_lt_q20,853
2298830,q_lt_q20,98
2298880,q_lt_q20,19
2299260,q_lt_q20,0
2299410,q_lt_q20,85
2299450,q_lt_q20,0
2299472,q_lt_q20,69
2299861,q_lt_q20,877
2299950,q_lt_q20,310
2300017,q_lt_q20,511
2300018,q_lt_q20,165
2300033,q_lt_q20,94
2300042,q_lt_q20,103
2300075,q_lt_q20,148
2300082,q_lt_q20,343
2300100,q_lt_q20,182
2300210,q_lt_q20,256
2300300,q_lt_q20,387
2300500,q_lt_q20,599
2300700,q_lt_q20,267
2300882,q_lt_q20,456
2301000,q_lt_q20,436
2301150,q_lt_q20,1035
2301300,q_lt_q20,448
2301500,q_lt_q20,602
2301718,q_lt_q20,345
2301738,q_lt_q20,168
2301740,q_lt_q20,117
2301745,q_lt_q20,407
2301750,q_lt_q20,456
2301793,q_lt_q20,271
2301900,q_lt_q20,584
2301990,q_lt_q20,201
2302010,q_lt_q20,369
2302500,q_lt_q20,258
2303000,q_lt_q20,473
2303205,q_lt_q20,314
2303330,q_lt_q20,540
2303348,q_lt_q20,464
2303350,q_lt_q20,328
2303400,q_lt_q20,462
2303410,q_lt_q20,619
2303420,q_lt_q20,409
2303800,q_lt_q20,264
2304000,q_lt_q20,0
2304500,q_lt_q20,20
2305851,q_lt_q20,1046
2306500,q_lt_q20,427
2306647,q_lt_q20,246
2306774,q_lt_q20,348
2306950,q_lt_q20,234
2307000,q_lt_q20,844
2307200,q_lt_q20,563
2307323,q_lt_q20,938
2307359,q_lt_q20,474
2307445,q_lt_q20,581
2307498,q_lt_q20,688
2307668,q_lt_q20,1017
2307674,q_lt_q20,647
2307780,q_lt_q20,2160
2308950,q_lt_q20,1799
2309415,q_lt_q20,1992
2309421,q_lt_q20,662
2309447,q_lt_q20,1541
2309740,q_lt_q20,595
2310000,q_lt_q20,291
2310280,q_lt_q20,384
2310286,q_lt_q20,538
2310288,q_lt_q20,637
2310300,q_lt_q20,608
2310308,q_lt_q20,351
2310525,q_lt_q20,720
2310678,q_lt_q20,380
2310688,q_lt_q20,506
2310740,q_lt_q20,564
2310743,q_lt_q20,551
2310947,q_lt_q20,258
2311500,q_lt_q20,416
2312000,q_lt_q20,453
2312180,q_lt_q20,741
2312200,q_lt_q20,441
2312300,q_lt_q20,458
2312500,q_lt_q20,445
2312558,q_lt_q20,438
2312598,q_lt_q20,597
2312600,q_lt_q20,420
2312640,q_lt_q20,722
2312645,q_lt_q20,1525
2312667,q_lt_q20,465
2312675,q_lt_q20,548
2312700,q_lt_q20,382
2312720,q_lt_q20,135
2312722,q_lt_q20,615
2312762,q_lt_q20,118
2312764,q_lt_q20,442
2313000,q_lt_q20,145
2313098,q_lt_q20,300
2313100,q_lt_q20,493
2313230,q_lt_q20,493
2313250,q_lt_q20,263
2313700,q_lt_q20,442
2314500,q_lt_q20,1247
2315500,q_lt_q20,1013
2315550,q_lt_q20,710
2316000,q_lt_q20,1418
2317500,q_lt_q20,1604
2317620,q_lt_q20,1363
2317797,q_lt_q20,1458
2318000,q_lt_q20,1460
2318380,q_lt_q20,1098
2318500,q_lt_q20,1286
2319000,q_lt_q20,1062
2319302,q_lt_q20,898
2319394,q_lt_q20,1036
2319500,q_lt_q20,1043
2319800,q_lt_q20,724
2319950,q_lt_q20,622
2320000,q_lt_q20,750
2320700,q_lt_q20,760
2321000,q_lt_q20,777
2321500,q_lt_q20,690
2321898,q_lt_q20,693
2321958,q_lt_q20,1005
2322500,q_lt_q20,388
2322688,q_lt_q20,869
2322700,q_lt_q20,616
2322800,q_lt_q20,408
2323000,q_lt_q20,575
2323500,q_lt_q20,665
2323502,q_lt_q20,590
2323566,q_lt_q20,609
2324000,q_lt_q20,103
2324400,q_lt_q20,644
2325000,q_lt_q20,186
2326000,q_lt_q20,162
2326500,q_lt_q20,808
2326526,q_lt_q20,746
2326900,q_lt_q20,677
2327033,q_lt_q20,1225
2327100,q_lt_q20,977
2327355,q_lt_q20,1130
2328522,q_lt_q20,1151
2329000,q_lt_q20,1267
2329342,q_lt_q20,1034
2329500,q_lt_q20,1158
2329600,q_lt_q20,1227
2330000,q_lt_q20,1042
2330100,q_lt_q20,1189
2330150,q_lt_q20,1138
2330400,q_lt_q20,1318
2330450,q_lt_q20,2165
2331000,q_lt_q20,2028
2331600,q_lt_q20,2011
2333500,q_lt_q20,2850
2334430,q_lt_q20,2133
2334480,q_lt_q20,2341
2334578,q_lt_q20,2109
2334620,q_lt_q20,2067
2334653,q_lt_q20,2323
2335000,q_lt_q20,2030
2335450,q_lt_q20,2034
2335580,q_lt_q20,2184
2335757,q_lt_q20,1926
2335790,q_lt_q20,1847
2335815,q_lt_q20,
2335910,q_lt_q20,1999
2336030,q_lt_q20,1779
2336106,q_lt_q20,2115
2336120,q_lt_q20,1527
2336152,q_lt_q20,1629
2336240,q_lt_q20,1366
2336300,q_lt_q20,1276
2336340,q_lt_q20,1591
2336360,q_lt_q20,1360
2336410,q_lt_q20,1469
2336526,q_lt_q20,1617
2336728,q_lt_q20,1883
2336840,q_lt_q20,1703
2336870,q_lt_q20,1586
2336910,q_lt_q20,1441
2336968,q_lt_q20,1798
2336986,q_lt_q20,1551
2337000,q_lt_q20,1830
2337040,q_lt_q20,1721
2337170,q_lt_q20,1456
2337410,q_lt_q20,1806
2337498,q_lt_q20,1700
2337500,q_lt_q20,1580
2338000,q_lt_q20,1619
2338500,q_lt_q20,1406
2338523,q_lt_q20,1344
2338660,q_lt_q20,1248
2338840,q_lt_q20,1100
2339495,q_lt_q20,1153
2339500,q_lt_q20,1213
2341460,q_lt_q20,1293
2342500,q_lt_q20,1097
2342850,q_lt_q20,1256
2342881,q_lt_q20,1588
2343225,q_lt_q20,1192
2343940,q_lt_q20,956
2344143,q_lt_q20,1593
2344350,q_lt_q20,1081
2344396,q_lt_q20,937
2344424,q_lt_q20,1665
2344478,q_lt_q20,1182
2344500,q_lt_q20,2091
2344605,q_lt_q20,782
2344620,q_lt_q20,1111
2344655,q_lt_q20,1224
2344673,q_lt_q20,1071
2344700,q_lt_q20,1250
2344872,q_lt_q20,1035
2346180,q_lt_q20,1360
2346310,q_lt_q20,1163
2347500,q_lt_q20,797
2349605,q_lt_q20,1370
2349900,q_lt_q20,1074
2350512,q_lt_q20,1362
2350600,q_lt_q20,1578
2350900,q_lt_q20,1563
2351500,q_lt_q20,1791
2351890,q_lt_q20,1197
2352500,q_lt_q20,1643
2353000,q_lt_q20,1357
2353265,q_lt_q20,1255
2353400,q_lt_q20,1101
2353500,q_lt_q20,1234
2354350,q_lt_q20,1469
2354475,q_lt_q20,1515
2354500,q_lt_q20,1400
2354800,q_lt_q20,1241
2355350,q_lt_q20,1124
2355662,q_lt_q20,1911
2356000,q_lt_q20,1606
2357000,q_lt_q20,1216
2357150,q_lt_q20,1645
2358000,q_lt_q20,
2358700,q_lt_q20,1106
2358789,q_lt_q20,924
2359000,q_lt_q20,931
2359170,q_lt_q20,1410
2359500,q_lt_q20,1042
2361000,q_lt_q20,1269
2361500,q_lt_q20,1601
2363000,q_lt_q20,2191
2364500,q_lt_q20,1842
2365200,q_lt_q20,1481
2365470,q_lt_q20,922
2365500,q_lt_q20,1717
2365769,q_lt_q20,1242
2366000,q_lt_q20,1034
2366500,q_lt_q20,1068
2366996,q_lt_q20,824
2367900,q_lt_q20,1191
2368000,q_lt_q20,1138
2368500,q_lt_q20,1039
2369000,q_lt_q20,1147
2369800,q_lt_q20,1466
2370000,q_lt_q20,1139
2370500,q_lt_q20,1207
2371500,q_lt_q20,1795
2372250,q_lt_q20,1982
2373000,q_lt_q20,1351
2374250,q_lt_q20,1486
2374500,q_lt_q20,1726
2374700,q_lt_q20,1158
2374745,q_lt_q20,1456
2374950,q_lt_q20,1291
2375500,q_lt_q20,1475
2376033,q_lt_q20,1448
2376100,q_lt_q20,1624
2376115,q_lt_q20,1511
2376293,q_lt_q20,1639
2376500,q_lt_q20,1525
2377570,q_lt_q20,1398
2379500,q_lt_q20,2288
2380500,q_lt_q20,2233
2381090,q_lt_q20,2316
2381600,q_lt_q20,1860
2382500,q_lt_q20,1819
2383500,q_lt_q20,1506
2384500,q_lt_q20,1549
2384540,q_lt_q20,2527
2385170,q_lt_q20,1568
2385500,q_lt_q20,1761
2385800,q_lt_q20,1858
2387000,q_lt_q20,1720
2387500,q_lt_q20,1545
2387600,q_lt_q20,1330
2388320,q_lt_q20,1793
2388350,q_lt_q20,1627
2388500,q_lt_q20,1509
2388975,q_lt_q20,2339
2389150,q_lt_q20,1980
2390000,q_lt_q20,2151
2390050,q_lt_q20,2050
2390140,q_lt_q20,1855
2391540,q_lt_q20,2042
2391840,q_lt_q20,2192
2391860,q_lt_q20,1932
2392000,q_lt_q20,1636
2392360,q_lt_q20,1968
2392780,q_lt_q20,1722
2392920,q_lt_q20,1459
2392950,q_lt_q20,1842
2392975,q_lt_q20,1747
2393377,q_lt_q20,2167
2393419,q_lt_q20,1962
2394000,q_lt_q20,2027
2394670,q_lt_q20,1519
2394682,q_lt_q20,2461
2394820,q_lt_q20,1509
2395000,q_lt_q20,1678
2395120,q_lt_q20,1513
2395980,q_lt_q20,1742
2397000,q_lt_q20,1939
2397530,q_lt_q20,2018
2398000,q_lt_q20,1395
2398300,q_lt_q20,1860
2399200,q_lt_q20,2014
2400100,q_lt_q20,1233
2400680,q_lt_q20,1353
2401000,q_lt_q20,1649
2401390,q_lt_q20,1058
2401895,q_lt_q20,929
2403310,q_lt_q20,1067
2404400,q_lt_q20,1753
2405500,q_lt_q20,2670
2406500,q_lt_q20,1897
2406930,q_lt_q20,926
2407000,q_lt_q20,
2407514,q_lt_q20,1007
2408150,q_lt_q20,959
2408540,q_lt_q20,1647
2411930,q_lt_q20,1777
2412000,q_lt_q20,1689
2413000,q_lt_q20,1669
2413210,q_lt_q20,1033
2413300,q_lt_q20,1286
2414500,q_lt_q20,1134
2414715,q_lt_q20,2051
2415000,q_lt_q20,1419
2418230,q_lt_q20,1215
2418760,q_lt_q20,1476
2419000,q_lt_q20,1355
2419890,q_lt_q20,1679
2420000,q_lt_q20,2548
2421000,q_lt_q20,2166
2422500,q_lt_q20,1565
2423130,q_lt_q20,1109
2423160,q_lt_q20,1012
2423380,q_lt_q20,929
2423397,q_lt_q20,907
2423400,q_lt_q20,1342
2423414,q_lt_q20,1500
2423425,q_lt_q20,1147
2423496,q_lt_q20,1186
2423500,q_lt_q20,1443
2423555,q_lt_q20,820
2423571,q_lt_q20,1325
2423630,q_lt_q20,1787
2424000,q_lt_q20,2033
2425000,q_lt_q20,1760
2427250,q_lt_q20,1700
2428400,q_lt_q20,
2430085,q_lt_q20,1713
2430680,q_lt_q20,1334
2430880,q_lt_q20,1345
2431000,q_lt_q20,1912
2432500,q_lt_q20,3553
2433500,q_lt_q20,2225
2436500,q_lt_q20,1543
2438000,q_lt_q20,1313
2439400,q_lt_q20,1689
2442500,q_lt_q20,1299
2443500,q_lt_q20,3620
2444160,q_lt_q20,2666
2446500,q_lt_q20,1652
2447025,q_lt_q20,2530
2448000,q_lt_q20,1731
2448500,q_lt_q20,2497
2448900,q_lt_q20,2295
2449838,q_lt_q20,2114
2449882,q_lt_q20,1911
2450000,q_lt_q20,1502
2450180,q_lt_q20,956
2450250,q_lt_q20,1737
2450825,q_lt_q20,1203
2453000,q_lt_q20,1139
2453500,q_lt_q20,1242
2454000,q_lt_q20,919
2455000,q_lt_q20,1837
2455185,q_lt_q20,1221
2455980,q_lt_q20,1014
2456000,q_lt_q20,1909
2456500,q_lt_q20,1017
2457595,q_lt_q20,812
2457704,q_lt_q20,1221
2458190,q_lt_q20,982
2458450,q_lt_q20,932
2458502,q_lt_q20,1202
2458600,q_lt_q20,965
2461192,q_lt_q20,945
2461500,q_lt_q20,1047
2462000,q_lt_q20,811
2464000,q_lt_q20,789
2465000,q_lt_q20,
2465292,q_lt_q20,2495
2465493,q_lt_q20,1552
2467000,q_lt_q20,2136
2467500,q_lt_q20,1438
2469525,q_lt_q20,1513
2469761,q_lt_q20,
2469800,q_lt_q20,2067
2470072,q_lt_q20,1505
2471001,q_lt_q20,2037
2472000,q_lt_q20,1740
2472500,q_lt_q20,1522
2472850,q_lt_q20,1813
2472980,q_lt_q20,1598
2473000,q_lt_q20,1491
2474560,q_lt_q20,1721
2475000,q_lt_q20,2157
2475500,q_lt_q20,1941
2476500,q_lt_q20,2523
2476600,q_lt_q20,2426
2477000,q_lt_q20,1996
2477045,q_lt_q20,1824
2478500,q_lt_q20,2164
2479000,q_lt_q20,2493
2479130,q_lt_q20,1819
2479155,q_lt_q20,2048
2479300,q_lt_q20,1744
2479945,q_lt_q20,1690
2479980,q_lt_q20,1829
2480002,q_lt_q20,1698
2480020,q_lt_q20,1975
2481880,q_lt_q20,2096
2482000,q_lt_q20,1355
2482470,q_lt_q20,1738
2482550,q_lt_q20,2129
2483000,q_lt_q20,1863
2483500,q_lt_q20,2176
2484000,q_lt_q20,1686
2484500,q_lt_q20,2087
2485735,q_lt_q20,2277
2486000,q_lt_q20,4146
2487500,q_lt_q20,1533
2488500,q_lt_q20,1748
2489000,q_lt_q20,1850
2489500,q_lt_q20,2415
2490500,q_lt_q20,2045
2492000,q_lt_q20,2369
2492343,q_lt_q20,1911
2492360,q_lt_q20,2393
3007800,q_lt_q20,2234
3010500,q_lt_q20,1810
3010655,q_lt_q20,1972
3010820,q_lt_q20,2208
3011020,q_lt_q20,1851
3011800,q_lt_q20,1104
3012550,q_lt_q20,1097
3014500,q_lt_q20,1712
3015000,q_lt_q20,1735
3015310,q_lt_q20,1208
3015500,q_lt_q20,1239
3016000,q_lt_q20,1223
3017500,q_lt_q20,1111
3020000,q_lt_q20,836
3020500,q_lt_q20,1170
3021350,q_lt_q20,1195
3021520,q_lt_q20,1368
3022540,q_lt_q20,1075
3022554,q_lt_q20,1379
3023100,q_lt_q20,1443
3024000,q_lt_q20,1272
3025500,q_lt_q20,1472
3026480,q_lt_q20,1132
3026500,q_lt_q20,876
3027500,q_lt_q20,858
3028000,q_lt_q20,1329
3028500,q_lt_q20,1178
3029000,q_lt_q20,1078
3029500,q_lt_q20,897
3030500,q_lt_q20,945
3031500,q_lt_q20,
3031882,q_lt_q20,1128
3032500,q_lt_q20,435
3034000,q_lt_q20,703
3034500,q_lt_q20,658
3036000,q_lt_q20,604
3036500,q_lt_q20,
3038000,q_lt_q20,846
3039000,q_lt_q20,527
3040000,q_lt_q20,1216
3041029,q_lt_q20,1423
3041500,q_lt_q20,838
3042000,q_lt_q20,933
3042280,q_lt_q20,862
3042500,q_lt_q20,932
3044000,q_lt_q20,739
3044810,q_lt_q20,774
3045000,q_lt_q20,818
3047000,q_lt_q20,615
3048500,q_lt_q20,884
3048900,q_lt_q20,642
3049500,q_lt_q20,
3049800,q_lt_q20,827
3049807,q_lt_q20,873
3050000,q_lt_q20,2156
3051000,q_lt_q20,1271
3052000,q_lt_q20,1155
3052120,q_lt_q20,1070
3052500,q_lt_q20,1029
3053500,q_lt_q20,890
3054500,q_lt_q20,1309
3056000,q_lt_q20,1219
3056250,q_lt_q20,1114
3057000,q_lt_q20,1101
3058000,q_lt_q20,1063
3058500,q_lt_q20,1152
3058975,q_lt_q20,1114
3061000,q_lt_q20,1393
3061500,q_lt_q20,1060
3062500,q_lt_q20,1162
3065000,q_lt_q20,1326
3066000,q_lt_q20,1043
3067510,q_lt_q20,1283
3068800,q_lt_q20,1083
3069500,q_lt_q20,1654
3070260,q_lt_q20,1045
3070500,q_lt_q20,859
3072000,q_lt_q20,915
3072655,q_lt_q20,1294
3073000,q_lt_q20,791
3074500,q_lt_q20,838
3077500,q_lt_q20,1006
3079000,q_lt_q20,1016
3080000,q_lt_q20,628
3081000,q_lt_q20,1018
3081500,q_lt_q20,535
3082500,q_lt_q20,1292
3083500,q_lt_q20,885
3085500,q_lt_q20,982
3086000,q_lt_q20,
3090500,q_lt_q20,1934
3091500,q_lt_q20,2175
3092460,q_lt_q20,3690
3093000,q_lt_q20,1762
3094000,q_lt_q20,2206
3094704,q_lt_q20,2073
3095500,q_lt_q20,
3098600,q_lt_q20,2314
3099500,q_lt_q20,1490
3101500,q_lt_q20,1857
3102500,q_lt_q20,1243
3102850,q_lt_q20,1564
3103500,q_lt_q20,1691
3105500,q_lt_q20,1207
3106000,q_lt_q20,848
3106300,q_lt_q20,1209
3106500,q_lt_q20,528
3598185,q_lt_q20,684
3599240,q_lt_q20,672
3599419,q_lt_q20,863
3599500,q_lt_q20,810
3601600,q_lt_q20,1086
3601990,q_lt_q20,1523
3602500,q_lt_q20,1693
3603000,q_lt_q20,1596
3604000,q_lt_q20,1717
3604400,q_lt_q20,2053
3605078,q_lt_q20,1190
3606500,q_lt_q20,1958
3610200,q_lt_q20,2205
3611260,q_lt_q20,4539
3612000,q_lt_q20,1861
3612600,q_lt_q20,
4010500,q_lt_q20,1312
4015438,q_lt_q20,2167
4021520,q_lt_q20,2700
4024000,q_lt_q20,
4024430,q_lt_q20,3705
4025500,q_lt_q20,2455
4026160,q_lt_q20,1780
4026561,q_lt_q20,1804
4026740,q_lt_q20,2060
4027000,q_lt_q20,2038
4027500,q_lt_q20,2809
4031000,q_lt_q20,1727
4033000,q_lt_q20,1595
4037500,q_lt_q20,1903
4040000,q_lt_q20,1748
4040500,q_lt_q20,1761
4041500,q_lt_q20,1969
4043016,q_lt_q20,1033
4043050,q_lt_q20,2487
4043097,q_lt_q20,1444
4044003,q_lt_q20,2249
4044724,q_lt_q20,1599
4045500,q_lt_q20,1681
4056500,q_lt_q20,1725
4057510,q_lt_q20,1215
4057800,q_lt_q20,1553
4057813,q_lt_q20,1310
4057814,q_lt_q20,1655
4058100,q_lt_q20,1340
4058200,q_lt_q20,1525
4059000,q_lt_q20,502
4059500,q_lt_q20,897
4059750,q_lt_q20,923
4060500,q_lt_q20,2287
4060993,q_lt_q20,1645
4062000,q_lt_q20,1708
4062011,q_lt_q20,1901
4062500,q_lt_q20,1479
4063000,q_lt_q20,1505
4063522,q_lt_q20,1944
4063700,q_lt_q20,1514
4064500,q_lt_q20,2268
4065106,q_lt_q20,1658
4065650,q_lt_q20,1976
4065722,q_lt_q20,
4066003,q_lt_q20,1649
4066030,q_lt_q20,1674
4066500,q_lt_q20,1772
4066800,q_lt_q20,1401
4067500,q_lt_q20,1366
4067958,q_lt_q20,2065
4069416,q_lt_q20,1596
4071000,q_lt_q20,1702
4072076,q_lt_q20,2132
4072150,q_lt_q20,2112
4073240,q_lt_q20,2266
4073365,q_lt_q20,2629
4073458,q_lt_q20,2188
4073466,q_lt_q20,1942
4073500,q_lt_q20,2464
4074950,q_lt_q20,2087
4077630,q_lt_q20,1965
4078500,q_lt_q20,2288
4079000,q_lt_q20,2190
4080798,q_lt_q20,1862
4082400,q_lt_q20,3295
4084911,q_lt_q20,2010
4085108,q_lt_q20,2270
4085427,q_lt_q20,1685
4086000,q_lt_q20,2314
4087030,q_lt_q20,2494
4087220,q_lt_q20,2863
4087233,q_lt_q20,2654
4087234,q_lt_q20,2573
4087240,q_lt_q20,2511
4087257,q_lt_q20,2573
4093000,q_lt_q20,2211
4094400,q_lt_q20,2922
4096405,q_lt_q20,1682
4096515,q_lt_q20,1694
4097500,q_lt_q20,2515
4097540,q_lt_q20,3138
4098980,q_lt_q20,3181
4099000,q_lt_q20,2393
4099510,q_lt_q20,3991
4099750,q_lt_q20,3274
4100222,q_lt_q20,4128
4100500,q_lt_q20,3035
4101000,q_lt_q20,3741
4101225,q_lt_q20,3278
4101370,q_lt_q20,3262
4101500,q_lt_q20,2593
4101535,q_lt_q20,2892
4101590,q_lt_q20,3609
4101800,q_lt_q20,2795
4102148,q_lt_q20,2868
4102500,q_lt_q20,2838
4102700,q_lt_q20,3285
4103490,q_lt_q20,2188
4103500,q_lt_q20,2490
4104945,q_lt_q20,2951
4105000,q_lt_q20,2058
4105500,q_lt_q20,2847
4105700,q_lt_q20,3213
4106000,q_lt_q20,2906
4106400,q_lt_q20,3341
4106500,q_lt_q20,3788
4108600,q_lt_q20,3480
4108660,q_lt_q20,3436
4108800,q_lt_q20,3484
4108862,q_lt_q20,3770
4109000,q_lt_q20,1197
4111000,q_lt_q20,1243
4111379,q_lt_q20,2372
4112000,q_lt_q20,1557
4112500,q_lt_q20,2133
4113000,q_lt_q20,1884
4114000,q_lt_q20,4658
4114498,q_lt_q20,2522
4115000,q_lt_q20,4604
4115265,q_lt_q20,3960
4116000,q_lt_q20,3195
4117004,q_lt_q20,3216
4117500,q_lt_q20,3838
4118500,q_lt_q20,3658
4119000,q_lt_q20,3024
4119055,q_lt_q20,2774
4119070,q_lt_q20,3322
4119160,q_lt_q20,2589
4119400,q_lt_q20,4101
4121300,q_lt_q20,2441
4121494,q_lt_q20,2167
4121500,q_lt_q20,2448
4121944,q_lt_q20,3106
4121970,q_lt_q20,3075
4122001,q_lt_q20,3420
4122100,q_lt_q20,5113
4122200,q_lt_q20,3725
4122500,q_lt_q20,2531
4124000,q_lt_q20,2475
4124200,q_lt_q20,3055
4124500,q_lt_q20,2513
4125460,q_lt_q20,2415
4125550,q_lt_q20,2911
4126970,q_lt_q20,2553
4127200,q_lt_q20,2798
4127800,q_lt_q20,2488
4127917,q_lt_q20,4262
4127997,q_lt_q20,3583
4128990,q_lt_q20,3215
4133501,q_lt_q20,1367
4135700,q_lt_q20,2796
4135800,q_lt_q20,2724
4136000,q_lt_q20,2621
4136500,q_lt_q20,2440
4136900,q_lt_q20,3131
4137005,q_lt_q20,2751
4137500,q_lt_q20,2288
4142000,q_lt_q20,2483
4144500,q_lt_q20,2435
4145785,q_lt_q20,3563
4146000,q_lt_q20,3640
4146063,q_lt_q20,3442
4147500,q_lt_q20,2794
4148140,q_lt_q20,3758
4148295,q_lt_q20,3515
4148500,q_lt_q20,2384
4151500,q_lt_q20,2702
4152238,q_lt_q20,4424
4153300,q_lt_q20,4489
4153725,q_lt_q20,3259
4153905,q_lt_q20,4718
4154000,q_lt_q20,5910
4155500,q_lt_q20,4559
4156000,q_lt_q20,3789
4157005,q_lt_q20,2798
4159492,q_lt_q20,3464
4159900,q_lt_q20,3318
4160600,q_lt_q20,3830
4161000,q_lt_q20,4777
4161820,q_lt_q20,2263
4163400,q_lt_q20,2486
4164000,q_lt_q20,2522
4164100,q_lt_q20,3581
4164500,q_lt_q20,2529
4164800,q_lt_q20,2869
4165500,q_lt_q20,2456
4166100,q_lt_q20,2851
4166300,q_lt_q20,3634
4166500,q_lt_q20,2410
4166700,q_lt_q20,4578
4167000,q_lt_q20,2362
4168400,q_lt_q20,2560
4168580,q_lt_q20,2484
4168660,q_lt_q20,1991
4172000,q_lt_q20,3641
4173500,q_lt_q20,3186
4174490,q_lt_q20,3305
4174500,q_lt_q20,3150
4174518,q_lt_q20,3435
4175600,q_lt_q20,2445
4175748,q_lt_q20,2971
4176000,q_lt_q20,2768
4176400,q_lt_q20,3366
4176500,q_lt_q20,938
4177000,q_lt_q20,1502
4177080,q_lt_q20,2502
4177266,q_lt_q20,2411
4177720,q_lt_q20,3317
4178000,q_lt_q20,3045
4179520,q_lt_q20,4042
4180000,q_lt_q20,3287
4180500,q_lt_q20,2664
4180988,q_lt_q20,2216
4181049,q_lt_q20,2021
4181120,q_lt_q20,1766
4181500,q_lt_q20,1997
4182000,q_lt_q20,2191
4182769,q_lt_q20,2520
4182808,q_lt_q20,2658
4182900,q_lt_q20,2373
4182950,q_lt_q20,2066
4183000,q_lt_q20,1969
4183038,q_lt_q20,1847
4183979,q_lt_q20,1691
4184500,q_lt_q20,2958
4185000,q_lt_q20,2645
4185318,q_lt_q20,2183
4185440,q_lt_q20,2880
4185935,q_lt_q20,2289
4186500,q_lt_q20,1656
4187100,q_lt_q20,3038
4188100,q_lt_q20,1626
4188252,q_lt_q20,2805
4188324,q_lt_q20,1855
4188337,q_lt_q20,2333
4188400,q_lt_q20,1744
4188433,q_lt_q20,2090
4188496,q_lt_q20,1989
4189000,q_lt_q20,1716
4189131,q_lt_q20,1592
4189174,q_lt_q20,1882
4189260,q_lt_q20,1740
4191058,q_lt_q20,1411
4191444,q_lt_q20,1475
4191500,q_lt_q20,1638
4192500,q_lt_q20,1665
4192574,q_lt_q20,1747
4192599,q_lt_q20,2334
4193500,q_lt_q20,1618
4193999,q_lt_q20,1647
4195500,q_lt_q20,856
4195820,q_lt_q20,958
4196000,q_lt_q20,1754
4196500,q_lt_q20,1375
4196800,q_lt_q20,1452
4197100,q_lt_q20,1747
4197137,q_lt_q20,1592
4197152,q_lt_q20,1530
4198000,q_lt_q20,1160
4199000,q_lt_q20,1927
4199155,q_lt_q20,1948
4199500,q_lt_q20,1227
4200500,q_lt_q20,1429
4201500,q_lt_q20,1593
4202000,q_lt_q20,2652
4206000,q_lt_q20,1905
4206413,q_lt_q20,2226
4206416,q_lt_q20,1283
4206425,q_lt_q20,2027
4207200,q_lt_q20,1766
4208000,q_lt_q20,2339
4208347,q_lt_q20,1869
4208460,q_lt_q20,1997
4208700,q_lt_q20,1642
4212100,q_lt_q20,1799
4213075,q_lt_q20,1469
4213152,q_lt_q20,1254
4213319,q_lt_q20,1354
4213500,q_lt_q20,1976
4214500,q_lt_q20,1380
4215000,q_lt_q20,1842
4215500,q_lt_q20,1511
4217000,q_lt_q20,2290
4218000,q_lt_q20,1528
4218518,q_lt_q20,1369
4218601,q_lt_q20,1747
4218700,q_lt_q20,1393
4220045,q_lt_q20,1390
4221000,q_lt_q20,2156
4223000,q_lt_q20,1530
4224775,q_lt_q20,1625
4226000,q_lt_q20,2106
4227500,q_lt_q20,1925
4228500,q_lt_q20,2531
4229500,q_lt_q20,2346
4230380,q_lt_q20,1846
4230500,q_lt_q20,1909
4231000,q_lt_q20,1348
4231401,q_lt_q20,1927
4231600,q_lt_q20,
4232034,q_lt_q20,2354
4232050,q_lt_q20,2094
4232482,q_lt_q20,1597
4232730,q_lt_q20,1672
4233255,q_lt_q20,1855
4233300,q_lt_q20,1892
4234000,q_lt_q20,2027
4234254,q_lt_q20,2043
4234398,q_lt_q20,1298
4235000,q_lt_q20,1925
4235250,q_lt_q20,1769
4235299,q_lt_q20,1545
4235440,q_lt_q20,1973
4235600,q_lt_q20,1641
4236800,q_lt_q20,1788
4237496,q_lt_q20,1773
4239000,q_lt_q20,3304
4240010,q_lt_q20,1951
4242640,q_lt_q20,1881
4243500,q_lt_q20,1587
4243783,q_lt_q20,2405
4244000,q_lt_q20,1697
4245840,q_lt_q20,1595
4247000,q_lt_q20,1517
4249000,q_lt_q20,2256
4249200,q_lt_q20,1673
4250200,q_lt_q20,1799
4250750,q_lt_q20,2074
4252500,q_lt_q20,1416
4253294,q_lt_q20,1408
4253295,q_lt_q20,1335
4253296,q_lt_q20,1696
4256000,q_lt_q20,2105
4258000,q_lt_q20,1744
4260500,q_lt_q20,1483
4262000,q_lt_q20,1588
4262500,q_lt_q20,1562
4263000,q_lt_q20,896
4265432,q_lt_q20,1303
4266500,q_lt_q20,
4267500,q_lt_q20,1194
4268000,q_lt_q20,1672
4268800,q_lt_q20,1557
4269000,q_lt_q20,1202
4270200,q_lt_q20,1310
4271500,q_lt_q20,1307
4271815,q_lt_q20,1684
4273500,q_lt_q20,1658
4273700,q_lt_q20,1475
4273800,q_lt_q20,1707
4275000,q_lt_q20,2140
4275500,q_lt_q20,1845
4276500,q_lt_q20,1644
4280000,q_lt_q20,1837
4280450,q_lt_q20,1947
4282000,q_lt_q20,1712
4282500,q_lt_q20,1691
4282525,q_lt_q20,1029
4282581,q_lt_q20,2001
4282650,q_lt_q20,2038
4282780,q_lt_q20,2756
4282795,q_lt_q20,2121
4285500,q_lt_q20,1480
4286000,q_lt_q20,1789
4287000,q_lt_q20,1183
4288000,q_lt_q20,1042
4288225,q_lt_q20,1495
4288230,q_lt_q20,1282
4288295,q_lt_q20,1176
4289000,q_lt_q20,1351
4290500,q_lt_q20,2140
4292000,q_lt_q20,1615
4292500,q_lt_q20,1701
4292750,q_lt_q20,1076
4292810,q_lt_q20,872
4293000,q_lt_q20,1092
4293500,q_lt_q20,1487
4294000,q_lt_q20,1064
4294140,q_lt_q20,1309
4294300,q_lt_q20,1339
4296000,q_lt_q20,1202
4296280,q_lt_q20,1717
4296500,q_lt_q20,1959
5014500,q_lt_q20,2763
5017500,q_lt_q20,
5030500,q_lt_q20,6546
5046000,q_lt_q20,5861
5046475,q_lt_q20,6612
5050000,q_lt_q20,5687
5051300,q_lt_q20,6891
5051522,q_lt_q20,7433
5051600,q_lt_q20,5922
5052000,q_lt_q20,6333
5052500,q_lt_q20,6979
5053000,q_lt_q20,8140
5053500,q_lt_q20,7105
5054000,q_lt_q20,6342
5054500,q_lt_q20,2966
5055300,q_lt_q20,3222
5055400,q_lt_q20,3180
5056000,q_lt_q20,3999
5056060,q_lt_q20,4304
5056100,q_lt_q20,3560
5056200,q_lt_q20,2957
5056215,q_lt_q20,3928
5056239,q_lt_q20,3463
5056340,q_lt_q20,4068
5056678,q_lt_q20,4503
5056770,q_lt_q20,3722
5057000,q_lt_q20,3727
5057200,q_lt_q20,4765
5058000,q_lt_q20,3811
5058700,q_lt_q20,4823
5059000,q_lt_q20,7369
5059300,q_lt_q20,6970
5059480,q_lt_q20,5898
5059600,q_lt_q20,4520
5059700,q_lt_q20,5706
5059715,q_lt_q20,5712
5060000,q_lt_q20,7909
5060100,q_lt_q20,7648
5060400,q_lt_q20,7369
5060500,q_lt_q20,8489
5061000,q_lt_q20,7079
5061500,q_lt_q20,6905
5062000,q_lt_q20,7408
5062130,q_lt_q20,7363
5062500,q_lt_q20,6200
5063398,q_lt_q20,6868
5064000,q_lt_q20,7364
5064500,q_lt_q20,6877
5065500,q_lt_q20,4703
5066500,q_lt_q20,6663
5067500,q_lt_q20,7594
5069000,q_lt_q20,7242
5070000,q_lt_q20,6930
5074500,q_lt_q20,4641
5076000,q_lt_q20,8548
5078000,q_lt_q20,8385
5078230,q_lt_q20,7784
5078500,q_lt_q20,6657
5079000,q_lt_q20,6400
5080000,q_lt_q20,6460
5082500,q_lt_q20,5750
5082625,q_lt_q20,4285
5084000,q_lt_q20,5153
5085000,q_lt_q20,5129
5085450,q_lt_q20,7118
5087500,q_lt_q20,6203
5090000,q_lt_q20,5423
5092000,q_lt_q20,5636
5094000,q_lt_q20,6610
5099400,q_lt_q20,1818
5099600,q_lt_q20,2942
5100000,q_lt_q20,4535
5101000,q_lt_q20,4592
5104500,q_lt_q20,4967
5106000,q_lt_q20,4147
5107500,q_lt_q20,4491
5112000,q_lt_q20,5112
5113600,q_lt_q20,2652
5114000,q_lt_q20,2924
5116000,q_lt_q20,2647
5116500,q_lt_q20,2700
5117500,q_lt_q20,3145
5120000,q_lt_q20,2878
5120500,q_lt_q20,3585
5122000,q_lt_q20,3298
5123400,q_lt_q20,3250
5123510,q_lt_q20,4656
5124000,q_lt_q20,3301
5124480,q_lt_q20,1168
5125000,q_lt_q20,1135
5126210,q_lt_q20,830
5127500,q_lt_q20,1379
5129115,q_lt_q20,1313
5129515,q_lt_q20,
5131500,q_lt_q20,2796
5132000,q_lt_q20,2695
5133500,q_lt_q20,2589
5200510,q_lt_q20,5391
5211000,q_lt_q20,3970
5212700,q_lt_q20,3606
5227500,q_lt_q20,3295
5227530,q_lt_q20,3754
5242300,q_lt_q20,3574
5243725,q_lt_q20,6592
5244000,q_lt_q20,5096
5245100,q_lt_q20,4549
5247500,q_lt_q20,2828
5267000,q_lt_q20,2030
5270500,q_lt_q20,2719
5270700,q_lt_q20,2732
5275000,q_lt_q20,3537
5280000,q_lt_q20,4439
5283500,q_lt_q20,
5286000,q_lt_q20,4201
5287890,q_lt_q20,4190
5288487,q_lt_q20,4748
5288490,q_lt_q20,3874
5288500,q_lt_q20,4053
5288580,q_lt_q20,4634
5288705,q_lt_q20,2884
5289800,q_lt_q20,2048
5290000,q_lt_q20,5078
5291000,q_lt_q20,4977
5292000,q_lt_q20,4065
5293000,q_lt_q20,4162
5294000,q_lt_q20,5946
5300000,q_lt_q20,4262
5301000,q_lt_q20,4247
5304500,q_lt_q20,5083
5305000,q_lt_q20,4574
5311000,q_lt_q20,3568
5311150,q_lt_q20,3146
5313500,q_lt_q20,3650
5315000,q_lt_q20,2549
5316500,q_lt_q20,3044
5316580,q_lt_q20,2376
5316770,q_lt_q20,2308
5317000,q_lt_q20,1964
5319500,q_lt_q20,3324
5320000,q_lt_q20,2904
5320500,q_lt_q20,2095
5325000,q_lt_q20,
5327000,q_lt_q20,3237
5330000,q_lt_q20,3351
5331000,q_lt_q20,1729
5331833,q_lt_q20,2596
5333500,q_lt_q20,2649
5336700,q_lt_q20,2079
5338500,q_lt_q20,2246
5340500,q_lt_q20,2660
5341550,q_lt_q20,
5342000,q_lt_q20,2464
5344490,q_lt_q20,
5344500,q_lt_q20,
5345000,q_lt_q20,3097
5353800,q_lt_q20,1692
5354500,q_lt_q20,2913
5355024,q_lt_q20,1627
5355092,q_lt_q20,2114
5355200,q_lt_q20,2076
5355250,q_lt_q20,1552
5356000,q_lt_q20,2223
5356500,q_lt_q20,2222
5357335,q_lt_q20,1789
5360500,q_lt_q20,2272
5362000,q_lt_q20,2456
5365500,q_lt_q20,2756
5366800,q_lt_q20,2660
5367500,q_lt_q20,2423
5368000,q_lt_q20,2833
5369000,q_lt_q20,3189
5369500,q_lt_q20,2677
5370000,q_lt_q20,1481
5372995,q_lt_q20,1113
5378500,q_lt_q20,
5379400,q_lt_q20,2401
5379500,q_lt_q20,2425
5381000,q_lt_q20,2438
5382000,q_lt_q20,2402
5382255,q_lt_q20,2238
5382257,q_lt_q20,2301
5382267,q_lt_q20,2639
5382284,q_lt_q20,2551
5382325,q_lt_q20,2342
5383075,q_lt_q20,1967
5383950,q_lt_q20,1292
5387440,q_lt_q20,780
5387500,q_lt_q20,1639
5388250,q_lt_q20,1579
5389000,q_lt_q20,954
5389400,q_lt_q20,1175
5391000,q_lt_q20,1856
5393500,q_lt_q20,2138
5394500,q_lt_q20,2466
5395000,q_lt_q20,2456
5396000,q_lt_q20,1605
5397500,q_lt_q20,2475
5398000,q_lt_q20,2485
5399500,q_lt_q20,2616
5400625,q_lt_q20,2335
5400760,q_lt_q20,2559
5401034,q_lt_q20,2260
5401050,q_lt_q20,2431
5401514,q_lt_q20,2597
5403000,q_lt_q20,2244
5403500,q_lt_q20,2137
5404000,q_lt_q20,1672
5405000,q_lt_q20,2785
5406457,q_lt_q20,1788
5406469,q_lt_q20,1424
5406479,q_lt_q20,1230
5406500,q_lt_q20,1367
5407000,q_lt_q20,2636
5407468,q_lt_q20,1360
5408000,q_lt_q20,1923
5410490,q_lt_q20,1247
5411600,q_lt_q20,991
5411850,q_lt_q20,1361
5412020,q_lt_q20,1590
5412400,q_lt_q20,1064
5412500,q_lt_q20,1658
5414820,q_lt_q20,1222
5416900,q_lt_q20,1522
5418400,q_lt_q20,1381
5418500,q_lt_q20,1494
5419000,q_lt_q20,1862
5420500,q_lt_q20,1827
5420680,q_lt_q20,1572
5421000,q_lt_q20,1606
5421740,q_lt_q20,1885
5422000,q_lt_q20,1830
5423500,q_lt_q20,2722
5424057,q_lt_q20,3094
5425500,q_lt_q20,2820
5425912,q_lt_q20,2520
5426000,q_lt_q20,2537
5426067,q_lt_q20,3241
5426250,q_lt_q20,2235
5427085,q_lt_q20,2429
5427530,q_lt_q20,1805
5427718,q_lt_q20,2827
5427850,q_lt_q20,2522
5427880,q_lt_q20,2798
5427910,q_lt_q20,2156
5427927,q_lt_q20,2695
5427930,q_lt_q20,2440
5427943,q_lt_q20,2929
5427948,q_lt_q20,2834
5427965,q_lt_q20,2367
5428500,q_lt_q20,2707
5429369,q_lt_q20,2047
5429700,q_lt_q20,2375
5430150,q_lt_q20,2263
5430175,q_lt_q20,2108
5430500,q_lt_q20,2326
5431016,q_lt_q20,3021
5431486,q_lt_q20,2484
5432500,q_lt_q20,1544
5433000,q_lt_q20,1746
5434500,q_lt_q20,1782
5435500,q_lt_q20,2355
5435943,q_lt_q20,2678
5435950,q_lt_q20,2336
5436500,q_lt_q20,2170
5437050,q_lt_q20,2460
5437500,q_lt_q20,2061
5438170,q_lt_q20,2500
5438283,q_lt_q20,2931
5438500,q_lt_q20,2110
5439000,q_lt_q20,2644
5439500,q_lt_q20,2382
5440000,q_lt_q20,2148
5440700,q_lt_q20,1963
5442300,q_lt_q20,2038
5443500,q_lt_q20,2350
5444000,q_lt_q20,2107
5446500,q_lt_q20,2346
5447500,q_lt_q20,3311
5448000,q_lt_q20,1830
5449500,q_lt_q20,2255
5451210,q_lt_q20,2438
5451500,q_lt_q20,2274
5451700,q_lt_q20,2970
5451770,q_lt_q20,2707
5451900,q_lt_q20,3944
5452000,q_lt_q20,3694
5452200,q_lt_q20,3613
5453000,q_lt_q20,3190
5453100,q_lt_q20,1885
5453520,q_lt_q20,1568
5454000,q_lt_q20,2521
5454090,q_lt_q20,2220
5454220,q_lt_q20,4001
5454300,q_lt_q20,2256
5454500,q_lt_q20,1762
5455100,q_lt_q20,3895
5455500,q_lt_q20,2005
5455700,q_lt_q20,3004
5457000,q_lt_q20,1310
5457700,q_lt_q20,1370
5458000,q_lt_q20,1008
5458300,q_lt_q20,1113
5458500,q_lt_q20,1319
5458900,q_lt_q20,1317
5459500,q_lt_q20,1143
5462000,q_lt_q20,1609
5463000,q_lt_q20,2632
5463050,q_lt_q20,1470
5463500,q_lt_q20,2019
5464000,q_lt_q20,1279
5464220,q_lt_q20,2286
5464315,q_lt_q20,2232
5464420,q_lt_q20,1755
5464500,q_lt_q20,2271
5464695,q_lt_q20,1728
5464730,q_lt_q20,1835
5464780,q_lt_q20,1902
5465000,q_lt_q20,2972
5465500,q_lt_q20,2215
5465700,q_lt_q20,4196
5466500,q_lt_q20,3737
5467000,q_lt_q20,3562
5469000,q_lt_q20,2579
5470000,q_lt_q20,2195
5470500,q_lt_q20,3177
5471000,q_lt_q20,2539
5471050,q_lt_q20,2066
5471200,q_lt_q20,2457
5471500,q_lt_q20,2016
5472500,q_lt_q20,2102
5473400,q_lt_q20,2031
5473450,q_lt_q20,1992
5474000,q_lt_q20,2200
5476000,q_lt_q20,5693
5476590,q_lt_q20,4096
5476750,q_lt_q20,1712
5478265,q_lt_q20,2907
5479000,q_lt_q20,1877
5480500,q_lt_q20,1509
5480820,q_lt_q20,2550
5481000,q_lt_q20,1926
5481300,q_lt_q20,2393
5481650,q_lt_q20,2375
5481950,q_lt_q20,2250
5482000,q_lt_q20,1930
5482300,q_lt_q20,3961
5482500,q_lt_q20,3145
5483450,q_lt_q20,2323
5483600,q_lt_q20,2289
5484000,q_lt_q20,2201
5484500,q_lt_q20,2128
5484650,q_lt_q20,2085
5484800,q_lt_q20,2108
5484900,q_lt_q20,1728
5485500,q_lt_q20,1906
5485605,q_lt_q20,2993
5485640,q_lt_q20,2628
5486000,q_lt_q20,2148
5486490,q_lt_q20,2247
5487470,q_lt_q20,1829
5487520,q_lt_q20,2056
5487980,q_lt_q20,1721
5488110,q_lt_q20,
5488200,q_lt_q20,1864
5488500,q_lt_q20,
5489000,q_lt_q20,1761
5489500,q_lt_q20,1593
5490500,q_lt_q20,1512
5495000,q_lt_q20,2392
5495500,q_lt_q20,2353
5496000,q_lt_q20,1983
5497150,q_lt_q20,2629
5498150,q_lt_q20,1806
5498700,q_lt_q20,2907
5500000,q_lt_q20,1464
5501000,q_lt_q20,1581
5502000,q_lt_q20,1782
5502300,q_lt_q20,2680
5502500,q_lt_q20,2088
5503800,q_lt_q20,2269
5504800,q_lt_q20,2299
5506100,q_lt_q20,2288
5506350,q_lt_q20,2436
5506800,q_lt_q20,2026
5507600,q_lt_q20,1936
5507800,q_lt_q20,1722
5508000,q_lt_q20,2001
5508805,q_lt_q20,1750
5514500,q_lt_q20,1705
5514840,q_lt_q20,2116
5514860,q_lt_q20,2240
5515500,q_lt_q20,2259
5516500,q_lt_q20,3627
5516665,q_lt_q20,3806
5517000,q_lt_q20,3020
5517500,q_lt_q20,1690
5517530,q_lt_q20,1861
5518000,q_lt_q20,1826
5520500,q_lt_q20,2124
5522500,q_lt_q20,1483
5524500,q_lt_q20,2580
5525000,q_lt_q20,2379
5525500,q_lt_q20,2538
5526000,q_lt_q20,2167
5527500,q_lt_q20,
5527800,q_lt_q20,2780
5527950,q_lt_q20,2720
5528000,q_lt_q20,2469
5528100,q_lt_q20,2377
5528500,q_lt_q20,3162
5529000,q_lt_q20,2217
5529500,q_lt_q20,2751
5530000,q_lt_q20,2901
5530990,q_lt_q20,2524
5531045,q_lt_q20,2361
5531300,q_lt_q20,2385
5531500,q_lt_q20,2241
5532000,q_lt_q20,2633
5532500,q_lt_q20,2737
5533000,q_lt_q20,2488
5533400,q_lt_q20,2474
5533600,q_lt_q20,2282
5534500,q_lt_q20,2923
5535000,q_lt_q20,2800
5535070,q_lt_q20,2413
5535500,q_lt_q20,2761
5536000,q_lt_q20,2805
5536085,q_lt_q20,2746
5536162,q_lt_q20,2210
5536179,q_lt_q20,1293
5536190,q_lt_q20,2259
5536195,q_lt_q20,2330
5536215,q_lt_q20,2256
5536235,q_lt_q20,2263
5536255,q_lt_q20,2498
5536265,q_lt_q20,2638
5536275,q_lt_q20,2347
5536340,q_lt_q20,2305
5536500,q_lt_q20,1998
5537500,q_lt_q20,2314
5539000,q_lt_q20,2208
5539900,q_lt_q20,2782
5540060,q_lt_q20,2337
5540095,q_lt_q20,2514
5540130,q_lt_q20,2633
5540160,q_lt_q20,2316
5540195,q_lt_q20,2459
5540250,q_lt_q20,2431
5540275,q_lt_q20,2714
5540290,q_lt_q20,2347
5540500,q_lt_q20,2152
5541710,q_lt_q20,2443
5542000,q_lt_q20,2647
5543500,q_lt_q20,1910
5543830,q_lt_q20,2571
5544200,q_lt_q20,2693
5545750,q_lt_q20,2641
5548105,q_lt_q20,2491
5548280,q_lt_q20,2508
5550001,q_lt_q20,2085
5550300,q_lt_q20,3234
5550500,q_lt_q20,2889
5551000,q_lt_q20,2558
5551200,q_lt_q20,2556
5551330,q_lt_q20,2929
5551540,q_lt_q20,2430
5551545,q_lt_q20,2266
5551580,q_lt_q20,2295
5551675,q_lt_q20,2622
5551700,q_lt_q20,2729
5552500,q_lt_q20,2217
5554500,q_lt_q20,3167
5555300,q_lt_q20,2099
5556500,q_lt_q20,2408
5558300,q_lt_q20,1967
5560500,q_lt_q20,1728
5561500,q_lt_q20,1756
5567500,q_lt_q20,2029
5568000,q_lt_q20,2213
5568800,q_lt_q20,2977
5569500,q_lt_q20,2240
5570000,q_lt_q20,2293
5570910,q_lt_q20,2626
5572000,q_lt_q20,2150
5573540,q_lt_q20,2331
5576000,q_lt_q20,2354
5576250,q_lt_q20,2104
5576500,q_lt_q20,2740
5577500,q_lt_q20,2289
5578000,q_lt_q20,1989
5578100,q_lt_q20,2476
5578250,q_lt_q20,2786
5578500,q_lt_q20,2366
5579500,q_lt_q20,2235
5579725,q_lt_q20,2762
5580000,q_lt_q20,2409
5580950,q_lt_q20,2993
5582000,q_lt_q20,2293
5583000,q_lt_q20,2849
5584500,q_lt_q20,3313
5585000,q_lt_q20,2004
5586100,q_lt_q20,2378
5587000,q_lt_q20,2192
5587900,q_lt_q20,2113
5588000,q_lt_q20,2347
5590050,q_lt_q20,2400
5590520,q_lt_q20,2517
5590800,q_lt_q20,2582
5591200,q_lt_q20,2021
5591550,q_lt_q20,2124
5591700,q_lt_q20,2418
5592000,q_lt_q20,1903
5592050,q_lt_q20,1685
5592100,q_lt_q20,1794
5592500,q_lt_q20,2033
5592575,q_lt_q20,1880
5592800,q_lt_q20,2025
5592900,q_lt_q20,1764
5593000,q_lt_q20,2330
5593575,q_lt_q20,2498
5593900,q_lt_q20,1908
5593945,q_lt_q20,2177
5594000,q_lt_q20,2185
5594100,q_lt_q20,2188
5594450,q_lt_q20,2539
5594800,q_lt_q20,1942
5595000,q_lt_q20,3100
5595200,q_lt_q20,2535
5595730,q_lt_q20,2234
5595820,q_lt_q20,2061
5597000,q_lt_q20,1690
5597500,q_lt_q20,1442
5599490,q_lt_q20,2137
6006000,q_lt_q20,3013
6012500,q_lt_q20,2508
6016000,q_lt_q20,2042
6017000,q_lt_q20,4387
6018500,q_lt_q20,3917
6019500,q_lt_q20,3326
6020600,q_lt_q20,2587
6023000,q_lt_q20,4388
6023100,q_lt_q20,3842
6024450,q_lt_q20,3576
6024540,q_lt_q20,4706
6025250,q_lt_q20,2677
6025500,q_lt_q20,3235
6026210,q_lt_q20,3478
6026420,q_lt_q20,4111
6026500,q_lt_q20,5270
6027600,q_lt_q20,3852
6033000,q_lt_q20,5939
6035000,q_lt_q20,2659
6036650,q_lt_q20,3894
6036905,q_lt_q20,2017
6036940,q_lt_q20,2392
6037100,q_lt_q20,2452
6038800,q_lt_q20,2798
6040000,q_lt_q20,6252
6040800,q_lt_q20,3451
6041000,q_lt_q20,2991
6043120,q_lt_q20,2529
6043500,q_lt_q20,2172
6048650,q_lt_q20,3795
6050000,q_lt_q20,2199
6052500,q_lt_q20,2950
6054500,q_lt_q20,2483
6061500,q_lt_q20,2275
6062500,q_lt_q20,2429
6063000,q_lt_q20,2386
6065500,q_lt_q20,2870
6066500,q_lt_q20,3544
6071300,q_lt_q20,2285
6073500,q_lt_q20,1903
6074000,q_lt_q20,3805
6076690,q_lt_q20,2856
6077200,q_lt_q20,2960
6077500,q_lt_q20,2690
6078200,q_lt_q20,3377
6078500,q_lt_q20,3199
6079000,q_lt_q20,2570
6082200,q_lt_q20,4189
6085800,q_lt_q20,3260
6088500,q_lt_q20,3598
6089000,q_lt_q20,4685
6090300,q_lt_q20,2679
6090500,q_lt_q20,3323
6090800,q_lt_q20,
6092020,q_lt_q20,2402
6093200,q_lt_q20,2516
6098120,q_lt_q20,3977
6098800,q_lt_q20,4470
6099000,q_lt_q20,5326
6099500,q_lt_q20,3943
6101500,q_lt_q20,2834
6102050,q_lt_q20,3104
6102500,q_lt_q20,3206
6108800,q_lt_q20,5024
6109500,q_lt_q20,4539
6110020,q_lt_q20,3428
6111800,q_lt_q20,4525
6114700,q_lt_q20,3020
6115200,q_lt_q20,3491
6119600,q_lt_q20,4051
6120500,q_lt_q20,2588
6123030,q_lt_q20,3096
6125600,q_lt_q20,3101
6126500,q_lt_q20,3089
6127500,q_lt_q20,3458
6130000,q_lt_q20,2351
6130500,q_lt_q20,3545
6131200,q_lt_q20,2906
6133500,q_lt_q20,2671
6135000,q_lt_q20,2648
6137575,q_lt_q20,3593
6138580,q_lt_q20,3492
6139500,q_lt_q20,4323
6140500,q_lt_q20,2766
6142400,q_lt_q20,4162
6151500,q_lt_q20,3408
6154100,q_lt_q20,3160
6154400,q_lt_q20,2272
6155030,q_lt_q20,3591
6155500,q_lt_q20,3316
6164510,q_lt_q20,3714
6166000,q_lt_q20,3668
6167500,q_lt_q20,3348
6169500,q_lt_q20,3073
6172310,q_lt_q20,3234
6174500,q_lt_q20,3564
6177000,q_lt_q20,3224
6177500,q_lt_q20,3093
6178000,q_lt_q20,3348
6181000,q_lt_q20,3893
6183450,q_lt_q20,2834
6185110,q_lt_q20,4105
6185500,q_lt_q20,3474
6187915,q_lt_q20,1805
6188000,q_lt_q20,4460
6190540,q_lt_q20,4008
6191000,q_lt_q20,4451
6191500,q_lt_q20,3693
6192500,q_lt_q20,2991
6195600,q_lt_q20,2157
6197800,q_lt_q20,2050
6200000,q_lt_q20,3092
6204050,q_lt_q20,1952
6204070,q_lt_q20,2073
6205000,q_lt_q20,2159
6207500,q_lt_q20,3315
6209500,q_lt_q20,1846
6211000,q_lt_q20,2034
6211500,q_lt_q20,2027
6214500,q_lt_q20,
6218500,q_lt_q20,2236
6220800,q_lt_q20,2829
6221400,q_lt_q20,2134
6224000,q_lt_q20,2463
6227600,q_lt_q20,3278
6228000,q_lt_q20,4030
6235500,q_lt_q20,3608
6253000,q_lt_q20,3954
6274300,q_lt_q20,3605
6279500,q_lt_q20,3845
6279940,q_lt_q20,2949
6281000,q_lt_q20,3711
6285100,q_lt_q20,3700
6287000,q_lt_q20,3881
6288400,q_lt_q20,4101
6289000,q_lt_q20,3007
6294500,q_lt_q20,2671
6295000,q_lt_q20,3162
6295113,q_lt_q20,2686
6295220,q_lt_q20,1856
6306300,q_lt_q20,2794
6307500,q_lt_q20,2724
6307616,q_lt_q20,3442
6308500,q_lt_q20,2869
6309000,q_lt_q20,2255
6309200,q_lt_q20,2195
6317000,q_lt_q20,2314
6318500,q_lt_q20,2381
6324500,q_lt_q20,3196
6326500,q_lt_q20,2889
6327500,q_lt_q20,3337
6329500,q_lt_q20,3343
6331000,q_lt_q20,3991
6331680,q_lt_q20,2800
6332000,q_lt_q20,2251
6332515,q_lt_q20,2163
6332523,q_lt_q20,2712
6332770,q_lt_q20,2038
6334500,q_lt_q20,3628
6335500,q_lt_q20,2205
6335750,q_lt_q20,1267
6336000,q_lt_q20,2325
6336600,q_lt_q20,1313
6337000,q_lt_q20,2470
6337200,q_lt_q20,3003
6339100,q_lt_q20,1190
6339500,q_lt_q20,1985
6340000,q_lt_q20,2485
6340010,q_lt_q20,3235
6340500,q_lt_q20,4357
6342260,q_lt_q20,2631
6342450,q_lt_q20,3301
6342500,q_lt_q20,2891
6343000,q_lt_q20,1552
6344600,q_lt_q20,1348
6345500,q_lt_q20,1898
6345780,q_lt_q20,2022
6347000,q_lt_q20,2784
6347500,q_lt_q20,4219
6348300,q_lt_q20,3254
6348500,q_lt_q20,2232
6349000,q_lt_q20,3231
6349500,q_lt_q20,3858
6349600,q_lt_q20,3123
6350000,q_lt_q20,1703
6351200,q_lt_q20,3751
6352000,q_lt_q20,861
6353000,q_lt_q20,3259
6354000,q_lt_q20,3131
6354480,q_lt_q20,2813
6354580,q_lt_q20,3626
6355500,q_lt_q20,2131
6356500,q_lt_q20,2644
6359500,q_lt_q20,2821
6360500,q_lt_q20,3856
6386500,q_lt_q20,3896
6395000,q_lt_q20,3523
6400000,q_lt_q20,2815
6400875,q_lt_q20,4751
6401500,q_lt_q20,
6402000,q_lt_q20,3618
6402430,q_lt_q20,7213
6402500,q_lt_q20,5816
6402600,q_lt_q20,4075
6403300,q_lt_q20,5328
6403700,q_lt_q20,5866
6404000,q_lt_q20,4984
6404998,q_lt_q20,6245
6406000,q_lt_q20,5463
6406500,q_lt_q20,7113
6407500,q_lt_q20,4812
6408650,q_lt_q20,3989
6408700,q_lt_q20,2279
6409000,q_lt_q20,2586
6410000,q_lt_q20,2745
6410500,q_lt_q20,4241
6411500,q_lt_q20,4520
6412500,q_lt_q20,5986
6412810,q_lt_q20,5759
6414000,q_lt_q20,5204
6418800,q_lt_q20,7588
6421500,q_lt_q20,6474
6422500,q_lt_q20,4499
6423500,q_lt_q20,3353
6425100,q_lt_q20,6912
6425500,q_lt_q20,3727
6426500,q_lt_q20,3315
6428500,q_lt_q20,3309
6429997,q_lt_q20,2396
6430500,q_lt_q20,2575
6430770,q_lt_q20,2393
6430850,q_lt_q20,2217
6431500,q_lt_q20,3506
6433000,q_lt_q20,4708
6434505,q_lt_q20,3256
6436000,q_lt_q20,3253
6436180,q_lt_q20,3272
6436190,q_lt_q20,4379
6436198,q_lt_q20,5333
6437000,q_lt_q20,4109
6437020,q_lt_q20,3125
6438000,q_lt_q20,2794
6438500,q_lt_q20,2808
6440200,q_lt_q20,4469
6441500,q_lt_q20,3521
6442130,q_lt_q20,3708
6442600,q_lt_q20,3676
6445685,q_lt_q20,3538
6446000,q_lt_q20,4054
6446500,q_lt_q20,4034
6446700,q_lt_q20,3348
6447000,q_lt_q20,4036
6447230,q_lt_q20,4863
6447450,q_lt_q20,2943
6447500,q_lt_q20,8458
6449000,q_lt_q20,7805
6449100,q_lt_q20,8667
6449500,q_lt_q20,4289
6450500,q_lt_q20,5737
6452000,q_lt_q20,4122
6452320,q_lt_q20,3335
6453600,q_lt_q20,3593
6461500,q_lt_q20,5398
6463500,q_lt_q20,5848
6463720,q_lt_q20,4195
6464100,q_lt_q20,4161
6464500,q_lt_q20,4855
6465500,q_lt_q20,
6466400,q_lt_q20,4093
6466470,q_lt_q20,3754
6466500,q_lt_q20,3841
6468170,q_lt_q20,4005
6468250,q_lt_q20,3861
6469400,q_lt_q20,3205
6470000,q_lt_q20,3029
6470500,q_lt_q20,4486
6470800,q_lt_q20,4419
6470878,q_lt_q20,
6471000,q_lt_q20,5613
6471200,q_lt_q20,4739
6471500,q_lt_q20,4790
6471800,q_lt_q20,4589
6472000,q_lt_q20,4764
6473000,q_lt_q20,3880
6475000,q_lt_q20,3552
6476000,q_lt_q20,4125
6477000,q_lt_q20,3980
6477500,q_lt_q20,5306
6478000,q_lt_q20,3875
6478500,q_lt_q20,3929
6478513,q_lt_q20,3316
6478522,q_lt_q20,2952
6478600,q_lt_q20,4969
6478690,q_lt_q20,4603
6479010,q_lt_q20,3113
6479215,q_lt_q20,5464
6479438,q_lt_q20,5657
6479500,q_lt_q20,5479
6479525,q_lt_q20,5893
6479770,q_lt_q20,5477
6480000,q_lt_q20,4890
6480650,q_lt_q20,4473
6481000,q_lt_q20,5130
6481480,q_lt_q20,5237
6481500,q_lt_q20,4673
6482000,q_lt_q20,4379
6482020,q_lt_q20,4639
6482610,q_lt_q20,5402
6483290,q_lt_q20,4651
6483500,q_lt_q20,3670
6483950,q_lt_q20,3654
6485500,q_lt_q20,3556
6485910,q_lt_q20,2677
6485950,q_lt_q20,3294
6486000,q_lt_q20,3411
6600100,q_lt_q20,4575
6600500,q_lt_q20,2475
6600900,q_lt_q20,3914
6601000,q_lt_q20,3157
6601200,q_lt_q20,
6602400,q_lt_q20,4036
6605000,q_lt_q20,5459
6605850,q_lt_q20,3268
6606600,q_lt_q20,2943
6607200,q_lt_q20,4077
6607500,q_lt_q20,3819
6608500,q_lt_q20,2422
6609500,q_lt_q20,1692
6610000,q_lt_q20,2500
6610720,q_lt_q20,3474
6610732,q_lt_q20,2987
6610750,q_lt_q20,2820
6610765,q_lt_q20,2163
6610770,q_lt_q20,3032
6610785,q_lt_q20,2865
6610788,q_lt_q20,3725
6610793,q_lt_q20,3007
6614800,q_lt_q20,1037
6620000,q_lt_q20,2600
6622700,q_lt_q20,2317
6623800,q_lt_q20,2008
6625000,q_lt_q20,3107
6630000,q_lt_q20,3781
6632400,q_lt_q20,2023
6634060,q_lt_q20,2755
6634620,q_lt_q20,3006
6635000,q_lt_q20,3123
6638090,q_lt_q20,1467
6646000,q_lt_q20,1641
6652000,q_lt_q20,2472
6657000,q_lt_q20,1896
6660000,q_lt_q20,3600
6696980,q_lt_q20,2972
6700000,q_lt_q20,1818
6701900,q_lt_q20,2171
6708600,q_lt_q20,1520
6708690,q_lt_q20,2323
6708800,q_lt_q20,1465
6709000,q_lt_q20,2056
6709530,q_lt_q20,2177
6709740,q_lt_q20,3319
6709910,q_lt_q20,3138
6710150,q_lt_q20,2493
6710247,q_lt_q20,2808
6710385,q_lt_q20,2219
6710605,q_lt_q20,1622
6711515,q_lt_q20,2874
6711555,q_lt_q20,2824
6711565,q_lt_q20,2582
6711570,q_lt_q20,3129
6711575,q_lt_q20,3095
6711618,q_lt_q20,2056
6711770,q_lt_q20,1759
6711780,q_lt_q20,2118
6712000,q_lt_q20,2233
6713500,q_lt_q20,2958
6714215,q_lt_q20,2318
6714360,q_lt_q20,2521
6714400,q_lt_q20,1901
6714500,q_lt_q20,1751
6714800,q_lt_q20,1685
6715000,q_lt_q20,2775
6716100,q_lt_q20,3174
6716500,q_lt_q20,2674
6718550,q_lt_q20,2165
6719505,q_lt_q20,2183
6719560,q_lt_q20,2364
6719840,q_lt_q20,1943
6720460,q_lt_q20,3424
6720820,q_lt_q20,1890
6720990,q_lt_q20,2699
6721000,q_lt_q20,2671
6724970,q_lt_q20,3031
6727410,q_lt_q20,2085
6727500,q_lt_q20,2465
6730160,q_lt_q20,2392
6730200,q_lt_q20,2431
6730500,q_lt_q20,2391
6730525,q_lt_q20,3171
6741510,q_lt_q20,2899
6746110,q_lt_q20,1337
6751150,q_lt_q20,2530
6751490,q_lt_q20,1750
6752260,q_lt_q20,3118
6752280,q_lt_q20,2559
6759500,q_lt_q20,1721
6762500,q_lt_q20,2562
6764880,q_lt_q20,5451
6768000,q_lt_q20,7192
6768020,q_lt_q20,9266
6768025,q_lt_q20,7293
6768035,q_lt_q20,6898
6769000,q_lt_q20,9632
6769525,q_lt_q20,10022
6770200,q_lt_q20,6639
6770500,q_lt_q20,4805
6772100,q_lt_q20,6199
6772775,q_lt_q20,6509
6772898,q_lt_q20,4171
6773500,q_lt_q20,3561
6774000,q_lt_q20,
6775500,q_lt_q20,14086
6775900,q_lt_q20,15548
6777495,q_lt_q20,11727
6781600,q_lt_q20,10935
6781900,q_lt_q20,11609
6784000,q_lt_q20,6152
6785000,q_lt_q20,5450
6785500,q_lt_q20,13936
6786000,q_lt_q20,9858
6790500,q_lt_q20,4030
6792500,q_lt_q20,4064
6793000,q_lt_q20,3370
6794000,q_lt_q20,3493
6794650,q_lt_q20,3929
6795500,q_lt_q20,4029
6796000,q_lt_q20,
6796500,q_lt_q20,3492
6797500,q_lt_q20,9648
6799000,q_lt_q20,3448
6799100,q_lt_q20,5649
6799315,q_lt_q20,3016
6799350,q_lt_q20,2558
6799445,q_lt_q20,4103
6799500,q_lt_q20,4541
6800000,q_lt_q20,4955
6800500,q_lt_q20,3800
6803000,q_lt_q20,3413
6803080,q_lt_q20,3073
6803093,q_lt_q20,3680
6803170,q_lt_q20,3967
6803300,q_lt_q20,2734
6803420,q_lt_q20,4206
6803430,q_lt_q20,4523
6803486,q_lt_q20,3949
6803495,q_lt_q20,3202
6803500,q_lt_q20,2813
6803502,q_lt_q20,2534
6803510,q_lt_q20,3873
6803513,q_lt_q20,4111
6803520,q_lt_q20,3551
6803530,q_lt_q20,4633
6803555,q_lt_q20,4030
6804000,q_lt_q20,4627
6804700,q_lt_q20,3476
6805500,q_lt_q20,
6806500,q_lt_q20,3417
6807000,q_lt_q20,
6807410,q_lt_q20,2474
6808500,q_lt_q20,3636
6809210,q_lt_q20,2352
6809500,q_lt_q20,2094
6810000,q_lt_q20,3391
6811500,q_lt_q20,3721
6813000,q_lt_q20,4007
6813500,q_lt_q20,
6814000,q_lt_q20,2615
6814500,q_lt_q20,3739
6815000,q_lt_q20,4365
6817000,q_lt_q20,2236
6817700,q_lt_q20,3677
6818000,q_lt_q20,2485
6819185,q_lt_q20,3189
6819500,q_lt_q20,4309
6820410,q_lt_q20,4763
6820500,q_lt_q20,2356
6821080,q_lt_q20,2628
6821150,q_lt_q20,1783
6821190,q_lt_q20,2378
6821250,q_lt_q20,
6821500,q_lt_q20,2430
6823000,q_lt_q20,2399
6823500,q_lt_q20,2370
6824000,q_lt_q20,916
6824500,q_lt_q20,1629
6827000,q_lt_q20,2762
6827500,q_lt_q20,2113
6828500,q_lt_q20,1897
6834000,q_lt_q20,2460
6835500,q_lt_q20,2142
6836500,q_lt_q20,2783
6837000,q_lt_q20,1960
6838000,q_lt_q20,1979
6843500,q_lt_q20,1708
6844500,q_lt_q20,1774
6845110,q_lt_q20,2384
6847000,q_lt_q20,1500
6847500,q_lt_q20,1783
6847900,q_lt_q20,2082
6848500,q_lt_q20,1964
6852500,q_lt_q20,1547
6853020,q_lt_q20,1663
6853500,q_lt_q20,2062
6853800,q_lt_q20,1994
6854500,q_lt_q20,2368
6855850,q_lt_q20,1975
6856000,q_lt_q20,2274
6856600,q_lt_q20,2278
6857100,q_lt_q20,1944
6860000,q_lt_q20,2005
6861000,q_lt_q20,674
6862700,q_lt_q20,1466
6862850,q_lt_q20,1283
6863000,q_lt_q20,1170
6863420,q_lt_q20,1412
6863500,q_lt_q20,1797
6864000,q_lt_q20,1090
6864500,q_lt_q20,1244
6865500,q_lt_q20,1861
6866500,q_lt_q20,1464
6866900,q_lt_q20,1576
6867000,q_lt_q20,526
6868200,q_lt_q20,916
6868850,q_lt_q20,1686
6869500,q_lt_q20,2289
6869950,q_lt_q20,2018
6870300,q_lt_q20,2042
6871000,q_lt_q20,1244
6871500,q_lt_q20,1325
6872500,q_lt_q20,1737
6873000,q_lt_q20,1601
6873460,q_lt_q20,1448
6874000,q_lt_q20,1274
6875900,q_lt_q20,1847
6876700,q_lt_q20,2221
6876900,q_lt_q20,2067
6877600,q_lt_q20,1598
6878000,q_lt_q20,1562
6879100,q_lt_q20,2172
6879650,q_lt_q20,1176
6879810,q_lt_q20,1824
6880800,q_lt_q20,3721
6881000,q_lt_q20,4735
6881380,q_lt_q20,3773
6882000,q_lt_q20,2558
6882510,q_lt_q20,2283
6883000,q_lt_q20,2683
6883530,q_lt_q20,3072
6884000,q_lt_q20,2775
6884025,q_lt_q20,2484
6884200,q_lt_q20,1952
6884400,q_lt_q20,1993
6885500,q_lt_q20,2965
6887000,q_lt_q20,3439
6887500,q_lt_q20,
6888000,q_lt_q20,2491
6888350,q_lt_q20,3609
6888500,q_lt_q20,2708
6888990,q_lt_q20,1998
6889000,q_lt_q20,2284
6889110,q_lt_q20,3804
6889200,q_lt_q20,2876
6889500,q_lt_q20,3068
6889630,q_lt_q20,1909
6890100,q_lt_q20,3262
6890900,q_lt_q20,2741
6891000,q_lt_q20,2317
6891080,q_lt_q20,2522
6891260,q_lt_q20,2796
6891500,q_lt_q20,2551
6891850,q_lt_q20,2407
6892000,q_lt_q20,2474
6892350,q_lt_q20,2391
6892360,q_lt_q20,2402
6892495,q_lt_q20,2370
6892513,q_lt_q20,2295
6892518,q_lt_q20,2414
6893000,q_lt_q20,2946
6893080,q_lt_q20,2816
6893100,q_lt_q20,2680
6893150,q_lt_q20,2430
6893300,q_lt_q20,2377
6893350,q_lt_q20,3875
6893390,q_lt_q20,2651
6893500,q_lt_q20,2941
6893557,q_lt_q20,4405
6893578,q_lt_q20,1812
6893820,q_lt_q20,4235
6893830,q_lt_q20,1899
6893970,q_lt_q20,3446
6894000,q_lt_q20,2275
6894200,q_lt_q20,2788
6894650,q_lt_q20,
6895000,q_lt_q20,2802
6895500,q_lt_q20,
6896000,q_lt_q20,2562
6896400,q_lt_q20,3632
6896900,q_lt_q20,2623
6897000,q_lt_q20,3573
6897500,q_lt_q20,2350
6898000,q_lt_q20,3082
6899500,q_lt_q20,2917
6899700,q_lt_q20,2822
6899900,q_lt_q20,3473
6900050,q_lt_q20,2518
6900800,q_lt_q20,2989
6901205,q_lt_q20,2434
6901500,q_lt_q20,3088
6902000,q_lt_q20,2826
6903400,q_lt_q20,3098
6903700,q_lt_q20,2713
6904010,q_lt_q20,3083
6904500,q_lt_q20,3204
6904650,q_lt_q20,2653
6905500,q_lt_q20,2853
6906000,q_lt_q20,2553
6906150,q_lt_q20,2707
6906200,q_lt_q20,2553
6906500,q_lt_q20,2655
6906800,q_lt_q20,1478
6907700,q_lt_q20,2445
6908000,q_lt_q20,1494
6909000,q_lt_q20,3399
6909500,q_lt_q20,1938
6909950,q_lt_q20,2106
6910230,q_lt_q20,1400
6910450,q_lt_q20,
6910750,q_lt_q20,1059
6910800,q_lt_q20,3173
6911000,q_lt_q20,2629
6911490,q_lt_q20,2655
6911900,q_lt_q20,3949
6912500,q_lt_q20,2595
6913000,q_lt_q20,2720
6913500,q_lt_q20,3116
6914950,q_lt_q20,3181
6914990,q_lt_q20,3598
6915000,q_lt_q20,3923
6915800,q_lt_q20,2384
6916600,q_lt_q20,3181
6917000,q_lt_q20,2126
6917060,q_lt_q20,1677
6917240,q_lt_q20,1978
6917500,q_lt_q20,2162
6917560,q_lt_q20,2712
6917630,q_lt_q20,1731
6918060,q_lt_q20,1364
6918250,q_lt_q20,1229
6918493,q_lt_q20,2539
6918740,q_lt_q20,1472
6920520,q_lt_q20,1454
6921070,q_lt_q20,1785
6921200,q_lt_q20,1337
6921350,q_lt_q20,1048
6921590,q_lt_q20,1790
6921600,q_lt_q20,2485
6921720,q_lt_q20,2194
6923250,q_lt_q20,1193
6923500,q_lt_q20,1252
6923940,q_lt_q20,2035
6923950,q_lt_q20,
6925250,q_lt_q20,1084
6926000,q_lt_q20,1244
6926080,q_lt_q20,1095
6926290,q_lt_q20,917
6926510,q_lt_q20,1185
6927000,q_lt_q20,1171
6927240,q_lt_q20,1324
6928000,q_lt_q20,1152
6928300,q_lt_q20,1176
6928420,q_lt_q20,1216
6930000,q_lt_q20,1355
6930060,q_lt_q20,1009
6932000,q_lt_q20,1081
6933500,q_lt_q20,1023
6934000,q_lt_q20,1100
6934500,q_lt_q20,
6935450,q_lt_q20,
6935550,q_lt_q20,3218
6935755,q_lt_q20,1465
6935770,q_lt_q20,1699
6935830,q_lt_q20,1278
6935850,q_lt_q20,1821
6935890,q_lt_q20,2513
6935955,q_lt_q20,2052
6935965,q_lt_q20,3106
6935980,q_lt_q20,2383
6935997,q_lt_q20,2957
6936475,q_lt_q20,3247
6936530,q_lt_q20,2647
7001910,q_lt_q20,3079
7005000,q_lt_q20,2203
7010000,q_lt_q20,
7010022,q_lt_q20,2483
7010030,q_lt_q20,2148
7010035,q_lt_q20,2193
7010038,q_lt_q20,2469
7010040,q_lt_q20,1483
7010055,q_lt_q20,1904
7010061,q_lt_q20,1489
7010070,q_lt_q20,1608
7010075,q_lt_q20,1603
7010082,q_lt_q20,2095
7010086,q_lt_q20,2136
7010088,q_lt_q20,2894
7010090,q_lt_q20,2564
7010094,q_lt_q20,2641
7010097,q_lt_q20,3754
7010180,q_lt_q20,3557
7010208,q_lt_q20,2957
7010350,q_lt_q20,1406
7013000,q_lt_q20,1257
7014000,q_lt_q20,999
7014500,q_lt_q20,1328
7015720,q_lt_q20,1968
7016500,q_lt_q20,1374
7017020,q_lt_q20,1064
7017200,q_lt_q20,1170
7017260,q_lt_q20,1255
7017610,q_lt_q20,1345
7018100,q_lt_q20,1295
7018500,q_lt_q20,1687
7019000,q_lt_q20,1328
7019072,q_lt_q20,1250
7019090,q_lt_q20,1913
7019120,q_lt_q20,1574
7019150,q_lt_q20,1357
7019175,q_lt_q20,1943
7019185,q_lt_q20,2055
7019195,q_lt_q20,1603
7019220,q_lt_q20,2748
7019317,q_lt_q20,1114
7019500,q_lt_q20,1647
7020500,q_lt_q20,2645
7020550,q_lt_q20,1886
7021000,q_lt_q20,1875
7022000,q_lt_q20,2903
7024000,q_lt_q20,3816
7024175,q_lt_q20,5050
7024500,q_lt_q20,2573
7025400,q_lt_q20,2597
7026040,q_lt_q20,3136
7027720,q_lt_q20,2199
7028960,q_lt_q20,1360
7029500,q_lt_q20,1122
7030050,q_lt_q20,2310
7030240,q_lt_q20,1862
7030392,q_lt_q20,1088
7030500,q_lt_q20,1525
7031650,q_lt_q20,1749
7031692,q_lt_q20,2346
7032000,q_lt_q20,
7032200,q_lt_q20,1753
7035000,q_lt_q20,1280
7035800,q_lt_q20,1522
7036100,q_lt_q20,1031
7037300,q_lt_q20,1372
7037500,q_lt_q20,1740
7039500,q_lt_q20,1680
7043500,q_lt_q20,4505
7047942,q_lt_q20,2548
7047950,q_lt_q20,2731
7047980,q_lt_q20,2098
7048550,q_lt_q20,1775
7048600,q_lt_q20,2510
7048780,q_lt_q20,1769
7049000,q_lt_q20,1804
7050152,q_lt_q20,1410
7050500,q_lt_q20,2546
7050690,q_lt_q20,987
7050700,q_lt_q20,1597
7052000,q_lt_q20,1251
7052100,q_lt_q20,1065
7052120,q_lt_q20,1067
7052152,q_lt_q20,1837
7052250,q_lt_q20,1495
7052345,q_lt_q20,969
7052500,q_lt_q20,1070
7052820,q_lt_q20,1543
7053250,q_lt_q20,3056
7053810,q_lt_q20,1021
7054080,q_lt_q20,2032
7055607,q_lt_q20,1946
7055646,q_lt_q20,1742
7055660,q_lt_q20,2114
7055680,q_lt_q20,1228
7055875,q_lt_q20,2366
7056000,q_lt_q20,1374
7056515,q_lt_q20,1898
7056700,q_lt_q20,2016
7057370,q_lt_q20,
7057500,q_lt_q20,1280
7058000,q_lt_q20,1150
7060500,q_lt_q20,1138
7060710,q_lt_q20,2430
7061000,q_lt_q20,2406
7061270,q_lt_q20,2065
7061290,q_lt_q20,1553
7061500,q_lt_q20,1579
7061600,q_lt_q20,1858
7061900,q_lt_q20,1638
7062500,q_lt_q20,1367
7063000,q_lt_q20,2644
7064000,q_lt_q20,4250
7064026,q_lt_q20,4878
7064440,q_lt_q20,1195
7064533,q_lt_q20,1404
7065200,q_lt_q20,1397
7065495,q_lt_q20,1557
7066000,q_lt_q20,1503
7067000,q_lt_q20,1548
7067500,q_lt_q20,1329
7068000,q_lt_q20,1623
7068510,q_lt_q20,2134
7069000,q_lt_q20,3602
7069190,q_lt_q20,1182
7069295,q_lt_q20,1513
7069305,q_lt_q20,1704
7069500,q_lt_q20,3016
7071000,q_lt_q20,2811
7071500,q_lt_q20,1305
7072000,q_lt_q20,1928
7072500,q_lt_q20,3018
7074420,q_lt_q20,2832
7074500,q_lt_q20,2059
7074670,q_lt_q20,2883
7074850,q_lt_q20,
7075000,q_lt_q20,1860
7075270,q_lt_q20,1834
7075300,q_lt_q20,1837
7076517,q_lt_q20,2161
7076750,q_lt_q20,2380
7077000,q_lt_q20,3093
7077380,q_lt_q20,4257
7077500,q_lt_q20,2505
7077555,q_lt_q20,2709
7077700,q_lt_q20,2565
7079300,q_lt_q20,2825
7081200,q_lt_q20,3673
7083000,q_lt_q20,3249
7083200,q_lt_q20,3494
7083710,q_lt_q20,3385
7087050,q_lt_q20,2639
7091200,q_lt_q20,1816
7094500,q_lt_q20,2316
7096250,q_lt_q20,1986
7099050,q_lt_q20,2250
7099060,q_lt_q20,1900
7099970,q_lt_q20,2910
7099973,q_lt_q20,3041
7103700,q_lt_q20,2189
7103703,q_lt_q20,1763
7103780,q_lt_q20,2130
7103797,q_lt_q20,2263
7103800,q_lt_q20,1681
7103970,q_lt_q20,2154
7103980,q_lt_q20,2915
7103987,q_lt_q20,2688
7103990,q_lt_q20,2202
7104000,q_lt_q20,2085
7104905,q_lt_q20,3900
7105000,q_lt_q20,1614
7105490,q_lt_q20,2435
7105500,q_lt_q20,3401
7105530,q_lt_q20,2080
7105600,q_lt_q20,2503
7105800,q_lt_q20,1786
7105815,q_lt_q20,2230
7105820,q_lt_q20,2113
7105900,q_lt_q20,2387
7105940,q_lt_q20,3128
7106000,q_lt_q20,2890
7106300,q_lt_q20,3126
7108900,q_lt_q20,2458
7109500,q_lt_q20,3020
7116500,q_lt_q20,2360
7119500,q_lt_q20,2871
7121500,q_lt_q20,2233
7124000,q_lt_q20,3023
7124200,q_lt_q20,2361
7124410,q_lt_q20,1809
7126200,q_lt_q20,1298
7126300,q_lt_q20,1328
7126485,q_lt_q20,967
7128500,q_lt_q20,3013
7130500,q_lt_q20,3045
7133000,q_lt_q20,2592
7134180,q_lt_q20,2494
7134990,q_lt_q20,3054
7137000,q_lt_q20,3018
7137010,q_lt_q20,2832
7137500,q_lt_q20,2930
7138000,q_lt_q20,3381
7138020,q_lt_q20,2721
7138050,q_lt_q20,2032
7138063,q_lt_q20,2384
7138075,q_lt_q20,3123
7139000,q_lt_q20,2713
7140880,q_lt_q20,1053
7140890,q_lt_q20,665
7140900,q_lt_q20,1407
7141200,q_lt_q20,2830
7141300,q_lt_q20,2520
7141780,q_lt_q20,1737
7141900,q_lt_q20,2416
7142019,q_lt_q20,700
7142300,q_lt_q20,4479
7142575,q_lt_q20,3910
7142680,q_lt_q20,2665
7143300,q_lt_q20,2246
7143330,q_lt_q20,3777
7143375,q_lt_q20,1993
7143665,q_lt_q20,2668
7143672,q_lt_q20,3366
7144050,q_lt_q20,3025
7144100,q_lt_q20,2861
7144200,q_lt_q20,1543
7144300,q_lt_q20,1149
7144480,q_lt_q20,1812
7144486,q_lt_q20,1759
7144490,q_lt_q20,2034
7144550,q_lt_q20,1574
7144570,q_lt_q20,1668
7144780,q_lt_q20,1308
7144910,q_lt_q20,2786
7145200,q_lt_q20,872
7145500,q_lt_q20,850
7145600,q_lt_q20,1076
7145700,q_lt_q20,1133
7146500,q_lt_q20,1521
7146800,q_lt_q20,1929
7147070,q_lt_q20,1445
7147800,q_lt_q20,1769
7148111,q_lt_q20,1439
7148400,q_lt_q20,1626
7149000,q_lt_q20,1159
7151000,q_lt_q20,1863
7151500,q_lt_q20,1211
7152000,q_lt_q20,1545
7152500,q_lt_q20,3082
7153000,q_lt_q20,2722
7156900,q_lt_q20,1443
7157500,q_lt_q20,3028
7157740,q_lt_q20,1657
7157940,q_lt_q20,1988
7157950,q_lt_q20,1614
7158000,q_lt_q20,1666
7159100,q_lt_q20,1417
7160000,q_lt_q20,1646
7160300,q_lt_q20,1319
7160350,q_lt_q20,1308
7160500,q_lt_q20,1549
7161450,q_lt_q20,2176
7164500,q_lt_q20,4027
7164600,q_lt_q20,3244
7165562,q_lt_q20,1920
7165565,q_lt_q20,2501
7165570,q_lt_q20,4388
7165750,q_lt_q20,2637
7166500,q_lt_q20,2605
7167500,q_lt_q20,2083
7169500,q_lt_q20,2515
7169800,q_lt_q20,1921
7170500,q_lt_q20,3046
7170990,q_lt_q20,2999
7171000,q_lt_q20,3328
7172000,q_lt_q20,2871
7174400,q_lt_q20,3776
7175500,q_lt_q20,2471
7176000,q_lt_q20,3186
7176500,q_lt_q20,3801
7177500,q_lt_q20,3894
7177650,q_lt_q20,3023
7177800,q_lt_q20,4303
7178000,q_lt_q20,3767
7178200,q_lt_q20,4347
7179300,q_lt_q20,1878
7179500,q_lt_q20,2164
7179700,q_lt_q20,3103
7179730,q_lt_q20,2586
7179750,q_lt_q20,2704
7179785,q_lt_q20,1249
7179795,q_lt_q20,2188
7180400,q_lt_q20,1786
7180500,q_lt_q20,2139
7182000,q_lt_q20,2699
7182200,q_lt_q20,2282
7182250,q_lt_q20,3468
7182260,q_lt_q20,2200
7182390,q_lt_q20,2649
7182510,q_lt_q20,2755
7183000,q_lt_q20,2946
7183500,q_lt_q20,2604
7184000,q_lt_q20,3211
7184500,q_lt_q20,2872
7185000,q_lt_q20,3279
7185030,q_lt_q20,2935
7185090,q_lt_q20,1913
7185095,q_lt_q20,2227
7185700,q_lt_q20,1567
7185765,q_lt_q20,1770
7185910,q_lt_q20,1921
7186000,q_lt_q20,2221
7187000,q_lt_q20,2308
7187600,q_lt_q20,2734
7188000,q_lt_q20,3125
7188005,q_lt_q20,3285
7188653,q_lt_q20,1473
7188838,q_lt_q20,3808
7188885,q_lt_q20,2033
7189000,q_lt_q20,1428
7189100,q_lt_q20,1359
7189540,q_lt_q20,1707
7189542,q_lt_q20,2722
7189700,q_lt_q20,2100
7189710,q_lt_q20,2931
7190500,q_lt_q20,3129
7191000,q_lt_q20,3643
7191160,q_lt_q20,1680
7191179,q_lt_q20,2101
7191220,q_lt_q20,2564
7191222,q_lt_q20,2308
7191265,q_lt_q20,2182
7191288,q_lt_q20,3121
7191500,q_lt_q20,4458
7194500,q_lt_q20,4397
7194800,q_lt_q20,1552
7194880,q_lt_q20,1510
7195000,q_lt_q20,1295
7195400,q_lt_q20,1954
7195430,q_lt_q20,1963
7195500,q_lt_q20,2315
7195800,q_lt_q20,1900
7195855,q_lt_q20,1618
7195865,q_lt_q20,1595
7196000,q_lt_q20,1974
7196090,q_lt_q20,3861
7196500,q_lt_q20,3640
7196900,q_lt_q20,1847
7197000,q_lt_q20,2275
7197360,q_lt_q20,2186
7202500,q_lt_q20,6595
7203000,q_lt_q20,1639
7206000,q_lt_q20,2082
7207000,q_lt_q20,1931
7207500,q_lt_q20,1470
7208500,q_lt_q20,1260
7211500,q_lt_q20,2131
7214470,q_lt_q20,998
7214670,q_lt_q20,1563
7214680,q_lt_q20,1503
7215500,q_lt_q20,1839
7216500,q_lt_q20,2860
7218000,q_lt_q20,1408
7221500,q_lt_q20,3353
7226500,q_lt_q20,4828
7227000,q_lt_q20,3944
7227100,q_lt_q20,4068
7227500,q_lt_q20,893
7228000,q_lt_q20,1296
7228940,q_lt_q20,1849
7229050,q_lt_q20,2438
7229200,q_lt_q20,2888
7230000,q_lt_q20,2455
7230500,q_lt_q20,4555
7231000,q_lt_q20,2777
7231500,q_lt_q20,3234
7234000,q_lt_q20,2515
7235600,q_lt_q20,1722
7237500,q_lt_q20,1750
7238000,q_lt_q20,2225
7239300,q_lt_q20,2052
7239450,q_lt_q20,2296
7239500,q_lt_q20,2154
7239700,q_lt_q20,2958
7240000,q_lt_q20,1474
7241000,q_lt_q20,2264
7241520,q_lt_q20,3437
7241550,q_lt_q20,2144
7241780,q_lt_q20,2964
7241800,q_lt_q20,2386
7242000,q_lt_q20,2217
7242380,q_lt_q20,2813
7243500,q_lt_q20,4503
7247000,q_lt_q20,1842
7247015,q_lt_q20,2186
7247250,q_lt_q20,2125
7247500,q_lt_q20,2206
7249400,q_lt_q20,1591
7249413,q_lt_q20,2108
7249455,q_lt_q20,
7249800,q_lt_q20,2756
7249920,q_lt_q20,2063
7249985,q_lt_q20,1443
7250085,q_lt_q20,2311
7250935,q_lt_q20,1665
7250965,q_lt_q20,1915
7250974,q_lt_q20,2067
7252000,q_lt_q20,2306
7257006,q_lt_q20,1498
7257500,q_lt_q20,2078
7258500,q_lt_q20,1663
7259950,q_lt_q20,1767
7260500,q_lt_q20,2544
7261000,q_lt_q20,2178
7261090,q_lt_q20,2294
7261500,q_lt_q20,1846
7263012,q_lt_q20,1702
7263295,q_lt_q20,1110
7263296,q_lt_q20,1296
7263300,q_lt_q20,1536
7263555,q_lt_q20,1455
7263580,q_lt_q20,1388
7263605,q_lt_q20,1622
7264000,q_lt_q20,3531
7268000,q_lt_q20,1425
7274000,q_lt_q20,4289
7281600,q_lt_q20,4325
7283000,q_lt_q20,2367
7285500,q_lt_q20,1734
7288048,q_lt_q20,3720
7288068,q_lt_q20,5061
7288280,q_lt_q20,4870
7288500,q_lt_q20,4315
7288521,q_lt_q20,3326
7288650,q_lt_q20,4036
7288800,q_lt_q20,3675
7289000,q_lt_q20,
7289350,q_lt_q20,1571
7289730,q_lt_q20,2518
7290000,q_lt_q20,4510
7290650,q_lt_q20,2153
7291000,q_lt_q20,1704
7292500,q_lt_q20,1953
7295000,q_lt_q20,2936
7299540,q_lt_q20,1830
7300000,q_lt_q20,1330
7300500,q_lt_q20,1298
7301110,q_lt_q20,2665
7301300,q_lt_q20,747
7301420,q_lt_q20,2504
7301500,q_lt_q20,1276
7303400,q_lt_q20,650
7305000,q_lt_q20,2046
7307028,q_lt_q20,1562
7308200,q_lt_q20,1891
7308500,q_lt_q20,2154
7311000,q_lt_q20,2659
7311500,q_lt_q20,3877
7311700,q_lt_q20,1069
7311900,q_lt_q20,1282
7312100,q_lt_q20,1046
7312200,q_lt_q20,2142
7312500,q_lt_q20,1657
7315200,q_lt_q20,2081
7315700,q_lt_q20,3587
7316000,q_lt_q20,2404
7316500,q_lt_q20,1925
7324200,q_lt_q20,2065
7324400,q_lt_q20,1876
7325000,q_lt_q20,2057
7325800,q_lt_q20,868
7325840,q_lt_q20,563
7325850,q_lt_q20,893
7325860,q_lt_q20,1377
7326000,q_lt_q20,1107
7326500,q_lt_q20,1642
7327442,q_lt_q20,909
7327447,q_lt_q20,1278
7327550,q_lt_q20,2784
7328100,q_lt_q20,2686
7328180,q_lt_q20,3186
7328500,q_lt_q20,2936
7329780,q_lt_q20,2459
7329849,q_lt_q20,1960
7329852,q_lt_q20,4154
7331000,q_lt_q20,1759
7331200,q_lt_q20,3182
7331205,q_lt_q20,3969
7331295,q_lt_q20,2706
7331300,q_lt_q20,4550
7331600,q_lt_q20,1697
7332307,q_lt_q20,2512
7332348,q_lt_q20,2826
7332389,q_lt_q20,2569
7332390,q_lt_q20,2512
7332500,q_lt_q20,3020
7332605,q_lt_q20,2268
7334000,q_lt_q20,2514
7334238,q_lt_q20,1839
7334428,q_lt_q20,1822
7334800,q_lt_q20,2552
7335300,q_lt_q20,2236
7335500,q_lt_q20,2654
7335700,q_lt_q20,2005
7335790,q_lt_q20,1819
7336200,q_lt_q20,1904
7336820,q_lt_q20,3299
7337000,q_lt_q20,2396
7337900,q_lt_q20,1333
7338500,q_lt_q20,1627
7338750,q_lt_q20,2605
7339000,q_lt_q20,1649
7340000,q_lt_q20,1685
7340300,q_lt_q20,1941
7341200,q_lt_q20,2142
7344370,q_lt_q20,1889
7348700,q_lt_q20,1901
7349450,q_lt_q20,2048
7349860,q_lt_q20,2957
7351500,q_lt_q20,1613
7351750,q_lt_q20,1355
7352000,q_lt_q20,2011
7356000,q_lt_q20,1543
7358253,q_lt_q20,1435
7358284,q_lt_q20,1992
7359610,q_lt_q20,1411
7360200,q_lt_q20,1123
7361500,q_lt_q20,1762
7362000,q_lt_q20,1735
7362100,q_lt_q20,2349
7362579,q_lt_q20,2002
7362587,q_lt_q20,1644
7363000,q_lt_q20,1397
7363054,q_lt_q20,1550
7363400,q_lt_q20,1496
7363500,q_lt_q20,2185
7364078,q_lt_q20,1987
7364133,q_lt_q20,3667
7364185,q_lt_q20,4871
7364200,q_lt_q20,5082
7366200,q_lt_q20,1765
7367005,q_lt_q20,3657
7367680,q_lt_q20,2817
7367690,q_lt_q20,2612
7369000,q_lt_q20,2844
7369500,q_lt_q20,3269
7369680,q_lt_q20,3960
7369700,q_lt_q20,5700
7370600,q_lt_q20,2188
7372050,q_lt_q20,2445
7372200,q_lt_q20,2404
7373000,q_lt_q20,2223
7374000,q_lt_q20,2386
7374525,q_lt_q20,
7375000,q_lt_q20,1765
7375280,q_lt_q20,2181
7375500,q_lt_q20,2620
7375800,q_lt_q20,2363
7375960,q_lt_q20,2238
7376000,q_lt_q20,2574
7376500,q_lt_q20,2351
7377000,q_lt_q20,2354
7377600,q_lt_q20,2808
7378000,q_lt_q20,2599
7378500,q_lt_q20,2352
7380238,q_lt_q20,1845
7380401,q_lt_q20,2122
7381482,q_lt_q20,
7381490,q_lt_q20,
7382000,q_lt_q20,2582
7382500,q_lt_q20,2188
7383500,q_lt_q20,2802
7385700,q_lt_q20,1634
8010000,q_lt_q20,2116
8012000,q_lt_q20,2123
8012470,q_lt_q20,2486
8013000,q_lt_q20,2314
8013500,q_lt_q20,2068
8014500,q_lt_q20,2222
8014800,q_lt_q20,2299
8015500,q_lt_q20,2331
8022500,q_lt_q20,1509
8023080,q_lt_q20,1793
8032000,q_lt_q20,2096
8032700,q_lt_q20,1860
8033500,q_lt_q20,2240
8037180,q_lt_q20,2009
8040600,q_lt_q20,1913
8041000,q_lt_q20,2111
8041300,q_lt_q20,1955
8050350,q_lt_q20,1381
8053090,q_lt_q20,1812
8053430,q_lt_q20,854
8057300,q_lt_q20,1497
8061548,q_lt_q20,1979
8062095,q_lt_q20,1279
8063460,q_lt_q20,2619
8065000,q_lt_q20,3176
8067000,q_lt_q20,1434
8067575,q_lt_q20,2147
8067650,q_lt_q20,1623
8068000,q_lt_q20,2585
8069800,q_lt_q20,1809
8079510,q_lt_q20,3247
8083235,q_lt_q20,3481
8083430,q_lt_q20,1941
8096500,q_lt_q20,3840
8117855,q_lt_q20,1570
8143600,q_lt_q20,1426
8167200,q_lt_q20,550
8168710,q_lt_q20,1478
8170000,q_lt_q20,975
8172400,q_lt_q20,654
8180640,q_lt_q20,1334
8187500,q_lt_q20,1410
8212820,q_lt_q20,2727
8252500,q_lt_q20,1915
8253000,q_lt_q20,1505
8253500,q_lt_q20,1380
8254000,q_lt_q20,1582
8255500,q_lt_q20,2260
8261000,q_lt_q20,5570
8263500,q_lt_q20,1212
8265000,q_lt_q20,1431
8266820,q_lt_q20,1669
8267500,q_lt_q20,1368
8269000,q_lt_q20,2600
8271000,q_lt_q20,2289
8275500,q_lt_q20,2568
8276300,q_lt_q20,2356
8276500,q_lt_q20,1860
8277470,q_lt_q20,1566
8279000,q_lt_q20,2185
8279500,q_lt_q20,2756
8282300,q_lt_q20,1955
8284100,q_lt_q20,1436
8294210,q_lt_q20,1521
8328950,q_lt_q20,5756
8329928,q_lt_q20,7959
8330000,q_lt_q20,7155
8330600,q_lt_q20,5938
8330875,q_lt_q20,4699
8331160,q_lt_q20,4791
8331510,q_lt_q20,6337
8332010,q_lt_q20,5702
8353000,q_lt_q20,26084
8354900,q_lt_q20,11801
8355050,q_lt_q20,4180
8355490,q_lt_q20,4265
8358300,q_lt_q20,9850
8358400,q_lt_q20,9122
8359500,q_lt_q20,10903
8361000,q_lt_q20,4649
8378500,q_lt_q20,1755
8379500,q_lt_q20,2550
8380500,q_lt_q20,845
8382000,q_lt_q20,2014
8382500,q_lt_q20,4073
8382600,q_lt_q20,1850
8382650,q_lt_q20,878
8382830,q_lt_q20,1909
8383500,q_lt_q20,609
8384500,q_lt_q20,2238
8385000,q_lt_q20,5678
8385503,q_lt_q20,6132
8385522,q_lt_q20,6029
8385630,q_lt_q20,5866
8386000,q_lt_q20,5707
8386505,q_lt_q20,788
8387000,q_lt_q20,433
8387550,q_lt_q20,862
8387600,q_lt_q20,462
8390500,q_lt_q20,6815
8393610,q_lt_q20,3440
8395500,q_lt_q20,4193
8396500,q_lt_q20,2559
8399500,q_lt_q20,2720
8401500,q_lt_q20,2714
8402000,q_lt_q20,1433
8403500,q_lt_q20,1551
8405350,q_lt_q20,946
8405400,q_lt_q20,1426
8405450,q_lt_q20,2055
8405500,q_lt_q20,2193
8406000,q_lt_q20,1909
8406500,q_lt_q20,1708
8407000,q_lt_q20,1383
8408500,q_lt_q20,1598
8474095,q_lt_q20,2129
8474107,q_lt_q20,1690
8474108,q_lt_q20,2088
8474110,q_lt_q20,1828
8477110,q_lt_q20,3874
8481500,q_lt_q20,3530
9010500,q_lt_q20,3497
9014050,q_lt_q20,3627
9015000,q_lt_q20,2997
9019500,q_lt_q20,2885
9021000,q_lt_q20,2549
9022000,q_lt_q20,1688
9024000,q_lt_q20,2904
9025000,q_lt_q20,2259
9025300,q_lt_q20,1807
9026500,q_lt_q20,3375
9027100,q_lt_q20,3888
9031600,q_lt_q20,2243
9031700,q_lt_q20,1479
9032000,q_lt_q20,2189
9032100,q_lt_q20,1977
9033100,q_lt_q20,2249
9033300,q_lt_q20,2241
9034250,q_lt_q20,2286
9034900,q_lt_q20,939
9035500,q_lt_q20,1109
9035700,q_lt_q20,3075
9035900,q_lt_q20,2906
9036000,q_lt_q20,2728
9037500,q_lt_q20,2710
9038500,q_lt_q20,2046
9040500,q_lt_q20,3591
9041090,q_lt_q20,2489
9041400,q_lt_q20,2776
9041900,q_lt_q20,1556
9044300,q_lt_q20,1556
9044800,q_lt_q20,1556
9046490,q_lt_q20,3104
9046600,q_lt_q20,1935
9047500,q_lt_q20,3197
9047700,q_lt_q20,2126
9050100,q_lt_q20,2039
9050700,q_lt_q20,2254
9051050,q_lt_q20,2260
9056500,q_lt_q20,2866
9057500,q_lt_q20,2533
9058000,q_lt_q20,2178
9058500,q_lt_q20,3008
9059500,q_lt_q20,2044
9060799,q_lt_q20,1835
9061600,q_lt_q20,1278
9063000,q_lt_q20,2202
9063900,q_lt_q20,1478
9064000,q_lt_q20,2266
9064600,q_lt_q20,3124
9065100,q_lt_q20,3208
9065500,q_lt_q20,2234
9066000,q_lt_q20,1819
9066200,q_lt_q20,2034
9066300,q_lt_q20,3303
9066325,q_lt_q20,2736
9066510,q_lt_q20,4612
9067000,q_lt_q20,2571
9067020,q_lt_q20,2123
9067200,q_lt_q20,3487
9070000,q_lt_q20,3200
9070500,q_lt_q20,2349
9072550,q_lt_q20,994
9073005,q_lt_q20,1372
9073300,q_lt_q20,3435
9073400,q_lt_q20,2902
9074500,q_lt_q20,3015
9076000,q_lt_q20,2120
9078141,q_lt_q20,1860
9078475,q_lt_q20,2958
9079450,q_lt_q20,2309
9080400,q_lt_q20,2399
9081000,q_lt_q20,3949
9081600,q_lt_q20,2353
9085000,q_lt_q20,3028
9085100,q_lt_q20,2959
9085500,q_lt_q20,2891
9087500,q_lt_q20,2788
9090785,q_lt_q20,2467
9093500,q_lt_q20,2394
9095500,q_lt_q20,2560
9105000,q_lt_q20,1947
9106150,q_lt_q20,3068
9107000,q_lt_q20,3206
9107500,q_lt_q20,3499
9108250,q_lt_q20,2106
9109000,q_lt_q20,2179
9110000,q_lt_q20,1985
9111250,q_lt_q20,3831
9112200,q_lt_q20,3058
9112500,q_lt_q20,2489
9113980,q_lt_q20,5128
9114500,q_lt_q20,3836
9114520,q_lt_q20,4031
9115500,q_lt_q20,1508
9118450,q_lt_q20,1624
9119000,q_lt_q20,5408
9123450,q_lt_q20,2333
9124500,q_lt_q20,3488
9126000,q_lt_q20,3402
9127000,q_lt_q20,2098
9128000,q_lt_q20,1328
9129600,q_lt_q20,2177
9132095,q_lt_q20,2248
9132500,q_lt_q20,2041
9132960,q_lt_q20,1849
9134100,q_lt_q20,3282
9135920,q_lt_q20,3370
9136100,q_lt_q20,2324
9143000,q_lt_q20,2719
9143500,q_lt_q20,2795
9144250,q_lt_q20,5019
9146020,q_lt_q20,2269
9146200,q_lt_q20,4122
9147000,q_lt_q20,3131
9147025,q_lt_q20,2081
9147500,q_lt_q20,5559
9149500,q_lt_q20,3609
9151500,q_lt_q20,2490
9152500,q_lt_q20,2522
9163492,q_lt_q20,2380
9163500,q_lt_q20,2208
9166500,q_lt_q20,1228
9166950,q_lt_q20,1663
9168730,q_lt_q20,1547
9169500,q_lt_q20,2592
9171100,q_lt_q20,1505
9172500,q_lt_q20,1711
9174600,q_lt_q20,2714
9177000,q_lt_q20,2172
9179450,q_lt_q20,2084
9180000,q_lt_q20,4986
9180500,q_lt_q20,1195
9183500,q_lt_q20,1685
9183600,q_lt_q20,1634
9184600,q_lt_q20,2571
9185100,q_lt_q20,6622
9185600,q_lt_q20,4448
9188500,q_lt_q20,4691
9196500,q_lt_q20,2392
9205000,q_lt_q20,3912
9209400,q_lt_q20,4145
9210500,q_lt_q20,2059
9211200,q_lt_q20,3045
9213500,q_lt_q20,3941
9217000,q_lt_q20,4281
9217900,q_lt_q20,2806
9219200,q_lt_q20,3692
9220000,q_lt_q20,3104
9222400,q_lt_q20,3611
9223000,q_lt_q20,4552
9224700,q_lt_q20,5405
9229500,q_lt_q20,3436
9234500,q_lt_q20,2560
10023000,q_lt_q20,3403
10038000,q_lt_q20,2453
10068500,q_lt_q20,2597
10092700,q_lt_q20,3378
10108400,q_lt_q20,2262
10109000,q_lt_q20,2934
10109001,q_lt_q20,2934
10125850,q_lt_q20,4724
10126000,q_lt_q20,5045
10126050,q_lt_q20,6627
10130500,q_lt_q20,2728
10131000,q_lt_q20,2073
10132500,q_lt_q20,2390
10133650,q_lt_q20,2262
10133980,q_lt_q20,1536
10136500,q_lt_q20,2113
10140100,q_lt_q20,2442
10141000,q_lt_q20,4583
10141100,q_lt_q20,3272
10141200,q_lt_q20,3750
10142000,q_lt_q20,1876
10145400,q_lt_q20,2517
10146400,q_lt_q20,3585
10147100,q_lt_q20,1888
10149000,q_lt_q20,1534
10149400,q_lt_q20,1476
10150500,q_lt_q20,1263
10153100,q_lt_q20,5066
10155000,q_lt_q20,1894
10155500,q_lt_q20,3307
10157500,q_lt_q20,2312
10166430,q_lt_q20,2670
10171000,q_lt_q20,6173
10172700,q_lt_q20,2717
10172952,q_lt_q20,2941
10173450,q_lt_q20,1650
10174500,q_lt_q20,3813
10183500,q_lt_q20,8546
10205030,q_lt_q20,1974
10215900,q_lt_q20,1676
10243700,q_lt_q20,2714
10249280,q_lt_q20,2613
10251290,q_lt_q20,19457
10251300,q_lt_q20,9940
10251330,q_lt_q20,3530
10251335,q_lt_q20,6812
10254730,q_lt_q20,
10254970,q_lt_q20,3682
10256500,q_lt_q20,0
10257500,q_lt_q20,0
10257720,q_lt_q20,0
10258000,q_lt_q20,0
10258700,q_lt_q20,1213
10259000,q_lt_q20,939
10259100,q_lt_q20,3672
10259200,q_lt_q20,0
10259300,q_lt_q20,13371
10260500,q_lt_q20,174
10260855,q_lt_q20,771
10260950,q_lt_q20,4398
10261500,q_lt_q20,2793
10263000,q_lt_q20,10488
10263500,q_lt_q20,320
10265150,q_lt_q20,5686
10293500,q_lt_q20,4586
10296000,q_lt_q20,2705
10296500,q_lt_q20,2208
10297010,q_lt_q20,2730
10297500,q_lt_q20,3806
10301742,q_lt_q20,3122
10301745,q_lt_q20,3540
10301755,q_lt_q20,3540
10302002,q_lt_q20,11074
10302025,q_lt_q20,
10308200,q_lt_q20,2050
10308785,q_lt_q20,1710
10308789,q_lt_q20,1370
10308792,q_lt_q20,1374
10308794,q_lt_q20,1374
10309000,q_lt_q20,3172
10309010,q_lt_q20,6163
10310000,q_lt_q20,1893
10310407,q_lt_q20,5896
10310500,q_lt_q20,3986
10311000,q_lt_q20,5939
10311200,q_lt_q20,4019
10311400,q_lt_q20,4589
10311750,q_lt_q20,6631
10312000,q_lt_q20,4483
10312150,q_lt_q20,7703
10312275,q_lt_q20,8506
10313900,q_lt_q20,3917
10316500,q_lt_q20,1059
10317480,q_lt_q20,3945
10318500,q_lt_q20,3044
10320000,q_lt_q20,2973
10321000,q_lt_q20,3360
10321940,q_lt_q20,4301
10322000,q_lt_q20,4564
10322150,q_lt_q20,4805
10322500,q_lt_q20,6452
10322505,q_lt_q20,8155
10322535,q_lt_q20,5425
10323425,q_lt_q20,3901
10324500,q_lt_q20,5542
9237450,q_lt_q20,1955
9237500,q_lt_q20,2120
9238900,q_lt_q20,3264
9239500,q_lt_q20,3191
9240020,q_lt_q20,2711
9242500,q_lt_q20,4448
9244490,q_lt_q20,2984
9246200,q_lt_q20,2572
9251000,q_lt_q20,3584
9258050,q_lt_q20,1957
9258980,q_lt_q20,3325
9260000,q_lt_q20,1884
9261000,q_lt_q20,3210
9261700,q_lt_q20,2247
9263500,q_lt_q20,4479
9271000,q_lt_q20,2496
9271550,q_lt_q20,4294
9272400,q_lt_q20,4916
9276700,q_lt_q20,2890
9288180,q_lt_q20,2672
9289500,q_lt_q20,2739
9292500,q_lt_q20,2756
9294500,q_lt_q20,3524
9295000,q_lt_q20,3445
9295100,q_lt_q20,3682
9296800,q_lt_q20,3324
9299500,q_lt_q20,2345
9301500,q_lt_q20,3031
9304200,q_lt_q20,3376
9304500,q_lt_q20,1884
9306242,q_lt_q20,1305
9310500,q_lt_q20,2061
9310700,q_lt_q20,1998
9312600,q_lt_q20,2482
9313520,q_lt_q20,2985
9313980,q_lt_q20,2896
9314250,q_lt_q20,2815
9314260,q_lt_q20,2819
9315000,q_lt_q20,5016
9319000,q_lt_q20,1311
9328910,q_lt_q20,2326
9328920,q_lt_q20,3051
9330000,q_lt_q20,2576
9330250,q_lt_q20,2901
9330500,q_lt_q20,1732
9333500,q_lt_q20,3034
9337000,q_lt_q20,2590
9346400,q_lt_q20,2281
9363500,q_lt_q20,2532
9364200,q_lt_q20,4726
9367000,q_lt_q20,6338
9371000,q_lt_q20,2965
9371492,q_lt_q20,2667
9372000,q_lt_q20,3075
9380000,q_lt_q20,1206
9381800,q_lt_q20,19868
9385700,q_lt_q20,3530
9386300,q_lt_q20,4237
9386900,q_lt_q20,1621
9386950,q_lt_q20,1195
9390500,q_lt_q20,1171
9397000,q_lt_q20,18396
9397500,q_lt_q20,1070
9400350,q_lt_q20,21158
9400815,q_lt_q20,1439
9401260,q_lt_q20,12284
9402300,q_lt_q20,1986
9402500,q_lt_q20,689
9403000,q_lt_q20,441
9403600,q_lt_q20,1670
9404104,q_lt_q20,3762
9404200,q_lt_q20,450
9404450,q_lt_q20,2269
9404900,q_lt_q20,1349
9405500,q_lt_q20,1595
9406000,q_lt_q20,6968
9406100,q_lt_q20,3412
9408000,q_lt_q20,1370
9408135,q_lt_q20,1321
9408150,q_lt_q20,5548
9408195,q_lt_q20,20115
9408400,q_lt_q20,2011
9409100,q_lt_q20,1519
9410100,q_lt_q20,7450
9413000,q_lt_q20,13252
9413700,q_lt_q20,1311
9415060,q_lt_q20,10840
9415510,q_lt_q20,11443
9415900,q_lt_q20,13306
9415908,q_lt_q20,6694
9415910,q_lt_q20,6694
9415920,q_lt_q20,10028
9416000,q_lt_q20,16492
9417500,q_lt_q20,1007
9418500,q_lt_q20,723
9419000,q_lt_q20,15294
9419550,q_lt_q20,5079
9419625,q_lt_q20,8904
001fc3f6-5980-42be-b553-6a09c6b69b69,q_lt_q20,1258
004d8c0d-b7cf-49ae-aee7-52e37cd11aed,q_lt_q20,1359
00dfeaa4-34bd-4975-967a-b11e5d86520e,q_lt_q20,1207
013054a3-670e-49ee-afda-e0865a449197,q_lt_q20,1211
0137acef-372d-4a4f-8e7c-5782521d4e5d,q_lt_q20,1419
024f218d-9a70-43b7-8ea2-7d038eeb2cff,q_lt_q20,1558
02732dcd-5704-4a78-872f-ecfaa8b252ba,q_lt_q20,1467
0290cb45-0d9f-468c-8503-7bcae31594d3,q_lt_q20,1533
029d4a8c-45f6-4c66-8a23-1785a26aa017,q_lt_q20,1109
02ae6414-2983-456e-9d77-9289a9e40ec7,q_lt_q20,1633
02c2361b-a383-4dfa-86f6-1475a11a9ccf,q_lt_q20,1105
02c30d3b-4cab-4632-a4e9-b293706a02fb,q_lt_q20,986
04451d0f-759d-416b-91d4-1fff49121f43,q_lt_q20,1341
044eb050-374f-4b34-8f6c-971b492703f0,q_lt_q20,1286
052d0819-2a32-47df-9b99-c243c9c8235b,q_lt_q20,2315
05784319-693a-4d75-b29e-32f01a99ee4f,q_lt_q20,1038
05aa242f-2f89-497f-9ea3-60e7028ec36e,q_lt_q20,1038
05d216a3-0102-43d8-9907-d7698b32eb03,q_lt_q20,1088
05dbfadb-e777-46dd-888e-61e1cc4bc504,q_lt_q20,1108
06571677-e04c-47d4-bcbe-6c488fb22293,q_lt_q20,1059
065d2a2a-113d-422e-ae2c-d3c24e48c47b,q_lt_q20,910
06e0b3c2-c771-4b8b-84e6-5846c64b5f16,q_lt_q20,1365
0736efd5-fb9b-4b14-ab96-a4f261528bc1,q_lt_q20,1138
078cbfd9-31ae-46f4-bbcc-0dbdaa191cd3,q_lt_q20,1246
07b5bff9-7205-495e-8dbc-c0116a7c7d60,q_lt_q20,1142
08167942-2551-41f7-82a6-f15d613c25cf,q_lt_q20,1298
08a56e86-d214-4288-8726-8de31eb55766,q_lt_q20,1453
08c2cb5f-28c4-459d-960a-251dfaf541b0,q_lt_q20,1836
09352081-0bcd-4e45-a581-7e396155ac01,q_lt_q20,1908
09613520-a40c-48eb-8260-6266468f5cf3,q_lt_q20,1621
09aaf1dd-28ea-4230-9670-7709ee7aa970,q_lt_q20,1143
0a084963-e332-483c-a5aa-26f555b9129a,q_lt_q20,1409
0a2c61cb-a682-403b-89ba-5d7d3c85f9f3,q_lt_q20,1759
0a8b3311-f905-40e3-9516-823b7eb8a946,q_lt_q20,895
0ac52dcd-bf41-4a10-98be-247a5ea28c85,q_lt_q20,1786
0b2ad98d-d131-4233-9edc-f57be0b4ae31,q_lt_q20,1655
0b332600-2b40-4264-9294-9b944cc4f3ca,q_lt_q20,1679
0b351234-b489-40c7-a846-def749d91f74,q_lt_q20,1741
0b38c227-5e33-4983-82d7-bb7bbcb1a443,q_lt_q20,1577
0b61ef5d-3db7-42de-ae00-ebd8df2b7312,q_lt_q20,1783
0c4f0941-030b-49ce-8f24-f148b3baff58,q_lt_q20,1611
0d4d679c-4065-4bf7-adbd-77a1b6b8c6ee,q_lt_q20,1327
0da114ec-4886-476f-873b-2e9f91285962,q_lt_q20,2197
0daf6ff9-34de-454a-acd9-69f7a681231a,q_lt_q20,2031
0dcf81cb-5305-4e0b-b150-9b733ac44d0b,q_lt_q20,1432
0de5636a-5fc2-42de-846d-28ba870aff7b,q_lt_q20,1529
0de6e236-9381-4dee-b1c6-c80c9ed01208,q_lt_q20,1389
0df268eb-c5aa-42ac-b1b9-4a5d7bd95448,q_lt_q20,932
0e04bb35-f2a5-4f5e-9e4c-3ffc9d6d4af2,q_lt_q20,791
0e11ff44-2d10-4460-9b0f-1d9278be185f,q_lt_q20,1340
0e3d02a9-ecd9-4dfd-8626-a4be5105aba1,q_lt_q20,1304
0e47ccb4-c070-4b46-8885-f3168aa864d5,q_lt_q20,1406
0e5c87bc-42bb-46a5-b534-7cb1ea577c7b,q_lt_q20,1325
0ed899ca-adc1-430f-9207-c37f1766cdbe,q_lt_q20,2079
0ee042cb-d2b3-497b-9305-2ac0a8960696,q_lt_q20,1723
0f12ee41-f1e8-480d-9e77-7d60853dda93,q_lt_q20,1673
0f409f22-3a10-4200-a690-c6a72902bbdf,q_lt_q20,1606
0feede1b-3f20-4455-bd06-1305ad58b8e0,q_lt_q20,1547
10e9cd17-c7c1-431a-8daa-1d14d131d1c1,q_lt_q20,1801
11190c65-ef31-4e9d-9456-6e999a94cdba,q_lt_q20,1541
116a4260-8c89-421c-83fd-107fed334eaf,q_lt_q20,1786
116dccde-a409-4aed-b68b-496a185f79a5,q_lt_q20,931
117e5055-a68d-4cbb-8824-cc0caf0889b0,q_lt_q20,1232
127a5a33-4f7c-4ac5-a4a7-c20b5dfe4484,q_lt_q20,1240
127b5107-82fb-4e10-a15d-77ac7766422d,q_lt_q20,882
12e41a1b-b72e-4ea2-9a45-ce459d156560,q_lt_q20,1624
12ebc12e-43be-4599-ac5b-57c6d357cc47,q_lt_q20,1348
12ede3c0-861a-45f9-88a8-6170ff13a6ae,q_lt_q20,1332
139a7706-11ac-4ef1-b81a-4dd517bef6c2,q_lt_q20,1490
13d2950b-9382-4c47-a378-875a2e2f10de,q_lt_q20,1441
13d5c20d-089e-4e7c-bd1f-3fd850142251,q_lt_q20,2061
13e619ad-ce41-428c-94a6-a93e550e64f4,q_lt_q20,791
141185ba-bb77-4239-849f-d17a01933e3b,q_lt_q20,1574
14846041-47d6-49c2-8419-f70fc3bbe1b5,q_lt_q20,824
155b4b28-40ae-48fa-b112-f442b74b8e8a,q_lt_q20,1193
15aed991-8db9-48ab-9cc1-93b084b9c5a7,q_lt_q20,1295
15eae722-7f1f-41cb-a93e-2acdeca10a0a,q_lt_q20,1653
162e2bb4-a4f7-48a7-910b-65a4f5cd0a4f,q_lt_q20,1723
162e2bb4-a4f7-48a7-910b-65a4f5cd0a4f_2879_w2TH,q_lt_q20,1697
16b72267-fdbb-4e1c-9f45-c7bb401d3804,q_lt_q20,1333
17f5b1f6-9779-4cbe-a0a3-978d3326bc33,q_lt_q20,693
18142c4b-ecf0-497c-ac4b-ccaef45aefc1,q_lt_q20,1613
183111ef-5afe-463b-8934-30889ba56be9,q_lt_q20,1625
1a5179f5-2a93-4eb4-9e49-0f2184253623,q_lt_q20,1243
1a707394-5443-4c2d-b903-8ad6e243a45e,q_lt_q20,1407
1a839fe4-72ef-4443-b572-2fcb9787be71,q_lt_q20,1051
1aa8057c-7be4-4c7c-8a7d-0616effaea2b,q_lt_q20,2135
1b3f24d1-2c00-48b9-8eb9-79ed40b1a9e7,q_lt_q20,1252
1b49a5a7-f6c5-4fc7-b919-b6fc3eb05a77,q_lt_q20,1124
1b5206df-b717-411b-982c-9b6b26418156,q_lt_q20,1871
1b5d160c-b736-4a4b-b8e1-9a6a95d92307,q_lt_q20,1099
1c1c7743-d410-49e6-a57c-4bfa9097eac7,q_lt_q20,1001
1c1e42b5-f8e3-4811-b5cc-37330e028d61,q_lt_q20,2141
1d211ed2-1bef-4d80-8ec6-57b0b37fe51b,q_lt_q20,1524
1dd7b0f3-1823-4183-8286-77154d751b96,q_lt_q20,1991
1e0926fd-67ec-4644-bad7-f61af239db7f,q_lt_q20,1069
1ec252f0-998e-4674-8b7a-4925957b4df9,q_lt_q20,2385
1f063d6d-d832-4386-b15f-025e0bc3e674,q_lt_q20,1919
1f6aa0a7-531d-4588-9092-048f528cd772,q_lt_q20,932
1fede3ae-8d65-47ae-b9a9-2aab05fdda29,q_lt_q20,1066
20152e19-e61b-40ff-ae0a-bfd520b41ad1,q_lt_q20,1253
205a2b96-d9cb-4e0a-9b45-32b2fbf6192c,q_lt_q20,1118
208f1b0e-b937-43be-937d-fb64e90b12f2,q_lt_q20,1367
20940d11-3691-429d-b9e1-62646f8e3e71,q_lt_q20,1652
20d44942-095a-4f57-9c80-537c5ac2f0de,q_lt_q20,1424
2134c5d5-e2bb-4c03-bde5-f39a082e2b95,q_lt_q20,2118
213d70b2-894b-406b-9dc3-31d3ccec7f54,q_lt_q20,1320
2231adf7-22c8-4290-af00-a97b688a4574,q_lt_q20,1429
2234c370-5154-4bb5-aae6-b7606120f917,q_lt_q20,1296
2258aa15-417c-49cf-a3ba-f23e7a75d2f0,q_lt_q20,2351
226bb174-6c53-4c84-a455-801c438b3969,q_lt_q20,1249
2292891b-9138-44a5-a7e1-d31f4c4b7e73,q_lt_q20,1077
22a659a4-6b53-49cf-9518-aec23de5de53,q_lt_q20,2184
22b06666-bde7-49dd-a29f-559c4bed672d,q_lt_q20,936
23312df2-1dd7-41d4-b5e7-fb675bb070c0,q_lt_q20,1900
23d8a627-dd63-47a1-a3ff-435a573da869,q_lt_q20,1199
24066dfc-316c-4093-b236-57b9d675150f,q_lt_q20,1689
244c170e-922f-4e33-8b7d-d02dd50888d3,q_lt_q20,1074
24734dfe-df3d-43fc-acda-77cbdbc2988e,q_lt_q20,1276
24cb6c6b-c859-4a45-b651-1468b010af70,q_lt_q20,1048
24db5f34-18b3-46c6-aca8-f25c6c4af017,q_lt_q20,1074
24e09f89-9598-468e-bdad-12cd705a93a9,q_lt_q20,1703
250bacb0-6ff6-4252-b0ff-e4e3bd2c69ba,q_lt_q20,1219
2530158f-c930-4664-acb5-ce38d19d3bdc,q_lt_q20,1967
2629abeb-e504-49f7-9996-080f37e15930,q_lt_q20,1921
26705c60-6bcc-4594-8222-1dfcdb3aebb8,q_lt_q20,1202
26b52bb8-6524-48ff-9b5b-1af330302556,q_lt_q20,1655
26e91f00-1139-4775-aac4-76c88f1bf1e6,q_lt_q20,1258
26e91f00-1139-4775-aac4-76c88f1bf1e6_w1,q_lt_q20,1258
26e91f00-1139-4775-aac4-76c88f1bf1e6_w2,q_lt_q20,1258
2708da58-f4ea-46cb-943a-fcf3fa1ee9bc,q_lt_q20,1110
2710c689-22a5-460b-b0cf-b8bd89e1fd12_151805001,q_lt_q20,1285
272fc811-86a6-4abc-b6e0-7ee3661744cb,q_lt_q20,1560
274563e1-9a34-42b0-8722-4518c40dee10,q_lt_q20,1024
279d5197-0819-4a62-89be-0aa177425e62,q_lt_q20,2125
27c3e7a3-3357-478d-bdd5-17a3739cbc2c,q_lt_q20,1185
280e15ee-d656-40f0-be7a-a144770a6744,q_lt_q20,1480
2836432d-1548-49d1-9330-dd4ce973a3e0,q_lt_q20,2116
284ea1dd-ee32-47ef-8cbf-4b001775f8ed,q_lt_q20,1715
28b63ceb-b74d-46ea-ad0a-1be320ce6878,q_lt_q20,1292
28bb36cf-291b-45e7-b6de-52817e2b2417,q_lt_q20,1708
29434d59-1597-4783-b0b6-9f9a821d30d8,q_lt_q20,1235
294ff705-db4d-418c-8f48-231d8a1b912f,q_lt_q20,1558
2983dfe2-9418-432c-b61d-a231c0b10b67,q_lt_q20,1772
29c364fa-5f64-4622-b309-54f6243aaa83,q_lt_q20,1272
29ee4ab6-deb1-4995-8d97-a781ec020966,q_lt_q20,1883
2a87d87d-fcb7-4a46-9363-fd07fb25752a,q_lt_q20,1937
2a9abb32-0887-4ea5-86cf-cc14cce7dc3a,q_lt_q20,2165
2ab16180-81f3-4694-8236-0ad3610bf012,q_lt_q20,1051
2b62e149-59e0-47e9-8650-dabee432da82,q_lt_q20,1387
2bae7d6b-cd13-4db3-b2e2-aae042af76e3,q_lt_q20,1158
2c255217-b063-4577-8f6a-f64d81c504ca,q_lt_q20,808
2c273c6f-080c-46f5-b764-e6f8161ce2c5_2469TH,q_lt_q20,1023
2c33f2cb-1ad0-4f06-be13-24a5d83ad86a,q_lt_q20,988
2c7641ce-5071-4dbb-a20f-1c7d32a1945d,q_lt_q20,1615
2c8a3836-a281-4a0e-b196-e7be47c80ddd,q_lt_q20,1268
2cfe8824-6390-42cc-91c5-10718aa0ab03,q_lt_q20,2207
2d12f3ed-1ff2-4622-9d7d-bd6483bd1e4f,q_lt_q20,1162
2d37e684-7d68-4844-8353-05ada0054d29,q_lt_q20,1600
2d88723b-45f6-46e2-b662-6b2573a7fba7,q_lt_q20,668
2d91e39c-81a4-4fbe-9a87-7bbec794ec87,q_lt_q20,1552
2da4b74c-418a-4af1-bee6-bbab9ebaef5b,q_lt_q20,1429
2de0b16b-56ea-4fdc-86eb-e813119dc006,q_lt_q20,2111
2df2593d-17b3-4251-8145-5a7fb0fdf93c,q_lt_q20,1380
2e224cf2-9423-4a4e-b719-f56d6454bc6b,q_lt_q20,836
2e4cd2b4-2d48-4ff5-882c-5ce9638491e9,q_lt_q20,1746
2ea3c543-66af-4a63-a413-bdba8a81c8d2,q_lt_q20,1360
2ec41641-3875-4613-8d97-2ddbe6b1a4ad,q_lt_q20,1701
2ec6d59e-e3c9-453d-9c1b-2ea1fcf4d6d9,q_lt_q20,2025
2edbe952-2f6e-403d-8dbe-5ace4a11c949,q_lt_q20,1519
2f13612c-ff31-43d4-9673-4ec0097517cd,q_lt_q20,1569
2f6eea72-5e1e-474d-bcb4-d4b078ee2e90,q_lt_q20,1623
2f7f2a98-d13e-40c9-aa30-5ec1ef326c17,q_lt_q20,1735
2faa1eb2-effd-4ce5-b700-2b766736b7b5,q_lt_q20,1777
2fc04620-13e1-46a2-83a3-17dc75b5daf6,q_lt_q20,2062
305bad2c-6aa6-417d-a101-698edc850bbd,q_lt_q20,1682
30a48024-6672-49cd-9244-df510f46d422,q_lt_q20,1799
313ae80c-424c-4907-a89e-b1eea12f028b,q_lt_q20,997
31612a61-a7aa-4e37-8992-91be614b07b8,q_lt_q20,2020
31612a61-a7aa-4e37-8992-91be614b07b8_692421,q_lt_q20,2020
31eb9af5-6e07-4f03-ae21-5a1c05fb6d27,q_lt_q20,1014
3213ee95-4334-4bef-bfd6-62d1ce8f2493,q_lt_q20,1782
3281b3cf-9010-4f38-8fec-8f8ba1343ea3,q_lt_q20,1526
33b613be-70df-4574-893e-f54443627dc1,q_lt_q20,1091
33b6b059-e8d7-43dd-ac83-7b8dfc4e62f1,q_lt_q20,1255
34202203-d1dc-4812-843a-715467152795,q_lt_q20,1534
3435c742-67ba-42d0-8e82-b8bee647c87c,q_lt_q20,1287
34c9bee1-1499-4dc8-a567-a63543d8c509,q_lt_q20,1146
34d2f579-82e0-468f-97c8-962cf792e6e9,q_lt_q20,1437
34e23121-3c10-454d-80dc-45d824b9e2cf,q_lt_q20,1189
351f05c7-7a89-46c0-9d8a-dc56c5f7b42d,q_lt_q20,1333
35697b00-555e-48e6-9c48-ca035a78eae2,q_lt_q20,1485
35b916f9-d420-425f-807f-f927415db702,q_lt_q20,2066
35b916f9-d420-425f-807f-f927415db702_033137,q_lt_q20,2066
35ca5784-fbba-4f28-9e24-0e7aa587a6cb,q_lt_q20,1336
35d60d64-c511-444d-90bc-c5659d860583,q_lt_q20,1721
361104f3-589a-457f-aa4e-0a99257c6431,q_lt_q20,1548
361104f3-589a-457f-aa4e-0a99257c6431_032006,q_lt_q20,1611
361ea25c-e13b-4577-8689-2f3bfc3199a2,q_lt_q20,1114
36515ff1-a12b-4834-967a-582032db3775,q_lt_q20,2377
36b31933-6c0f-4c7b-af02-cc18c3f1c198,q_lt_q20,1381
36f2a050-98cd-49ae-8bdf-135dfacaeafd,q_lt_q20,1183
3704471b-d540-4c2e-a092-96bc5d398ecc,q_lt_q20,1188
370cba4c-c28e-4063-aaea-a99575c408b6,q_lt_q20,1162
3742febf-be91-48d6-b6af-35d083c65099,q_lt_q20,1573
37630f14-38e0-4e6a-a420-c1c0cc0d7ef5,q_lt_q20,1640
3769621b-8599-4bcf-b5f9-1017619dbed2,q_lt_q20,1594
37772543-7410-45ad-aa14-75d97aaffe1d,q_lt_q20,1460
37f9d60e-0bdc-4578-b03b-77103b250a09,q_lt_q20,1173
37f9d60e-0bdc-4578-b03b-77103b250a09_1090_w1TH,q_lt_q20,1173
37f9d60e-0bdc-4578-b03b-77103b250a09_1090_w2TH,q_lt_q20,1173
38131efd-7c79-4c3d-8657-6a6b18ba4b5c,q_lt_q20,1463
3890b597-f8f7-47e4-bedf-bef126dccfc3,q_lt_q20,1974
38c8cce6-4153-40e2-a91b-064b66fac61e,q_lt_q20,1633
397596af-decc-4bd6-9566-65abdad18f10,q_lt_q20,1396
3982df4e-f922-4bd7-9fc1-cb01d240d0a8,q_lt_q20,941
39aabc65-42d9-4062-857f-aa2b8290125f_033237,q_lt_q20,2066
39b187a7-a027-4625-a7d8-bd4b9850020f,q_lt_q20,1103
39b9499d-25bb-46e5-83d6-5c97a39b9bdb,q_lt_q20,1262
3a1eb751-eb8b-49ae-b6d7-89ac8d9a2e9a,q_lt_q20,1616
3a387080-0ead-4df7-9d77-e7374f796d60,q_lt_q20,1193
3ab02013-e0a1-4215-96f2-22f078b21f21,q_lt_q20,1763
3add181c-2a69-482b-b2f3-179f26f7a211,q_lt_q20,1855
3b5fce31-211e-4999-b7b5-b9fcf1e1ae3d,q_lt_q20,1015
3bb833ed-3e1d-4ed4-b2ff-04eea975f0d4,q_lt_q20,1455
3bc1b3da-2859-41b2-9f9f-6ab2b1023572,q_lt_q20,1162
3bf40265-657a-44f4-90e3-e1e437d3c801,q_lt_q20,964
3c43b72d-03a7-46e1-86c7-76dd97808544,q_lt_q20,1946
3c4d4f78-2d0e-474a-b884-65a9daca18fb,q_lt_q20,1307
3c5cba29-2321-4289-a1fd-c355e135f4cb,q_lt_q20,862
3c66c370-e349-4093-a596-9671726bdcba,q_lt_q20,1757
3c6b6e7d-78d1-414c-899e-59a2bbabdce4,q_lt_q20,1165
3cdb0ed3-0644-45f1-b6fb-7c1944578bf6,q_lt_q20,1467
3cfd9161-7727-4047-9d63-af0a194620fa,q_lt_q20,762
3d00208c-2ec1-4a84-9b0b-5b27b0fc6b7c,q_lt_q20,1919
3d095df8-dd9d-4b1b-8cb3-39982654c9b4,q_lt_q20,1701
3d09c454-540b-4fb3-a5fb-072c33cf8c4b,q_lt_q20,1093
3d267027-145d-4577-9f8d-6ad5552463b2,q_lt_q20,1097
3d58bebc-71b1-4ecb-8605-84dbc13a15b7,q_lt_q20,1390
3d79ad94-708d-412c-89d4-dc8c0cadcc01,q_lt_q20,2075
3db09b08-5c7e-4f20-9363-2691eba109f8,q_lt_q20,1783
3df68add-46f9-42e7-8439-290f63e195cd,q_lt_q20,1419
3df7a9c3-d40c-4781-a885-5f6b7abdb86a,q_lt_q20,1237
3e6fbf1a-f3f3-4dcf-a6fb-84a70cb6d12d,q_lt_q20,1044
3eb60c5b-875e-46e7-b8d9-b1208d023bc4,q_lt_q20,1436
3ef2040c-0c9a-479a-9899-460304231ce2,q_lt_q20,1613
3f391994-18fd-4dc1-8e0f-98b18a35512e,q_lt_q20,1825
3f4f88f1-b79e-4d98-ad5e-adcec06d3f00,q_lt_q20,1021
3f750cca-ba3a-470e-b320-ea12543343c1,q_lt_q20,1624
3f823183-2275-444a-9896-981be95ff3bf,q_lt_q20,1134
404429da-b05c-4c95-98ee-4941b2133cb6,q_lt_q20,1082
404d5331-0547-4b32-ba64-68766a5cc6d4,q_lt_q20,1136
406a65e7-477b-4964-ba9b-47e452eca166,q_lt_q20,1157
419bbe86-e02d-4dd7-b266-c51e8eb584bd,q_lt_q20,1529
41a2a5d6-935d-441e-a733-a0837839e344,q_lt_q20,873
41d13879-a145-4975-83bc-1aa9878d2fb5,q_lt_q20,1066
41e8d62c-acc8-43a2-96ab-d9c90422df69,q_lt_q20,1589
420be20b-d2fe-40a7-aebc-cb270956eca6,q_lt_q20,1270
42968a1f-9f4e-4162-896d-39acbb55e58b,q_lt_q20,1167
435a330f-ef10-48ce-babf-7b08ad9d45c5,q_lt_q20,1065
437d2a8e-0946-4b22-9594-78ffbe4a104e,q_lt_q20,1089
4389ee79-c789-4ad7-aa83-f79b28f51448,q_lt_q20,1669
438e6059-f150-4dea-b17a-b21cae02ded7,q_lt_q20,1255
439b85d9-21c4-4ae9-839f-5b31d1625aba,q_lt_q20,1485
4485824a-191e-4504-b0e4-7fa2e2119fb6,q_lt_q20,1299
44d1a036-0174-4c14-9edd-a49e123d1495,q_lt_q20,1877
44dca848-5f5c-49d1-bfe3-35b1fbe13cff,q_lt_q20,1644
4517b5e9-60a5-42fe-b3ca-41c1d82decc6,q_lt_q20,1942
45d53742-1190-4e76-b9b8-5bb6ecf9bb55,q_lt_q20,1633
4662701f-d016-44e9-8fe2-e50064e5e924,q_lt_q20,1541
469d01ff-5fcb-4611-a640-812d59f68be6,q_lt_q20,1300
46f322df-e4b4-454b-9437-d94bb2636739,q_lt_q20,1484
4736e10e-0707-4e0d-89f2-a485a017a231,q_lt_q20,1765
4747aea7-d2e7-41b4-b658-3242ae1c0eb8,q_lt_q20,2052
47886d4e-a7cc-4a67-85b0-5bf685aec358,q_lt_q20,1079
47c4f71d-7016-4adb-b0e6-e84178f82a43,q_lt_q20,945
47ed0d00-d4ab-4f3a-84c9-c9571d1a1cc1,q_lt_q20,1617
4818c69b-9ed1-4ac5-9a8f-67f2757171ba,q_lt_q20,1020
481f8042-997a-44cc-b425-51340d4cee9c,q_lt_q20,1247
48513a18-e485-4317-ae92-93bf4f7f3e54,q_lt_q20,934
486b6f10-b986-43dc-b2e8-1a83c15d4051,q_lt_q20,914
4879595c-8a89-41e4-8b6a-00db4b4312ea,q_lt_q20,1219
48a3cf15-34e1-4429-b1a6-64f12992c076,q_lt_q20,1087
48f022f0-31d1-4e13-98f0-f70aacd05ca3,q_lt_q20,1045
4938555f-b1ec-4d7c-8c40-211177987e14,q_lt_q20,849
494645cb-c766-4b71-bd70-dc69fe8e7778,q_lt_q20,1059
497b4131-a273-4e6b-a0ad-27a8dd0b559e,q_lt_q20,957
49aac0d2-d8f1-464f-989c-2564e4891401,q_lt_q20,2004
49ef0934-49fa-4150-b1d2-83b14f6e3724,q_lt_q20,1734
4a5d6a89-7891-451d-8c2f-0eba9ff7b71b,q_lt_q20,1183
4aa5c9c6-09d5-4bec-a939-caf6c12b978d,q_lt_q20,1266
4b146acd-5118-4e14-b23a-13405168a010,q_lt_q20,1240
4b6b5531-e867-43a1-ac24-ec8868795699,q_lt_q20,2130
4b7037a6-a12f-4648-9923-cc7583262bae,q_lt_q20,1362
4bdbb09a-1604-4280-95f7-a245f4fec445,q_lt_q20,1108
4c0ab2d3-ff26-47a2-bdce-abfbb07c6e0a,q_lt_q20,1155
4c69a7bf-1c64-4695-a127-513223ba81a1,q_lt_q20,1100
4d26d073-72fd-433d-811c-c964779ac260,q_lt_q20,1722
4d6127c2-e324-4177-b13a-068d150f3a5c,q_lt_q20,1004
4d693468-3dc8-4013-9fe9-a8125199be8c,q_lt_q20,1970
4d7543c9-7b18-404e-94bb-c6cceabfd5a2,q_lt_q20,1156
4d9c0d31-89d2-4330-994c-1376cdcb56c6,q_lt_q20,1243
4d9c9969-529b-4990-850c-3a3cb03eb110,q_lt_q20,964
4e7e6fd4-ee52-4b9d-aac7-626af67cc5ac,q_lt_q20,1933
4e87c615-767d-4b34-94c1-ca47926f6a70,q_lt_q20,2004
4fa30952-af41-49a4-bedc-6ca392f09bda,q_lt_q20,1662
5073a5e4-da20-402d-85d2-904619b9d788,q_lt_q20,1151
50ee96d1-bb64-4c3d-abe9-6bdcb08764f2,q_lt_q20,1735
51190ba2-682a-493c-bf93-918c8221d81e,q_lt_q20,1334
514b2430-a3cd-46f1-a2d8-e721f3206709,q_lt_q20,1254
5174c02a-40ec-4d32-bab8-f2f83d8ec43e,q_lt_q20,1188
52814202-3a6e-475d-a6ee-ee5050b9342d,q_lt_q20,2048
5296b17d-6ed0-44f5-bf45-4d5fc5179ace,q_lt_q20,1260
52b2cda2-737f-474b-b36b-42be186bdc2a,q_lt_q20,1484
52cd7d3c-b978-4f25-bb06-6b0b2ddc8cd3,q_lt_q20,900
52cf243f-5610-421a-94d4-f3b715fcef81,q_lt_q20,2149
532a2993-7275-4050-8df4-b2314bc4f8e0,q_lt_q20,1080
53450672-fa32-414b-888a-fc5480aaf67d,q_lt_q20,1115
535004f8-c455-40a5-8b19-f66c2d40831c,q_lt_q20,1196
535584fb-878b-41fb-a940-b97bdbd1bd8d,q_lt_q20,1652
54287cee-bbdf-4ae8-b5bb-e07858190af9,q_lt_q20,1775
544f2ad9-d14f-403c-bb42-abd8d5acfc8d,q_lt_q20,1890
54a2c462-fc61-49fb-affb-9d80607588c5,q_lt_q20,1147
54b5af26-6f8f-46a9-8b6e-33d50b109e0c,q_lt_q20,1501
54b8c99b-9301-4361-9edb-17abdf585144,q_lt_q20,1940
54d2b82b-cd8a-4fae-bde4-c11d9fb80af7,q_lt_q20,1848
553c2147-bb82-4d86-8f0a-00b892d3c314,q_lt_q20,975
56493f12-16e9-4748-8a3d-7046a1fc93ee,q_lt_q20,1139
5741da2c-ee1d-4390-829e-30c414aa0989,q_lt_q20,1753
57b5cc50-50e7-401c-9071-9c60fc84e727,q_lt_q20,1744
57e4ead6-f356-458a-86a2-22901eccab1d_432613,q_lt_q20,1235
57e4ead6-f356-458a-86a2-22901eccab1d_432620,q_lt_q20,1235
57e8d163-310e-4d4c-a0f2-86055cc91da0,q_lt_q20,850
584639e2-90cb-493d-8edc-b66eda95d788,q_lt_q20,1145
584695f9-3854-4ba7-b2c7-973bd9c110fd,q_lt_q20,2027
585e49e0-7070-4d85-9c52-ccd18a5a1e65,q_lt_q20,973
5869ac48-cbf9-4c83-8617-807b406df954,q_lt_q20,1677
588e6dc1-a77f-4961-9085-4b2617acb48e,q_lt_q20,1125
58a99fce-51ea-4467-a5b3-5348997b920b,q_lt_q20,1228
58bbe65d-7372-4494-b5fc-c23788787ae7,q_lt_q20,1344
58c114c5-cc50-4bad-be18-27b2c6a42a67,q_lt_q20,1466
58f572ff-9fd1-4ebd-a05d-faf9e5c68fb5,q_lt_q20,1164
5933256d-4f27-44aa-b275-d8cc8927b7bb,q_lt_q20,1606
59abc346-440f-4d10-8da5-53d254437b98,q_lt_q20,1045
5a86361b-f14b-449d-a091-8b7fe36c78f1,q_lt_q20,961
5ab499ce-a1d3-4b84-822b-4da15bb79bf4,q_lt_q20,1105
5b0b598c-6bec-4b5b-b5fe-39d95f837e9e,q_lt_q20,948
5b0b8aff-bc71-48c0-b290-0f9a244ddfa1,q_lt_q20,1319
5b5cf85f-c7d5-4885-ba0f-9e6363ff8730,q_lt_q20,942
5b9e9503-32e2-46ea-a713-be0f283c23be,q_lt_q20,1275
5e453c99-a8bc-4562-984d-e60882b43bb6,q_lt_q20,1339
5e6d925f-3102-444c-a748-1dbec611e1dc,q_lt_q20,1486
5e7a837d-d95a-4e0f-999a-402ef9b8afdd,q_lt_q20,1326
5ea01221-9252-4e29-b92c-9b452255b5be,q_lt_q20,1426
5ec01a0f-6e08-4589-8b88-b6bd3f6457b5,q_lt_q20,2333
5ee84750-6fbc-4cb7-9695-b30806127095,q_lt_q20,1423
5f1235ee-0b1a-440b-a49a-ee006039623d,q_lt_q20,766
5f23ee39-cca5-4cf3-a793-a3098db4b071,q_lt_q20,1300
600d33ba-8994-4b3c-92fa-1c25fb3e263b,q_lt_q20,1740
605097d0-d67a-4e16-969a-e5fe8bbd7fd8,q_lt_q20,1544
6078ba41-0d4f-4053-aaea-25d628b1d97f,q_lt_q20,1546
60914c18-1838-43e3-92c3-62765dfc7a99,q_lt_q20,1139
60a090a3-f93b-4065-a56e-ff64e6eb5f5e,q_lt_q20,1149
60ce0c60-fc75-4465-8170-938241cd4424,q_lt_q20,1079
6152bfd2-a1e8-408c-abd4-076bee104444,q_lt_q20,1154
617d7d56-051e-4357-bd12-5ed0a71fa78d,q_lt_q20,2260
61e27217-2d9d-40b5-ba69-e033ad60f7fd,q_lt_q20,1550
61ef523d-8df4-43db-b8ca-c9a399290cd8,q_lt_q20,1020
624d4674-67a2-4537-874a-235e8958203a,q_lt_q20,1619
62f76bbe-e070-4f9d-a6b4-b975e4fc5e2b,q_lt_q20,1246
632f8a0c-8561-471e-96ef-d49e35c343a1,q_lt_q20,960
639afc2f-44bf-467a-a8f0-95a74c573f27,q_lt_q20,872
63b6ae06-60fc-4e92-8337-aa0e5fdd7e79,q_lt_q20,2034
63b8893e-1cef-40bc-8755-c0c4fe3e69dd,q_lt_q20,1575
64118c69-e564-40c3-9fec-0e6047e955b9,q_lt_q20,1664
649eb398-029b-4ebc-bb4d-e36ee07c234e,q_lt_q20,1348
64dc008e-79b9-4f5e-8c4c-033833c42b89,q_lt_q20,1315
64e8e5a8-214d-403e-8e00-d788ab94947a,q_lt_q20,1008
64ef32d2-8077-46a8-9217-9194fb18f8bd,q_lt_q20,1302
655a16a0-8498-4b83-a8f6-6816952b2262,q_lt_q20,1475
6582279b-c752-46a8-ae49-60ceec40a309,q_lt_q20,1173
65b8dffb-ee80-4b9b-b2ba-4670d2ba06c2,q_lt_q20,996
65d8a904-f927-415c-b501-a4f8e3325e9e,q_lt_q20,1177
65e90cf2-5420-4521-a180-4d8750786e04,q_lt_q20,1431
6655e67c-b0ec-43b4-9ab0-15efa569578a,q_lt_q20,1315
676110a1-e3c3-4965-a9da-82f6a1954ed4,q_lt_q20,1885
676110a1-e3c3-4965-a9da-82f6a1954ed4_032207,q_lt_q20,1678
676110a1-e3c3-4965-a9da-82f6a1954ed4_032807,q_lt_q20,2122
678aa360-300c-4c54-a3b1-47604cb60971,q_lt_q20,1479
67b89572-9b04-42a9-a629-fd8c7e302495,q_lt_q20,1489
68903310-c62d-4434-a7d4-96e766335179,q_lt_q20,1405
68db9881-47c2-4fd3-b08f-738aa59dcc3d,q_lt_q20,1762
694320fe-4c8d-4aad-8d25-277cd44bf6de,q_lt_q20,969
6982424f-19ec-423e-b0b6-fd0158d666a3,q_lt_q20,1300
69c693b6-12ef-43bc-a20e-74160a53350d,q_lt_q20,1050
69f4b3e5-a487-4769-aded-0d72062428e7,q_lt_q20,1518
6a856754-b3a5-45ef-b806-51f0392b17ba,q_lt_q20,1446
6add4e80-29ba-4ff6-9e5a-233795d59b26,q_lt_q20,958
6afb7ae1-8e82-402d-ac57-d5f658c6d114,q_lt_q20,980
6aff06c9-d547-4ee4-b62e-eee5e5efa01b,q_lt_q20,2117
6b07847d-4498-448d-b27e-2057bfca19bd,q_lt_q20,1404
6b0cab32-b905-4f3c-a554-cd5176c5d2e4,q_lt_q20,1889
6b145dc7-2400-45af-9e0e-acc59245a20a_030033,q_lt_q20,1501
6b145dc7-2400-45af-9e0e-acc59245a20a_030233,q_lt_q20,1501
6b62b651-1922-40b1-b2dc-b487a77c55b4,q_lt_q20,1151
6b80bd1c-6c19-4c26-875d-108bf8ef1a84,q_lt_q20,1480
6bf1cadc-3229-4c0d-afd9-5b1a73443ba6,q_lt_q20,1039
6c1e8f82-a59e-42c0-ac91-c7e864e22448,q_lt_q20,1498
6c67bb15-c4f3-4606-ad99-21295393de4a,q_lt_q20,1657
6c6c174e-519f-4b02-9e3e-1737f2139417_445508,q_lt_q20,1302
6c6c174e-519f-4b02-9e3e-1737f2139417_445509,q_lt_q20,1302
6c6c174e-519f-4b02-9e3e-1737f2139417_445510,q_lt_q20,1256
6c72f76a-b76c-4a28-8701-71cdca25c0f5,q_lt_q20,1588
6ca98855-a69f-458b-b798-6283f7644857,q_lt_q20,1004
6cb3004e-7ec5-4a98-91b5-b4d4c7ec17e5,q_lt_q20,1702
6d071aa3-2eba-439e-9699-7735350f19cd,q_lt_q20,1469
6dba8818-bd17-424e-8568-eb699874e76a,q_lt_q20,1729
6dd5d77f-6994-40fe-be0e-815f7febde94,q_lt_q20,1590
6e354c27-1342-485c-acad-79b15e41dcf0,q_lt_q20,1368
6e4d9ef9-131a-4712-895e-52a05dc290e9,q_lt_q20,1315
6e5781bb-8730-4bb0-a861-13480b399878,q_lt_q20,2073
6e811b46-4cc5-4e55-a39c-b73f2a4f958e,q_lt_q20,990
6ef70833-cb0e-4853-81e2-c51459ed0034,q_lt_q20,2008
6f286b61-6cec-4434-b00e-f1993059139a,q_lt_q20,869
6f727c14-422c-4b7f-922d-b430d9aa07a2,q_lt_q20,1721
6ff82c44-bbf2-4593-8218-76569f550b47,q_lt_q20,1400
7014b422-27a7-42b6-9619-5cd6fe16e5e7,q_lt_q20,801
706c7b23-1e8c-4d71-accf-77f1650c2d7f,q_lt_q20,1433
708cd1a7-0d90-4511-95f2-51bf24c151f0,q_lt_q20,1872
70a6e855-44fd-424f-b3e1-b9e46da57f1c,q_lt_q20,1282
70e18a89-96dd-4a04-8163-fc685e92bb09,q_lt_q20,1189
70f658a0-3d32-47db-a97c-ed5e25da46f2,q_lt_q20,1502
710f623b-972f-40cc-8242-ae9bf21dea45,q_lt_q20,1306
71702873-e90c-46c0-b897-c0558dbbf855,q_lt_q20,740
718c91fa-5dce-403c-b5c2-1b19763906c8_033061,q_lt_q20,1681
718c91fa-5dce-403c-b5c2-1b19763906c8_033062,q_lt_q20,1560
7195a80c-13e0-4d39-a39b-0495b789779d,q_lt_q20,2149
71d40ef2-a19b-4bc5-99f7-28f3ddd0a637_2420TH,q_lt_q20,987
71d40ef2-a19b-4bc5-99f7-28f3ddd0a637_w1TH,q_lt_q20,987
71d40ef2-a19b-4bc5-99f7-28f3ddd0a637_w2TH,q_lt_q20,987
7237e282-1104-4e3a-bb60-795c90646313,q_lt_q20,1088
723a8fc4-908b-4430-91c7-9990be86540a,q_lt_q20,1349
72f71a49-eabf-4155-91da-3b4342731f42,q_lt_q20,1519
731171e5-9ea1-497f-a462-82db2dcbb339,q_lt_q20,1727
732d7a5d-7c75-4326-a488-b8169eec53e9,q_lt_q20,1377
7337c648-a4bf-4f8b-80c2-2b17efdba8cd,q_lt_q20,1303
736dd802-46b4-4864-ae7e-9c470d21ad46,q_lt_q20,1222
7391ff74-74f1-4e29-927e-1a472e7925cc,q_lt_q20,1469
73a477e1-f26a-41e0-904e-f8f39b65d7ff,q_lt_q20,1109
73a68029-540a-4d62-9c2b-2a5ffba8c0eb,q_lt_q20,1875
73ee60b4-ef40-4579-a060-db2312ea3ce1,q_lt_q20,1512
7445ef55-5e25-43d9-9e85-83406670fc65,q_lt_q20,1236
7453937b-088f-46d5-ad71-bdf9c9db0d48,q_lt_q20,1717
74996a5c-4436-4480-ab2d-129515aecebb,q_lt_q20,1127
74a2892f-8074-4d51-9a77-28de841606c2,q_lt_q20,1793
7569bff4-df95-4bac-aec1-cc051cb0e77f,q_lt_q20,1283
75dfeed5-d047-42f2-aac2-64574ed6d4e6,q_lt_q20,2018
75ed9d12-9ca5-4607-8658-c80b979a1310,q_lt_q20,1824
7663b8bf-5756-4c71-a6a2-727e4c7448a3,q_lt_q20,1606
76722cf0-d87a-42cb-98a3-56f2893547d6,q_lt_q20,1439
76769a31-93bc-4e10-bf2d-2ee642eb0f2c,q_lt_q20,973
767b8dda-849b-400d-9a0e-feeb101a74a7,q_lt_q20,1269
7713b538-3915-4948-813a-c953c4162252,q_lt_q20,1336
7720e91c-4b92-436a-91b0-6386e8792189,q_lt_q20,1677
7765d509-e68b-4ede-8924-42b8bc5bf2a1,q_lt_q20,1829
77b42c7f-1412-4ea1-8e85-7fc99b8ee3a3,q_lt_q20,1165
77d381c3-f098-4b67-b0d5-0e08a548fe0e,q_lt_q20,1474
78a37028-e8de-4835-825a-6957d26306cf,q_lt_q20,1911
78d562f2-b455-4296-84b2-4e7f59471031,q_lt_q20,1338
78df8fd0-4075-4296-8187-b25f3c53de52,q_lt_q20,1144
79515906-3efd-424e-8e32-0db1873cb3a3,q_lt_q20,1452
7963009e-7d60-45d9-9ab6-35c176111128,q_lt_q20,1432
7998bf73-641d-4084-b00c-ca6989f2ba2b,q_lt_q20,1436
7aec20ef-6d53-43e0-80dd-7431d5ce6495,q_lt_q20,1413
7af24b77-0058-4a2e-bf8b-e058a09d3eb9,q_lt_q20,1584
7b6deaae-91ea-46b8-970c-dcd4a0703391,q_lt_q20,1417
7b8eea56-6cc1-42dc-8a18-c80bb003a37c,q_lt_q20,1392
7bd95bb6-da33-4c5a-a80d-6951f423aeee,q_lt_q20,1746
7bea321d-236c-4c21-a629-fe072db6056d,q_lt_q20,757
7c139149-6466-425a-a287-9f8fa1e049ae,q_lt_q20,1075
7ca88e3b-d821-4093-951e-1ecd25e78ef5,q_lt_q20,1483
7d7cd52e-eed7-46a9-800a-a4d05fe52b87,q_lt_q20,1558
7e5119f6-fa25-41ec-bc7a-85dfab1ad3c4,q_lt_q20,1288
7fec3a84-082c-45c3-a379-1949f2e5b15d,q_lt_q20,1095
7ffdc72e-bc0c-4172-bfe5-342a11fe53e7,q_lt_q20,1291
801b8458-b729-4f20-8b1d-32bd7db0dce6,q_lt_q20,1469
80b9e7b3-f7a8-4411-8912-8098b1cde182,q_lt_q20,2078
814e58ed-cec3-488b-9a99-cd0b3fa24a57,q_lt_q20,1709
8179e32e-1239-4598-84da-c7db7ccff7cb,q_lt_q20,1130
81d85b5e-36b9-4933-b6be-6c4d335ae556,q_lt_q20,1650
8245803e-7926-4ff8-95fb-1f4b7be1d5cd,q_lt_q20,1210
825e7c96-b693-4366-8e39-a7fc587d442a,q_lt_q20,1478
8266a6c0-d144-4cc8-aa72-f53b6a0d7056,q_lt_q20,1690
839866a2-80ca-42a8-a695-8e6d6b165fa6,q_lt_q20,1659
848c236d-41d0-4222-bd32-21597635fdf3,q_lt_q20,828
848df754-3005-43aa-80ce-2dba4138e942,q_lt_q20,1733
8496ce69-482c-406a-a2f0-ac418ef8f099,q_lt_q20,1860
84998ce2-8f7c-451f-ab64-a79a1394e5b1,q_lt_q20,1954
849b6df0-9cb0-4acc-b42e-59fc1071cb65,q_lt_q20,1484
84c3ec95-a8f2-4fb6-8aa9-94f91f65b5a8,q_lt_q20,1762
85aefe46-dde4-4338-9d3c-338754cbc0d6,q_lt_q20,1257
8629fcab-66fc-4c77-aaad-7504dada9ff8,q_lt_q20,1548
86993eff-b766-4bee-8ef3-e0a738008418,q_lt_q20,2222
8722ba53-2c55-40e7-acdd-9b43a486d408,q_lt_q20,1077
8736a5d8-133a-46cc-b277-b6a20b7fd88c,q_lt_q20,1800
875ae38f-80e1-4377-bcfe-6c808dfabc90,q_lt_q20,1366
87aeb75c-15d4-4cbf-a125-0bf053e46a07,q_lt_q20,1753
8820d897-a09e-4857-8095-5834fee6962f,q_lt_q20,1478
887950f8-6b72-48c3-8f25-b32c6a0e688b,q_lt_q20,1439
888a1773-405f-4da4-a35a-60fac8a5c930,q_lt_q20,1921
88bdbcaa-28c4-44db-97f7-0a60d22a4e08,q_lt_q20,703
88be649b-6ea9-4daa-b81b-7767cbc5b995,q_lt_q20,1238
88ef1864-14bd-47e0-8bb3-bebc8e97e706,q_lt_q20,1677
89111009-6453-44ca-a7e6-529df0d9904a,q_lt_q20,1069
895e30b6-b92a-4ef1-8735-e7dbd2dd573f,q_lt_q20,1680
89ccf565-fb71-43b7-8dba-d843e01363c3,q_lt_q20,2059
89d6ea36-cd33-4c77-84a8-d5629f9c075b,q_lt_q20,1464
8a02b242-5805-4750-b141-c8bfd6028c18,q_lt_q20,1831
8a2ef48d-ddc5-4643-a1cf-2da54a045d8e,q_lt_q20,1462
8a2f47f1-711e-4805-8536-a49bfda4d06c,q_lt_q20,1203
8afc6e20-b0bd-4b79-bf65-345dac8cafee_1290TH,q_lt_q20,1249
8b07239d-fb98-4f27-b182-def7799b6c34_2044,q_lt_q20,1519
8b07239d-fb98-4f27-b182-def7799b6c34_2052,q_lt_q20,1519
8b386e12-f3d1-4a0b-9e01-3d4367bc9bc1,q_lt_q20,1064
8b58ed93-f08e-450f-9415-2b8cf912118c,q_lt_q20,1878
8b660fe4-779a-401b-b077-651a85fa7750,q_lt_q20,1266
8bbc9d9a-3124-434e-942b-264e805241de,q_lt_q20,1818
8c0977fe-d8fe-4d98-83ab-7916cbd2eb83,q_lt_q20,1471
8c15c0b7-41f7-45f4-a741-ae32b86ee49b,q_lt_q20,1122
8c5ed87f-13b4-450d-957f-5df4e4b05018,q_lt_q20,1389
8c7fe5ef-7885-481e-a426-f6442d7c5fa6,q_lt_q20,2247
8d4e3c14-3eb9-473b-a98c-51a7e88f0a7f,q_lt_q20,1098
8dfc9b31-d090-4988-acfc-562ee23bb9d7,q_lt_q20,2290
8e44ea4b-a77a-40be-9551-88585b98bc2f,q_lt_q20,1831
8e500e89-e47d-462a-bfbd-e55703c217a9,q_lt_q20,1784
8e8296b1-6e4d-49e3-a197-cfcd0962e1b3,q_lt_q20,1275
8eb010eb-3cce-4244-bde9-4c60bdd6c9b1,q_lt_q20,1372
8ed7ac07-fd8c-42b2-a6d4-3f02480244ae,q_lt_q20,1092
8eea6beb-7999-4976-9bbc-ebba4c334a83,q_lt_q20,1237
8f2b54dc-b425-4a05-a100-0ea06f4ba248,q_lt_q20,1583
8ff9f61b-d835-498e-895c-0e54293930b2,q_lt_q20,1368
90734a50-bf66-44ae-8f4a-d180130ca850,q_lt_q20,1151
907380f9-b0e8-4401-a5c9-669a66a192bc_034004,q_lt_q20,2177
90db0ee9-354c-4c0d-8c41-59a1ed012e92,q_lt_q20,1088
912a6d1f-035b-4d82-b83e-a09788190c61,q_lt_q20,1739
91375047-e239-472d-93e4-96e1413b5567,q_lt_q20,1164
9318c925-3c1f-4127-9308-7c2b205c2f04,q_lt_q20,1914
93cd0262-1cf7-45ac-8491-c9815c7fe710,q_lt_q20,1204
942995c5-95c2-413f-82e4-6b3b3b811b28,q_lt_q20,1371
94374942-acad-4197-87d8-ab4315077b08,q_lt_q20,1098
9468508c-aff1-4004-8e71-62ab2884a8fa,q_lt_q20,1283
94bab207-6492-444c-b80d-0ff2c089432f,q_lt_q20,1590
9510f840-34f7-41f2-997f-cdaf0ee57028,q_lt_q20,1960
951e3a10-1d16-4526-b767-e5056724b5b6,q_lt_q20,1322
951f7162-24d4-45f4-a03e-ee55d3c864c1,q_lt_q20,945
959f3e4f-bb6e-4f4a-8082-0157eea99482,q_lt_q20,1266
962530ad-afe9-49e5-8fcd-33af504efdf6,q_lt_q20,1081
971d4ec4-1147-40dd-b03d-a616a02b7817,q_lt_q20,1255
975b896f-1d6a-4fb2-a888-794eb6045ee8,q_lt_q20,1020
976c372b-8d8d-4dc7-8673-bbbc707423c5,q_lt_q20,1695
977e3ab5-ec6e-4040-acf2-8a178818a5c8,q_lt_q20,1230
9796dc02-6edf-4392-b727-0d861cbb1edd,q_lt_q20,1010
98bad5bc-b99b-437c-ade6-13b576c9086b,q_lt_q20,1410
98e517e4-c709-4d16-b334-251677af1750,q_lt_q20,1474
9903a7d5-7a84-45de-b9cb-e801128f8883,q_lt_q20,1883
990c9d7a-cc5b-4ad0-b1f1-7d87642398d9,q_lt_q20,1060
996741ae-f5e6-441f-ab9f-82d774552320,q_lt_q20,887
99d4811b-5177-469a-b217-732a8f1bdd13,q_lt_q20,1135
99ef9f3b-c468-4bd7-90b9-ff505be46b98,q_lt_q20,1433
9aa20788-e7de-449a-8b6c-2b623ba4d528,q_lt_q20,1650
9ad5d28c-7cfe-46db-b39d-58701689cd59,q_lt_q20,1461
9af510f4-5629-465b-81a9-855274a8750a,q_lt_q20,1095
9bc3045c-0781-41d2-9483-196620fd4b2d,q_lt_q20,1538
9c05cd86-875d-44b7-96fe-d30954c52977,q_lt_q20,1389
9c263b41-8984-424c-aa50-27647a0ee184,q_lt_q20,1342
9c323633-3c7f-4e96-b93e-980109bf97e8,q_lt_q20,1863
9c7f4e0b-e8e9-44a7-8f3e-d3005900c383,q_lt_q20,1792
9cee5ed4-ddd7-4903-8f74-00f52a78c05c,q_lt_q20,1303
9d5bb52d-b05b-4af1-9760-11709f004c5d,q_lt_q20,1604
9e4f7156-b832-4882-86b6-7155d30ffced,q_lt_q20,1171
9eb75798-aa46-40f5-b9c7-7fd7b919087d,q_lt_q20,938
9f09c746-4fd6-45ec-ad13-b7163dcd7f14,q_lt_q20,1292
a1041edf-26a8-46d1-a066-91900f494f49,q_lt_q20,887
a1041edf-26a8-46d1-a066-91900f494f49_2536,q_lt_q20,887
a1136eb6-a447-4f77-89f6-5cb8d556898c,q_lt_q20,1544
a185e5ce-932f-40ae-a90f-6e77f1341e8e,q_lt_q20,825
a18743e3-9809-4f93-b046-79977b9707d3,q_lt_q20,1507
a19fe1fc-0e4d-4e1f-88dd-7667af4b3d9d,q_lt_q20,1583
a2240676-e92d-4ba4-97dc-30056b152269,q_lt_q20,1245
a2ecfd41-65d6-4eb5-883e-1254de07c675,q_lt_q20,1455
a360ba77-5ae2-465f-9808-26fc197adde6,q_lt_q20,1015
a3c4766d-b704-4819-913b-0be1d2ed7b3a,q_lt_q20,1243
a3e609ce-8ecf-43e1-a1f3-c6c5cc2786b3,q_lt_q20,1159
a3eacfbb-f70b-44f4-bca2-f508ac6d1c74,q_lt_q20,1396
a473e348-c00a-46c6-a93b-921f9747f96f,q_lt_q20,1070
a491d243-2347-4c2d-9258-097bdc6fe749,q_lt_q20,2463
a49bd26a-9ea4-47ec-b7ab-3a5ceb369e70,q_lt_q20,1291
a4d15eec-2466-43aa-af4c-84f59d291e30,q_lt_q20,2010
a4d390e9-daa6-4e8f-b516-1b3a6632b02a,q_lt_q20,693
a555bb0f-cacb-40e8-8e26-f246615c1a77,q_lt_q20,1230
a58e1321-be75-4721-90bb-09a9864cd381,q_lt_q20,1047
a5bf03e9-e63a-4cd5-8bc9-ab64c03808b9,q_lt_q20,1600
a5f8e95f-d24c-4a37-84e1-e346594a47b4,q_lt_q20,1798
a63195bf-80d6-4cee-9fb3-788f49fc088f,q_lt_q20,1463
a6f032a7-b194-4c43-93c4-de34af7ffde5,q_lt_q20,1289
a7087da1-7efa-453f-a5fb-c6a6af99e4ff_F2802,q_lt_q20,1665
a7575048-b310-43eb-9418-1f92704b9e21,q_lt_q20,1964
a7709ed1-2912-4369-b70e-b9e78568408e,q_lt_q20,1129
a9417599-e466-4b53-babe-0c81229c4328,q_lt_q20,1840
a941c6ca-6b2e-45b3-a515-198c39d4ceaa,q_lt_q20,2006
a97cc80d-f8dd-4fa9-a0db-482ab1b41f71,q_lt_q20,1438
a99b0223-fd15-4a76-8c45-4958137fa2ed,q_lt_q20,1125
a9b52c38-242c-4ab0-8121-1eae51c274d3,q_lt_q20,1478
a9bb3fc0-2b28-4bdf-8f16-d372e9f7efcc,q_lt_q20,2084
a9d74547-58ba-498f-9fe0-6d95901507ed,q_lt_q20,1268
aa93f4a2-cd35-4429-830b-c7280795f621,q_lt_q20,2063
aaac507d-5e62-474f-815d-c0b46aea04e8,q_lt_q20,1501
aaf8fe03-f3db-43f4-8ce6-701ebfac9ca7,q_lt_q20,1012
ab5db73f-059e-4d10-9b92-5a640db3c1ab,q_lt_q20,993
ab69860c-e228-4e08-9b8f-b7d1eca1ed11,q_lt_q20,1333
ab787ffe-443f-470c-b815-57d1a1882a61,q_lt_q20,1710
ac012bfc-452d-4cce-89b9-8eb86b1cd709,q_lt_q20,1669
ac400e1e-eff8-4029-9f6f-c73eb649b4bf,q_lt_q20,988
ac5d441f-d997-4348-a8d1-9683503835e5,q_lt_q20,1142
ac819d1a-0f60-414f-b155-4b6e095ecc8c,q_lt_q20,1417
acf6c077-f35a-4af5-9191-f8aec1831c80,q_lt_q20,929
ad19b458-9e76-4c18-8ebc-d2a959156f82,q_lt_q20,1166
ad7dfcd5-f079-4c1e-b08e-9b982593763d,q_lt_q20,840
addc9e63-49de-4451-9a7b-6afb822d835e,q_lt_q20,1963
adec4dd7-9cdb-4c58-8fc3-2e509aecfbcd,q_lt_q20,1446
aded6ffd-1b3c-4fce-ad90-ec995a90a2a7,q_lt_q20,907
adfc6cac-b7fd-4006-a2f1-db7bdda426dd,q_lt_q20,1403
ae3ba171-5f03-41cb-a4bf-bb8c568b8c1b,q_lt_q20,1156
aeb7fc23-8687-4548-9f2f-c21b4cc0e59b,q_lt_q20,952
aef77f8a-7da4-4dae-84ea-88f643d8e00d,q_lt_q20,1241
af0da814-0f9f-4928-89fe-6ef112d381d6,q_lt_q20,1838
af21bf6e-b55d-429b-a3b4-65e372f0cb58,q_lt_q20,1422
af27ed26-9dc7-4837-8235-a788b39c70d4,q_lt_q20,1240
af486db0-05c9-4707-b5fc-c039359d7a22,q_lt_q20,1322
af5d4468-4d94-49ce-bca2-8b4f73648d71,q_lt_q20,1470
afc9b823-2f50-42f1-ace0-4eb4228e4712,q_lt_q20,956
afdcd20e-1e52-47f4-8d04-71ef656fe801,q_lt_q20,1574
aff6b7ae-ab2a-424d-8a9e-11e2d50cdc2b,q_lt_q20,1784
b0166a7b-cf7c-4ada-8688-deaa14a01898,q_lt_q20,1703
b0713e87-cab3-46e4-bfb3-f0bbb91cedf6,q_lt_q20,929
b0a28c3c-b5dc-4a94-a661-2ef0639049c7,q_lt_q20,1267
b0d98d93-45de-40c1-a1cf-cd32484c3542_432110,q_lt_q20,1354
b0d98d93-45de-40c1-a1cf-cd32484c3542_432120,q_lt_q20,1354
b1697d0b-8974-4f1e-9a8c-94cae1c00a48,q_lt_q20,1009
b1799d01-d80b-4358-9cde-2492358e5f60,q_lt_q20,1791
b17f0895-5a5d-442c-bbad-fcf3280aae2f,q_lt_q20,1815
b2023a27-1c95-4b64-98d2-90bdf4c224ce,q_lt_q20,1641
b23821f8-f8e5-4b3d-a821-70913abe37cf,q_lt_q20,1508
b260a0a3-aaeb-40cf-b8cf-b1024a2db5d7,q_lt_q20,1085
b27ced8c-bf7d-4d8f-8148-f590ccc35f4c,q_lt_q20,1258
b2b023d8-8377-4afb-acaa-e8ce3c66bbe7,q_lt_q20,1617
b326bac6-9b5e-446c-bde5-2643a0eb5cac,q_lt_q20,1314
b34cdf4e-8f74-45b6-b97a-edde6323f25f,q_lt_q20,1096
b39a74f7-1286-48a6-a281-71520d4ccede,q_lt_q20,809
b3bb7f19-ab52-4236-8666-b2c32ca2f787,q_lt_q20,1198
b3da16fa-2b4d-464a-a835-1028fce8b596,q_lt_q20,1063
b3da4efe-3997-4799-8c1f-399c4ae293fc,q_lt_q20,1171
b401b1e3-c946-4a3e-bca3-3427e64eebba,q_lt_q20,1516
b435c357-5e89-429d-9e2e-f52e231d7a5f,q_lt_q20,1698
b49af755-891b-490a-8a2b-0896237f1936,q_lt_q20,1558
b589aebe-0b6a-4928-b85e-14f138d250ad,q_lt_q20,1053
b5d958ce-f342-427a-a32d-199bc52b0ee2,q_lt_q20,1360
b5ee078f-e06e-4d3d-8823-5faffa77db23,q_lt_q20,1270
b69080d3-02f1-48d0-982c-0150b478a8f7,q_lt_q20,1694
b697f85e-18a0-4758-b4c5-d49dd976890f,q_lt_q20,1618
b6c4885c-cc83-4401-aeb2-5505de2cad43,q_lt_q20,1805
b7d7ad0f-c16b-485d-9dcc-f4f845995a11,q_lt_q20,1381
b7db631d-9aa8-49c1-9a61-b2824d0b42c8,q_lt_q20,997
b82b5bd7-4174-4bef-9d90-9080ebe77b8a,q_lt_q20,1156
b855cfed-46a0-4261-9d48-9d43d21a6315,q_lt_q20,1392
b86817d4-c71b-4bd4-ab64-4982bf812b12,q_lt_q20,1498
b8969b34-a0cc-4974-8893-e869f7200726,q_lt_q20,1108
b8ddf775-3ff9-4c27-89dc-a6a7dcd628ca,q_lt_q20,1035
b8e0fbe8-8d4f-4bd7-bd4e-068972edf6ea,q_lt_q20,1746
b8e7dfb4-b7ee-452e-976f-1e59a1a661a4,q_lt_q20,1750
b92a2ca3-4eb9-4a8f-b82f-8bbc2a1dfbc9,q_lt_q20,1633
b92fdc04-60cc-49fd-b109-2ea6da11208d,q_lt_q20,1188
b990584a-6da0-414d-a165-df8f52eaa5e7,q_lt_q20,1339
b9933a62-f326-4d77-9206-ebb335161831,q_lt_q20,1308
b9a652c1-1645-4fd5-8a34-bb3aafc499db,q_lt_q20,2037
b9f6ea7e-8e51-4647-ad81-a418ef6063ab,q_lt_q20,979
ba894894-8201-40e8-8fb8-33aa2c4878f9,q_lt_q20,1021
bb02cfc2-0819-427b-bb42-80099ce25bc6,q_lt_q20,1880
bb76f2e9-4a9d-4ffb-a78b-f457e5d0325d,q_lt_q20,1120
bb7d0230-c1be-41f4-904d-aa67307fca67,q_lt_q20,1745
bba59546-8f69-4a24-8cc1-f4cdaebd754e,q_lt_q20,1469
bbaa85be-3a06-4d2b-b5ad-7f1f55b6554d,q_lt_q20,1362
bc20e967-2251-471b-b636-ff517f9e3d39,q_lt_q20,1834
bc461833-6006-4224-8820-31c35ec58822,q_lt_q20,1072
bc7fac98-151e-4220-ab79-455a095ea290,q_lt_q20,1441
bce8bf9b-9b67-4bee-9c90-3c7f65c3444e,q_lt_q20,2260
bce9c8be-26c4-40b1-b852-715b016440e5,q_lt_q20,1498
bd2496a3-6740-41be-b251-6d2b231a55ab,q_lt_q20,2431
bd669418-92e4-48fd-baf1-617249b435d0,q_lt_q20,1553
bda687ce-f308-4f70-b53f-c172c70b0e89,q_lt_q20,1637
bdf4b017-b900-4dd5-b889-8990d9a2ee36,q_lt_q20,723
be0a7858-95c9-43aa-a054-0dc1989349f8,q_lt_q20,1457
bed0ef93-6faa-4f98-af56-bfb3fed3ed61,q_lt_q20,1127
bf06f547-e1ed-4473-b1e8-2581d8bfc70f,q_lt_q20,1067
bf679fd0-8d8f-4815-a569-ec798d81f324,q_lt_q20,1965
bf85754c-4e6e-481b-9f58-a4fe2bf249cd,q_lt_q20,1385
bfdc1b44-5cc4-469c-886d-bcd500a32919,q_lt_q20,1298
c001fee0-4166-478c-ba13-f7a38b325012,q_lt_q20,1094
c011ca8b-b2b8-4303-85fe-27f81a17fcb9,q_lt_q20,951
c02ac46e-bfca-4209-8521-5e1b8f2a7459,q_lt_q20,1353
c0744418-231d-4953-be28-bbef415aea01,q_lt_q20,1531
c0b28d37-0ec8-4944-a45c-4287cc506a26,q_lt_q20,2114
c0c0f44d-7ad5-4f0c-8076-a783003c1805,q_lt_q20,1298
c0d741a3-b820-4da9-a2ba-7efd545c3dd6,q_lt_q20,1777
c10d61a3-fc5d-4d96-bf9f-57a97b6256c0,q_lt_q20,1347
c126ae2b-2a89-4867-ad78-2a0685b93678,q_lt_q20,1983
c15cb7f2-77d1-4cc2-8742-5adead1be2b4,q_lt_q20,1988
c1773369-9f5c-4cc6-a934-9b7d58625cbb,q_lt_q20,1043
c18ebd8a-6bed-4687-8b80-0f20e9c2b22b,q_lt_q20,1903
c19762f5-2d97-4f44-99fe-e54536bf018c,q_lt_q20,1000
c1c64084-6c91-47b4-8c8c-ecedec9ee99d,q_lt_q20,1269
c1de8290-0a62-480b-b4e4-4084ac640aa2,q_lt_q20,1537
c1e5e157-2320-48a9-9bb7-18db98d85fcb,q_lt_q20,1086
c2322212-f769-43af-83db-08d03c1e0f49,q_lt_q20,1632
c257f8de-5cf1-4c1f-9b46-deea2006d745,q_lt_q20,1380
c2ced941-2e52-41f7-a7d3-65d3a8064c03,q_lt_q20,1123
c2edd464-b8c1-4e06-bbcd-2f2fdcd88501,q_lt_q20,761
c2f93251-15b1-4243-ab56-96c4af4cce11,q_lt_q20,1562
c305da5e-a910-49d8-b07c-434b1d1ee109,q_lt_q20,1215
c357b418-078d-4ac2-9cf3-27eee4c4ab78,q_lt_q20,1719
c3599c4c-3209-4752-9165-542d2e9009b7,q_lt_q20,1501
c387e53c-84f5-4533-b970-8c3ea7b7a0fc,q_lt_q20,1108
c3b5b925-f539-4546-ab96-9ad257fa16d9,q_lt_q20,1125
c46d1245-e34a-4ea9-8c4c-410357e80e15,q_lt_q20,1509
c4914aa1-8d0d-4d70-9918-e760fa9aaf88,q_lt_q20,2056
c4cbc20d-2913-47d5-8d62-a15e65403434,q_lt_q20,1777
c570853f-a563-424f-aeb2-a926b1c30223,q_lt_q20,1104
c5a79e93-7589-4030-b93f-9ca42a58392c,q_lt_q20,1129
c5b13f08-cdf0-41ab-8bbf-7b8587744459,q_lt_q20,2012
c5d22f06-385f-46f2-bbce-4501ab51871f,q_lt_q20,1308
c5d27c71-07b5-4a2d-a1eb-cb858c1904d1,q_lt_q20,1069
c6b8695d-5d3f-405c-b3c5-970e8d11e4d9,q_lt_q20,1519
c7e13884-4a02-4df3-b184-09aea28cf8e8,q_lt_q20,2384
c7e88659-7744-4aa0-b62e-93cb6c25ef2b,q_lt_q20,1968
c89d57ed-e3aa-4931-820f-0ee58142ae44,q_lt_q20,1099
c8c5399f-0a0e-4a83-bf3e-475a9de5cac7,q_lt_q20,2057
c8d339ae-22a7-413e-90d5-ef4884026eba,q_lt_q20,1310
c8dd48fe-9e31-4096-986a-bf4c67648c7a,q_lt_q20,1709
c8f86ce2-0e87-441d-937b-17cce6b52e12,q_lt_q20,1422
c95332b9-0da9-4681-8e56-ac4e64a30d63,q_lt_q20,1573
ca41ca6f-ae17-4788-bcee-b32c1a918983,q_lt_q20,2191
cab00cd1-b095-4ab5-9b8c-1b5089373562,q_lt_q20,1177
cabb0f6a-7ebe-464a-b695-40fc6d08cd3c,q_lt_q20,1546
cad502d9-12f9-4449-a1e5-568b9f7d32e6,q_lt_q20,1348
cb5596d4-deb7-4784-ad4e-5c21279082ab,q_lt_q20,1545
cba899d9-2eee-4a91-b0ef-91335aaca422,q_lt_q20,1170
cbc3fc1b-88ef-4f46-b12e-6eb97e45059c,q_lt_q20,1187
cc0cedad-23fc-4893-b83c-1f47871293bd,q_lt_q20,1226
cc169352-30d8-4fc4-884e-b37cafbfad0f,q_lt_q20,2061
cc169352-30d8-4fc4-884e-b37cafbfad0f_031004,q_lt_q20,2061
ccd2dcd2-9439-41e6-9e0a-cf124e772a68,q_lt_q20,1732
cd030991-ff87-43dc-8563-284195518ffa,q_lt_q20,1296
cd8c5956-30bd-4242-9d18-ce24ce0a3f30,q_lt_q20,1994
cd911250-e87c-45d0-8668-03981c6876e5,q_lt_q20,1581
cdbecc7a-6bfa-41c2-8c38-222c43367fe2,q_lt_q20,1733
cdeb0ab1-6c05-43f5-aa47-cb6248d8ffee,q_lt_q20,951
cdfa6633-f9c0-4bed-b0b0-098b85310b5c,q_lt_q20,1317
ce15ea40-742a-4221-ab0c-166d42ef4fa6,q_lt_q20,1666
ce975340-e8ff-4b3d-bfc5-7ba57026ac22,q_lt_q20,1886
cea9b5f0-588a-4d9c-a43c-eceffa56b782,q_lt_q20,1251
cf3b4439-a244-41c8-b3e6-089f5ba5cee2,q_lt_q20,1727
cf4bcfd5-1059-4fd2-b742-0e9866ad4997,q_lt_q20,2097
cf8c9032-6d1d-473d-b304-3837260188cb,q_lt_q20,968
cfb660d2-2aa9-4a18-9607-6dbeec51611a,q_lt_q20,2301
d0133283-1904-4459-8ce5-88d7786ac802,q_lt_q20,1248
d030d4a1-e9bf-4d16-9116-76966ec1d112,q_lt_q20,2268
d031ef9f-4e50-4c68-aa43-9b5589c32874,q_lt_q20,1275
d0bdcc52-363a-4c03-830f-656e7e1d35f9,q_lt_q20,1263
d0bdea3c-41c2-4ad7-8b19-28f968b4ce61,q_lt_q20,1508
d0d00ab4-bfa9-458c-96c3-33dd5a401559,q_lt_q20,1136
d140f62b-b08a-4a64-be9d-f808f4e06140,q_lt_q20,2015
d173a23d-0450-4ca0-8aae-0524490e9d75,q_lt_q20,1113
d19726f9-e3db-455e-904e-b6c91934cd34,q_lt_q20,1087
d1a229c2-1eec-43dd-8b89-1999568e293c,q_lt_q20,1147
d1df8d19-d1f7-4e83-8aa6-75820613be72,q_lt_q20,1466
d209d76b-f251-4972-99d8-3a0a02c1852d,q_lt_q20,2014
d21c59dc-848c-4c13-97eb-edbb1e71b767,q_lt_q20,1058
d21f1e9f-b6ba-4491-b6cf-faf227813d47,q_lt_q20,1650
d2cd29dc-cf55-4a2e-9836-7c2ab0f8912c,q_lt_q20,768
d2d2a44c-25cb-4b0d-b4a5-4929e1d11975,q_lt_q20,719
d2dcdeb9-5c08-471b-8d86-e0e1bc1d4c9c,q_lt_q20,859
d2eec541-fc9b-495b-9fdb-f9bf3e039940,q_lt_q20,1425
d30dd811-b003-4eab-ba7f-c17562766b04,q_lt_q20,1261
d32a665b-92bd-450e-98fb-2dc9398ac805,q_lt_q20,1596
d32a665b-92bd-450e-98fb-2dc9398ac805_5106_w1TH,q_lt_q20,1596
d32a665b-92bd-450e-98fb-2dc9398ac805_5106_w2TH,q_lt_q20,1596
d33ce11e-590d-4d44-af55-6a9b0c27e829,q_lt_q20,1292
d3571177-b605-4823-a6c8-507504375df3,q_lt_q20,1953
d40cdbf5-7aea-4789-8bb5-d590b2b89ae4,q_lt_q20,1674
d42b68be-0da7-4519-ba9a-e24f789d9c10,q_lt_q20,1465
d45605aa-9a74-44d7-a684-5c9f3ca763da,q_lt_q20,2176
d4c7cdbf-5fea-4ed6-9d5c-cb527ff5fd23,q_lt_q20,894
d52a0bf4-3d55-4913-b0e7-8f1b3ca17e38,q_lt_q20,1933
d52d0eab-1e64-4d76-a1f2-e81c7948d2c0,q_lt_q20,994
d54a74bc-7d2c-400e-abbd-e2ec37f9460f,q_lt_q20,1507
d59509c9-a7c1-4cac-8f12-2e0287c59a63,q_lt_q20,931
d5d96cd8-8fe7-4dd3-8c57-b782a999f92b,q_lt_q20,1318
d5e3c53b-bae6-4df5-9d14-c087e9fa2467,q_lt_q20,1908
d5f9c660-4e50-47c9-bb58-190acf22cf6e,q_lt_q20,1472
d65f7681-89ab-4aff-9c42-59da80eb5120,q_lt_q20,1080
d69fc777-cc14-47e1-993f-283e08920328,q_lt_q20,905
d6af1698-3999-4a5d-a449-693dc8bd8f98,q_lt_q20,977
d7896c1f-b892-4272-b78a-9bb4d5a53c5b,q_lt_q20,981
d7af3b3d-cad2-464d-bf4a-7449d85152c1,q_lt_q20,1345
d7ba84de-0fa2-4577-9ef4-978335a86360,q_lt_q20,2072
d7ea5745-0ca5-40fa-b5c9-3f788256411b,q_lt_q20,1325
d8247910-913d-471a-abb1-11ee26969d96,q_lt_q20,2237
d8fd996a-b726-4415-a41c-3150f506441c,q_lt_q20,2216
d939b5a0-012f-4082-ad1e-eba74d1f65d5,q_lt_q20,1401
d96cf58d-21f6-49bd-85e1-8db63a693645,q_lt_q20,1285
d96cf58d-21f6-49bd-85e1-8db63a693645_151805002,q_lt_q20,1285
d977db74-52e3-46a6-91e8-42aa82d83e68,q_lt_q20,1345
d9f8ae6e-a12e-4fbf-972e-21c89e521789,q_lt_q20,1575
d9ff999c-0258-41fc-abae-b4f4bcf10fee,q_lt_q20,2145
da031053-d267-49da-857a-b8e28a7205eb,q_lt_q20,1522
da7b6a82-062b-4723-9d9e-8fb7ca9b52c3,q_lt_q20,1996
da7eb1f2-d42a-4707-8f04-d414dfb2de8d,q_lt_q20,2445
daa47a41-8f5a-4edb-9840-e0a13533cc64,q_lt_q20,1361
daca0d8d-b3de-4945-81fb-b01f249210f6,q_lt_q20,1530
db1d776d-2226-4979-8b90-733c0f352d32,q_lt_q20,2123
db461ec1-3ea7-4ae3-bc19-916d7ee6358f,q_lt_q20,1515
db55568d-bd13-4e3d-bea3-7d188796ecf7,q_lt_q20,1605
db5a4b77-c057-48a5-a174-f99045ad9bf2,q_lt_q20,1281
dba1953a-a80a-4e6c-a12f-3f7a8e2e12cd,q_lt_q20,1636
dbc64462-fd71-4527-995e-7ba62c05b63c,q_lt_q20,1059
dc053ba2-8d2d-47dd-8c61-6246607bda41,q_lt_q20,1693
dc333991-0a0d-4184-a230-30457e374bed,q_lt_q20,2101
dd3c856a-bb15-42d0-bbf4-d0a816f20946,q_lt_q20,1331
ddd4ea67-eff3-47b8-972c-dc5239620add,q_lt_q20,1776
ddedb4d9-b2be-47c1-998d-acbc0ffb124b,q_lt_q20,1135
de59cc50-5443-4a4e-a560-352a4e1d9df0,q_lt_q20,1116
de8912c4-f8c4-4c98-8a7a-7f0f5ef137f2,q_lt_q20,1824
dea2b321-7f1c-4acc-8839-99cf945d61d5,q_lt_q20,1521
df197117-d3ba-4706-b6f5-a7c773ebab31,q_lt_q20,1228
dffdaf0f-e68b-465b-bc33-3b7aafbf6381_U33026,q_lt_q20,1979
e022dc85-f244-4f07-8ca5-27441bbebc0e,q_lt_q20,1318
e02a1b65-521b-4672-a336-14aae201ac78,q_lt_q20,1237
e0cc2ab9-31be-4249-9568-65b76de876c2,q_lt_q20,1812
e0d2a692-1121-4c41-9b53-d0537f2efc62,q_lt_q20,1183
e0d7edb6-75f8-422a-b533-365a1d4c03b2,q_lt_q20,1433
e110ae98-cc33-42ab-9d28-1b5d7104af3f,q_lt_q20,1418
e1167305-106b-4cd6-adbb-83d90590079e,q_lt_q20,1191
e18394ec-4cb0-4fd6-b078-f2686bdac694,q_lt_q20,1243
e1d6ff27-89cd-43d1-bd23-699952662cb4,q_lt_q20,3252
e268ebd4-97ae-4e44-857d-d01c4d838027,q_lt_q20,1204
e2b68116-d475-407a-844f-346f2750486d,q_lt_q20,1585
e2db454d-9cdd-43b0-b47c-6fb047bd6fb4,q_lt_q20,1087
e30e2f0a-e9ca-415f-8fb9-0df9f0133591,q_lt_q20,1314
e32552e7-61fc-46f0-b5eb-e89930abc712,q_lt_q20,806
e333da21-e6fd-421c-8c30-b56f1ec745c5,q_lt_q20,1602
e3717cf6-37f9-4c3a-bfcc-6e87acbb049b,q_lt_q20,885
e37d3d7e-592c-4f88-baac-0e359a750c74,q_lt_q20,1589
e3990cb0-3ae8-4cd4-b009-55290be90c92,q_lt_q20,1195
e3a215cc-bf59-44e6-9c07-90122efea9e5,q_lt_q20,1299
e3a3cd09-9117-4661-9ccb-4a36d5ada337,q_lt_q20,1921
e3af9eda-897e-4d7c-9367-dd6cf7f89ebc,q_lt_q20,1531
e3cbc7c6-f62f-4848-9b2c-75e0da09b9a3,q_lt_q20,968
e4122606-b2ba-4461-9e13-0af12f5da7f6,q_lt_q20,1518
e425b61d-9bb5-4dc0-a4d7-0d31560f8a9a,q_lt_q20,1045
e4ef0a1b-2cd2-4488-b8c1-cdd506ab9b08,q_lt_q20,1469
e5a69868-4eda-4f41-bae9-772ea424752b,q_lt_q20,1290
e5dac99a-1800-40a7-be02-f9b8ac335659,q_lt_q20,1299
e61b060b-5b5b-4695-a2be-79e50c699c2d,q_lt_q20,1816
e66fe85a-e60d-4111-8c53-ff52ee56517b,q_lt_q20,1213
e6eae01c-0f7d-4748-b8f1-ee199284b543,q_lt_q20,1445
e6f18d6b-f5ab-4e66-b9c6-4fe1172219c4,q_lt_q20,831
e748b4a1-bc3a-4023-b3e6-3abb27009f04,q_lt_q20,1680
e75cd792-de7e-4644-b36a-37edd76a76a9,q_lt_q20,1506
e786e60f-a0f1-4955-aa57-f22ba39c7427,q_lt_q20,1317
e7bc8b2f-525b-4f1f-902d-6398a291f85f,q_lt_q20,1719
e7d8bbb6-5bba-4057-9f49-a299482c3348,q_lt_q20,1402
e81f2363-eca0-4b47-a851-349da6a849b6,q_lt_q20,841
e882d716-0531-48c0-969a-84ed85fccce6,q_lt_q20,1219
e8cc21fc-0770-4aee-8ce3-a344c8d465d3,q_lt_q20,856
e8da76c5-b952-4142-ac96-4d16664b4494,q_lt_q20,1544
e95f12d8-a67b-459d-a9ab-bb233c20799d_F2595,q_lt_q20,1483
e95fa94f-f9e4-419a-aac4-c7bb11aadd58,q_lt_q20,2143
e96f8156-84b5-49aa-b931-5698f421b729,q_lt_q20,1930
e9c72be8-dea1-4a5d-8af7-05dce5f419ee,q_lt_q20,1291
e9d3271d-1599-4751-b98a-e7c9e783e512,q_lt_q20,1658
e9da9527-28c6-4cb1-8b70-6e5460afcae3,q_lt_q20,1108
e9f95177-02be-41bb-8728-40fe217bb6e1,q_lt_q20,1440
ea442d7a-f666-450a-a04f-449b7aec9edb,q_lt_q20,1366
eb0f6b17-4bc0-409d-90be-a6db939a8513,q_lt_q20,2132
eb97fa6f-d2c5-49db-8829-7b994b0a68be,q_lt_q20,1821
eba748a3-ebd6-4141-a671-5ef94b896ffa,q_lt_q20,1361
eba748a3-ebd6-4141-a671-5ef94b896ffa_453202901,q_lt_q20,1483
ebb603ce-8fde-4de0-acad-481632c0566a,q_lt_q20,1610
ebead23d-acc0-4a2a-89a5-8dcd327767fb,q_lt_q20,1898
ec93787b-03e6-445b-b17d-d4481b7d7e9c,q_lt_q20,1686
ecf7d51a-1308-44fd-aaf6-7d2292332eac,q_lt_q20,1829
ed2ab3fa-21c0-40db-970f-267924240421,q_lt_q20,1793
ed2d0622-1e92-4886-a748-df6b7586d52c,q_lt_q20,1202
ed9676ff-3b2e-4282-8a67-6882b2222e02,q_lt_q20,1470
edbe7bd4-b3a4-4f9f-9d33-e932017531d7,q_lt_q20,1329
ee1fdcfd-15f4-4a19-8356-acee538ae78d,q_lt_q20,1702
ee2f12c8-bf0a-470c-9a21-c0ad1ccc53f6,q_lt_q20,1221
eeeac5e4-672d-4472-893d-6ce4c6bab120,q_lt_q20,1141
ef6614a2-669d-4bc9-95e1-bb5acfb9a7d0,q_lt_q20,1366
ef76b105-7412-45fc-976d-972c1f7e185a,q_lt_q20,1142
efc7f52a-ca89-4d56-bea1-7758811ee22d,q_lt_q20,1914
efe2509e-d4c4-42a8-ae09-dcc1ffcbfe67,q_lt_q20,1770
efe53bb2-d752-4aa6-af43-e2240eae3675,q_lt_q20,1266
f02dce57-8c7c-4741-941e-9638164be462,q_lt_q20,1128
f04861d7-1fea-4282-ba7a-610c44cd039c,q_lt_q20,1203
f04ca4c9-40b2-431c-a944-863443457ac0,q_lt_q20,1124
f053c518-139a-4210-b305-ac3f7ac95075,q_lt_q20,1508
f06167e7-dd9e-4ce6-81c8-176d2d8b706d,q_lt_q20,980
f06fd5b9-7da7-41db-a784-bd785ad3264e,q_lt_q20,1141
f06fd5b9-7da7-41db-a784-bd785ad3264e_151806011,q_lt_q20,1141
f0718c85-fbe6-4bb5-9a00-91ef53c38567,q_lt_q20,1118
f0719364-e4e5-4607-afce-a6f475d182e1,q_lt_q20,1133
f0b04c16-532d-43d4-b497-d52a57b45eb2,q_lt_q20,1534
f0ce59f5-6075-4861-8976-be2f44424535,q_lt_q20,1056
f120647f-1a02-4597-8ba7-3cd7a1c90635,q_lt_q20,1516
f1914b03-f60b-4174-9966-743e4fae2f61,q_lt_q20,1722
f22f80f8-1bb0-4e77-b225-291487060c6f,q_lt_q20,1366
f25278f2-f4b5-4d32-86b1-e00e6cd33a6f,q_lt_q20,1733
f311890e-f160-4533-9cfe-39271fc164e6,q_lt_q20,1135
f31fc8d7-3883-493b-be85-80fefa7068c5,q_lt_q20,1721
f3536ad3-46f4-4882-a605-260958220d85,q_lt_q20,1968
f357a614-cd56-4425-a685-133aa736e0c8,q_lt_q20,2116
f35edef4-7f87-4020-8088-95ea60da2b79,q_lt_q20,1719
f383556c-5233-45b1-aaa0-50959327d3d2,q_lt_q20,1032
f387d5f1-d06d-48fd-92a1-ede9bdebdc10,q_lt_q20,1164
f3904234-3063-44ac-b93a-0f52861ddbb4,q_lt_q20,1564
f409c5a2-5d4f-41d2-a734-b0707c778dd5,q_lt_q20,1291
f40d1dc8-2f89-441f-963c-2b15f4cfd7ff,q_lt_q20,1351
f44bf96d-3953-4fec-88bd-30ef4e12e523,q_lt_q20,1753
f45e1714-c4b4-44cc-9687-79d736a3a061,q_lt_q20,2075
f463f458-8115-42d8-834a-c6872116737d,q_lt_q20,1875
f47d3873-02f3-42e2-a96f-770c47772d6b,q_lt_q20,1426
f48b6a3b-96f0-40cf-9f97-22d0ba05652b,q_lt_q20,1345
f4a37857-9d23-4ab2-af0d-81171ad0d52a,q_lt_q20,1127
f4b5a4cd-85af-4782-9be0-97782029e7ab,q_lt_q20,1264
f4c0be26-7222-4c60-a6a1-bba413c33ca0,q_lt_q20,1692
f4e33ecf-176b-44e9-b45f-8f2990d18547,q_lt_q20,1427
f516b38c-16cc-4cda-94e7-6a85ee01b7b3,q_lt_q20,1097
f54d561e-dae2-4cab-94f1-215a02dfc308,q_lt_q20,2142
f5a87f88-4a45-494d-84e3-19ea46205316,q_lt_q20,809
f5b37267-c78d-4e3e-9fca-0a380d46ffc8,q_lt_q20,1074
f5fecb83-cfac-4e5d-8b4c-1f8e2ca0ebb2,q_lt_q20,1376
f62ffa59-4994-4d08-a962-69378aa1b2e6,q_lt_q20,1073
f6570b4e-8721-4397-885a-7ecfeab86cd8,q_lt_q20,1338
f74e22c2-ba83-4a05-9303-d1e2b93c54bf,q_lt_q20,1455
f7897367-bb3b-4599-8184-b8941e889c9c,q_lt_q20,1455
f7f3bf26-071c-4119-8702-d0d410b7fc07,q_lt_q20,1483
f7fe310d-d263-486b-ab70-a4663975f7bd,q_lt_q20,1204
f8531ce2-c39e-4eaa-89a9-67302cacc66f,q_lt_q20,1048
f865f658-a32e-4601-b61e-e5c2f02c578a,q_lt_q20,1783
f868632b-012e-4605-996e-3e3becadafc2,q_lt_q20,1528
f8701e94-8375-4a79-865d-69acdea0853d,q_lt_q20,965
f8745051-b1d4-47f0-96b5-76b67c6ebaf4,q_lt_q20,1223
f8ae6b4c-56c4-45a1-b83f-4697843b937f,q_lt_q20,1023
f8b80146-bdfd-419b-9d09-1bd05c274034,q_lt_q20,2247
f926adb6-6408-4d86-98b1-7c76f4bdbc37,q_lt_q20,1798
f9fcfbc0-af1b-46f6-bf20-6d8aedc1c72f,q_lt_q20,1050
fa1df2df-6c46-45ec-9aad-331c095431cb,q_lt_q20,1829
fa40b47d-6153-472f-9b91-f7ac3444071a,q_lt_q20,1537
faba42fb-8de9-4e60-a4f8-47c8271320e3,q_lt_q20,936
fad760ef-0c6e-48df-a1c5-01d3f471cbb0,q_lt_q20,1516
fafd42b9-ed79-459c-98a6-83b7692eab78,q_lt_q20,1061
fb8bcdf9-89d2-419c-bdca-d1d1a8c97586,q_lt_q20,1254
fb9489af-81db-46cc-890e-1567c1f386a6,q_lt_q20,1558
fc053c40-2354-4f94-add2-1aa71fb0afc6,q_lt_q20,1708
fc26adc8-491a-4f56-a5a0-20d775dc0c7a,q_lt_q20,1262
fc5e2495-e6bf-4b91-bf05-547b8ce5fa8c,q_lt_q20,1709
fc82d49c-8b70-4e21-b1e3-0b648bf5b835,q_lt_q20,1084
fc8999c2-d9ad-4a1a-887b-2f9c10f11689,q_lt_q20,1171
fcb795f4-07bc-4ae0-8372-041644e7f275,q_lt_q20,1395
fcdd7420-c000-4db7-99fa-3835a65372fe,q_lt_q20,1821
fce4a0d2-2406-4c67-8bf4-35cd091e6545,q_lt_q20,1960
fd0f850f-2f54-46c0-ad53-1c56361d930c,q_lt_q20,1529
fd43ce67-61f8-481b-8547-0d899aa63c0b,q_lt_q20,1229
fd8ea26c-8052-48c5-a1bb-bbd5ebbbb3d3,q_lt_q20,1030
fdc0c6cb-c938-4b40-9b8d-6bc0f81dbbec,q_lt_q20,918
fdfac74b-f168-40d6-9f97-2efc9ac6a964,q_lt_q20,1288
fe43947f-a0e9-49fe-9a11-5ef97f102fbd,q_lt_q20,1099
fe57175f-cfc7-4fcb-bed7-6a146ef67336,q_lt_q20,1229
fe6e0031-6278-4cf6-8097-8939a90a141d,q_lt_q20,928
fe864cfb-0782-4369-8343-951e2ad01992,q_lt_q20,985
fee4928e-59c8-4f42-b1b1-9299ae2d71f1,q_lt_q20,1174
ff467050-5094-4775-be40-2da994ad8650,q_lt_q20,1075
ff6ae1df-8fa7-4f88-9710-cb3b4fcde8a1,q_lt_q20,1190
ffe31960-febf-4c98-963d-6f23354add54,q_lt_q20,1822
fff0c2da-54e5-40af-9618-a97848d71c2e,q_lt_q20,1501
223202,q_lt_q20,2176
224201,q_lt_q20,1347
224206,q_lt_q20,2202
224213,q_lt_q20,1685
224214,q_lt_q20,518
225213,q_lt_q20,424
225218,q_lt_q20,2172
225219,q_lt_q20,1066
226204,q_lt_q20,2694
226209,q_lt_q20,2543
226220,q_lt_q20,883
226226,q_lt_q20,1120
226402,q_lt_q20,3192
226410,q_lt_q20,1619
227200,q_lt_q20,2612
227202,q_lt_q20,2361
227211,q_lt_q20,2855
227219,q_lt_q20,2858
227225,q_lt_q20,860
227226,q_lt_q20,2518
227227,q_lt_q20,2453
227231,q_lt_q20,2538
227236,q_lt_q20,2898
227237,q_lt_q20,1931
230205,q_lt_q20,1738
230210,q_lt_q20,1487
231211,q_lt_q20,1998
231213,q_lt_q20,839
231225,q_lt_q20,1891
234200,q_lt_q20,1840
234201,q_lt_q20,1910
234203,q_lt_q20,2683
235202,q_lt_q20,902
235203,q_lt_q20,2156
235210,q_lt_q20,2385
235211,q_lt_q20,1681
235234,q_lt_q20,1622
235237,q_lt_q20,1638
236205,q_lt_q20,1682
236212,q_lt_q20,1285
236213,q_lt_q20,2159
238204,q_lt_q20,1849
238208,q_lt_q20,1989
238223,q_lt_q20,2348
238229,q_lt_q20,2848
238230,q_lt_q20,1145
238231,q_lt_q20,1996
238235,q_lt_q20,2085
402204,q_lt_q20,1927
402206,q_lt_q20,1820
402213,q_lt_q20,1810
402217,q_lt_q20,2195
403213,q_lt_q20,3001
403214,q_lt_q20,1788
403217,q_lt_q20,1030
403221,q_lt_q20,2473
403222,q_lt_q20,1410
403224,q_lt_q20,3459
403226,q_lt_q20,3312
403232,q_lt_q20,1360
404207,q_lt_q20,4228
405205,q_lt_q20,985
405209,q_lt_q20,2328
405214,q_lt_q20,2243
405215,q_lt_q20,1291
405218,q_lt_q20,2303
405219,q_lt_q20,871
405226,q_lt_q20,3933
405227,q_lt_q20,823
405228,q_lt_q20,2499
405231,q_lt_q20,1046
405234,q_lt_q20,2022
405238,q_lt_q20,2144
405241,q_lt_q20,2381
405245,q_lt_q20,2661
405248,q_lt_q20,3214
405251,q_lt_q20,2519
405263,q_lt_q20,667
405264,q_lt_q20,349
405274,q_lt_q20,2449
406208,q_lt_q20,1394
406213,q_lt_q20,2111
406214,q_lt_q20,2787
406226,q_lt_q20,2571
406235,q_lt_q20,2319
406250,q_lt_q20,1392
407253,q_lt_q20,4136
408200,q_lt_q20,5144
408202,q_lt_q20,2762
408206,q_lt_q20,4093
415201,q_lt_q20,4794
415207,q_lt_q20,2688
415237,q_lt_q20,3096
415245,q_lt_q20,2904
602004,q_lt_q20,2325
603003,q_lt_q20,1986
603004,q_lt_q20,1706
603005,q_lt_q20,1566
603007,q_lt_q20,2538
603136,q_lt_q20,2460
603190,q_lt_q20,2073
604001,q_lt_q20,1911
604053,q_lt_q20,1890
606001,q_lt_q20,1890
606002,q_lt_q20,2035
606195,q_lt_q20,2119
607003,q_lt_q20,2033
607004,q_lt_q20,2136
607007,q_lt_q20,1867
607013,q_lt_q20,2189
607144,q_lt_q20,2188
607220,q_lt_q20,2482
608002,q_lt_q20,2399
608151,q_lt_q20,1984
609002,q_lt_q20,3343
609005,q_lt_q20,1501
609018,q_lt_q20,3033
611004,q_lt_q20,3591
611111,q_lt_q20,3206
612001,q_lt_q20,2799
612014,q_lt_q20,2991
612025,q_lt_q20,2514
612034,q_lt_q20,3153
612230,q_lt_q20,3608
613002,q_lt_q20,2999
613146,q_lt_q20,3297
614006,q_lt_q20,2506
614037,q_lt_q20,3003
614044,q_lt_q20,2855
614196,q_lt_q20,2965
614224,q_lt_q20,3238
616001,q_lt_q20,2218
616002,q_lt_q20,2423
616006,q_lt_q20,1285
616013,q_lt_q20,3491
616019,q_lt_q20,1780
616041,q_lt_q20,2757
616178,q_lt_q20,2326
616216,q_lt_q20,3038
617002,q_lt_q20,6240
617003,q_lt_q20,3224
701009,q_lt_q20,4579
704139,q_lt_q20,3100
707005,q_lt_q20,1106
708011,q_lt_q20,2008
710003,q_lt_q20,3749
802055,q_lt_q20,3191
803003,q_lt_q20,1151
