station_id,mask,Sand_rootzone,Silt_rootzone,Clay_root zone
410024,q_lt_q20,54.1,18.65,27.1
410026,q_lt_q20,51.55,19.9,28.55
410033,q_lt_q20,68.5,11.9,19.65
410038,q_lt_q20,56,16.05,27.7
410044,q_lt_q20,52.55,16.85,31.2
410047,q_lt_q20,53.85,13.85,31.9
410057,q_lt_q20,52,19.75,28.25
410061,q_lt_q20,52.05,22.5,25.55
410062,q_lt_q20,60.5,17.6,22
410088,q_lt_q20,55.1,19.2,25.85
410141,q_lt_q20,65.15,15.2,19.45
410156,q_lt_q20,52.45,17.3,30.4
410705,q_lt_q20,56.15,18.2,25.65
410713,q_lt_q20,55.8,19.85,24
410730,q_lt_q20,55.9,20.2,23.9
410731,q_lt_q20,60.8,16.05,23.15
410734,q_lt_q20,59.7,16.75,23.4
410761,q_lt_q20,60.9,17.6,21.4
411003,q_lt_q20,52.2,19.35,28.3
10500000,q_lt_q20,32.3,39.45,28.65
11400000,q_lt_q20,24.05,43.65,32.3
12370000,q_lt_q20,43.2,32.025,24.275
12500000,q_lt_q20,32.65,32.85,34.65
12520000,q_lt_q20,34.3,32.25,33.7
12700000,q_lt_q20,34.9,32.55,32.95
13150000,q_lt_q20,,,
13470000,q_lt_q20,52.15,21.9,25.95
13600002,q_lt_q20,48.25,22.2,29.65
13710001,q_lt_q20,29.7,35.2,35.15
13750000,q_lt_q20,33.1,31.8,34.75
13870000,q_lt_q20,32.3,35.95,32.15
13880000,q_lt_q20,,,
14100000,q_lt_q20,,,
14110000,q_lt_q20,41.5,31.55,27.05
14230000,q_lt_q20,51.85,24.85,23.85
14250000,q_lt_q20,,,
14280001,q_lt_q20,,,
14310000,q_lt_q20,43.9,32.525,23.975
14330000,q_lt_q20,44,36.65,19.2
14350000,q_lt_q20,48.2,22.95,28.9
14440000,q_lt_q20,46.9,20.4,32.6
14515000,q_lt_q20,,,
14526000,q_lt_q20,49.05,21.35,30
14680001,q_lt_q20,49.2,20.95,29.4
15130000,q_lt_q20,51.65,24.8,23.55
15400000,q_lt_q20,,,
15700000,q_lt_q20,28.5,39.6,31.6
15800000,q_lt_q20,29.4,30.25,40.15
15910000,q_lt_q20,36.8,25.7,37.25
15930000,q_lt_q20,43.4,17.65,38.65
17050001,q_lt_q20,46.7,23.55,29.8
17090000,q_lt_q20,49.2,23.2,27.45
17200000,q_lt_q20,60.3,11.15,28.15
17345000,q_lt_q20,56.9,13.35,29.45
17350000,q_lt_q20,42.5,23.2,34.7
18200000,q_lt_q20,44.45,25.25,30.35
18850000,q_lt_q20,,,
19150000,q_lt_q20,40.7,24.65,34.25
20200000,q_lt_q20,46.25,18.9,34.45
20250000,q_lt_q20,43.4,19.6,37.4
21500000,q_lt_q20,36.75,27.9,35.45
21750000,q_lt_q20,34.15,29.25,36.6
22050001,q_lt_q20,,,
22680000,q_lt_q20,63.65,15.7,20.7
22700000,q_lt_q20,59.15,17.35,23.7
22850000,q_lt_q20,56.95,19,24.45
22900000,q_lt_q20,62.55,14.65,22.95
23100000,q_lt_q20,,,
23150000,q_lt_q20,59.4,18.2,22.3
23220000,q_lt_q20,59.6,15.05,25.3
23230000,q_lt_q20,58.75,18.3,23.55
23250000,q_lt_q20,55.65,19.5,24.7
23300000,q_lt_q20,56.5,18.9,24.4
23600000,q_lt_q20,,,
23700000,q_lt_q20,44.05,27.2,29.45
23710000,q_lt_q20,,,
24050000,q_lt_q20,55.65,12.9,31.3
24200000,q_lt_q20,58.85,12.45,28.7
24500000,q_lt_q20,59.7,15.5,24.8
24700000,q_lt_q20,55.05,15,30
24750000,q_lt_q20,54,19.6,26.8
24780000,q_lt_q20,55.7,17.3,27
24800000,q_lt_q20,61.65,11.4,27
24850000,q_lt_q20,,,
24900000,q_lt_q20,49.75,15.9,34.35
24950000,q_lt_q20,54.05,14.6,31.35
25100000,q_lt_q20,53.3,16.35,30.35
25130000,q_lt_q20,56.5,14.6,28.85
25200000,q_lt_q20,53.9,15.2,30.9
25700000,q_lt_q20,60.35,15.6,24.05
25950000,q_lt_q20,50.15,19.45,30.1
26040000,q_lt_q20,43.5,18.65,37.85
26050000,q_lt_q20,55.25,15.85,28.75
26100000,q_lt_q20,55.25,15.05,30.05
26200000,q_lt_q20,55.55,17.15,27.3
26300000,q_lt_q20,,,
26350000,q_lt_q20,,,
26720000,q_lt_q20,60.7,14.2,25.35
27500000,q_lt_q20,,,
27550000,q_lt_q20,54.15,15.15,30.7
28150000,q_lt_q20,55.05,20.6,24.1
28300000,q_lt_q20,45.4,21.6,33
28850000,q_lt_q20,50.2,25.6,24.6
29050000,q_lt_q20,43.6,25.2,31.2
29100000,q_lt_q20,45.2,23.6,31.3
30080000,q_lt_q20,41.55,20.45,38
30400000,q_lt_q20,45.2,17.5,37
31490000,q_lt_q20,47.25,18.05,35.15
31520000,q_lt_q20,47.8,21.55,30.85
31600000,q_lt_q20,51.5,14.8,33.7
31680000,q_lt_q20,47.8,19.75,32.05
31700000,q_lt_q20,45,29.35,26.05
32400000,q_lt_q20,46.7,20.95,32.5
32550000,q_lt_q20,47.4,19.7,32.95
32620000,q_lt_q20,35.1,24.45,40.15
32830000,q_lt_q20,47.9,22.1,29.95
33025000,q_lt_q20,49.9,18.05,31.6
33170000,q_lt_q20,49.2,21.55,28.65
33190000,q_lt_q20,,,
33205000,q_lt_q20,52.05,16.7,31.4
33215000,q_lt_q20,55.15,13,31.7
33250000,q_lt_q20,56.1,18.75,25.15
33260000,q_lt_q20,49.1,20.3,30.6
33270000,q_lt_q20,56.55,18.9,24.8
33281000,q_lt_q20,55.55,21.6,23
33286000,q_lt_q20,40.75,28.25,30.5
33290000,q_lt_q20,47.1,24.35,28.65
33321000,q_lt_q20,53.15,15.45,31.4
33330000,q_lt_q20,54.6,18.05,27.5
33380000,q_lt_q20,45.15,26.05,28.95
33450000,q_lt_q20,63,14,23.1
33460000,q_lt_q20,61.85,13.3,24.8
33480000,q_lt_q20,58.15,17.3,24.85
33520000,q_lt_q20,61.75,14.2,24.05
33530000,q_lt_q20,52.4,21.45,25.85
33550000,q_lt_q20,55.55,21.3,23.15
33620000,q_lt_q20,50.15,25.5,24.4
33630000,q_lt_q20,53.65,21.75,24.2
33680000,q_lt_q20,43.85,27.05,29.1
33730000,q_lt_q20,52.55,23.85,23.8
33760000,q_lt_q20,51.6,23.75,24.2
33780000,q_lt_q20,50.4,25.25,24.3
34020000,q_lt_q20,57.4,18,24.7
34060000,q_lt_q20,56.35,19.6,24.35
34070000,q_lt_q20,56.05,17.9,25.6
34090000,q_lt_q20,59.4,14.3,26.3
34130000,q_lt_q20,61.15,18,21.55
34170000,q_lt_q20,49.25,21.2,29.65
34251000,q_lt_q20,59.25,17,23.9
34311000,q_lt_q20,,,
34571000,q_lt_q20,54.05,18.3,27.25
34660000,q_lt_q20,60.25,19.45,20.65
34690000,q_lt_q20,,,
34730000,q_lt_q20,63.75,21,15.8
34750000,q_lt_q20,58.3,17.15,24.55
34770000,q_lt_q20,56.85,19.05,23.7
34789000,q_lt_q20,52.35,19.65,27.9
34879500,q_lt_q20,44.65,26.8,28.15
34930000,q_lt_q20,54.35,20.65,24.9
34940000,q_lt_q20,56.1,21.05,23.15
34980000,q_lt_q20,57.25,19.05,23.55
35235000,q_lt_q20,60,20.5,19.8
35240000,q_lt_q20,57.2,19.85,22.9
35258000,q_lt_q20,59.35,18.6,22.15
35260000,q_lt_q20,60.45,19.05,20
35263000,q_lt_q20,51.25,22.05,26.8
35740000,q_lt_q20,55.85,18.45,25.7
35830000,q_lt_q20,57.15,19.6,23.25
36020000,q_lt_q20,57.2,19.7,23.55
36045000,q_lt_q20,53.35,19.45,27.15
36125000,q_lt_q20,49,19.65,31.05
36130000,q_lt_q20,57.55,17.3,24.7
36160000,q_lt_q20,57.8,20.2,22.25
36210000,q_lt_q20,51.55,18,30.45
36250000,q_lt_q20,49.6,21,29
36290000,q_lt_q20,58.8,19.3,21.3
36320000,q_lt_q20,54.15,23.2,22
36390000,q_lt_q20,52.4,21.9,25.7
36580000,q_lt_q20,60.25,18,21.6
37220000,q_lt_q20,52.9,19.8,26.85
37380000,q_lt_q20,54.85,23.6,22
37410000,q_lt_q20,51.35,23.45,25.15
37470000,q_lt_q20,63.65,20.05,16.6
37710150,q_lt_q20,55.75,20.3,23.7
38790000,q_lt_q20,64.15,10.75,25.05
38830000,q_lt_q20,51.7,23.55,24.9
38860000,q_lt_q20,56.2,19.75,24
39084010,q_lt_q20,59.25,15.05,25.3
39140000,q_lt_q20,55.75,18.5,26.25
39150000,q_lt_q20,61.2,13.3,25.5
39170000,q_lt_q20,57.95,17.3,24.55
39360000,q_lt_q20,49.7,16.6,34.25
39480000,q_lt_q20,50.25,18.3,31.3
39540000,q_lt_q20,55,17.6,27.05
39560000,q_lt_q20,51.25,19.65,29.2
39580000,q_lt_q20,51.3,20.35,27.95
39760000,q_lt_q20,53.55,18.35,28.45
39770000,q_lt_q20,52.3,18.75,28.95
39870000,q_lt_q20,52.2,16.8,30.7
40025000,q_lt_q20,42.85,20.75,36.8
40037000,q_lt_q20,39.8,19.2,41.45
40040000,q_lt_q20,43.5,14.2,42.35
40050000,q_lt_q20,33.05,21.8,45.15
40053000,q_lt_q20,38.1,17.35,44.3
40060001,q_lt_q20,39.35,20.5,40.15
40100000,q_lt_q20,48.05,19,32.95
40150000,q_lt_q20,42.3,17.35,40.35
40170000,q_lt_q20,37.45,16.5,45.95
40185000,q_lt_q20,41.85,18.8,39.15
40330000,q_lt_q20,40.85,19.3,40.3
40500000,q_lt_q20,49.2,15.9,34.9
40549998,q_lt_q20,38.7,17.6,43.7
40579995,q_lt_q20,41.7,17.6,40.85
40680000,q_lt_q20,43.4,16.6,40.15
40710000,q_lt_q20,49.25,15.2,35.4
40740000,q_lt_q20,39.35,18,42.8
40800001,q_lt_q20,42.4,17.6,39.95
40810350,q_lt_q20,38.95,19.15,42.3
40810800,q_lt_q20,35.4,20,44.3
40811100,q_lt_q20,39.7,18.3,42.35
40822995,q_lt_q20,43.55,16.15,39.65
40823500,q_lt_q20,38.55,19.9,41.9
40850000,q_lt_q20,38.35,22.6,38.9
40975000,q_lt_q20,39.5,19.95,40.3
41050000,q_lt_q20,39.3,19.85,41.25
41135000,q_lt_q20,44.35,23.35,32.65
41199998,q_lt_q20,40.95,20.6,38.55
41260000,q_lt_q20,37.1,18.1,44.65
41300000,q_lt_q20,43.15,19,37.85
41380000,q_lt_q20,39.15,20.2,40.7
41410000,q_lt_q20,40.55,21.05,38.8
41440005,q_lt_q20,40.45,18.65,40.55
41539998,q_lt_q20,39.8,18.1,42.25
41650002,q_lt_q20,40.9,25.75,33.85
41685000,q_lt_q20,41.9,23.1,35.35
41780002,q_lt_q20,48,19.35,32.65
41818000,q_lt_q20,41.8,21.2,37
41890000,q_lt_q20,43.1,25.4,31.45
41990000,q_lt_q20,44.35,21.9,34.3
42089998,q_lt_q20,50.6,16.8,32.45
42100000,q_lt_q20,50.45,18.85,30.95
42187000,q_lt_q20,44,20.45,34.75
42210000,q_lt_q20,,,
42250000,q_lt_q20,48.4,17.75,33.85
42255000,q_lt_q20,42.45,19.25,38.3
42257000,q_lt_q20,47.8,19.3,32.9
42290000,q_lt_q20,41.2,21.65,37.3
42395000,q_lt_q20,44.05,22.9,32.5
42440000,q_lt_q20,44.65,19.05,36.25
42490000,q_lt_q20,41.45,25.45,33.05
42540000,q_lt_q20,43.3,22.5,34.1
42546000,q_lt_q20,46.85,19.15,34.45
42690001,q_lt_q20,,,
42750000,q_lt_q20,52.55,20.85,26.55
42840000,q_lt_q20,54.1,15.15,30.75
42930000,q_lt_q20,,,
43200000,q_lt_q20,,,
43300000,q_lt_q20,45.8,23.45,31.15
43670000,q_lt_q20,53.35,17.5,29.3
43675000,q_lt_q20,44.5,22.9,33
43880000,q_lt_q20,55.05,16.6,28.45
44200000,q_lt_q20,51.9,19.9,28.15
44250000,q_lt_q20,53.5,17.05,30.05
44290002,q_lt_q20,37.05,22.8,39.9
44500000,q_lt_q20,,,
44540000,q_lt_q20,47.45,18.7,33.85
44670000,q_lt_q20,53,17.05,29.8
45131000,q_lt_q20,54.1,17.4,29.2
45170001,q_lt_q20,49.85,19.45,30.7
45210000,q_lt_q20,49.85,19.35,30.8
45220000,q_lt_q20,50.55,18.8,30.8
45260000,q_lt_q20,51.5,20.05,28.45
45298000,q_lt_q20,,,
45480000,q_lt_q20,,,
45590000,q_lt_q20,52.5,18.05,29.6
45770000,q_lt_q20,48.4,17.15,34.3
45840000,q_lt_q20,55.95,16.2,27.8
45880000,q_lt_q20,47.95,22.75,29
45910001,q_lt_q20,54.4,19.05,26.6
45960001,q_lt_q20,48.15,23.5,28.3
46035000,q_lt_q20,42.1,21.6,35.8
46105000,q_lt_q20,53,20.9,25.95
46360000,q_lt_q20,46.3,20.35,33.35
46455000,q_lt_q20,44.45,23.15,32.4
46570000,q_lt_q20,57.7,16.35,25.75
46610000,q_lt_q20,49.05,20.25,30.7
46650000,q_lt_q20,51.2,22.05,26.7
46770000,q_lt_q20,58.6,16,24.95
46830000,q_lt_q20,60.4,14.4,25.4
46902000,q_lt_q20,50.9,21.75,27.75
47480000,q_lt_q20,59.8,19.3,20.95
48020000,q_lt_q20,,,
48290000,q_lt_q20,,,
49330000,q_lt_q20,,,
49370000,q_lt_q20,,,
49705000,q_lt_q20,41.1,23.5,35.4
50040000,q_lt_q20,45.95,22.65,31.7
50146000,q_lt_q20,60.05,18.3,21.8
50150000,q_lt_q20,49.15,19.25,31.9
50191000,q_lt_q20,42.05,25.65,32.6
50250000,q_lt_q20,54.4,18.3,27.05
50330000,q_lt_q20,54.6,16.85,28.4
50380000,q_lt_q20,59.25,16.15,24.7
50420000,q_lt_q20,50.65,15.45,33.5
50430000,q_lt_q20,59.8,17.05,23.4
50465000,q_lt_q20,57.5,16.75,25.75
50540000,q_lt_q20,52.05,19,29.05
50595000,q_lt_q20,43.6,24.1,32.4
50620000,q_lt_q20,50.3,19.6,29.95
50660000,q_lt_q20,55.35,14.5,30.15
50720000,q_lt_q20,47,17.6,35.3
50730000,q_lt_q20,45.6,19.5,34.9
50740000,q_lt_q20,50.4,17.2,32.8
50755000,q_lt_q20,55.2,15.75,29.15
50785000,q_lt_q20,53.55,15.5,30.95
50795000,q_lt_q20,53.5,14.2,32.4
51060100,q_lt_q20,48.5,18.75,32.75
51120000,q_lt_q20,48.8,18.1,33.15
51140000,q_lt_q20,47.25,17.4,35.35
51170000,q_lt_q20,50.9,14.15,35.35
51230000,q_lt_q20,51.1,17.2,31.3
51240000,q_lt_q20,54.95,18.85,26.3
51280000,q_lt_q20,55.35,15.55,29.1
51330000,q_lt_q20,57.65,14.85,27.5
51350000,q_lt_q20,53.1,17.75,28.7
51430000,q_lt_q20,55.25,18.3,25.6
51440000,q_lt_q20,52.8,22.2,24.65
51460000,q_lt_q20,54.35,17.35,28.15
51560000,q_lt_q20,43.05,22.3,34.45
51820000,q_lt_q20,45.7,21.65,32.95
51840000,q_lt_q20,42.95,20.75,36.7
51870000,q_lt_q20,44.55,22.35,33.25
52050000,q_lt_q20,56.65,16.6,26.8
52370000,q_lt_q20,59.25,15.75,25
52404000,q_lt_q20,55.05,17.95,27.2
52405000,q_lt_q20,56.65,15.6,27.85
52570000,q_lt_q20,51.35,16.9,31.3
52680000,q_lt_q20,42.1,21.45,36.45
52695000,q_lt_q20,43.15,18.8,37.9
52760000,q_lt_q20,49,17.75,33.65
52790000,q_lt_q20,44.85,21.9,32.95
52831000,q_lt_q20,,,
53125000,q_lt_q20,45.9,18.45,35.65
53140000,q_lt_q20,44.55,19.9,35.55
53160000,q_lt_q20,40.6,23.45,36.45
53540001,q_lt_q20,49.85,18.5,31.8
53620000,q_lt_q20,51.6,15,33
53630000,q_lt_q20,47.65,16.35,35.85
53650000,q_lt_q20,53.1,16.6,30.4
53780000,q_lt_q20,53.45,13.75,33.2
53880000,q_lt_q20,38.5,22.35,39.4
53950000,q_lt_q20,42.35,20.6,37.05
54010005,q_lt_q20,46.25,19.3,34.55
54110002,q_lt_q20,49.5,19.35,30.65
54150000,q_lt_q20,42.6,18.3,39.4
54165000,q_lt_q20,40.9,20.75,38.25
54195000,q_lt_q20,47.95,18.35,33.85
54230000,q_lt_q20,45,16.75,38.25
54260000,q_lt_q20,43.85,17.3,38.95
54300000,q_lt_q20,46.65,16.5,36.7
54390000,q_lt_q20,43.95,20.35,35.9
54485000,q_lt_q20,44.7,17.95,37.05
54500000,q_lt_q20,54.65,17.05,27.9
54580000,q_lt_q20,53.75,19.65,26.65
54590000,q_lt_q20,49.55,17.5,33
54710000,q_lt_q20,45.2,21.45,33.3
54730005,q_lt_q20,46.45,16.45,37.95
54770000,q_lt_q20,42.3,17.25,40.05
54780000,q_lt_q20,34.6,21.6,43.65
54950000,q_lt_q20,40.1,23.6,36.65
55330000,q_lt_q20,50.2,14.3,35.5
55340000,q_lt_q20,49.85,19.75,30.2
55360000,q_lt_q20,47.35,15.9,36.85
55370000,q_lt_q20,46.5,15.7,37.8
55380000,q_lt_q20,44.15,18.65,37.6
55460000,q_lt_q20,52.9,15.15,31.95
55520001,q_lt_q20,48.85,13.7,37.85
55560000,q_lt_q20,41.95,16.65,41.05
55610000,q_lt_q20,41.6,15.6,42.6
55630000,q_lt_q20,50.6,15.6,34.2
55660000,q_lt_q20,44.25,17.35,38.35
55699998,q_lt_q20,43.75,16.6,39.4
55790000,q_lt_q20,51.65,14.5,33.85
55895000,q_lt_q20,44.8,13.9,40.95
55900000,q_lt_q20,44.05,13.05,43.2
55920000,q_lt_q20,43.2,17,39.8
55960000,q_lt_q20,43.85,18.9,37.25
56028000,q_lt_q20,41.05,16.75,41.9
56055000,q_lt_q20,45.7,16.45,37.85
56065000,q_lt_q20,44.05,14.3,41.65
56075000,q_lt_q20,46.4,15,39
56085000,q_lt_q20,39.85,13.95,45.5
56090000,q_lt_q20,40.05,16,44.4
56110005,q_lt_q20,40.7,16.25,43.05
56240000,q_lt_q20,40.9,17.6,41.65
56335001,q_lt_q20,41.9,18.35,39.65
56415000,q_lt_q20,45.05,17,37.95
56425000,q_lt_q20,36.9,22.95,39.85
56460000,q_lt_q20,41,15.75,43.05
56484998,q_lt_q20,45,17.75,37.65
56500000,q_lt_q20,46.25,14.75,38.95
56510000,q_lt_q20,43.15,17.2,39.35
56539000,q_lt_q20,41.9,20.05,38.05
56570000,q_lt_q20,39.95,17.25,42.95
56610000,q_lt_q20,39.55,17.65,42.55
56640000,q_lt_q20,38.95,19.15,41.9
56659998,q_lt_q20,43.7,16,40.4
56696000,q_lt_q20,41.6,18.8,39.45
56719998,q_lt_q20,41.15,16.8,41.8
56750000,q_lt_q20,40.35,16.2,43.45
56775000,q_lt_q20,42.65,15.75,41.85
56787000,q_lt_q20,37.75,17.45,44.85
56800000,q_lt_q20,45.15,15.65,39.05
56825000,q_lt_q20,,,
56845000,q_lt_q20,40.4,16.65,42.95
56846000,q_lt_q20,37.15,20.05,43.2
56850000,q_lt_q20,40.15,20.2,39.65
56860000,q_lt_q20,44.45,15.05,40.35
56870000,q_lt_q20,48.05,14.3,37.8
56891900,q_lt_q20,47.75,17.6,34.65
56915500,q_lt_q20,50.95,18,31.05
56920000,q_lt_q20,,,
56940002,q_lt_q20,46.1,17.6,36.3
56960005,q_lt_q20,41.2,16.6,42.1
56976000,q_lt_q20,41.3,15,43.1
56978000,q_lt_q20,39.35,17.3,43.6
56983000,q_lt_q20,44.45,16.75,38.75
56988500,q_lt_q20,49.55,14.35,35.85
56989001,q_lt_q20,48.75,14,37.25
56990000,q_lt_q20,44.7,17.3,38
56990990,q_lt_q20,48.7,14.15,37.15
56991500,q_lt_q20,46.75,15.15,38.1
56992000,q_lt_q20,49.1,18.6,32.3
56993551,q_lt_q20,41.5,16.15,41.9
56994500,q_lt_q20,,,
56994510,q_lt_q20,44.85,18,37.15
56995500,q_lt_q20,45.8,14.95,39.15
57040008,q_lt_q20,47.2,15.15,37.95
57130000,q_lt_q20,45.85,15.8,39.2
57170000,q_lt_q20,47.35,14.75,37.2
57250000,q_lt_q20,48.95,13.85,37
57300000,q_lt_q20,50.5,14.45,35.05
57320000,q_lt_q20,43.4,15.5,40.5
57350000,q_lt_q20,45.1,16.3,38.55
57360000,q_lt_q20,50.6,15,34.4
57370000,q_lt_q20,41.35,17.65,40.95
57400000,q_lt_q20,50.5,15.6,33.9
57420000,q_lt_q20,45.45,16.9,38.05
57450000,q_lt_q20,47.75,14.95,37.6
57460000,q_lt_q20,44.15,19.25,36.05
57476500,q_lt_q20,44.5,14.05,41.45
57490000,q_lt_q20,49.8,17.2,32.6
57550000,q_lt_q20,41.4,18.05,40.85
57580000,q_lt_q20,53.95,14.6,31.45
57650000,q_lt_q20,46.6,14.9,38.4
57700000,q_lt_q20,51.15,15.05,33.8
57720000,q_lt_q20,44.15,15.35,40.5
57740000,q_lt_q20,50.1,16.2,33.7
57770000,q_lt_q20,49.6,16.2,34.05
57830000,q_lt_q20,51.35,14.6,34
57880000,q_lt_q20,55.6,15.6,28.65
57930000,q_lt_q20,46.45,16.95,36.8
58030000,q_lt_q20,45.65,16.15,37.9
58040000,q_lt_q20,47.6,15.55,36.65
58060000,q_lt_q20,48.75,15.35,35.8
58096000,q_lt_q20,47.85,15.45,36
58099000,q_lt_q20,43.8,17.75,38.85
58142200,q_lt_q20,50.25,14.15,35.6
58183000,q_lt_q20,43.45,20.1,36.15
58204000,q_lt_q20,52.65,15.15,32.3
58218000,q_lt_q20,53,14.6,32.4
58220000,q_lt_q20,49.5,14.3,36.8
58235100,q_lt_q20,48.9,16,34.8
58258000,q_lt_q20,46.35,15.6,38.05
58270000,q_lt_q20,50,12.05,37.55
58300000,q_lt_q20,47.65,19.3,33.15
58305001,q_lt_q20,50.4,17.15,32.45
58380001,q_lt_q20,53.95,15.85,30.2
58405000,q_lt_q20,45.15,15.3,39.7
58420000,q_lt_q20,39.25,20.15,40.15
58425000,q_lt_q20,42.85,16.3,41.25
58434000,q_lt_q20,42.7,16.3,41.35
58440000,q_lt_q20,43.6,16.65,40.05
58470000,q_lt_q20,43.25,16.45,40.85
58480500,q_lt_q20,49.15,15.6,35.55
58500000,q_lt_q20,41.9,17.6,40.95
58516500,q_lt_q20,43.35,15.6,40.95
58520000,q_lt_q20,44,16.2,39.65
58530000,q_lt_q20,47.15,15.6,36.85
58535000,q_lt_q20,45.5,15.35,39.75
58542000,q_lt_q20,47.2,16.6,35.8
58550001,q_lt_q20,48.55,14.3,37.45
58560000,q_lt_q20,50.3,14.1,35.9
58573000,q_lt_q20,46,15.1,38.2
58585000,q_lt_q20,45.6,14.95,39.75
58610000,q_lt_q20,41.55,14.75,43.3
58620000,q_lt_q20,50.3,15.65,33.65
58630002,q_lt_q20,44.9,18.75,36
58645000,q_lt_q20,44.2,14.05,41.45
58648001,q_lt_q20,42.05,15.65,42.2
58658000,q_lt_q20,50.3,14,36.1
58670002,q_lt_q20,48.45,18,33.15
58710000,q_lt_q20,39.65,18.75,41.45
58720000,q_lt_q20,46.15,15,38.8
58730001,q_lt_q20,47.75,15,37.2
58735000,q_lt_q20,49,18.2,33.1
58736000,q_lt_q20,43.9,17.3,38.8
58750000,q_lt_q20,42.5,14.9,42.05
58755000,q_lt_q20,48.6,13.9,37.3
58765001,q_lt_q20,38.35,18.2,43.35
58770000,q_lt_q20,50.9,18.6,30.6
58795000,q_lt_q20,44.6,19.05,36.5
58825000,q_lt_q20,41.75,17.3,40.95
58827000,q_lt_q20,41.45,15.45,43.25
58846000,q_lt_q20,43.95,13.9,41.85
58850000,q_lt_q20,45.5,17.05,37.55
58870000,q_lt_q20,46.55,16.25,36.55
58880001,q_lt_q20,43.85,18.9,36.95
58910000,q_lt_q20,45.65,15.45,39.35
58916000,q_lt_q20,46.1,18.2,36.2
58917000,q_lt_q20,45.65,15.85,39.05
58920000,q_lt_q20,45.6,18,35.8
58930000,q_lt_q20,50.2,15,35.2
58934000,q_lt_q20,51.15,16,32.85
58940000,q_lt_q20,48.55,19.2,32.25
58960000,q_lt_q20,52.05,15.45,32.4
58974000,q_lt_q20,42.65,21.2,36.2
59100000,q_lt_q20,51.25,13.75,35
59120000,q_lt_q20,47.75,17.35,34.7
59125000,q_lt_q20,43.1,16.75,39.75
59181000,q_lt_q20,50.25,18.95,31.2
59240000,q_lt_q20,58.7,13.9,27.4
59355000,q_lt_q20,47.75,15.85,36.4
60010000,q_lt_q20,40.25,16.35,43.45
60011000,q_lt_q20,42.2,20.9,36.45
60100000,q_lt_q20,45.4,16.05,38
60110000,q_lt_q20,45.15,17.9,36.95
60130000,q_lt_q20,37.8,16.2,45.9
60145000,q_lt_q20,44.95,15.75,40
60220000,q_lt_q20,41,19.6,39
60250000,q_lt_q20,39.95,20.75,39.3
60265000,q_lt_q20,43.85,19.05,37.5
60381000,q_lt_q20,38.6,16.9,44.65
60435000,q_lt_q20,46.95,15.5,37.8
60435100,q_lt_q20,47.6,17,35.8
60435200,q_lt_q20,45.4,17.35,37.2
60435300,q_lt_q20,48.15,16.3,35.85
60436000,q_lt_q20,43.45,17.3,39.65
60471200,q_lt_q20,41.95,21.05,36.6
60473000,q_lt_q20,45.3,19.9,34.8
60476100,q_lt_q20,41.6,18,40.4
60477400,q_lt_q20,48.75,17.75,33.3
60477600,q_lt_q20,41.65,17.2,41.55
60478500,q_lt_q20,41.7,15.3,42.8
60478600,q_lt_q20,49.25,15.3,35.05
60490000,q_lt_q20,42.7,22.05,35.75
60500000,q_lt_q20,44.5,22.75,32.65
60615000,q_lt_q20,38.05,19.05,43
60635000,q_lt_q20,41.55,20,38.45
60640000,q_lt_q20,46.4,20.4,33.55
60642000,q_lt_q20,47.2,19.45,33.55
60650000,q_lt_q20,39.8,20.85,39.65
60653000,q_lt_q20,40.85,16.05,43.3
60654000,q_lt_q20,47,18.35,34.7
60665000,q_lt_q20,50.4,18.2,31.25
60680000,q_lt_q20,42.45,20.25,36.9
60715000,q_lt_q20,38.65,22.25,38.8
60750000,q_lt_q20,54.85,14.05,31.25
60765000,q_lt_q20,45.95,18.6,35.7
60772000,q_lt_q20,51.9,18.7,29.4
60774000,q_lt_q20,40.7,16.6,42.2
60778000,q_lt_q20,50.8,15.95,33.1
60781000,q_lt_q20,46.95,19.4,33.65
60790000,q_lt_q20,52.05,15.55,32.4
60798000,q_lt_q20,51.6,18.5,30.2
60810000,q_lt_q20,38.8,19.8,41.4
60850000,q_lt_q20,43.1,16.05,40.55
60855000,q_lt_q20,41.55,20.2,37.55
60910000,q_lt_q20,51.3,16.3,32.35
60925001,q_lt_q20,61.3,9.6,28.95
60930000,q_lt_q20,42.05,16.65,41.6
60940000,q_lt_q20,48.25,13.45,38.35
60950000,q_lt_q20,51.95,14.3,33.45
60960000,q_lt_q20,55.15,14.35,30.9
60968000,q_lt_q20,48.65,13.55,38.1
60970000,q_lt_q20,50,12.75,37.1
61009000,q_lt_q20,44.35,16.6,38.95
61012000,q_lt_q20,41.95,19.45,38.45
61014000,q_lt_q20,42.1,20.05,38.35
61024000,q_lt_q20,45.3,18.55,36.15
61031000,q_lt_q20,44.25,18.9,37.25
61045000,q_lt_q20,40.65,18.3,41.15
61052000,q_lt_q20,46.45,16.7,37.25
61060000,q_lt_q20,41.7,19.3,39
61075000,q_lt_q20,38.1,20.2,41.75
61078000,q_lt_q20,43.5,17.3,38.5
61085000,q_lt_q20,40.45,18.6,41.25
61090000,q_lt_q20,41.8,16.9,40.9
61100000,q_lt_q20,45.2,16,39.2
61105000,q_lt_q20,40.5,20.3,39.15
61107000,q_lt_q20,46.7,17,36.4
61115000,q_lt_q20,40.75,18.75,40.65
61122000,q_lt_q20,40.9,18,40.8
61135000,q_lt_q20,39.45,19.45,41.1
61173000,q_lt_q20,43.5,17,39.7
61175000,q_lt_q20,41.95,17.8,40.25
61250000,q_lt_q20,50.9,15.45,33.5
61267000,q_lt_q20,41.55,20.6,37.9
61271000,q_lt_q20,41.8,17.3,40.9
61280000,q_lt_q20,39.25,19.75,41
61285000,q_lt_q20,44.6,17.7,37.5
61295000,q_lt_q20,43.45,17,39.55
61305000,q_lt_q20,50.65,19.15,30.35
61320000,q_lt_q20,48.7,17.7,32.75
61343000,q_lt_q20,39.65,19.9,40.45
61350000,q_lt_q20,50,17.2,32.85
61370000,q_lt_q20,38.95,20.3,40.2
61390000,q_lt_q20,43.5,19.2,37.3
61410000,q_lt_q20,39.55,20.75,39.9
61460000,q_lt_q20,44,19.75,36.9
61473000,q_lt_q20,40.8,20.45,38.75
61500000,q_lt_q20,38,20.3,41.7
61510000,q_lt_q20,45.35,18.75,35.9
61520000,q_lt_q20,48.25,17,35.45
61537000,q_lt_q20,37.15,19.6,43
61565000,q_lt_q20,39.3,16.6,43.95
61610000,q_lt_q20,45.35,18.15,36.5
61700000,q_lt_q20,40,16.35,44.25
61770000,q_lt_q20,47.7,16,36.4
61815000,q_lt_q20,48.1,15.4,36.45
61826000,q_lt_q20,40.3,18.6,40.8
61830000,q_lt_q20,35.4,22.65,41.65
61886000,q_lt_q20,48.55,14.3,37.7
61902000,q_lt_q20,50.75,15.6,33.25
61910000,q_lt_q20,44.4,18,37.2
61912000,q_lt_q20,50.45,18.75,30.75
61915000,q_lt_q20,37.55,19.75,42.7
61953001,q_lt_q20,55.9,11.85,32.65
61956001,q_lt_q20,52.35,14.05,33.6
62420000,q_lt_q20,51.3,12.9,36.1
62477100,q_lt_q20,48.25,15.65,35.6
62490000,q_lt_q20,59.85,11.2,28.8
62600000,q_lt_q20,45,14.75,40.15
62615000,q_lt_q20,56.85,13.05,30.25
62622000,q_lt_q20,48.85,18,33.4
62625000,q_lt_q20,53.1,16.45,30.45
62670000,q_lt_q20,47.85,17.15,35.15
62715000,q_lt_q20,54.6,11.15,34.1
62760005,q_lt_q20,34.15,17.3,48.6
62760150,q_lt_q20,39.5,18.65,42.25
62767500,q_lt_q20,34.55,20.95,44.25
63250000,q_lt_q20,63.55,11.65,24.8
63350100,q_lt_q20,56.8,13.6,29.6
63790000,q_lt_q20,59.05,12.05,29
63950010,q_lt_q20,48.25,15.45,36.85
63950100,q_lt_q20,47.35,14.35,38.7
63955000,q_lt_q20,61.8,14.2,24
63970000,q_lt_q20,54.65,16.95,28.3
64040000,q_lt_q20,44.05,18.9,36.85
64065000,q_lt_q20,52.65,15.5,31.9
64075000,q_lt_q20,43.2,18.4,38.7
64231000,q_lt_q20,44.55,17.5,37.95
64315000,q_lt_q20,40.5,15.8,44.1
64327000,q_lt_q20,36.9,17.3,45.7
64360000,q_lt_q20,49.55,16.2,34.95
64362000,q_lt_q20,46,20.9,32.8
64370000,q_lt_q20,35.6,20.35,43.9
64380000,q_lt_q20,44.35,19.8,35.5
64382000,q_lt_q20,37.9,17.5,44.7
64442800,q_lt_q20,34.35,21.35,44.6
64447000,q_lt_q20,37.05,22.65,39.9
64453000,q_lt_q20,34.5,23.2,41.8
64465000,q_lt_q20,,,
64477600,q_lt_q20,30.5,23.75,45.3
64501000,q_lt_q20,42.9,21.95,35.1
64504210,q_lt_q20,28.6,17.65,53.8
64504550,q_lt_q20,38.25,17.35,44.75
64506000,q_lt_q20,38.9,19.05,41.9
64507000,q_lt_q20,52.35,14.5,33.55
64508500,q_lt_q20,36.9,18.05,45.95
64550000,q_lt_q20,39.1,16.2,44.7
64575003,q_lt_q20,49,18,33
64613000,q_lt_q20,44.55,14.75,40.3
64613800,q_lt_q20,40.75,16.4,42.55
64614000,q_lt_q20,49.15,18.5,32.05
64617000,q_lt_q20,55.8,16.9,27
64618000,q_lt_q20,64.4,12.1,23.9
64619950,q_lt_q20,34.2,22.6,42.8
64620000,q_lt_q20,29.85,24.8,45.35
64625000,q_lt_q20,48.35,21.7,30
64645000,q_lt_q20,41.6,22.35,36.85
64652000,q_lt_q20,43.4,20.2,36.4
64655000,q_lt_q20,47.4,19.35,33.4
64659000,q_lt_q20,33.35,19.6,47.05
64660500,q_lt_q20,,,
64671000,q_lt_q20,31.75,17.95,50.3
64673000,q_lt_q20,27.25,15.5,57.3
64675002,q_lt_q20,,,
64682000,q_lt_q20,36.5,15.65,47.75
64685000,q_lt_q20,,,
64693000,q_lt_q20,,,
64700000,q_lt_q20,41.4,14.2,44.4
64717000,q_lt_q20,55.2,14.8,30
64723000,q_lt_q20,62.2,11.2,26.05
64764000,q_lt_q20,27.35,26.65,46.1
64767000,q_lt_q20,31.2,23.4,45.4
64771500,q_lt_q20,28.6,25.1,46.15
64773000,q_lt_q20,31,24.1,45.05
64775000,q_lt_q20,31.65,23.55,44.4
64776100,q_lt_q20,28.25,24.65,47.4
64785000,q_lt_q20,27.25,18.35,54
64795000,q_lt_q20,,,
64799500,q_lt_q20,41,17.8,41.25
64810000,q_lt_q20,54.8,15.75,29.45
64815000,q_lt_q20,41.95,15.6,42.15
64820000,q_lt_q20,34.05,15.4,50.55
64830000,q_lt_q20,,,
64843000,q_lt_q20,,,
65006075,q_lt_q20,46.85,21.75,31.65
65009000,q_lt_q20,37.1,20.9,41.95
65010000,q_lt_q20,35.85,21.75,42.25
65015400,q_lt_q20,34.4,25.35,40.2
65021000,q_lt_q20,32.9,20.35,46.75
65021250,q_lt_q20,34.05,21.5,44.6
65021770,q_lt_q20,30,21.85,48.15
65024000,q_lt_q20,34.8,21.6,43.3
65025000,q_lt_q20,33.85,21.9,43.9
65027000,q_lt_q20,30.15,23.35,46.5
65060000,q_lt_q20,41.05,26.5,32.7
65095000,q_lt_q20,30.9,24.2,44.9
65100000,q_lt_q20,34.85,24.9,40.1
65135000,q_lt_q20,36.5,19.35,44.05
65136550,q_lt_q20,30.65,23.85,45.55
65180000,q_lt_q20,35.1,24.5,40.4
65220000,q_lt_q20,33.35,21.05,45.65
65310000,q_lt_q20,,,
65809000,q_lt_q20,13.05,27.35,59.9
65815050,q_lt_q20,26.9,20.75,52.45
65855000,q_lt_q20,22.8,28.4,48.8
65925000,q_lt_q20,23,26.4,50.6
65945000,q_lt_q20,17.05,21.25,61.7
65948000,q_lt_q20,19.3,24.3,56.4
65960000,q_lt_q20,24.85,25.25,49.85
65979000,q_lt_q20,25.45,20.65,53.7
65986000,q_lt_q20,,,
65987000,q_lt_q20,26,23.1,51.4
65993000,q_lt_q20,41.75,20.95,37.6
66006000,q_lt_q20,62.15,16,22
66160000,q_lt_q20,54.4,17.1,28.5
66260001,q_lt_q20,60.7,17.6,21.7
67100000,q_lt_q20,40.55,29,30.45
70100000,q_lt_q20,32.35,25.1,42.5
70200000,q_lt_q20,40.05,28.2,31.5
70300000,q_lt_q20,35.4,24.4,40.15
70500000,q_lt_q20,27.5,25.95,46.8
71200000,q_lt_q20,28.5,26.95,45.4
71250000,q_lt_q20,30.4,26.65,42.25
71300000,q_lt_q20,33.75,26.65,40.3
71350001,q_lt_q20,37.35,25.6,37.1
71383000,q_lt_q20,35.1,26.6,38.4
71498000,q_lt_q20,29.2,24.1,46.55
71550000,q_lt_q20,33.6,23.25,43.15
72430000,q_lt_q20,23.8,22.25,53.7
72630000,q_lt_q20,26.8,26.4,46.95
72680000,q_lt_q20,20.6,25.1,54.3
72715000,q_lt_q20,27.1,27.8,45.25
72810000,q_lt_q20,23.8,26.7,49.5
72849000,q_lt_q20,29.55,25.4,45.35
72870000,q_lt_q20,21.75,27.3,50.55
73300000,q_lt_q20,17.35,29.85,52.65
73330000,q_lt_q20,21.3,28.6,49.9
73350000,q_lt_q20,29.6,27.1,43
73550000,q_lt_q20,,,
73600000,q_lt_q20,29.05,25.4,46.25
73690001,q_lt_q20,16.35,27.5,56.55
73765000,q_lt_q20,21.5,26,52.9
73770000,q_lt_q20,26.25,23.15,50.4
73780000,q_lt_q20,22.35,26.6,50.95
73820000,q_lt_q20,20.5,24.75,54.75
73900000,q_lt_q20,25.45,24.55,49.95
73960000,q_lt_q20,,,
74100000,q_lt_q20,,,
74205000,q_lt_q20,16.15,27.25,56.6
74270000,q_lt_q20,19.25,28.95,51.8
74295000,q_lt_q20,24.35,25.4,50.1
74320000,q_lt_q20,24.05,25.4,50.95
74370000,q_lt_q20,24.9,26.6,48.85
74460000,q_lt_q20,21.45,21.95,57
74470000,q_lt_q20,21.65,24.4,53.95
74700000,q_lt_q20,23.75,25.15,50.8
74750000,q_lt_q20,25.7,23.3,50.95
74800000,q_lt_q20,,,
74880000,q_lt_q20,26.45,23.25,50.8
74900000,q_lt_q20,30.55,25.5,43.95
75200000,q_lt_q20,27.2,23.1,50.2
75205000,q_lt_q20,22.7,25.25,51.8
75230000,q_lt_q20,26.35,26.1,48.2
75295000,q_lt_q20,24.35,25.45,50.55
75320000,q_lt_q20,29.85,23.7,46.3
75450000,q_lt_q20,32.65,21.5,45.65
75500000,q_lt_q20,33.5,28.1,38.3
75550000,q_lt_q20,32.4,24.85,43
75600000,q_lt_q20,30.1,21.15,48.65
75700000,q_lt_q20,35.65,27.8,36.55
75780000,q_lt_q20,38.8,28.9,32.45
76085000,q_lt_q20,28.95,24.1,46.95
76100000,q_lt_q20,40.3,24.6,35.05
76300000,q_lt_q20,43.05,27.2,29.65
76310000,q_lt_q20,47.15,23,29.65
76460000,q_lt_q20,30.7,26.7,42.55
76750000,q_lt_q20,50.55,20.5,28.95
77150000,q_lt_q20,41.95,22.6,35.4
81019300,q_lt_q20,39.4,25.45,35.3
81019350,q_lt_q20,35.8,24.05,39.8
81102000,q_lt_q20,36.65,23.1,40.55
81107000,q_lt_q20,46.05,21.55,32.55
81120000,q_lt_q20,40.7,23.2,36.5
81125000,q_lt_q20,45.4,20.85,33.8
81135000,q_lt_q20,48.25,20.35,31.4
81140000,q_lt_q20,46,22.3,31.7
81200000,q_lt_q20,44.8,21.2,34.3
81335000,q_lt_q20,43.15,22.4,34.35
81585000,q_lt_q20,43.75,17.55,38.7
81683000,q_lt_q20,38.8,24.8,36.85
82270050,q_lt_q20,45.35,19.45,35.35
82320000,q_lt_q20,36.75,23.8,39.2
82350000,q_lt_q20,41.95,22,36.45
82770000,q_lt_q20,36.9,24.25,38.8
83029900,q_lt_q20,39.5,24.4,36.1
83050000,q_lt_q20,37.2,28.45,34
83105000,q_lt_q20,36.05,25.25,38.5
83250000,q_lt_q20,43.6,23.55,33.1
83300200,q_lt_q20,42.65,23.6,33.9
83345000,q_lt_q20,37.2,26.6,36.05
83440000,q_lt_q20,40.05,25.1,35.15
83520000,q_lt_q20,,,
83675000,q_lt_q20,43.9,22.5,33.6
83690000,q_lt_q20,41.75,21.05,37.1
83800002,q_lt_q20,43.85,22.9,33.25
83892990,q_lt_q20,38.5,22.5,39.3
83892998,q_lt_q20,48.8,18.7,32.2
84071000,q_lt_q20,47.05,21.2,31.05
84095000,q_lt_q20,53.95,18.1,28.05
84095500,q_lt_q20,51.75,19.9,28.45
84150100,q_lt_q20,44.35,22.9,33
84249998,q_lt_q20,48.05,23.75,28.45
84300000,q_lt_q20,44.35,22.55,32.7
84520000,q_lt_q20,45.8,20.1,34.1
84520010,q_lt_q20,44.5,21.95,33.55
84551000,q_lt_q20,45.8,22.15,32.1
84559800,q_lt_q20,43.8,24.05,31.7
84560000,q_lt_q20,44.35,24.35,31.3
84580000,q_lt_q20,42.45,23.5,33.7
84598002,q_lt_q20,50.5,20.5,29
84600000,q_lt_q20,42.35,23.4,33.85
84949000,q_lt_q20,41.35,19.35,39
84949800,q_lt_q20,37.3,20.65,42.05
84950000,q_lt_q20,39.6,21.9,38.35
85400000,q_lt_q20,38.95,26.1,34.6
85438000,q_lt_q20,40.7,27.2,32.1
85470000,q_lt_q20,46.55,22.75,31.2
85480000,q_lt_q20,46.8,23.65,29.5
85600000,q_lt_q20,41.85,27.75,30.95
85610000,q_lt_q20,43.35,22.65,33.55
85623000,q_lt_q20,43.1,24.3,32.7
85642000,q_lt_q20,36.9,29.85,33
85900000,q_lt_q20,42.35,29.2,28.45
86100000,q_lt_q20,40.7,25.8,33.25
86160000,q_lt_q20,24.75,26.65,48.75
86410000,q_lt_q20,30.95,30,39.45
86420000,q_lt_q20,25.95,26.85,47.1
86480000,q_lt_q20,24.35,27.7,48.2
86500000,q_lt_q20,28.7,26.9,44.65
86510000,q_lt_q20,37.65,28.1,34.25
86560000,q_lt_q20,32.1,26.4,41.5
86580000,q_lt_q20,38.85,24.45,36.5
86700000,q_lt_q20,28.1,26.1,46.2
86745000,q_lt_q20,30.65,28.85,40.2
87160000,q_lt_q20,43.9,23.1,33.15
87170000,q_lt_q20,48.05,22.8,29.7
87270000,q_lt_q20,45.35,24.35,30.4
87380000,q_lt_q20,40.6,25.25,33.65
87382000,q_lt_q20,47.15,23.35,29.4
87399000,q_lt_q20,47.3,23.9,29.05
88750000,q_lt_q20,41.45,26.95,31.45
88850000,q_lt_q20,38.2,26.4,35.55
01AD002,q_lt_q20,44.45,37.35,18.15
01AD003,q_lt_q20,53.8,33.45,12.55
01AD015,q_lt_q20,37.6,43.2,18.8
01AE001,q_lt_q20,46.05,38.55,16.1
01AF002,q_lt_q20,,,
01AF007,q_lt_q20,39.95,43.25,16.95
01AF009,q_lt_q20,40.1,41.55,18.1
01AG003,q_lt_q20,47.05,37.85,14.25
01AH002,q_lt_q20,40.5,43.55,15.95
01AJ003,q_lt_q20,47.75,40.2,12.25
01AJ004,q_lt_q20,47.75,37.9,14
01AJ010,q_lt_q20,45.1,40.1,15.1
01AK001,q_lt_q20,53.15,34.45,12.4
01AK006,q_lt_q20,51.5,34.1,14.1
01AK007,q_lt_q20,52.15,35.85,12
01AL002,q_lt_q20,57.15,31.7,11.55
01AL004,q_lt_q20,54.2,32.4,13.4
01AM001,q_lt_q20,51.75,34.1,14.15
01AN002,q_lt_q20,60.25,24.65,15.1
01AP002,q_lt_q20,59.4,27.85,12.75
01AP004,q_lt_q20,51.2,32.4,16.4
01AP006,q_lt_q20,59.85,29.2,11.05
01AQ001,q_lt_q20,57.6,30.5,12.15
01AQ002,q_lt_q20,53.65,34.65,11.7
01AR004,q_lt_q20,57.35,31.25,11.4
01AR005,q_lt_q20,57.2,30.6,12.2
01AR006,q_lt_q20,55.6,34.5,10
01AR011,q_lt_q20,57.65,31,11.45
01BC001,q_lt_q20,39.25,38.25,22.1
01BD008,q_lt_q20,45.75,38.75,15.4
01BD009,q_lt_q20,46.65,36.1,17.4
01BE001,q_lt_q20,45.5,38.1,16.4
01BF004,q_lt_q20,51.6,31.55,16.7
01BG005,q_lt_q20,56.05,32.4,11.55
01BG008,q_lt_q20,46.75,34.35,18.9
01BG009,q_lt_q20,52.9,34.15,12.95
01BH005,q_lt_q20,59.6,30.2,9.85
01BH010,q_lt_q20,58.3,30.55,11.15
01BJ003,q_lt_q20,49.45,33.25,17.1
01BJ007,q_lt_q20,49.05,34.3,16.55
01BJ010,q_lt_q20,56.45,31.5,12.05
01BJ012,q_lt_q20,47.2,35.1,17.7
01BL002,q_lt_q20,54.25,31.35,14.4
01BL003,q_lt_q20,56.25,27.05,16.7
01BO001,q_lt_q20,60.1,28.05,11.85
01BP001,q_lt_q20,54.75,31.75,13.4
01BP002,q_lt_q20,52.75,33.05,14.2
01BQ001,q_lt_q20,60.3,26.9,12.4
01BS001,q_lt_q20,59.85,26.45,13.7
01BU002,q_lt_q20,53.9,29.8,16.15
01BU009,q_lt_q20,43.25,38,19.25
01BV006,q_lt_q20,52.35,34.95,12.55
01CA003,q_lt_q20,61.1,26.25,12.65
01CB018,q_lt_q20,56.2,27.6,16.2
01CC002,q_lt_q20,61.95,25.85,11.9
01DC007,q_lt_q20,52.6,32.3,15.1
01DD005,q_lt_q20,62.05,26.1,12
01DG003,q_lt_q20,48.45,37.75,13.35
01DG043,q_lt_q20,44.45,37.15,18.45
01DH002,q_lt_q20,51.85,33.5,14.25
01DH004,q_lt_q20,47.45,36.85,16.15
01DH006,q_lt_q20,50.4,35.5,14.1
01DJ005,q_lt_q20,57.75,31.25,11.25
01DL001,q_lt_q20,57.5,29.35,13.2
01DN004,q_lt_q20,57.3,31.15,11.55
01DP004,q_lt_q20,49.5,34.85,15.3
01DR001,q_lt_q20,52.65,32.9,14.45
01EA003,q_lt_q20,52.65,33.5,14
01EC001,q_lt_q20,55,34,10.35
01ED005,q_lt_q20,52.4,35.45,12.15
01ED007,q_lt_q20,49.5,38.95,11.4
01ED013,q_lt_q20,56.8,34.6,8.6
01EE005,q_lt_q20,48.25,38.9,12.85
01EF001,q_lt_q20,54.3,33.15,12.55
01EJ001,q_lt_q20,50.9,33.7,15.4
01EJ004,q_lt_q20,47.65,35.95,15.9
01FA001,q_lt_q20,54.9,31.9,13.55
01FB001,q_lt_q20,58.75,30.4,10.4
01FB003,q_lt_q20,57.85,32.95,9.05
01FF001,q_lt_q20,49,37.75,13.45
01FG001,q_lt_q20,49.85,35.6,14.45
02AB006,q_lt_q20,47.2,32.6,19.95
02AB014,q_lt_q20,45.2,34.95,19.85
02AB017,q_lt_q20,44.65,34.75,21
02AB019,q_lt_q20,43.4,33.15,22.95
02AB020,q_lt_q20,51.15,29.7,19.55
02AB021,q_lt_q20,42.7,39.05,18.25
02AB022,q_lt_q20,32.1,39.95,27.95
02AB023,q_lt_q20,34.45,36.95,28.7
02AB024,q_lt_q20,41.8,34.8,22.8
02AC001,q_lt_q20,52.1,29.9,18
02AC002,q_lt_q20,47.3,29.2,22.8
02AD010,q_lt_q20,55.75,30.7,13.55
02AE001,q_lt_q20,53.5,33.7,12.65
02BA005,q_lt_q20,53.95,31.35,14.6
02BB003,q_lt_q20,55.55,29.8,14.95
02BB004,q_lt_q20,52.65,32.4,14.95
02BC006,q_lt_q20,57.55,29.2,13.25
02BC008,q_lt_q20,62.55,28.05,9.25
02BD002,q_lt_q20,54.2,33.2,13
02BF002,q_lt_q20,60,31.55,8.55
02BF004,q_lt_q20,51.8,34.4,13.8
02CA002,q_lt_q20,53.25,30.1,16.65
02CA007,q_lt_q20,51.15,33.7,15.4
02CA008,q_lt_q20,,,
02CB003,q_lt_q20,55.85,30.45,13.55
02CC010,q_lt_q20,52.5,33.95,13.55
02CD001,q_lt_q20,58.75,31.55,9.7
02CD006,q_lt_q20,50.3,35.55,14.1
02CE007,q_lt_q20,55.2,32.65,11.8
02CF005,q_lt_q20,45.95,32.25,22.25
02CF007,q_lt_q20,50.1,31.25,18.95
02CF008,q_lt_q20,50.05,28.15,22.25
02CF010,q_lt_q20,58.7,27.25,13.85
02CF011,q_lt_q20,56.05,27.4,16.7
02CF012,q_lt_q20,50.75,33,17.1
02CF013,q_lt_q20,50.65,31.4,18.1
02CF014,q_lt_q20,54.95,28.8,16.65
02CG003,q_lt_q20,41.45,33.9,24.4
02DB005,q_lt_q20,62.65,24.55,12.8
02DB007,q_lt_q20,56.2,25.6,18.25
02DB008,q_lt_q20,59,26.7,14.3
02DC004,q_lt_q20,53.55,33.05,13.4
02DC012,q_lt_q20,52.2,27.7,19.95
02DC013,q_lt_q20,60.8,26.3,12.8
02DD010,q_lt_q20,58.65,28.95,12.4
02DD012,q_lt_q20,42.65,31.85,26.2
02DD013,q_lt_q20,61.75,20.8,17.55
02DD014,q_lt_q20,45,31.2,23.85
02DD015,q_lt_q20,58.25,31.95,10.3
02DD017,q_lt_q20,63.45,25.25,11.15
02DD020,q_lt_q20,61.4,28,10.15
02DD024,q_lt_q20,63.25,26.35,10.4
02DD026,q_lt_q20,60.45,26.55,13
02DD027,q_lt_q20,66.45,21.85,11.55
02DD029,q_lt_q20,56.95,31.25,12.2
02DD030,q_lt_q20,,,
02DD031,q_lt_q20,58.9,28.95,12.15
02EA005,q_lt_q20,50.45,33.45,16.1
02EA010,q_lt_q20,58.55,32.05,9
02EA018,q_lt_q20,59.8,30.25,9.65
02EA021,q_lt_q20,50.3,38.4,11.15
02EB004,q_lt_q20,58.45,30.55,11.15
02EB008,q_lt_q20,56.85,35.7,7.45
02EB013,q_lt_q20,61.35,31.5,6.85
02EB014,q_lt_q20,59.45,31,9.55
02EC002,q_lt_q20,56.2,31.05,12.7
02EC003,q_lt_q20,60.2,26.05,13
02EC009,q_lt_q20,44.15,32.35,23.55
02EC010,q_lt_q20,39.3,38.25,22.35
02EC011,q_lt_q20,44.5,26.8,28.45
02EC014,q_lt_q20,61.2,28.4,10.4
02EC019,q_lt_q20,54.9,36.25,9
02EC022,q_lt_q20,61.2,25.8,13
02ED003,q_lt_q20,48.7,29.55,21.85
02ED010,q_lt_q20,61.95,25.25,12.8
02ED014,q_lt_q20,53.5,30.25,16.55
02ED015,q_lt_q20,38.85,39.75,21.35
02ED024,q_lt_q20,44.55,29.3,26.45
02ED026,q_lt_q20,51.8,30.05,18.2
02ED027,q_lt_q20,54,29.6,16.8
02ED029,q_lt_q20,29.8,36.95,33.25
02ED030,q_lt_q20,58.25,29.05,12.8
02ED032,q_lt_q20,51.35,26.65,22.4
02ED100,q_lt_q20,37.65,34.65,27.8
02ED101,q_lt_q20,39.1,36.85,23.8
02ED102,q_lt_q20,48.7,32.4,18.8
02FA004,q_lt_q20,36.85,39.8,23.35
02FB007,q_lt_q20,48.15,34.4,17.15
02FB009,q_lt_q20,43.2,31.95,24.85
02FB010,q_lt_q20,35.55,37.25,26.55
02FB012,q_lt_q20,40.35,35.75,23.75
02FB013,q_lt_q20,49.45,32.35,17.8
02FB014,q_lt_q20,45.1,32.95,21.85
02FC001,q_lt_q20,40.7,33.75,25.55
02FC002,q_lt_q20,39.55,37.1,22.95
02FC011,q_lt_q20,40.65,37.8,21.65
02FC012,q_lt_q20,48.8,32.6,18.2
02FC015,q_lt_q20,46.5,29.35,24.15
02FC016,q_lt_q20,56.75,29.6,13.65
02FC017,q_lt_q20,43.8,38.35,17.55
02FC020,q_lt_q20,41.15,35.2,23.05
02FC021,q_lt_q20,48.5,33.05,18.55
02FD002,q_lt_q20,39.65,38.35,22
02FE002,q_lt_q20,46.4,34.6,19.7
02FE003,q_lt_q20,38.4,38.8,23.1
02FE005,q_lt_q20,43.7,37.65,18.8
02FE007,q_lt_q20,42.7,39.05,18.3
02FE008,q_lt_q20,43.7,38.05,18.4
02FE009,q_lt_q20,38.1,38.45,24.15
02FE010,q_lt_q20,43.25,36.75,20.05
02FE011,q_lt_q20,33.7,41.65,24.65
02FE013,q_lt_q20,45.15,34.2,20.65
02FE014,q_lt_q20,52.5,31.35,16.15
02FE016,q_lt_q20,32.1,42.5,25.1
02FE017,q_lt_q20,44.35,36.25,19.3
02FF002,q_lt_q20,41.15,35.45,23.4
02FF004,q_lt_q20,47.05,32.75,20.25
02FF007,q_lt_q20,57.15,24.45,17.55
02FF008,q_lt_q20,49.5,33.75,16.5
02FF009,q_lt_q20,34.85,41.45,24.1
02FF011,q_lt_q20,46.55,34.9,18.95
02FF013,q_lt_q20,40.3,38.6,21.25
02FF014,q_lt_q20,36.15,39.3,25.1
02FF015,q_lt_q20,55.05,28.1,17
02GA003,q_lt_q20,40.8,36.2,23.1
02GA005,q_lt_q20,48.5,33.4,18.5
02GA006,q_lt_q20,44.1,36.75,19
02GA010,q_lt_q20,45.05,39.5,15.85
02GA014,q_lt_q20,47.1,37.35,14.7
02GA015,q_lt_q20,43.7,33.2,23.1
02GA016,q_lt_q20,52.35,32.5,15.15
02GA018,q_lt_q20,49,34.1,16.4
02GA023,q_lt_q20,46.95,35.5,17.65
02GA024,q_lt_q20,36.3,39.5,24.2
02GA028,q_lt_q20,40.8,35.95,23.25
02GA029,q_lt_q20,53.2,34.15,12.3
02GA030,q_lt_q20,47.5,34.4,18.1
02GA031,q_lt_q20,56.05,31.4,12.3
02GA034,q_lt_q20,48.8,34.3,16.9
02GA038,q_lt_q20,40.3,38.8,20.95
02GA039,q_lt_q20,35.1,43.2,21.8
02GA040,q_lt_q20,41.55,39.6,18.85
02GA041,q_lt_q20,34.05,42.55,22.95
02GA042,q_lt_q20,38.7,38.05,24.05
02GA043,q_lt_q20,39.2,39.55,21.35
02GA044,q_lt_q20,40.85,38.1,20.95
02GA046,q_lt_q20,40.65,37.85,21.65
02GA047,q_lt_q20,56.8,29.65,13.55
02GA048,q_lt_q20,52.35,33.25,14.4
02GB001,q_lt_q20,36.7,40.05,22.4
02GB006,q_lt_q20,53.2,31.2,15.7
02GB007,q_lt_q20,37.45,43.05,19.65
02GB008,q_lt_q20,55.8,28.3,15.9
02GB010,q_lt_q20,33.4,36.65,30.05
02GC002,q_lt_q20,45.85,33.05,21.1
02GC006,q_lt_q20,63.8,26.3,9.9
02GC007,q_lt_q20,56.15,30.9,12.95
02GC010,q_lt_q20,41.15,35.65,23.1
02GC011,q_lt_q20,79.75,14.75,5.4
02GC017,q_lt_q20,64.25,21.75,14.4
02GC018,q_lt_q20,36.3,44.5,19.2
02GC021,q_lt_q20,54.3,30.05,15.65
02GC026,q_lt_q20,42.9,38.45,18.65
02GC029,q_lt_q20,48.25,33.45,18.4
02GC030,q_lt_q20,50,29.5,20.8
02GC031,q_lt_q20,39,36.15,24.85
02GC036,q_lt_q20,51.7,31.75,16.15
02GD001,q_lt_q20,47.6,29.95,22.35
02GD003,q_lt_q20,48.55,34.75,16.7
02GD004,q_lt_q20,45.1,32.7,22.55
02GD005,q_lt_q20,46.4,35.5,18.25
02GD008,q_lt_q20,37.05,37.8,25.7
02GD009,q_lt_q20,37.8,40.35,21.95
02GD010,q_lt_q20,50.7,31.75,17.25
02GD011,q_lt_q20,41.5,37.35,21.4
02GD014,q_lt_q20,36.15,37.35,26.5
02GD015,q_lt_q20,37.8,41.9,20.3
02GD016,q_lt_q20,45.4,33.65,20.55
02GD018,q_lt_q20,37,40.05,22.8
02GD019,q_lt_q20,39.7,41.5,19.2
02GD021,q_lt_q20,47.45,34.05,18.1
02GD026,q_lt_q20,43.6,34.3,22.15
02GD027,q_lt_q20,36.95,40.5,22.8
02GD028,q_lt_q20,48.05,31.05,20.9
02GE002,q_lt_q20,45.45,31.95,22.55
02GE003,q_lt_q20,43.7,32.2,24
02GE005,q_lt_q20,40.45,39.75,19.95
02GE006,q_lt_q20,42.85,32.9,24.25
02GE008,q_lt_q20,46.9,35.15,18.65
02GG002,q_lt_q20,40.65,36.05,22.95
02GG003,q_lt_q20,39.7,34.8,25.5
02GG005,q_lt_q20,51.8,30.65,17.15
02GG009,q_lt_q20,36.4,37.9,25.25
02GG013,q_lt_q20,40.85,31.5,27.65
02GH002,q_lt_q20,36.75,34.05,28.5
02GH003,q_lt_q20,38.55,36.85,24.7
02GH011,q_lt_q20,36.8,37.3,26
02GH015,q_lt_q20,,,
02GH016,q_lt_q20,37.85,33.9,28.25
02HA003,q_lt_q20,40.95,39.8,19.55
02HA006,q_lt_q20,38,36.75,25.95
02HA007,q_lt_q20,31.3,36.2,32.35
02HA013,q_lt_q20,,,
02HA014,q_lt_q20,33.15,40.9,26.6
02HA019,q_lt_q20,41.2,31.45,27.35
02HA020,q_lt_q20,32.25,35.9,31.65
02HA024,q_lt_q20,35.05,33.5,31.5
02HA030,q_lt_q20,40,33.05,26.95
02HA031,q_lt_q20,43.55,36.55,19.05
02HB001,q_lt_q20,56.65,28.8,14.95
02HB004,q_lt_q20,41.4,36.2,21.85
02HB005,q_lt_q20,35.4,40.15,24.25
02HB007,q_lt_q20,35.4,40.1,24.5
02HB008,q_lt_q20,47.75,35.3,16.15
02HB011,q_lt_q20,43.15,37.9,18.95
02HB013,q_lt_q20,42.8,38.3,18.9
02HB015,q_lt_q20,38.8,39.05,21.85
02HB018,q_lt_q20,47.8,35.85,16.25
02HB020,q_lt_q20,53.65,31.15,15.05
02HB021,q_lt_q20,42.65,39.8,16.95
02HB022,q_lt_q20,44.85,36.1,19
02HB023,q_lt_q20,53.85,32.6,13.55
02HB024,q_lt_q20,46.4,39.25,15
02HB025,q_lt_q20,44.45,35.05,20.7
02HB027,q_lt_q20,41.4,35.75,23
02HB028,q_lt_q20,40,38.75,20.85
02HB029,q_lt_q20,36.55,38.35,24.8
02HB030,q_lt_q20,36.85,38.5,24.65
02HB031,q_lt_q20,51.5,34.45,14.6
02HB032,q_lt_q20,49.25,33.95,17.15
02HB033,q_lt_q20,48.3,34.35,17.4
02HC003,q_lt_q20,38.1,37.95,23.4
02HC005,q_lt_q20,44.4,36.65,19.25
02HC009,q_lt_q20,38.5,37.65,23.4
02HC013,q_lt_q20,47.4,35.65,17
02HC017,q_lt_q20,37.05,35.2,28.5
02HC018,q_lt_q20,41.1,38.45,20.3
02HC019,q_lt_q20,45.05,35.85,18.4
02HC022,q_lt_q20,37.1,40.25,22.55
02HC023,q_lt_q20,53.35,30,16.65
02HC024,q_lt_q20,40.65,36.65,22.55
02HC025,q_lt_q20,38.85,40.55,21.1
02HC027,q_lt_q20,39.65,38.25,21.8
02HC028,q_lt_q20,33.85,46.05,20.2
02HC030,q_lt_q20,46.1,33.9,19.6
02HC031,q_lt_q20,39.05,35.1,25.55
02HC032,q_lt_q20,39.4,39.6,21.25
02HC033,q_lt_q20,42.3,36.35,21.55
02HC038,q_lt_q20,39.5,41.25,19.1
02HC047,q_lt_q20,54.8,30.8,14.35
02HC049,q_lt_q20,39.85,37.55,22.4
02HC053,q_lt_q20,33.1,42.55,24.35
02HC054,q_lt_q20,36.4,38.9,24.65
02HC055,q_lt_q20,49.35,35.55,15.1
02HC056,q_lt_q20,40,36.75,23.2
02HC058,q_lt_q20,43.65,33.75,22.55
02HC059,q_lt_q20,54.55,29.85,15.6
02HD003,q_lt_q20,54.35,30.7,15.35
02HD004,q_lt_q20,49,32.85,18.5
02HD006,q_lt_q20,43.9,36.95,19.15
02HD008,q_lt_q20,38.65,37.15,24.05
02HD009,q_lt_q20,36.4,43.25,20.75
02HD021,q_lt_q20,46.75,32.95,20.8
02HD023,q_lt_q20,44.85,36.65,18.45
02HE002,q_lt_q20,42.95,27.05,29.55
02HF002,q_lt_q20,55.2,30.35,14.45
02HF003,q_lt_q20,58.6,32.25,9.55
02HF005,q_lt_q20,58,31.1,10.9
02HG001,q_lt_q20,39.4,36.05,24
02HG003,q_lt_q20,47.3,36.45,16.55
02HH003,q_lt_q20,50.8,32.8,16.4
02HJ001,q_lt_q20,30.25,38.8,30.95
02HJ003,q_lt_q20,43.8,32.1,24.5
02HJ006,q_lt_q20,39.4,34.8,25.5
02HJ007,q_lt_q20,45.55,32.75,21.95
02HK003,q_lt_q20,52.35,33.8,13.15
02HK005,q_lt_q20,50.5,37.1,12.6
02HK006,q_lt_q20,43.8,35.15,21.05
02HK007,q_lt_q20,35.75,38.05,26.3
02HK008,q_lt_q20,35.5,38.5,25.45
02HK009,q_lt_q20,43.2,34.4,22.4
02HK010,q_lt_q20,44.35,32.85,22.25
02HK011,q_lt_q20,38.5,37.65,23.65
02HK015,q_lt_q20,35.55,37.05,27.4
02HK016,q_lt_q20,35.8,41.25,23.35
02HK017,q_lt_q20,43.9,34.95,20.75
02HL001,q_lt_q20,59.95,22.8,16.85
02HL003,q_lt_q20,56.2,33.25,10.7
02HL004,q_lt_q20,58.7,32.2,8.55
02HL005,q_lt_q20,52.65,33.95,13
02HL007,q_lt_q20,47.8,30.55,21.4
02HL008,q_lt_q20,42.4,31.95,25.25
02HM002,q_lt_q20,44.2,32.55,23.25
02HM003,q_lt_q20,41.15,30.9,27.55
02HM004,q_lt_q20,30.8,37.7,31.5
02HM005,q_lt_q20,42.25,31.9,26.25
02HM006,q_lt_q20,32.7,31.1,36.1
02HM007,q_lt_q20,34.3,36.35,29.25
02HM009,q_lt_q20,40.25,31.5,28.95
02HM010,q_lt_q20,41.3,35.1,24.1
02HM011,q_lt_q20,42.4,31.8,25.8
02JA006,q_lt_q20,54.9,30.65,15.1
02JB009,q_lt_q20,,,
02JB013,q_lt_q20,54.1,29.65,16.25
02JC008,q_lt_q20,45.7,31.35,22.7
02JE020,q_lt_q20,60.15,28.1,11.75
02JE029,q_lt_q20,63.15,24.05,12.8
02KA015,q_lt_q20,54.3,30.75,14.85
02KB001,q_lt_q20,57.9,27.4,14.7
02KC009,q_lt_q20,49.6,27.2,22.95
02KC015,q_lt_q20,46.7,29.1,23.8
02KC018,q_lt_q20,48.4,28.7,22.5
02KD002,q_lt_q20,59.3,30.45,10.25
02KD004,q_lt_q20,56.2,31.95,11.55
02KF001,q_lt_q20,49.65,30.55,19.8
02KF005,q_lt_q20,50.1,26.5,23.3
02KF006,q_lt_q20,55.3,25.85,19.4
02KF010,q_lt_q20,57.65,27.1,15.25
02KF011,q_lt_q20,40.25,35.35,24.45
02KF012,q_lt_q20,49.45,31.45,19.5
02KF013,q_lt_q20,51.2,35.1,13.75
02KF015,q_lt_q20,48.1,29.25,22.35
02KF016,q_lt_q20,56.25,30.15,13.05
02KF017,q_lt_q20,58.35,31.55,10.1
02KF018,q_lt_q20,52.55,31,16.6
02KF019,q_lt_q20,44.2,35.1,20.7
02KJ004,q_lt_q20,57.2,30.1,12.6
02LA004,q_lt_q20,51.45,26.85,21.7
02LA006,q_lt_q20,56.2,21.5,22.1
02LA007,q_lt_q20,41.9,36.25,22.15
02LA011,q_lt_q20,51.35,25.55,22.7
02LA012,q_lt_q20,54.4,25.4,19.85
02LA024,q_lt_q20,53.65,27.95,18.4
02LB005,q_lt_q20,43.05,31.15,25.45
02LB006,q_lt_q20,54.05,23.2,22.85
02LB007,q_lt_q20,44.5,28,28.05
02LB008,q_lt_q20,45.6,32.2,22.05
02LB009,q_lt_q20,51.25,24.75,23.1
02LB013,q_lt_q20,50,26.6,23.3
02LB017,q_lt_q20,44.7,33.5,21.35
02LB018,q_lt_q20,49.25,28.5,22.7
02LB020,q_lt_q20,48.25,28.8,22.95
02LB022,q_lt_q20,39.8,33.55,26.65
02LB031,q_lt_q20,38,32.7,29.5
02LB036,q_lt_q20,46.25,29.3,24.05
02LC008,q_lt_q20,38.75,36.5,24.95
02LC021,q_lt_q20,57.95,32.15,10
02LC027,q_lt_q20,56.7,33.75,10
02LC043,q_lt_q20,60.8,31.8,7.4
02LC070,q_lt_q20,61.05,28.9,10.15
02LC073,q_lt_q20,60.3,29.85,9.85
02LD005,q_lt_q20,60.7,29.65,9.65
02LD006,q_lt_q20,46.4,36.25,16.9
02LE024,q_lt_q20,54.15,31.15,14.55
02LE025,q_lt_q20,55.7,33.45,11.25
02LG005,q_lt_q20,,,
02LH032,q_lt_q20,63,24.2,12.4
02LH033,q_lt_q20,56.2,27.15,16.8
02MA001,q_lt_q20,48.2,27.35,23.85
02MB006,q_lt_q20,56.05,30.15,13.85
02MB010,q_lt_q20,45.7,31.9,22.4
02MC001,q_lt_q20,45.75,32.95,21.7
02MC026,q_lt_q20,48.2,30.25,21.6
02MC027,q_lt_q20,50.25,30.55,19.5
02MC028,q_lt_q20,49,28.1,22.1
02MC030,q_lt_q20,50.75,25.1,23.75
02MC036,q_lt_q20,48.5,24.7,26.85
02ND003,q_lt_q20,,,
02NE011,q_lt_q20,58.1,29.9,12
02NF003,q_lt_q20,57.35,31.8,10.85
02OA003,q_lt_q20,54.9,26.2,18.55
02OA004,q_lt_q20,,,
02OA016,q_lt_q20,,,
02OA033,q_lt_q20,,,
02OA054,q_lt_q20,45.1,29.95,24.95
02OA057,q_lt_q20,40.55,32.95,26.5
02OA107,q_lt_q20,,,
02OA108,q_lt_q20,49.35,26.35,24.3
02OA109,q_lt_q20,50.5,25.85,23.75
02OA110,q_lt_q20,31.9,43.15,25.65
02OA111,q_lt_q20,41,31.75,26.8
02OB008,q_lt_q20,54.7,22.55,23
02OB017,q_lt_q20,63,26.9,10.1
02OB032,q_lt_q20,57.55,31.9,10.55
02OB037,q_lt_q20,49.05,25.95,25
02OB046,q_lt_q20,40.75,37.85,21.4
02OC002,q_lt_q20,59.7,29.95,9.95
02OC004,q_lt_q20,56.05,32.55,11.4
02OC021,q_lt_q20,55.8,34.1,10.4
02OD001,q_lt_q20,49.35,35.7,15
02OD003,q_lt_q20,60.95,24.65,14.4
02OD010,q_lt_q20,51.5,29.95,18.65
02OE001,q_lt_q20,46.4,36.85,16.55
02OE005,q_lt_q20,40.7,37.2,22.25
02OE019,q_lt_q20,51.5,36.7,11.85
02OE022,q_lt_q20,49.6,36.35,14.15
02OE027,q_lt_q20,47.2,37.85,14.4
02OE032,q_lt_q20,48.1,39.45,12.85
02OE062,q_lt_q20,47.55,38.55,14.15
02OE070,q_lt_q20,43.2,38.15,18.55
02OG002,q_lt_q20,51.65,28.65,19.7
02OG007,q_lt_q20,52.2,35.8,12
02OG014,q_lt_q20,51.75,32.95,14.55
02OG019,q_lt_q20,46.35,29.8,24
02OG026,q_lt_q20,51.65,29.95,17.7
02OG042,q_lt_q20,43.65,42,14.45
02OG045,q_lt_q20,40.15,38,21.6
02OG047,q_lt_q20,47.1,24.55,28.45
02OH012,q_lt_q20,34.4,42.35,22.85
02OH013,q_lt_q20,35.95,40.5,23.95
02OH014,q_lt_q20,47.15,35.7,16.4
02OH015,q_lt_q20,36.25,39.25,24.35
02OJ007,q_lt_q20,50.5,26.5,22.8
02OJ024,q_lt_q20,36.9,37.15,25.95
02OJ026,q_lt_q20,46.3,30.05,23.65
02PA007,q_lt_q20,60.45,26.1,13.55
02PB006,q_lt_q20,58.95,32.5,8.55
02PB019,q_lt_q20,64.8,24.9,10.5
02PC002,q_lt_q20,68.2,22.9,9
02PC010,q_lt_q20,66.15,23.7,9.85
02PC017,q_lt_q20,52.15,31.15,16.7
02PC018,q_lt_q20,56.45,31.8,12
02PC019,q_lt_q20,55.25,30.75,14
02PC020,q_lt_q20,51.95,31.95,16.2
02PD002,q_lt_q20,58.25,27.15,14.6
02PD004,q_lt_q20,63.55,27.3,8.9
02PD010,q_lt_q20,50.65,28.55,20.65
02PD012,q_lt_q20,61.2,29.25,9.3
02PD013,q_lt_q20,64.8,27.45,8.15
02PD014,q_lt_q20,61.85,27.7,10.1
02PD015,q_lt_q20,61.2,28.95,9.6
02PD023,q_lt_q20,61.6,25.75,12.65
02PD024,q_lt_q20,58.65,32.8,8.55
02PF001,q_lt_q20,52.45,33.15,14.4
02PG001,q_lt_q20,50.5,32.4,17
02PG003,q_lt_q20,51.35,32.6,15.85
02PG006,q_lt_q20,46.7,35.3,18
02PG022,q_lt_q20,57.2,28.4,14.4
02PG023,q_lt_q20,48.55,32.3,19.3
02PJ005,q_lt_q20,,,
02PJ007,q_lt_q20,58.75,28.9,12.85
02PJ012,q_lt_q20,49.65,36.2,14.15
02PJ014,q_lt_q20,44.45,38.1,16.6
02PJ030,q_lt_q20,48,35.15,17.4
02PJ034,q_lt_q20,51.95,33.15,14.9
02PK009,q_lt_q20,54.75,28.6,16.65
02PL005,q_lt_q20,51.75,33.75,14.4
02PL015,q_lt_q20,32.65,41.7,25.65
02PL016,q_lt_q20,52.05,32.9,14.9
02QB001,q_lt_q20,54.05,31.4,14.55
02QB005,q_lt_q20,53.4,29.75,17.25
02QC009,q_lt_q20,56.8,32.05,11.4
02RD007,q_lt_q20,49.5,32.7,17.6
02RF001,q_lt_q20,51.2,28.1,20.7
02RF009,q_lt_q20,53.4,27.65,19
02RF010,q_lt_q20,24.25,44.5,30.85
02RG005,q_lt_q20,54.45,31.3,14.3
02RG008,q_lt_q20,58.3,30.8,11
02RH015,q_lt_q20,64.75,24.55,10.85
02RH027,q_lt_q20,64.45,26.85,8.7
02RH035,q_lt_q20,60.55,29.15,10.3
02RH045,q_lt_q20,62.9,26.05,11.4
02RH066,q_lt_q20,60.55,27.25,12.05
02RH067,q_lt_q20,51.3,33.95,14.9
02RH069,q_lt_q20,59.15,26.85,14.4
02RH070,q_lt_q20,58.95,28.5,12.55
02RH071,q_lt_q20,56.35,30.7,12.95
02RH072,q_lt_q20,59.8,28,12.2
02RH073,q_lt_q20,60.35,27.85,11.95
02UA003,q_lt_q20,55.65,31.35,12.7
02UC002,q_lt_q20,61.6,27.7,10.7
02VB004,q_lt_q20,52.2,34.5,13.4
02WB003,q_lt_q20,,,
02XA003,q_lt_q20,66.2,22.5,11
02XA008,q_lt_q20,56.95,32.3,10.9
02XC001,q_lt_q20,,,
02YC001,q_lt_q20,66,21.5,12.55
02YD002,q_lt_q20,56.7,31.05,12
02YG001,q_lt_q20,64.1,29.4,6.3
02YJ001,q_lt_q20,62.15,29.5,8.55
02YK002,q_lt_q20,63.1,29.45,7.45
02YK005,q_lt_q20,56.85,34.7,8.3
02YK008,q_lt_q20,61.1,29.35,9.35
02YL001,q_lt_q20,63,26.8,10.05
02YL003,q_lt_q20,62.45,28.55,9
02YL004,q_lt_q20,64.25,28.3,8
02YL005,q_lt_q20,59.85,29.25,10.9
02YL008,q_lt_q20,57.7,33.3,9
02YL012,q_lt_q20,65.35,25.2,9.45
02YM004,q_lt_q20,58.5,32.3,9.15
02YN002,q_lt_q20,59.05,30.85,10.05
02YN004,q_lt_q20,65,27.3,7.7
02YO006,q_lt_q20,61.45,28.5,10.05
02YO008,q_lt_q20,54.95,33,12.05
02YO011,q_lt_q20,,,
02YO012,q_lt_q20,58.3,29.35,12.2
02YO013,q_lt_q20,59.6,29.4,11
02YO014,q_lt_q20,57.7,30.55,11.15
02YO015,q_lt_q20,57.7,29.4,13
02YO016,q_lt_q20,55.85,32.85,11.3
02YO018,q_lt_q20,57.4,32.8,9.8
02YQ001,q_lt_q20,58.65,32,9.35
02YQ005,q_lt_q20,57.85,29.85,12.25
02YR001,q_lt_q20,60.6,30.1,9.05
02YR003,q_lt_q20,56.1,32.2,11.55
02YR004,q_lt_q20,55.85,31.25,12.5
02YS003,q_lt_q20,55.35,31.35,13.2
02YS005,q_lt_q20,54.6,31.65,13.75
02YS006,q_lt_q20,59.15,29.1,11.75
02ZA002,q_lt_q20,58.45,30.55,10.7
02ZB001,q_lt_q20,60.65,26.1,13.15
02ZC002,q_lt_q20,58.45,32.4,9.3
02ZC003,q_lt_q20,62.85,26.4,10.75
02ZD002,q_lt_q20,64.6,24.8,9.95
02ZE004,q_lt_q20,52.8,36,11.15
02ZF001,q_lt_q20,60.65,28.7,10.65
02ZH001,q_lt_q20,58.8,31.45,9.85
02ZH002,q_lt_q20,54.5,33.45,12.05
02ZJ001,q_lt_q20,61.25,25.7,13.05
02ZJ003,q_lt_q20,57.65,31.6,10.25
02ZK001,q_lt_q20,65.55,22.6,11.7
02ZK002,q_lt_q20,56.6,29.35,13.65
02ZK004,q_lt_q20,53.45,33.6,12.6
02ZK006,q_lt_q20,54.6,32.9,12.45
02ZK008,q_lt_q20,54.45,33.1,12.45
02ZL004,q_lt_q20,61.8,26.15,12.05
02ZM009,q_lt_q20,58.65,29.7,11.65
02ZM016,q_lt_q20,55.55,31.55,13.1
02ZN002,q_lt_q20,51.5,29.5,19.3
03AB002,q_lt_q20,,,
03BD002,q_lt_q20,57.1,29.5,13.55
03BF001,q_lt_q20,46.85,29.9,22.85
03ED001,q_lt_q20,47.65,33.6,19.1
03JB004,q_lt_q20,,,
03KC004,q_lt_q20,,,
03LF002,q_lt_q20,55.8,30.55,13.55
03MB002,q_lt_q20,53.05,34.05,12.9
03MD001,q_lt_q20,,,
03NE001,q_lt_q20,62.5,31.1,6.4
03NE002,q_lt_q20,59.05,32.6,8.55
03OA005,q_lt_q20,,,
03OA012,q_lt_q20,51.5,33.65,14.85
03OA015,q_lt_q20,57.9,32.65,9.55
03OA016,q_lt_q20,60.45,29.85,9.7
03OA017,q_lt_q20,64.45,26.7,8.85
03OB007,q_lt_q20,53.2,33.45,13.7
03OC003,q_lt_q20,,,
03OD008,q_lt_q20,69.15,22.55,8.3
03OD009,q_lt_q20,60.45,31.4,7.7
03OD010,q_lt_q20,,,
03OE001,q_lt_q20,63.15,29.05,7.8
03OE011,q_lt_q20,61.75,28.55,9.7
03OE013,q_lt_q20,61.85,29.45,8.7
03OE014,q_lt_q20,61.45,22.5,16.15
03QC001,q_lt_q20,58.9,30.5,10.15
03QC002,q_lt_q20,60.4,29.35,10.25
04AA004,q_lt_q20,31.8,26.75,40.85
04AB001,q_lt_q20,,,
04CA002,q_lt_q20,46.25,29.05,24.6
04CA003,q_lt_q20,,,
04CA004,q_lt_q20,,,
04CA005,q_lt_q20,,,
04CB001,q_lt_q20,,,
04DA001,q_lt_q20,,,
04DA002,q_lt_q20,48.65,28.7,23.35
04DB001,q_lt_q20,,,
04DC001,q_lt_q20,48.85,24.5,27.05
04DC002,q_lt_q20,44.35,28.35,26.85
04EA001,q_lt_q20,39.9,32.05,28.2
04FA001,q_lt_q20,50.4,31.9,17.85
04FA002,q_lt_q20,50.7,24.65,24.65
04FA003,q_lt_q20,,,
04FB001,q_lt_q20,48.1,26.7,24.7
04FC001,q_lt_q20,42.65,28.95,28.2
04FC003,q_lt_q20,46.25,32.35,21.6
04GA002,q_lt_q20,59.5,23.2,17.7
04GB004,q_lt_q20,,,
04GB005,q_lt_q20,55.2,27,17.8
04GC002,q_lt_q20,53.75,25.3,20.65
04GD001,q_lt_q20,,,
04HA001,q_lt_q20,,,
04HA002,q_lt_q20,27.9,42.1,29.95
04JC002,q_lt_q20,55.05,28.1,16.85
04JD005,q_lt_q20,58.75,27.1,14.15
04JF001,q_lt_q20,53,28.9,18.25
04JG001,q_lt_q20,47.5,28.3,23.3
04KA001,q_lt_q20,50.05,31.5,18.85
04LA002,q_lt_q20,50,28.3,21.5
04LA003,q_lt_q20,54.95,27.45,17.7
04LA004,q_lt_q20,54.2,24.7,20.7
04LA006,q_lt_q20,59.3,24.8,16
04LB002,q_lt_q20,57.85,25.2,16.95
04LC003,q_lt_q20,51.9,29.1,18.85
04LD001,q_lt_q20,44.05,32.6,23.75
04LE002,q_lt_q20,61.9,28.05,10.15
04LF001,q_lt_q20,44.4,33.15,22.3
04LG004,q_lt_q20,,,
04LJ001,q_lt_q20,43.25,33.2,22.85
04LK001,q_lt_q20,48.4,31.95,19.7
04LM001,q_lt_q20,,,
04ME003,q_lt_q20,,,
04MF001,q_lt_q20,,,
04NA001,q_lt_q20,48,27.45,24.55
04NA005,q_lt_q20,56.75,28.85,14.4
05AA004,q_lt_q20,36.35,35.75,27.9
05AA008,q_lt_q20,46.15,37.5,16
05AA011,q_lt_q20,38.05,36.8,24.85
05AA022,q_lt_q20,36.9,35.5,27.6
05AA024,q_lt_q20,38.9,34.2,27.7
05AA027,q_lt_q20,45.65,37.75,16.65
05AA028,q_lt_q20,42.6,40.2,17.25
05AA030,q_lt_q20,47.3,35.9,17.05
05AA033,q_lt_q20,40.25,34.9,25.25
05AA034,q_lt_q20,41.6,37.35,21.35
05AA035,q_lt_q20,44.3,32.7,23.15
05AA909,q_lt_q20,41.55,36.1,22.4
05AB005,q_lt_q20,45.65,28.65,25.85
05AB013,q_lt_q20,35.2,36.05,28.15
05AB019,q_lt_q20,36.05,36.75,26.85
05AB021,q_lt_q20,47.1,29,23.85
05AB029,q_lt_q20,41.1,31.8,26.9
05AB040,q_lt_q20,43.45,37.75,18.95
05AB041,q_lt_q20,43.4,33.7,22.9
05AB042,q_lt_q20,43.7,31.6,24.7
05AB045,q_lt_q20,43.5,31.05,25.4
05AB046,q_lt_q20,43.4,30.05,26.15
05AC003,q_lt_q20,41.15,34.75,24.1
05AC012,q_lt_q20,40.85,33.6,25
05AC017,q_lt_q20,41.4,32.55,26.25
05AC023,q_lt_q20,43.15,34.35,22.4
05AC030,q_lt_q20,34.5,36.45,29
05AC031,q_lt_q20,45.5,30.95,23.55
05AC034,q_lt_q20,40.55,34.75,24.7
05AC902,q_lt_q20,32.95,38.35,28.7
05AC930,q_lt_q20,42.55,32.9,24.55
05AC938,q_lt_q20,43.1,32.2,24.7
05AC941,q_lt_q20,43.85,34.85,22
05AD003,q_lt_q20,41.1,36.1,22.7
05AD005,q_lt_q20,36.5,38.85,24.4
05AD007,q_lt_q20,36.95,35.5,27.95
05AD010,q_lt_q20,34.8,36.05,29.4
05AD013,q_lt_q20,40.25,34.2,26.15
05AD017,q_lt_q20,39.9,39.9,20.4
05AD021,q_lt_q20,34.65,36.45,29.85
05AD027,q_lt_q20,34.15,37.6,28.4
05AD028,q_lt_q20,34.4,37.5,27.8
05AD035,q_lt_q20,37.15,36.5,26.15
05AD037,q_lt_q20,38.85,35.15,26
05AD041,q_lt_q20,33.35,35.35,31.7
05AD042,q_lt_q20,37.1,41.1,21.8
05AD934,q_lt_q20,37.55,36.3,25.85
05AE002,q_lt_q20,28.8,39.6,31.55
05AE005,q_lt_q20,32.55,41.05,26
05AE006,q_lt_q20,32.45,37.35,29.75
05AE016,q_lt_q20,35.25,37.6,27.55
05AE021,q_lt_q20,32.95,37.75,29
05AE026,q_lt_q20,28.95,39.35,31.7
05AE027,q_lt_q20,26.4,41,32.6
05AE029,q_lt_q20,33.5,40.95,25.7
05AF034,q_lt_q20,36.5,36.6,26.55
05AG003,q_lt_q20,34.3,37.75,28.4
05AG006,q_lt_q20,31.8,41.15,27.25
05AG026,q_lt_q20,35.65,36.2,28.2
05AH002,q_lt_q20,35,36.15,29.1
05AH005,q_lt_q20,33.25,39.15,27.8
05AH037,q_lt_q20,34.25,35.9,29.4
05AH041,q_lt_q20,34.85,35.9,29.25
05AH043,q_lt_q20,36.55,35.5,28
05AH052,q_lt_q20,33.85,37.75,28.35
05AH053,q_lt_q20,36.75,37.2,26.8
05AJ001,q_lt_q20,37.8,35.05,28
05BA001,q_lt_q20,48.6,37.7,13.45
05BA002,q_lt_q20,48.75,36.75,14.3
05BB001,q_lt_q20,45.4,40.05,14.6
05BC001,q_lt_q20,51.95,35.85,11.6
05BC008,q_lt_q20,48.5,34.1,17.4
05BD004,q_lt_q20,45,38.8,16.25
05BE004,q_lt_q20,42,39.95,18.3
05BE007,q_lt_q20,48.75,35.25,16.5
05BE999,q_lt_q20,49.2,32.1,19.1
05BF003,q_lt_q20,45,37.85,16.85
05BF025,q_lt_q20,47.95,37.65,14.25
05BG006,q_lt_q20,46,36.05,17.9
05BG010,q_lt_q20,46.15,34.65,19.35
05BH004,q_lt_q20,38.8,36.1,25.3
05BH005,q_lt_q20,38.25,36.05,26.25
05BH008,q_lt_q20,41.35,34.95,23.55
05BH013,q_lt_q20,49.5,33.05,17.55
05BH014,q_lt_q20,46.8,30.2,23.4
05BH015,q_lt_q20,39.1,36.4,24.1
05BH016,q_lt_q20,42.9,32.5,24.6
05BJ001,q_lt_q20,44.25,33.1,22.7
05BJ004,q_lt_q20,48.75,33.2,18.3
05BJ010,q_lt_q20,43,36.1,21.4
05BK001,q_lt_q20,38.9,37,24.4
05BL004,q_lt_q20,44.1,33.1,23.4
05BL007,q_lt_q20,41.2,34.95,23.9
05BL012,q_lt_q20,38.55,34.35,27.15
05BL013,q_lt_q20,41.9,33,25.9
05BL014,q_lt_q20,34.5,38.25,27.4
05BL015,q_lt_q20,43.7,32.95,22.55
05BL019,q_lt_q20,39.9,38.7,20.7
05BL022,q_lt_q20,49.5,35.4,14.95
05BL023,q_lt_q20,44.1,32.35,23.55
05BL024,q_lt_q20,42.25,32.95,24.85
05BL025,q_lt_q20,46.05,31.6,22.15
05BL027,q_lt_q20,43.6,34.85,21.55
05BM002,q_lt_q20,,,
05BM004,q_lt_q20,42.8,31.3,25.6
05BM008,q_lt_q20,32,36.9,30.85
05BM014,q_lt_q20,41.75,34.45,23.85
05BM015,q_lt_q20,37.2,36.35,26.55
05BM018,q_lt_q20,34.85,37.2,28
05BM020,q_lt_q20,38.5,34.45,27.7
05BM021,q_lt_q20,46.2,32.05,22.4
05BN002,q_lt_q20,38.85,35.15,26
05BN006,q_lt_q20,35.25,36.95,28.1
05BN008,q_lt_q20,34.55,38.3,27.15
05BN012,q_lt_q20,33.55,36.6,29.85
05CA002,q_lt_q20,42.1,34.35,23.55
05CA004,q_lt_q20,46.45,34.25,19.25
05CA009,q_lt_q20,45.15,32.4,22.75
05CA011,q_lt_q20,43.25,33.65,23.2
05CA012,q_lt_q20,40.3,34.85,24.65
05CB001,q_lt_q20,38.95,35.65,25.2
05CB002,q_lt_q20,40.6,36.05,23.75
05CB004,q_lt_q20,40.5,34.85,24.65
05CB007,q_lt_q20,42.1,32.2,25.7
05CC001,q_lt_q20,47.1,28.95,23.5
05CC002,q_lt_q20,45.95,31.9,22.15
05CC007,q_lt_q20,36.05,37,26.8
05CC008,q_lt_q20,41.8,32.8,25.5
05CC009,q_lt_q20,38.65,34.7,26.35
05CC010,q_lt_q20,39.5,34.25,26.2
05CC011,q_lt_q20,42.85,32.8,24.1
05CC013,q_lt_q20,42.15,30.8,27.5
05CD004,q_lt_q20,33.5,37.75,28.9
05CD006,q_lt_q20,42.45,31.05,26.65
05CD007,q_lt_q20,46.8,29.1,24.1
05CD902,q_lt_q20,44.4,32.2,23.4
05CE001,q_lt_q20,36.7,33.95,29.55
05CE002,q_lt_q20,42.35,33.45,24.2
05CE005,q_lt_q20,40.25,36.75,23.45
05CE006,q_lt_q20,37.85,35.9,26.1
05CE007,q_lt_q20,44.35,30.05,25.6
05CE010,q_lt_q20,37.05,35.45,27.35
05CE011,q_lt_q20,36.8,37.95,24.85
05CE012,q_lt_q20,39.95,35.75,24.4
05CE018,q_lt_q20,40.8,32.5,26.7
05CE020,q_lt_q20,40.4,31.9,27.7
05CG006,q_lt_q20,45.35,31.35,22.55
05CG007,q_lt_q20,41.85,30.9,26.85
05CH007,q_lt_q20,42.25,31.65,25.7
05CH011,q_lt_q20,41.65,33.75,24.3
05CJ006,q_lt_q20,40.25,31.75,28.15
05CJ012,q_lt_q20,37.95,36.5,25.5
05CK001,q_lt_q20,45.5,30.1,24.7
05CK004,q_lt_q20,32.5,34.9,32.55
05CK005,q_lt_q20,39.25,31.3,29.25
05DA002,q_lt_q20,50.4,36.4,12.85
05DA007,q_lt_q20,47.9,37.25,14.85
05DA009,q_lt_q20,48.85,37.2,13.65
05DA010,q_lt_q20,44.55,41.55,14.15
05DB002,q_lt_q20,42.55,34,23.15
05DB005,q_lt_q20,38.6,39,22.4
05DB006,q_lt_q20,39.8,35.05,25.65
05DC001,q_lt_q20,,,
05DC006,q_lt_q20,41.25,38.8,20.9
05DC010,q_lt_q20,48,33.6,18.4
05DC011,q_lt_q20,44.95,35.95,19.25
05DC012,q_lt_q20,39.75,38.6,22.1
05DD004,q_lt_q20,40,37.65,22.5
05DD005,q_lt_q20,44.35,37.05,19.35
05DD007,q_lt_q20,42.8,37.3,19.95
05DD009,q_lt_q20,38.9,40.05,21.35
05DE007,q_lt_q20,37.55,38,24.35
05DE009,q_lt_q20,41.55,31.9,26.55
05DE010,q_lt_q20,38.1,35.9,26.1
05DE911,q_lt_q20,44.2,29.7,25.9
05DF001,q_lt_q20,,,
05DF003,q_lt_q20,35,38.1,27.5
05DF004,q_lt_q20,45.25,31.35,23.4
05DF006,q_lt_q20,42.55,34.05,23.4
05DF007,q_lt_q20,40.5,36.25,23.4
05DF008,q_lt_q20,39.95,35.5,24.65
05DF009,q_lt_q20,41.85,32.6,26.1
05EA001,q_lt_q20,44.2,32.75,23.05
05EA002,q_lt_q20,28.4,44.15,27.7
05EA005,q_lt_q20,30.65,38.95,29.6
05EA010,q_lt_q20,39.95,34.95,24.6
05EA011,q_lt_q20,43.15,29.45,27.95
05EA012,q_lt_q20,38.55,32.6,28.4
05EA013,q_lt_q20,41.95,31.7,26.2
05EB902,q_lt_q20,46.1,33.65,20.25
05EC002,q_lt_q20,42.8,33.65,23.55
05EC005,q_lt_q20,47.55,27.65,24.1
05ED002,q_lt_q20,49.35,28.7,21.95
05EE005,q_lt_q20,43.8,29.5,27.4
05EE006,q_lt_q20,59.35,22.5,17.85
05EE007,q_lt_q20,55.95,26.05,18
05EE009,q_lt_q20,45.8,30.65,23.55
05EE010,q_lt_q20,49.9,28.35,21.6
05EF001,q_lt_q20,,,
05EF004,q_lt_q20,55.45,23.95,20.7
05EF005,q_lt_q20,50.85,28.45,20.7
05EF006,q_lt_q20,53.7,25.5,20.7
05EG004,q_lt_q20,44.4,30.05,24.55
05EG005,q_lt_q20,49.8,27.65,22.15
05FA001,q_lt_q20,49.05,28.2,22.85
05FA011,q_lt_q20,45.95,28.35,25.4
05FA012,q_lt_q20,43.6,34.3,22.1
05FA014,q_lt_q20,38.05,36.7,25.1
05FA024,q_lt_q20,38.1,37.5,25.25
05FA025,q_lt_q20,43.45,31.65,24.6
05FB002,q_lt_q20,52.5,28.3,19.3
05FC001,q_lt_q20,41.9,31.35,26.45
05FC002,q_lt_q20,44.5,31.45,23.7
05FC004,q_lt_q20,46.35,28.9,24.85
05FC007,q_lt_q20,42.2,33.65,24.45
05FC008,q_lt_q20,42.5,35.3,22.2
05FD001,q_lt_q20,49.5,27.6,23.4
05FE002,q_lt_q20,46.8,29.2,23.85
05FE004,q_lt_q20,49.85,30.55,19.6
05FF003,q_lt_q20,47.65,27.35,24.7
05GA003,q_lt_q20,41.8,33.05,25.15
05GA008,q_lt_q20,44.85,29.35,25.4
05GA010,q_lt_q20,52.85,26.05,20.7
05GB004,q_lt_q20,31.2,36.2,32.6
05GC006,q_lt_q20,48.7,27.85,23.45
05GC007,q_lt_q20,26.4,38.45,35.15
05GD001,q_lt_q20,49.95,27.9,21.9
05GD002,q_lt_q20,42.5,32.75,25
05GF001,q_lt_q20,49.2,28.35,22.15
05GF002,q_lt_q20,51.65,28.5,19.95
05GG001,q_lt_q20,,,
05GG010,q_lt_q20,49.55,30.8,19.65
05HA003,q_lt_q20,39.1,35.05,26
05HA015,q_lt_q20,34.95,33.5,31.7
05HC003,q_lt_q20,41.8,32.75,26
05HD036,q_lt_q20,36.95,34.8,27.9
05HD039,q_lt_q20,37,36.15,27.75
05HD042,q_lt_q20,41.95,31.35,26.7
05HE001,q_lt_q20,36.5,33.45,30.7
05HF015,q_lt_q20,31.85,35.15,33.1
05HG001,q_lt_q20,38.1,35.15,26.75
05HG002,q_lt_q20,40.25,30.65,29.15
05HH002,q_lt_q20,37.15,34.8,28.1
05HH003,q_lt_q20,45.85,30.45,23.7
05JA002,q_lt_q20,26.55,41.25,32.25
05JA003,q_lt_q20,27.75,39.9,32.2
05JA005,q_lt_q20,28.85,39.25,31.9
05JA006,q_lt_q20,26.8,40.2,33
05JB001,q_lt_q20,21.1,42.05,37.25
05JB004,q_lt_q20,31.7,38.45,30.4
05JB007,q_lt_q20,36.55,34.6,28.55
05JC004,q_lt_q20,39.15,33.2,27.4
05JC005,q_lt_q20,40.15,34.15,25.7
05JC006,q_lt_q20,40.55,33.6,25.85
05JC007,q_lt_q20,29.25,39.9,30.85
05JE001,q_lt_q20,40.65,31.2,27.9
05JE004,q_lt_q20,25.55,33.15,41
05JE005,q_lt_q20,33.65,35.6,30.4
05JE006,q_lt_q20,42.35,31.7,26.15
05JF001,q_lt_q20,36.1,34.8,28.25
05JF005,q_lt_q20,41.85,32.2,26
05JF006,q_lt_q20,37.25,27.85,34.9
05JF008,q_lt_q20,42.25,34.4,22.8
05JF011,q_lt_q20,42.35,29.55,28.25
05JF012,q_lt_q20,18,35.75,46.25
05JF014,q_lt_q20,37.8,31.45,30.75
05JG001,q_lt_q20,39.65,32.6,27.3
05JG004,q_lt_q20,39.65,33.2,27.15
05JG006,q_lt_q20,41.65,32.5,25.8
05JG013,q_lt_q20,40.95,33.2,26
05JG014,q_lt_q20,36.2,32.45,31.9
05JH001,q_lt_q20,37,34.2,28.75
05JH005,q_lt_q20,49.5,26.35,24.15
05JJ003,q_lt_q20,51.2,28.25,20.55
05JJ009,q_lt_q20,57.3,26.75,15.95
05JK002,q_lt_q20,48,26.9,24.7
05JK004,q_lt_q20,46.65,31.05,22.6
05JK007,q_lt_q20,36.1,36.65,27.6
05JL005,q_lt_q20,45.5,26.05,28.25
05JM001,q_lt_q20,41.4,30.3,28.7
05JM010,q_lt_q20,47.25,27.05,25.6
05JM013,q_lt_q20,39.85,33.75,26.45
05JM015,q_lt_q20,45.8,27.75,26.45
05KA001,q_lt_q20,36,34.95,28.7
05KA009,q_lt_q20,25,35.5,39.35
05KB003,q_lt_q20,40.9,33.95,25.35
05KB005,q_lt_q20,32.7,35.75,32.4
05KB006,q_lt_q20,32.15,35.55,32.25
05KB011,q_lt_q20,40.65,32.5,26.85
05KC001,q_lt_q20,46.85,30.75,22.4
05KD003,q_lt_q20,44.5,29.6,25.55
05KD007,q_lt_q20,39.5,35.8,24.6
05KE002,q_lt_q20,49.4,27.1,23.65
05KE005,q_lt_q20,46.15,30.95,22.9
05KE007,q_lt_q20,42.95,33.65,23.55
05KE010,q_lt_q20,59.65,23.6,17.15
05KF001,q_lt_q20,53.95,24.2,21.4
05KH007,q_lt_q20,35.1,31.05,33.9
05KH009,q_lt_q20,37.2,36.5,26.45
05KJ001,q_lt_q20,24,40.9,35.1
05KJ014,q_lt_q20,54.05,26,20.35
05KL001,q_lt_q20,,,
05LA003,q_lt_q20,40.85,32.9,25.95
05LA004,q_lt_q20,29.4,34.9,35.9
05LA005,q_lt_q20,46.15,29.5,24.1
05LB004,q_lt_q20,46.95,31.9,21.15
05LB005,q_lt_q20,43.55,33.9,22.85
05LB006,q_lt_q20,39.1,32,28.9
05LB007,q_lt_q20,50.3,30,19.7
05LB010,q_lt_q20,37.7,35.15,27.25
05LC001,q_lt_q20,53.5,26.65,19.55
05LC004,q_lt_q20,44.05,32,23.9
05LD001,q_lt_q20,38,34.3,27.4
05LD003,q_lt_q20,49.6,28.7,21.4
05LE004,q_lt_q20,40.8,34.6,24.4
05LE005,q_lt_q20,43.45,33.45,23
05LE006,q_lt_q20,45.75,31.3,23
05LE008,q_lt_q20,41.1,34.1,24.55
05LE010,q_lt_q20,44.15,31.45,24.4
05LE011,q_lt_q20,43.15,30.75,26.1
05LG003,q_lt_q20,48.85,28.45,22.45
05LG004,q_lt_q20,71.4,15.6,13.55
05LH005,q_lt_q20,46.35,31.45,22.1
05LJ005,q_lt_q20,45.1,29,25.45
05LJ007,q_lt_q20,44.45,31.55,24
05LJ010,q_lt_q20,48.45,28.15,23.55
05LJ012,q_lt_q20,32.45,33.45,34.45
05LJ019,q_lt_q20,48.55,31.15,19.9
05LJ025,q_lt_q20,33.7,33.35,32.8
05LJ027,q_lt_q20,52.55,25.6,21.85
05LJ045,q_lt_q20,56.2,25.05,18.4
05LL005,q_lt_q20,63.15,19.05,17.9
05LL014,q_lt_q20,64.85,17.95,17.1
05LL015,q_lt_q20,50.95,26.3,22.7
05LL021,q_lt_q20,49.55,27,23.85
05LL027,q_lt_q20,48.2,29.75,22.25
05LM006,q_lt_q20,33.2,34.75,31.85
05LN006,q_lt_q20,36.6,33.7,29.7
05MA011,q_lt_q20,37.1,36.3,26.7
05MA012,q_lt_q20,40.7,30.2,29.2
05MA016,q_lt_q20,40.35,32.65,27.05
05MA020,q_lt_q20,32.55,33.6,34.25
05MA021,q_lt_q20,44.1,32.75,23.15
05MA025,q_lt_q20,33.5,34.45,32.4
05MB001,q_lt_q20,41.5,32.45,25.6
05MB003,q_lt_q20,42.85,31.2,26.5
05MB005,q_lt_q20,44.7,30.5,24.4
05MC001,q_lt_q20,47.5,31.05,21.45
05MC002,q_lt_q20,38.2,36.5,25.55
05MC003,q_lt_q20,48.4,28.75,22.55
05MD004,q_lt_q20,46.4,28.75,24.3
05MD005,q_lt_q20,44.1,31.65,24.55
05MD007,q_lt_q20,46.7,31.6,21.7
05MD010,q_lt_q20,42.25,34.2,23.3
05ME001,q_lt_q20,42.8,31.25,25.55
05ME003,q_lt_q20,45.75,29.05,25.55
05ME005,q_lt_q20,34.5,35.95,30.15
05ME006,q_lt_q20,32.65,36.95,29.6
05ME007,q_lt_q20,43.9,33.95,22.15
05ME009,q_lt_q20,46.4,30.9,23.4
05ME010,q_lt_q20,42.4,33.65,24.15
05MF001,q_lt_q20,45.8,32.25,21.85
05MF008,q_lt_q20,46,33.85,20.15
05MF018,q_lt_q20,54.1,24.25,21.25
05MF024,q_lt_q20,48.85,27.65,23.1
05MG001,q_lt_q20,40.4,35.2,24.15
05MG003,q_lt_q20,56.2,26.65,17.15
05MG004,q_lt_q20,48.35,32.45,19.2
05MG015,q_lt_q20,50.95,26.35,22.7
05MH001,q_lt_q20,41,36,23.15
05MH005,q_lt_q20,48.75,29.6,21.5
05MH006,q_lt_q20,46,31,23.1
05MH007,q_lt_q20,66,15.85,17.85
05MH008,q_lt_q20,49.9,30.65,19.45
05MJ001,q_lt_q20,29.3,27.9,42.65
05MJ003,q_lt_q20,46.4,29.05,24.85
05MJ004,q_lt_q20,28.55,33.3,38.4
05MJ013,q_lt_q20,30.15,30.15,39.4
05NA003,q_lt_q20,46.55,28.05,25.4
05NA004,q_lt_q20,34.5,38.05,27.85
05NA005,q_lt_q20,39.4,35.1,25.55
05NB001,q_lt_q20,46.9,30.05,23.05
05NB011,q_lt_q20,20.8,32.35,46.6
05NB018,q_lt_q20,40.95,33.5,25.4
05NB021,q_lt_q20,42.1,30.45,27.85
05NB027,q_lt_q20,39.4,35.1,25.25
05NB031,q_lt_q20,17.1,36.05,47.3
05NB033,q_lt_q20,37.65,35.9,26
05NB036,q_lt_q20,36.5,36.75,26.75
05NB039,q_lt_q20,44.4,30.9,25.4
05NB040,q_lt_q20,42.7,31.6,26
05NB041,q_lt_q20,41.95,31.75,26.25
05NC001,q_lt_q20,45.8,31.1,23.15
05ND007,q_lt_q20,42.4,32.75,24.85
05ND010,q_lt_q20,45.5,32.15,22.35
05ND011,q_lt_q20,51.8,28.75,19.45
05ND013,q_lt_q20,44.35,30.1,25
05NE003,q_lt_q20,45.2,33.9,20.85
05NF001,q_lt_q20,48.35,29.3,21.95
05NF002,q_lt_q20,50.9,32.15,16.9
05NF006,q_lt_q20,49.65,30.5,19.85
05NF007,q_lt_q20,53.9,28.35,17.45
05NF010,q_lt_q20,47.95,28.65,23.4
05NF012,q_lt_q20,35.95,28.6,36
05NG001,q_lt_q20,53.55,27.45,19.05
05NG003,q_lt_q20,54.2,26.65,19.15
05NG007,q_lt_q20,58.2,25.8,16
05NG010,q_lt_q20,55.65,24.45,20.15
05NG012,q_lt_q20,49.55,31.75,18.7
05NG020,q_lt_q20,57.35,23.65,19.2
05NG021,q_lt_q20,53.4,24.9,21.2
05NG024,q_lt_q20,44.65,30.75,24.5
05OA001,q_lt_q20,51.6,30.05,18.15
05OA006,q_lt_q20,53.25,26.2,20.55
05OA007,q_lt_q20,51.6,26.05,22.45
05OA010,q_lt_q20,41.4,34.7,24.3
05OB001,q_lt_q20,43.7,30.5,25.4
05OB007,q_lt_q20,40.65,34.45,24.6
05OB010,q_lt_q20,43.5,32.45,23.75
05OB016,q_lt_q20,48.65,26.6,24.45
05OB019,q_lt_q20,38.5,31.5,29.85
05OB021,q_lt_q20,38.55,35.6,26
05OB023,q_lt_q20,44.8,30.05,24.75
05OC001,q_lt_q20,31.6,34.45,34.25
05OC004,q_lt_q20,39.4,29.85,30.85
05OC008,q_lt_q20,,,
05OC012,q_lt_q20,33.65,25.6,40.75
05OC016,q_lt_q20,27.3,31.6,41.05
05OC019,q_lt_q20,18.05,38.2,43.65
05OC022,q_lt_q20,28.3,32.15,39.25
05OC024,q_lt_q20,14.95,34.05,51
05OC029,q_lt_q20,35.75,25.45,38.75
05OD001,q_lt_q20,38.8,26.6,34.95
05OD004,q_lt_q20,72.6,15.1,12.45
05OD028,q_lt_q20,17.85,39.3,43.1
05OD034,q_lt_q20,70.65,14.55,15.05
05OE001,q_lt_q20,44.3,15.45,40.2
05OE004,q_lt_q20,69.65,17.75,13
05OE006,q_lt_q20,27.7,21.35,50.2
05OE007,q_lt_q20,46.3,22,31.95
05OE009,q_lt_q20,31.25,25.2,43.7
05OE010,q_lt_q20,21,28,50.7
05OE011,q_lt_q20,19.4,29.1,51.5
05OE014,q_lt_q20,68.95,14.6,16.45
05OE015,q_lt_q20,75.1,12.2,12.25
05OF003,q_lt_q20,46.7,24.6,28.7
05OF009,q_lt_q20,55.95,22.3,21.4
05OF011,q_lt_q20,55.95,22.45,21.7
05OF014,q_lt_q20,18,33.75,48.2
05OF017,q_lt_q20,48.8,27.45,24.4
05OF018,q_lt_q20,56.25,19.6,24.3
05OF020,q_lt_q20,15,35.25,49.85
05OF023,q_lt_q20,41.6,34.1,23.85
05OF024,q_lt_q20,23.4,29.45,47.15
05OF026,q_lt_q20,27.1,35.2,37.7
05OG001,q_lt_q20,25.5,31.75,42.9
05OG005,q_lt_q20,15.75,40.15,44.15
05OG008,q_lt_q20,24.1,32.15,44.15
05OH007,q_lt_q20,50.45,17.2,32.1
05OH009,q_lt_q20,21.25,26.55,52.2
05OJ005,q_lt_q20,,,
05OJ008,q_lt_q20,35.25,28.45,35.7
05OJ016,q_lt_q20,34.75,30.3,34.1
05OJ017,q_lt_q20,26.4,31.15,43.1
05PA006,q_lt_q20,49.95,31.65,18.4
05PA012,q_lt_q20,,,
05PB009,q_lt_q20,54.35,27.25,18.4
05PB018,q_lt_q20,51.85,31.9,16.25
05PC018,q_lt_q20,49.35,29.25,21.4
05PC019,q_lt_q20,,,
05PC022,q_lt_q20,42.05,32.35,25.85
05PC023,q_lt_q20,46.65,29.1,24.65
05PE005,q_lt_q20,41,34.2,24.65
05PE006,q_lt_q20,53.25,28.35,18.4
05PE011,q_lt_q20,59.25,23.95,16.8
05PE020,q_lt_q20,,,
05PE028,q_lt_q20,60.4,25.05,14.55
05PF063,q_lt_q20,,,
05PF068,q_lt_q20,,,
05PF069,q_lt_q20,,,
05PG001,q_lt_q20,45.75,31.2,22.35
05PH003,q_lt_q20,56.5,22.95,20.95
05PH007,q_lt_q20,63.7,18.9,16.9
05PJ001,q_lt_q20,38.55,34.4,26.85
05QA002,q_lt_q20,,,
05QA004,q_lt_q20,47.55,28.6,23.85
05QC001,q_lt_q20,60.5,25.05,14.45
05QC006,q_lt_q20,48.2,33.95,17.25
05QC007,q_lt_q20,48.25,30.35,20.55
05QD006,q_lt_q20,49.1,28.2,22.3
05QD016,q_lt_q20,41.1,34.6,25
05QE008,q_lt_q20,52.2,31.5,16.3
05QE009,q_lt_q20,52.25,28.1,19.8
05RA001,q_lt_q20,40.85,25.05,34.1
05RB003,q_lt_q20,36.7,25.35,37.65
05RC001,q_lt_q20,56.7,25.1,17.8
05RD008,q_lt_q20,36.2,37.25,26.45
05RE001,q_lt_q20,,,
05SA002,q_lt_q20,46,25.4,28.55
05SC002,q_lt_q20,21.85,27.7,50
05SD004,q_lt_q20,21.95,41.65,36.8
05SD005,q_lt_q20,33.5,33.35,33.4
05SD006,q_lt_q20,29.4,32.6,37.95
05TD001,q_lt_q20,15.4,30.65,53.95
05TE002,q_lt_q20,22.6,27.8,49.5
05TF002,q_lt_q20,24.5,26.5,49
05TG001,q_lt_q20,20.4,21.85,58
05TG002,q_lt_q20,27.5,20.95,51.55
05TG003,q_lt_q20,19.95,31.05,49
05TG006,q_lt_q20,27.55,23.35,49.6
05UA003,q_lt_q20,40.3,28.75,30.95
05UB008,q_lt_q20,,,
05UB009,q_lt_q20,,,
05UE005,q_lt_q20,,,
05UF004,q_lt_q20,39.25,26.2,33.75
05UF006,q_lt_q20,36.6,33.1,30.3
05UF007,q_lt_q20,,,
05UG001,q_lt_q20,42.55,24.75,31.9
05UH001,q_lt_q20,51.35,21.75,26.85
05UH002,q_lt_q20,51.45,24,24.85
06AA001,q_lt_q20,45.2,28.95,25.85
06AA002,q_lt_q20,44.15,29.8,26.1
06AB001,q_lt_q20,49.9,27.25,23.05
06AB002,q_lt_q20,46.95,32,21.05
06AC001,q_lt_q20,43.55,32.2,24.25
06AD001,q_lt_q20,51.4,29.65,18.95
06AD006,q_lt_q20,47.6,27.4,24.65
06AD007,q_lt_q20,42.95,33.95,22.95
06AD008,q_lt_q20,41.8,31.75,26.45
06AD009,q_lt_q20,43.1,34.9,22.45
06AD010,q_lt_q20,46.8,30.9,22.1
06AD011,q_lt_q20,55.45,27.7,17.25
06AF005,q_lt_q20,45.5,31.95,22.55
06AG001,q_lt_q20,49.85,28.55,21.9
06AG002,q_lt_q20,53,24.7,21.95
06BA002,q_lt_q20,52.05,29.25,19.1
06BB003,q_lt_q20,41.65,28.6,29.25
06BB005,q_lt_q20,49.3,25.35,24.8
06BD001,q_lt_q20,50.95,25.8,22.85
06CA001,q_lt_q20,49.55,26.6,23.85
06CC001,q_lt_q20,47.35,29.7,22.65
06CD002,q_lt_q20,,,
06DA002,q_lt_q20,40.4,34.6,24.6
06DA004,q_lt_q20,50.45,23.25,26.3
06DA005,q_lt_q20,54.2,24.95,20.4
06DC001,q_lt_q20,43.4,26.9,29.6
06DD002,q_lt_q20,34.5,31,35
06DD003,q_lt_q20,,,
06EA002,q_lt_q20,37.3,27.6,35.1
06EA006,q_lt_q20,,,
06EA011,q_lt_q20,,,
06EB004,q_lt_q20,,,
06FA001,q_lt_q20,,,
06FB001,q_lt_q20,43.85,24.25,32
06FC001,q_lt_q20,,,
06FD001,q_lt_q20,44.45,33.05,22.7
06FD002,q_lt_q20,44.5,31.3,24.6
06GD001,q_lt_q20,,,
06HB002,q_lt_q20,40.65,36.35,23.15
06JA001,q_lt_q20,49.4,31.9,18.3
06JB001,q_lt_q20,49.55,35.25,15.25
06JC002,q_lt_q20,59.5,30.8,10.15
06KB003,q_lt_q20,,,
06KC003,q_lt_q20,,,
06LA001,q_lt_q20,47,33.2,19.8
06LC001,q_lt_q20,,,
06OA007,q_lt_q20,,,
07AA001,q_lt_q20,43.15,41,15.95
07AA002,q_lt_q20,46.9,37.35,15.55
07AA007,q_lt_q20,47.35,38.95,13.2
07AC001,q_lt_q20,44.15,36.1,19.65
07AC007,q_lt_q20,41,37.15,21.9
07AC008,q_lt_q20,42.6,39.95,17.45
07AD002,q_lt_q20,45.15,37.65,16.8
07AE001,q_lt_q20,35.9,39.1,25.35
07AF002,q_lt_q20,42.45,37.6,20.2
07AF003,q_lt_q20,46.25,34.45,18.8
07AF010,q_lt_q20,44.05,35.55,20.3
07AF013,q_lt_q20,40,40.5,19.8
07AF014,q_lt_q20,42.3,38.35,19.6
07AF015,q_lt_q20,46,37.1,16.65
07AG003,q_lt_q20,43.3,36.05,21.2
07AG004,q_lt_q20,41.8,35.55,22.6
07AG007,q_lt_q20,40.05,34.65,25.4
07AG008,q_lt_q20,41.45,36.05,22.5
07AH001,q_lt_q20,47.75,28,24.2
07AH002,q_lt_q20,40.7,35.45,24
07AH003,q_lt_q20,35.35,41.6,23.15
07BA001,q_lt_q20,30.5,43.55,26.35
07BA002,q_lt_q20,44.3,37.4,18.65
07BA003,q_lt_q20,40.9,39.8,18.95
07BB002,q_lt_q20,45,30.8,24.2
07BB004,q_lt_q20,39.65,28.7,31.2
07BB005,q_lt_q20,43.7,28.65,27.8
07BB006,q_lt_q20,46.85,29.6,23.55
07BB011,q_lt_q20,36.1,35,29.2
07BB014,q_lt_q20,43.15,34.05,22.8
07BC002,q_lt_q20,45.35,29.3,25.6
07BC006,q_lt_q20,40.4,37.15,22.7
07BC007,q_lt_q20,41.2,33.25,26.15
07BE001,q_lt_q20,47.8,30.25,21.95
07BE003,q_lt_q20,47.45,27.1,25.35
07BE004,q_lt_q20,44.65,34.25,21.2
07BF001,q_lt_q20,34.95,38.05,27.55
07BF002,q_lt_q20,35.95,29.95,34.05
07BF009,q_lt_q20,37.9,34.75,27.5
07BF010,q_lt_q20,40.75,32.45,27.35
07BF905,q_lt_q20,37.15,31.25,31
07BG004,q_lt_q20,44.4,30.95,24.65
07BJ001,q_lt_q20,40.55,33.85,25.2
07BJ003,q_lt_q20,35.35,38.5,25.6
07BK001,q_lt_q20,46.55,29.2,24.65
07BK005,q_lt_q20,52.8,26.15,21.1
07BK007,q_lt_q20,52.1,25.8,22
07BK009,q_lt_q20,42.95,34.4,22.65
07CA003,q_lt_q20,46.5,31.65,21.85
07CA005,q_lt_q20,48.5,31.75,20
07CA006,q_lt_q20,50,28.4,21.6
07CA008,q_lt_q20,50.95,30.1,18.95
07CA012,q_lt_q20,50.65,26.35,23.3
07CA013,q_lt_q20,45.2,30.5,24.3
07CB002,q_lt_q20,49.85,29.35,20.45
07CD001,q_lt_q20,39.35,34.95,25.3
07CD004,q_lt_q20,43.2,32.55,24.95
07CD005,q_lt_q20,32,35.9,32.15
07CD008,q_lt_q20,52.4,27.7,19.9
07CD009,q_lt_q20,42.15,35.1,22.8
07CE002,q_lt_q20,42.65,30.1,27.35
07CE003,q_lt_q20,47.35,31,21.65
07CE005,q_lt_q20,56.3,23.35,20.35
07CE007,q_lt_q20,45.35,28.3,26.35
07CE008,q_lt_q20,42.85,31.1,25.2
07CE010,q_lt_q20,51.9,25.5,22.85
07CE013,q_lt_q20,53.5,24.2,22.35
07DA001,q_lt_q20,,,
07DA006,q_lt_q20,40.95,31.7,27.1
07DA007,q_lt_q20,42.8,33.4,24.5
07DA008,q_lt_q20,56.45,25.6,17.95
07DA018,q_lt_q20,43.15,28.5,27.65
07DA026,q_lt_q20,58.3,23.65,17.95
07DA027,q_lt_q20,44,31.8,24.9
07DA028,q_lt_q20,48.45,26.1,25.25
07DA029,q_lt_q20,46.1,27.6,26.35
07DA030,q_lt_q20,52.25,26.25,21.5
07DA032,q_lt_q20,52.2,26.55,20.95
07DA033,q_lt_q20,51.95,25.35,22.75
07DA034,q_lt_q20,53.8,25.8,20.4
07DA035,q_lt_q20,50.25,26.7,23.3
07DA037,q_lt_q20,37.9,32.65,29.45
07DA038,q_lt_q20,48.65,29.85,21.35
07DA039,q_lt_q20,41.8,32.95,26.2
07DA040,q_lt_q20,42.25,32.2,24.95
07DA041,q_lt_q20,43.15,32.4,24.9
07DA042,q_lt_q20,43.1,29.4,26.95
07DA044,q_lt_q20,53.25,23.95,22.8
07DA045,q_lt_q20,42.35,32,25.65
07DB001,q_lt_q20,39.8,34.55,25.9
07DB002,q_lt_q20,36.95,32.65,30.35
07DB003,q_lt_q20,48.5,30.85,21.5
07DB006,q_lt_q20,42.75,29.55,27.35
07DC001,q_lt_q20,42.7,29.4,27.8
07DC003,q_lt_q20,45.9,27.7,26.55
07DC004,q_lt_q20,47,30.2,22.8
07DD001,q_lt_q20,,,
07DD002,q_lt_q20,42.25,31.35,26.4
07DD003,q_lt_q20,39.5,32.9,27.6
07EA004,q_lt_q20,45.05,39.7,15.2
07EA005,q_lt_q20,50.4,35.35,14.25
07EA007,q_lt_q20,45.6,39.45,14.95
07EB002,q_lt_q20,,,
07EC002,q_lt_q20,47.75,38.2,13.8
07EC003,q_lt_q20,47.25,38.45,13.4
07EC004,q_lt_q20,47.3,38.05,13.65
07ED001,q_lt_q20,48.9,39.9,11.15
07ED003,q_lt_q20,43.35,41.8,15.25
07EE007,q_lt_q20,42.4,41.65,15.95
07EE009,q_lt_q20,40.2,39.15,20.65
07EE010,q_lt_q20,41.2,40.4,18.55
07EF004,q_lt_q20,40.65,41.8,17.8
07FA003,q_lt_q20,38.55,36.6,25.35
07FA004,q_lt_q20,35.95,39.95,23.8
07FA005,q_lt_q20,37.75,36.2,26.05
07FA006,q_lt_q20,42.8,30.4,26.35
07FB001,q_lt_q20,35.8,31.75,31.65
07FB002,q_lt_q20,38.75,36,24.95
07FB003,q_lt_q20,39.3,40.3,20.9
07FB004,q_lt_q20,35.9,40.55,23.95
07FB006,q_lt_q20,43.3,39.85,16.95
07FB008,q_lt_q20,34.65,34.2,31.05
07FB009,q_lt_q20,39,42.6,18.4
07FC001,q_lt_q20,39.35,29.1,31.8
07FC003,q_lt_q20,37.2,31.1,32.05
07FD001,q_lt_q20,37.4,33.35,29.25
07FD002,q_lt_q20,35.1,39.95,24.95
07FD003,q_lt_q20,37.25,31.7,31.7
07FD006,q_lt_q20,39.85,28.7,31.45
07FD007,q_lt_q20,38.2,30.4,31.2
07FD009,q_lt_q20,34.35,32.9,33.45
07FD010,q_lt_q20,,,
07FD011,q_lt_q20,35.75,28.6,36.05
07FD012,q_lt_q20,40.3,31.55,28.15
07FD013,q_lt_q20,39.7,29,31.3
07FD019,q_lt_q20,35.45,37.95,26.95
07FD020,q_lt_q20,31.75,29.5,39.3
07FD908,q_lt_q20,25.55,37.1,37.2
07FD910,q_lt_q20,25.75,38.55,35.15
07GA001,q_lt_q20,42,43.1,15.7
07GA002,q_lt_q20,40.95,40.55,18.5
07GB001,q_lt_q20,40.15,39.65,20.2
07GB003,q_lt_q20,39.6,37.45,23.65
07GC002,q_lt_q20,46.9,35.4,17.9
07GD001,q_lt_q20,36,31.95,32.3
07GD004,q_lt_q20,44,31.45,23.85
07GE001,q_lt_q20,40.05,35.3,24.8
07GE002,q_lt_q20,27.15,39.8,33.35
07GE003,q_lt_q20,26.55,39.85,34.45
07GE007,q_lt_q20,36.75,32.35,30.45
07GF001,q_lt_q20,40.2,29.85,30.05
07GF008,q_lt_q20,37.95,39.95,21.95
07GG001,q_lt_q20,39.9,34.5,25.65
07GG002,q_lt_q20,37.35,36.2,26.25
07GG003,q_lt_q20,36.95,36.9,25.75
07GH002,q_lt_q20,36.5,31.15,32.35
07GH004,q_lt_q20,37.4,33.85,28.8
07GJ001,q_lt_q20,29.7,32.2,38.3
07HA001,q_lt_q20,35.8,33.8,30.25
07HA003,q_lt_q20,42.1,24.65,33.05
07HA005,q_lt_q20,33.95,31.15,34.75
07HA914,q_lt_q20,33.7,31.35,35.05
07HB001,q_lt_q20,42.8,29,28.9
07HC001,q_lt_q20,39.25,29.55,31.2
07HC002,q_lt_q20,39.85,27.95,32.2
07HC907,q_lt_q20,33.1,31.75,34.95
07HF001,q_lt_q20,31.4,37.1,31.8
07HF002,q_lt_q20,27.65,31.85,40.5
07JA003,q_lt_q20,50.95,25,24.35
07JC001,q_lt_q20,44.25,27.95,28.2
07JC002,q_lt_q20,42.2,30.15,27.75
07JC003,q_lt_q20,42.75,29.15,28.8
07JD002,q_lt_q20,43.25,28.25,28.5
07JD003,q_lt_q20,37.1,31.95,30.95
07JD004,q_lt_q20,31.1,35.75,33.5
07JF002,q_lt_q20,33.55,36.5,29.25
07JF003,q_lt_q20,32.8,36,31.2
07JF005,q_lt_q20,34.55,30.25,35.05
07KC001,q_lt_q20,26.55,37.95,35.6
07KE001,q_lt_q20,32.95,30.65,36.65
07KF015,q_lt_q20,34.85,33.5,30.95
07LE002,q_lt_q20,36.65,29.2,34
07MA003,q_lt_q20,,,
07MB001,q_lt_q20,53.35,27.4,19.25
07NB001,q_lt_q20,,,
07OA001,q_lt_q20,34.3,31.1,35
07OB003,q_lt_q20,29.55,32.95,37.5
07OB004,q_lt_q20,28.4,32.55,38.65
07OB006,q_lt_q20,36.5,29.95,33.6
07OB008,q_lt_q20,34.9,33.05,31.65
07OC001,q_lt_q20,37.25,27.8,34.9
07QC005,q_lt_q20,53.2,29.05,17.6
07QC006,q_lt_q20,53.9,26.55,19.85
07QC007,q_lt_q20,48.5,26.05,25.55
07QC008,q_lt_q20,,,
07QD007,q_lt_q20,48.3,27.8,23.85
07RB001,q_lt_q20,57.2,31.25,11.4
07RD001,q_lt_q20,53.7,27.45,18.55
07SA002,q_lt_q20,,,
07SA004,q_lt_q20,,,
07SA008,q_lt_q20,52.5,34.35,12.75
07SB002,q_lt_q20,51.65,33.5,15
07SB003,q_lt_q20,44.1,31.75,24.15
07SB010,q_lt_q20,50.05,32.9,17.4
07SB013,q_lt_q20,43.85,32.05,24.1
07SB020,q_lt_q20,42.25,37.2,20.3
07SC001,q_lt_q20,,,
07SC004,q_lt_q20,,,
08AA003,q_lt_q20,48.7,36.5,14.25
08AA011,q_lt_q20,56.7,29.7,13.6
08AB001,q_lt_q20,46.75,44,9.1
08AC001,q_lt_q20,53.5,34.9,11.3
08AC002,q_lt_q20,57.75,33.8,8.9
08BB005,q_lt_q20,60.1,32.7,7.3
08CD001,q_lt_q20,43.55,41.6,15.25
08CE001,q_lt_q20,46.2,38.05,15.4
08CE005,q_lt_q20,43.7,40.65,16.3
08CF003,q_lt_q20,67.75,25.8,6.45
08CG001,q_lt_q20,59.15,31.85,9
08DA005,q_lt_q20,54.7,38.45,6.85
08DA012,q_lt_q20,46.55,46,7.45
08DB001,q_lt_q20,55.45,31.1,13.45
08DB013,q_lt_q20,59.35,31.2,9.4
08EB003,q_lt_q20,41.35,41.1,17.1
08EB004,q_lt_q20,47.35,39.1,13.55
08EB005,q_lt_q20,50.8,39.5,9.45
08EC001,q_lt_q20,44.15,41.9,13.85
08EC004,q_lt_q20,46.95,39.4,13.5
08EC013,q_lt_q20,43.7,41.9,14.4
08EC014,q_lt_q20,48.4,38.15,13.45
08ED001,q_lt_q20,,,
08ED002,q_lt_q20,52.7,37.05,10.25
08ED004,q_lt_q20,49.1,39.5,11.4
08EE003,q_lt_q20,39.75,42.55,17.7
08EE004,q_lt_q20,38.45,43.65,17.9
08EE005,q_lt_q20,40.75,40.7,18.85
08EE008,q_lt_q20,43.25,42.35,14.8
08EE012,q_lt_q20,41.05,43.55,15.75
08EE013,q_lt_q20,42.35,38.85,18.5
08EE020,q_lt_q20,46.55,42.35,10.55
08EE025,q_lt_q20,52.6,36.2,11.4
08EF001,q_lt_q20,,,
08EF005,q_lt_q20,59.7,32.95,6.8
08EF006,q_lt_q20,47.25,39.9,12.8
08EG012,q_lt_q20,67.7,28.45,4.7
08EG018,q_lt_q20,53.95,37.9,8.4
08EG019,q_lt_q20,57.2,32.25,10.3
08FA002,q_lt_q20,,,
08FB004,q_lt_q20,56.05,34.1,9.85
08FB006,q_lt_q20,54.8,34.2,11.25
08FB011,q_lt_q20,56.5,32.1,11.25
08FC003,q_lt_q20,47.7,37.85,14.3
08FE002,q_lt_q20,62.9,29.8,7.85
08FE003,q_lt_q20,64.6,29.45,6
08FF001,q_lt_q20,54.6,32,13.85
08FF002,q_lt_q20,59.05,29.85,11
08FF003,q_lt_q20,54.55,34.65,10.8
08FF006,q_lt_q20,57.95,34.65,7.75
08GA010,q_lt_q20,59.05,33.65,7.3
08GA022,q_lt_q20,,,
08GA026,q_lt_q20,65.15,31.7,3.15
08GA030,q_lt_q20,53.2,37.5,9.3
08GA043,q_lt_q20,61.6,29.7,8.7
08GA061,q_lt_q20,52.2,36.55,11.25
08GA071,q_lt_q20,69.15,28.15,2.7
08GA072,q_lt_q20,58.85,30.75,10.4
08GA075,q_lt_q20,61.15,28.15,10.7
08GA076,q_lt_q20,,,
08GA077,q_lt_q20,63.85,31.45,4.7
08GA079,q_lt_q20,57.65,35.25,7.1
08GB013,q_lt_q20,63.15,29.85,7
08GB014,q_lt_q20,54.75,36.4,8.85
08GC005,q_lt_q20,56.05,33.55,10.4
08GC006,q_lt_q20,56.35,34.6,9
08GC007,q_lt_q20,56.35,34.6,9
08GC008,q_lt_q20,51.9,37.55,10.75
08GD004,q_lt_q20,62.95,27.65,9.4
08GD008,q_lt_q20,43.8,39,16.95
08GD010,q_lt_q20,59.6,28.3,12.1
08GE002,q_lt_q20,61.75,29.7,8.15
08GE003,q_lt_q20,59.6,31.65,8.25
08GF007,q_lt_q20,59.55,31.75,9
08HA001,q_lt_q20,56.2,30.55,13.25
08HA002,q_lt_q20,49.05,35.25,15.55
08HA003,q_lt_q20,51.95,34.25,13.8
08HA010,q_lt_q20,50.7,38.6,11.2
08HA011,q_lt_q20,53.5,30.55,15.95
08HA016,q_lt_q20,50.7,32.15,17.2
08HA068,q_lt_q20,51.3,35.9,12.55
08HA069,q_lt_q20,53.6,34.45,11.8
08HA070,q_lt_q20,52.25,35.4,12
08HA072,q_lt_q20,53.6,36.4,10.4
08HB006,q_lt_q20,54.9,35.1,10
08HB008,q_lt_q20,48.55,32.4,19.2
08HB011,q_lt_q20,45.05,39.75,15.4
08HB017,q_lt_q20,50,32.85,17.25
08HB022,q_lt_q20,52.3,34.3,13.4
08HB023,q_lt_q20,51.9,37.15,11.8
08HB025,q_lt_q20,47,43.1,9.7
08HB034,q_lt_q20,49.35,36,14.25
08HB041,q_lt_q20,56.3,32.1,11.7
08HB048,q_lt_q20,49.05,37.1,13.75
08HB074,q_lt_q20,51.6,37.7,10.7
08HB075,q_lt_q20,47,42.4,10
08HB084,q_lt_q20,47,41.9,11.1
08HB086,q_lt_q20,50.1,38.3,11.6
08HB092,q_lt_q20,50.95,35,14
08HC001,q_lt_q20,52,40,8.3
08HC006,q_lt_q20,53.15,37.75,8.7
08HD005,q_lt_q20,51,37.4,11.9
08HD006,q_lt_q20,51.5,35.45,13.3
08HD007,q_lt_q20,54.7,35.75,9.55
08HD011,q_lt_q20,46.85,42.9,10.05
08HD018,q_lt_q20,50.45,39.85,10
08HD021,q_lt_q20,51,39.4,9.4
08HD023,q_lt_q20,45.5,40.85,13.5
08HD026,q_lt_q20,59.5,33.4,7.1
08HD027,q_lt_q20,50.6,39.6,9.95
08HD035,q_lt_q20,57.2,34.65,7.6
08HE001,q_lt_q20,48.15,41,10.85
08HE006,q_lt_q20,51.15,35.55,13.5
08HE008,q_lt_q20,55.05,37.6,8.05
08HE009,q_lt_q20,44.05,40.4,15.5
08HF004,q_lt_q20,53.05,38.25,9
08HF005,q_lt_q20,53.45,35.4,11.15
08HF006,q_lt_q20,50.4,37.85,12.35
08HF012,q_lt_q20,59.1,30.9,10.1
08HF013,q_lt_q20,43.05,40.2,16.75
08HF014,q_lt_q20,47.3,36.1,17
08HF015,q_lt_q20,53.6,34.95,11.55
08JA013,q_lt_q20,48.2,39.05,12.65
08JA015,q_lt_q20,57.8,33.65,8.4
08JA017,q_lt_q20,44.4,38.6,17.1
08JA029,q_lt_q20,45.55,42.15,12.3
08JB002,q_lt_q20,,,
08JB003,q_lt_q20,44.9,37.95,16.65
08JB008,q_lt_q20,48.15,35.5,16.85
08JB013,q_lt_q20,43.4,41.5,15.5
08JC001,q_lt_q20,41.55,39.1,19.25
08JC002,q_lt_q20,43.45,39.85,16.65
08JD006,q_lt_q20,42.3,42.7,15
08JE001,q_lt_q20,43.45,41.6,15.1
08JE004,q_lt_q20,43.95,38.7,17.35
08KA001,q_lt_q20,51.6,41.1,7.75
08KA004,q_lt_q20,35.2,43.4,20.95
08KA005,q_lt_q20,38.45,40.9,21.05
08KA007,q_lt_q20,48.95,40.1,11.35
08KA013,q_lt_q20,46.25,38.8,14.8
08KB001,q_lt_q20,36.2,41.55,22.25
08KB003,q_lt_q20,40.5,43.55,16.35
08KB006,q_lt_q20,50,39.3,10.85
08KC001,q_lt_q20,38.35,40.3,21.75
08KD007,q_lt_q20,43.05,38,18.5
08KE016,q_lt_q20,36.5,42.75,20.75
08KE024,q_lt_q20,42.2,41,16.95
08KG001,q_lt_q20,40.45,43.3,15.8
08KH001,q_lt_q20,50.6,38.45,11
08KH006,q_lt_q20,,,
08KH019,q_lt_q20,37.7,45.4,16.45
08KH030,q_lt_q20,52.15,38.15,9.85
08KH031,q_lt_q20,46.15,39.05,14.95
08LA001,q_lt_q20,47.6,40,12.95
08LA027,q_lt_q20,43,41.35,15.25
08LB020,q_lt_q20,37.4,42.5,19.55
08LB024,q_lt_q20,41.2,40.65,18.1
08LB038,q_lt_q20,49.25,40.2,10.9
08LB047,q_lt_q20,38.5,44.8,16.7
08LB064,q_lt_q20,43.05,41.8,14.65
08LB069,q_lt_q20,44.85,42.65,12.8
08LB072,q_lt_q20,38.5,40.3,21.15
08LB076,q_lt_q20,50.5,38.1,11.45
08LB078,q_lt_q20,34.95,46.75,18.7
08LC002,q_lt_q20,42.6,41.4,16
08LC003,q_lt_q20,44.5,43.4,12.15
08LC018,q_lt_q20,47.85,43.75,8.4
08LC039,q_lt_q20,36.6,48.25,15.15
08LC040,q_lt_q20,32.95,48.65,17.85
08LC042,q_lt_q20,35.2,43.5,21.45
08LD001,q_lt_q20,48.6,41,10.25
08LE020,q_lt_q20,37.5,45.8,16.85
08LE021,q_lt_q20,32.8,44.05,23
08LE024,q_lt_q20,47.6,41.85,11.1
08LE027,q_lt_q20,55.7,35.75,8.55
08LE031,q_lt_q20,50.8,35.3,14.4
08LE077,q_lt_q20,45.55,41.25,13
08LE108,q_lt_q20,47.45,42.7,9.4
08LE112,q_lt_q20,37.5,43.15,19.25
08LF002,q_lt_q20,40.05,38.55,20.85
08LF007,q_lt_q20,44.8,36.85,18.25
08LF027,q_lt_q20,39.35,40.4,20.55
08LF033,q_lt_q20,38.4,39.75,21.45
08LF051,q_lt_q20,44.85,37.45,17.6
08LF094,q_lt_q20,43.75,40.45,15.95
08LF099,q_lt_q20,40.9,36.95,22.4
08LF100,q_lt_q20,46.8,37.55,16.1
08LG008,q_lt_q20,46.2,36.95,16.65
08LG009,q_lt_q20,53.35,34.9,11.75
08LG010,q_lt_q20,39.35,40,21.1
08LG016,q_lt_q20,56.2,35.25,8.55
08LG017,q_lt_q20,41.5,37.2,21.3
08LG028,q_lt_q20,40.6,39.95,19.55
08LG041,q_lt_q20,45.7,41.6,13.4
08LG048,q_lt_q20,54.9,34.7,10.95
08LG056,q_lt_q20,57.25,32.25,10.2
08LG065,q_lt_q20,41.3,39.55,19.05
08LG070,q_lt_q20,49.35,38.15,12.55
08MA001,q_lt_q20,48.6,35.45,16.4
08MA002,q_lt_q20,,,
08MA003,q_lt_q20,50.6,37.7,11.95
08MA006,q_lt_q20,54.65,32.45,12.95
08MB006,q_lt_q20,49.75,34.7,15.45
08MB007,q_lt_q20,48.8,39.45,11.7
08MB012,q_lt_q20,44.8,38.25,17.15
08MC018,q_lt_q20,,,
08MC040,q_lt_q20,38,39.1,23.5
08MC045,q_lt_q20,39.8,40.9,19.8
08MC049,q_lt_q20,29,45.8,24.5
08MD013,q_lt_q20,39.25,38.7,21.55
08MD035,q_lt_q20,49.5,37.35,13.15
08ME002,q_lt_q20,51.65,35.65,12.85
08ME003,q_lt_q20,,,
08ME023,q_lt_q20,60.75,31.75,7.7
08ME025,q_lt_q20,52.95,35.85,11
08ME027,q_lt_q20,57.05,38.25,4.7
08ME028,q_lt_q20,60.7,34.3,5
08ME029,q_lt_q20,55,37.45,7.55
08MF005,q_lt_q20,,,
08MF035,q_lt_q20,51.25,31.9,16.85
08MF040,q_lt_q20,,,
08MF062,q_lt_q20,59.85,34.85,5.3
08MF065,q_lt_q20,61.25,32.3,6.6
08MF068,q_lt_q20,60.25,31.75,8
08MG001,q_lt_q20,55.7,35.6,8.7
08MG005,q_lt_q20,61.55,31.3,7.25
08MG013,q_lt_q20,,,
08MG025,q_lt_q20,55.15,34.25,10.7
08MG026,q_lt_q20,57.85,32.75,9.4
08MG027,q_lt_q20,,,
08MG028,q_lt_q20,62.05,31.6,6.85
08MH001,q_lt_q20,48.65,35.8,15.7
08MH002,q_lt_q20,52.2,30.95,16.25
08MH005,q_lt_q20,62.35,28.05,9.85
08MH006,q_lt_q20,61.1,28.85,10.65
08MH016,q_lt_q20,65.4,26.85,7.75
08MH024,q_lt_q20,,,
08MH029,q_lt_q20,48.4,36.35,15.25
08MH056,q_lt_q20,54.5,34,11.45
08MH076,q_lt_q20,47.9,37,14.85
08MH090,q_lt_q20,56.5,31.55,11.95
08MH098,q_lt_q20,52.8,33,14.2
08MH103,q_lt_q20,55.05,34.1,10.85
08MH126,q_lt_q20,51.75,31.2,16.55
08MH141,q_lt_q20,67.3,29.25,3.85
08MH147,q_lt_q20,63,30.45,6.55
08MH152,q_lt_q20,39.5,44.35,15.95
08MH153,q_lt_q20,44.4,41.35,14.1
08MH155,q_lt_q20,54.65,32.15,13.55
08MH156,q_lt_q20,43,40.4,16.3
08MH166,q_lt_q20,61.8,32.9,5.3
08MH168,q_lt_q20,55.85,37.15,6.85
08NA002,q_lt_q20,46.55,42.25,11.35
08NA006,q_lt_q20,44.7,40.55,14.7
08NA011,q_lt_q20,52.7,36.3,10.7
08NB005,q_lt_q20,48.95,41.65,9.55
08NB012,q_lt_q20,49.85,39.3,10.65
08NB014,q_lt_q20,51.8,41.2,7
08NB016,q_lt_q20,49.9,39.6,10.45
08NB020,q_lt_q20,51.05,40.1,8.8
08NB021,q_lt_q20,49.5,41.35,9
08NC004,q_lt_q20,43.95,42.9,13.15
08ND012,q_lt_q20,45.3,42.55,12.25
08ND013,q_lt_q20,53.15,39,7.85
08ND021,q_lt_q20,54,38.15,7.85
08ND025,q_lt_q20,61.05,32.2,6.7
08NE006,q_lt_q20,58.95,34.1,7.2
08NE008,q_lt_q20,53.05,38.5,8.55
08NE039,q_lt_q20,47.3,45.15,6.95
08NE049,q_lt_q20,,,
08NE058,q_lt_q20,41.8,46.2,12.25
08NE074,q_lt_q20,45.8,44.65,8.85
08NE087,q_lt_q20,52.15,38.3,9.7
08NE110,q_lt_q20,57.1,35.5,7.4
08NE114,q_lt_q20,53.3,39.15,7.4
08NE123,q_lt_q20,48.85,40.6,10.4
08NE126,q_lt_q20,,,
08NE130,q_lt_q20,51.75,38.9,9.4
08NF001,q_lt_q20,43.35,41.1,15.25
08NG002,q_lt_q20,42.65,44.5,13.1
08NG065,q_lt_q20,42.2,41.2,16.75
08NG076,q_lt_q20,49.05,39.05,11.8
08NG077,q_lt_q20,47.95,41.6,10.4
08NH005,q_lt_q20,47.3,42.35,9.7
08NH006,q_lt_q20,43.5,44.6,11.7
08NH007,q_lt_q20,48.55,39.9,12
08NH016,q_lt_q20,44.55,43,12.25
08NH021,q_lt_q20,,,
08NH032,q_lt_q20,44.65,43.1,12.3
08NH084,q_lt_q20,45.85,43.75,9.95
08NH115,q_lt_q20,44.2,44.55,10.85
08NH118,q_lt_q20,52.65,36.45,10.85
08NH119,q_lt_q20,52.65,38.8,8.7
08NH126,q_lt_q20,,,
08NH132,q_lt_q20,57.65,33.05,9
08NH138,q_lt_q20,49.75,40.7,9.4
08NH139,q_lt_q20,46.85,39.35,13.25
08NJ013,q_lt_q20,54.35,37.55,7.65
08NJ026,q_lt_q20,53.9,38.7,7
08NJ061,q_lt_q20,57.45,36.75,5.4
08NJ130,q_lt_q20,46.35,43.4,10.4
08NJ158,q_lt_q20,,,
08NJ160,q_lt_q20,50.15,39.3,10.1
08NK002,q_lt_q20,42.35,42.55,14.95
08NK016,q_lt_q20,42.75,42.25,15
08NK018,q_lt_q20,49.85,37.6,12.55
08NK022,q_lt_q20,42.85,40,17.1
08NK026,q_lt_q20,43.45,42.5,13.1
08NK030,q_lt_q20,42.95,43.15,13.7
08NL004,q_lt_q20,51.95,35,13.1
08NL007,q_lt_q20,48.25,36.45,15.45
08NL022,q_lt_q20,41.55,38.05,20
08NL024,q_lt_q20,47.1,36.55,16.85
08NL038,q_lt_q20,54.15,33.85,12.1
08NL039,q_lt_q20,57.75,36.85,5.4
08NL045,q_lt_q20,48.8,37.2,14
08NL050,q_lt_q20,45.3,37.6,17.25
08NL069,q_lt_q20,60.3,33.35,6.35
08NL070,q_lt_q20,56.4,35.3,8.3
08NL071,q_lt_q20,63.9,31.85,4.25
08NL076,q_lt_q20,56.85,34.7,8.7
08NM002,q_lt_q20,44.8,39.55,16.3
08NM037,q_lt_q20,44.05,40.7,15.6
08NM050,q_lt_q20,50.2,36.6,13.15
08NM065,q_lt_q20,33.85,45.5,20.8
08NM085,q_lt_q20,46.95,38.3,14.6
08NM116,q_lt_q20,38.95,44.35,16.05
08NM127,q_lt_q20,36.5,43.9,19.6
08NM134,q_lt_q20,55.15,36.75,8.25
08NM146,q_lt_q20,49.65,38.95,11.4
08NM158,q_lt_q20,49.9,39.2,10.85
08NM160,q_lt_q20,34.8,42.45,22.75
08NM165,q_lt_q20,48.25,39.15,12.6
08NM171,q_lt_q20,56.35,35.95,7.7
08NM172,q_lt_q20,49.85,40.2,9.95
08NM173,q_lt_q20,56.55,37.05,6.4
08NM174,q_lt_q20,51.25,40.35,8.9
08NM200,q_lt_q20,45.1,38.65,16
08NM232,q_lt_q20,53.9,39.35,7.1
08NM240,q_lt_q20,58.5,34.45,7.05
08NM241,q_lt_q20,55.3,37.15,7.55
08NM242,q_lt_q20,55.75,37.65,6.7
08NM247,q_lt_q20,46.65,37.35,16.45
08NM248,q_lt_q20,33.85,44.05,22.1
08NN002,q_lt_q20,39.8,43.5,16.85
08NN003,q_lt_q20,44.25,43.3,12.25
08NN012,q_lt_q20,47.9,39.85,12.25
08NN013,q_lt_q20,39.8,41.8,18.25
08NN015,q_lt_q20,52.9,38.4,8.7
08NN019,q_lt_q20,51.7,36.95,11.25
08NN023,q_lt_q20,51.7,39.7,8.6
08NN026,q_lt_q20,43.95,41.3,14.3
08NN028,q_lt_q20,48.75,42.25,8.4
08NP001,q_lt_q20,42.45,43.95,14
08NP003,q_lt_q20,43.65,42.05,14.7
08OA003,q_lt_q20,49.7,36.9,13.35
08OA004,q_lt_q20,55.8,33.9,10.15
08OA005,q_lt_q20,54.85,34.4,10.55
08OB002,q_lt_q20,47.55,41,11.7
08PA012,q_lt_q20,65.9,29.4,4.55
09AA006,q_lt_q20,,,
09AA013,q_lt_q20,51.25,35,14
09AB001,q_lt_q20,,,
09AC001,q_lt_q20,51.05,32.75,16.25
09AC007,q_lt_q20,61.4,27.3,11.7
09AD002,q_lt_q20,58.45,26.7,14.55
09AE003,q_lt_q20,55.55,30.75,13.75
09AE006,q_lt_q20,57.3,30.35,11.8
09AG001,q_lt_q20,47.05,38.2,14.85
09AH001,q_lt_q20,43.25,39.6,17.3
09AH003,q_lt_q20,41,47.25,11.55
09AH004,q_lt_q20,44.25,41.2,13.85
09AH005,q_lt_q20,52.45,36.35,10.85
09BA001,q_lt_q20,49.95,36.1,13.8
09BB001,q_lt_q20,49.4,34.85,15.85
09BC001,q_lt_q20,,,
09BC004,q_lt_q20,,,
09CA002,q_lt_q20,44,42.5,13.7
09CA004,q_lt_q20,52.55,36.3,10.95
09CA006,q_lt_q20,44.85,43.6,12.15
09CB001,q_lt_q20,47,41.5,12.05
09CD001,q_lt_q20,,,
09DA001,q_lt_q20,50.25,34.85,14.85
09DB001,q_lt_q20,48.75,39.2,12.2
09DD003,q_lt_q20,38.4,48.4,13
09DD004,q_lt_q20,48.95,41.05,10.55
09EA003,q_lt_q20,44.15,44.05,12.1
09EA004,q_lt_q20,40.3,49.35,10.35
09EA005,q_lt_q20,44.7,40.55,15
09EB003,q_lt_q20,39.7,48.4,12.2
09EB004,q_lt_q20,44.15,45.65,10.2
09ED001,q_lt_q20,40.35,46.2,12.6
09FA001,q_lt_q20,41.45,45.35,13.55
09FB002,q_lt_q20,31.9,49.8,18.3
09FB003,q_lt_q20,22.9,49.55,27.3
09FC001,q_lt_q20,43.4,42.35,13.95
09FD002,q_lt_q20,38.4,46.3,15.15
10AA001,q_lt_q20,,,
10AA004,q_lt_q20,55.7,32.65,11.95
10AA005,q_lt_q20,61.7,26.2,12.15
10AA006,q_lt_q20,55.3,34.45,10.2
10AB001,q_lt_q20,59.25,30.05,10.85
10AC005,q_lt_q20,56.5,34.35,9.15
10AD002,q_lt_q20,59.15,29.15,11.7
10BD001,q_lt_q20,47.2,35.2,17.55
10BE001,q_lt_q20,49.85,32.15,18
10BE004,q_lt_q20,52.45,33.35,14
10BE007,q_lt_q20,49.65,35.45,15.25
10BE009,q_lt_q20,47.7,35.7,16.4
10BE013,q_lt_q20,52.55,30.9,16
10CA001,q_lt_q20,36.15,29.9,34.35
10CB001,q_lt_q20,40.65,36.85,22.4
10CD001,q_lt_q20,,,
10CD003,q_lt_q20,40.75,30.2,29.05
10CD004,q_lt_q20,42.8,35.7,21.5
10CD005,q_lt_q20,46.35,31.7,22.35
10DA001,q_lt_q20,32.8,34.4,33.05
10DB001,q_lt_q20,32.2,38.15,29.35
10EA003,q_lt_q20,49.8,39.5,10.3
10EB001,q_lt_q20,51.55,35.15,12.8
10EC003,q_lt_q20,54.4,33.9,11.15
10ED001,q_lt_q20,,,
10ED002,q_lt_q20,38.65,34.45,26.9
10ED003,q_lt_q20,41.15,34.85,23.7
10ED007,q_lt_q20,40.7,30.95,27.95
10ED009,q_lt_q20,41.7,32.85,25.4
10ED010,q_lt_q20,40,35.85,24.25
10FA002,q_lt_q20,51.65,27.4,20.5
10FB001,q_lt_q20,41.5,30.2,28.3
10FB005,q_lt_q20,40.8,36.85,22.4
10FB006,q_lt_q20,35.95,39.05,24.85
10GA001,q_lt_q20,39.35,41.5,19.15
10GB006,q_lt_q20,37.95,41.9,20
10GC001,q_lt_q20,42.45,30.7,26.85
10GC003,q_lt_q20,45.2,29.8,25
10GD001,q_lt_q20,52.35,33.7,14.15
10GD002,q_lt_q20,37.35,46.95,15.7
10HA004,q_lt_q20,,,
10HB005,q_lt_q20,43.65,38.6,17.6
10HC008,q_lt_q20,38.05,43.35,18.6
10JB001,q_lt_q20,49.45,32,18.85
10JD002,q_lt_q20,49.45,34.1,16.55
10KA001,q_lt_q20,,,
10KA006,q_lt_q20,41.55,41.85,16.45
10KA007,q_lt_q20,45.6,35.65,18.85
10KA008,q_lt_q20,42.45,43.55,14.15
10KA009,q_lt_q20,47.5,36.95,15.75
10KB001,q_lt_q20,39.5,43.7,17.25
10KC001,q_lt_q20,43.65,44.15,12.2
10KD009,q_lt_q20,44.9,39.55,15.15
10LA002,q_lt_q20,38.9,42.25,18.85
10LB004,q_lt_q20,46.7,36.55,17.05
10LB005,q_lt_q20,53.65,29.5,16.85
10LB006,q_lt_q20,41.95,42.8,15.45
10LB007,q_lt_q20,42.95,33.9,23
10LC002,q_lt_q20,23.25,47,29.75
10LC003,q_lt_q20,36.35,41.7,21.8
10LC007,q_lt_q20,40.3,38.55,21.6
10LC017,q_lt_q20,38.45,36.6,25.15
10LD004,q_lt_q20,51.95,33.95,14.25
10MA001,q_lt_q20,37.35,46.25,15.45
10MA002,q_lt_q20,43.55,42.1,14
10MA003,q_lt_q20,51.35,34.1,14.3
10MA005,q_lt_q20,,,
10MB003,q_lt_q20,41.9,42.75,15.6
10MB004,q_lt_q20,44.8,41.35,14.15
10MC002,q_lt_q20,38.95,44.45,17.3
10MC007,q_lt_q20,37.75,40.8,21.7
10MC008,q_lt_q20,,,
10MD001,q_lt_q20,31.25,47.35,21.3
10MD002,q_lt_q20,31.45,46.1,22.85
10NB001,q_lt_q20,48.25,36.2,16.45
10NC001,q_lt_q20,36.4,43.35,20.8
10ND002,q_lt_q20,22.85,40.95,36.45
10ND004,q_lt_q20,36.25,38.15,26.15
10OB001,q_lt_q20,,,
10PA001,q_lt_q20,,,
10PA002,q_lt_q20,,,
10PB001,q_lt_q20,,,
10PC004,q_lt_q20,56.5,30.7,12.85
10PC005,q_lt_q20,,,
10QA001,q_lt_q20,49.35,34.9,15.6
10QC001,q_lt_q20,54,37.15,9
10QD001,q_lt_q20,,,
10RA001,q_lt_q20,53.3,35.25,11.45
10RA002,q_lt_q20,49.2,32.25,18.55
10RC001,q_lt_q20,,,
10RC002,q_lt_q20,,,
10TA001,q_lt_q20,57.8,27.95,14.1
10UH001,q_lt_q20,49.45,32.95,17.2
10UH002,q_lt_q20,49.6,33.95,17.05
10UH012,q_lt_q20,44.85,34.8,20.1
10VK001,q_lt_q20,59.95,24.8,15.2
11AA001,q_lt_q20,34.55,36.7,28.75
11AA005,q_lt_q20,36.55,34.1,28.7
11AA025,q_lt_q20,34.8,38.1,27.55
11AA028,q_lt_q20,38,34.35,27.55
11AA029,q_lt_q20,32.7,39.2,28.7
11AA031,q_lt_q20,34.5,36.75,29.3
11AA032,q_lt_q20,37.55,35.95,26.8
11AA038,q_lt_q20,37.95,36.85,24.9
11AB009,q_lt_q20,37.8,33.8,27.55
11AB018,q_lt_q20,33.25,34.9,31.7
11AB027,q_lt_q20,36.1,34.75,28.6
11AB044,q_lt_q20,31.3,36.75,32.35
11AB058,q_lt_q20,30.3,38.9,30.95
11AB060,q_lt_q20,40.55,32.6,26.75
11AB077,q_lt_q20,38.15,32.45,29.4
11AB078,q_lt_q20,34.85,34.75,29.6
11AB082,q_lt_q20,38.55,33.9,28
11AB083,q_lt_q20,35.7,33.5,30.75
11AB084,q_lt_q20,37.95,33.9,28.15
11AB096,q_lt_q20,33.75,34.9,30.5
11AB101,q_lt_q20,33.55,35.3,31.55
11AB102,q_lt_q20,39.25,36.55,24.3
11AB108,q_lt_q20,38.3,34.9,26.85
11AB117,q_lt_q20,37.65,38.1,23.85
11AB118,q_lt_q20,32.7,37.45,30.15
11AC017,q_lt_q20,36.5,34.45,28.65
11AC025,q_lt_q20,36.55,35.9,27.45
11AC041,q_lt_q20,31.8,37.5,31.15
11AC052,q_lt_q20,35.15,37.4,27.15
11AC054,q_lt_q20,41.2,32.65,26.15
11AC060,q_lt_q20,33.7,33.45,32.15
11AC064,q_lt_q20,33.35,35.95,31.4
11AC065,q_lt_q20,44.5,30.25,24.85
11AC066,q_lt_q20,36.5,36.25,27.8
11AC068,q_lt_q20,39.35,32.2,28.55
11AE003,q_lt_q20,33.7,33.9,31.75
11AE008,q_lt_q20,41.4,29.05,28.7
11AE009,q_lt_q20,36.2,32.05,32.65
11AE010,q_lt_q20,38.4,35.6,26
11AE014,q_lt_q20,34.65,36.75,29.45
11AE015,q_lt_q20,33.1,35.35,30.85
1001001,q_lt_q20,46.5,29.8,23.55
1001002,q_lt_q20,54,24.25,22.45
1001003,q_lt_q20,54.05,25.7,20.25
10100002,q_lt_q20,50.6,27.9,21.65
10100006,q_lt_q20,55.15,23.95,21.6
10102001,q_lt_q20,45.65,30.25,24.2
10111001,q_lt_q20,40.2,29.25,30.45
10121001,q_lt_q20,46.35,29.8,24.5
10122001,q_lt_q20,34.3,41.05,24.7
10122003,q_lt_q20,35.95,33.7,30.65
10133000,q_lt_q20,37.65,36.75,25.4
10134001,q_lt_q20,39.7,35.15,25.35
10137001,q_lt_q20,39.4,39.3,21.3
10142003,q_lt_q20,41.1,27.8,30.8
1020002,q_lt_q20,51.3,27.3,21.4
1020003,q_lt_q20,51.65,29.15,19.2
1021001,q_lt_q20,54.15,26.3,19.4
1021002,q_lt_q20,51.9,26.6,21.45
10304001,q_lt_q20,,,
10305001,q_lt_q20,51.25,26.1,22.65
10306001,q_lt_q20,47.75,31.65,20.45
10311001,q_lt_q20,39,36.5,24.75
10313001,q_lt_q20,39.45,36.85,23.7
10322003,q_lt_q20,51.4,28.45,20.3
10327001,q_lt_q20,29.6,43.7,26.7
10328001,q_lt_q20,40.55,35.3,24.15
10340001,q_lt_q20,45.3,24.8,29.6
10343001,q_lt_q20,43.9,37.1,19
10343002,q_lt_q20,32.1,39.55,27.95
10344003,q_lt_q20,31.9,35,32.65
10344004,q_lt_q20,38.55,41.4,20.2
10351001,q_lt_q20,35.15,36.55,27.45
10356001,q_lt_q20,36.75,28.25,34.95
10362001,q_lt_q20,34.95,41.05,23.6
10363002,q_lt_q20,31.7,43.3,25.15
10364001,q_lt_q20,30.45,34.5,34.65
10401001,q_lt_q20,40.05,27.65,32.4
10405001,q_lt_q20,32.45,37.3,29.95
10405002,q_lt_q20,37.05,32.3,29.95
10405005,q_lt_q20,32.9,38.25,28.85
1041002,q_lt_q20,47.8,30.1,22.1
10411002,q_lt_q20,43.5,35.6,21.3
10414001,q_lt_q20,32.7,45.85,21.75
10431000,q_lt_q20,48.9,28.4,22.8
10431001,q_lt_q20,51.6,28.4,20.15
10432002,q_lt_q20,43.05,32.4,24.55
10432003,q_lt_q20,44.55,32.25,23
10440000,q_lt_q20,,,
1044001,q_lt_q20,50.25,25.15,24.45
1050002,q_lt_q20,53.85,26.55,19.6
1050004,q_lt_q20,55.85,25,19.1
10503001,q_lt_q20,55,26.65,18.35
10514001,q_lt_q20,52.45,29.1,19.15
10520001,q_lt_q20,60.85,23.5,15.65
10523002,q_lt_q20,63.6,26.6,9.8
10701002,q_lt_q20,53.35,28.8,17.85
10702002,q_lt_q20,52.05,25.9,22.05
10704002,q_lt_q20,53.8,28.95,16.95
11020004,q_lt_q20,51.75,29.45,18.7
11040001,q_lt_q20,52.5,30.5,17.4
11141001,q_lt_q20,59.8,20.5,19.7
11143001,q_lt_q20,51.8,25.5,22.3
11143002,q_lt_q20,49.65,37.2,13.15
11147001,q_lt_q20,49.65,37.2,13.15
11147002,q_lt_q20,57.2,31.4,11.7
11151001,q_lt_q20,53.9,35.1,10.95
11302001,q_lt_q20,59.2,28.2,13
11307001,q_lt_q20,46.9,33.5,19.1
11308001,q_lt_q20,49.95,28.55,21.35
11310001,q_lt_q20,48.45,26.75,24.7
11310002,q_lt_q20,49.95,27.9,22.15
11310003,q_lt_q20,47.75,27.75,24.9
11312001,q_lt_q20,53.55,23.6,23.45
11314001,q_lt_q20,49.9,27.85,21.95
11315001,q_lt_q20,45.05,27.8,26.85
11316001,q_lt_q20,51.75,29.5,19.15
11317001,q_lt_q20,48.95,25.9,24.85
11337001,q_lt_q20,50.1,32.7,17.35
11405001,q_lt_q20,43.95,37.1,18.85
11500002,q_lt_q20,54.8,30.05,15.15
11504001,q_lt_q20,60.1,21.65,18.65
11505001,q_lt_q20,56.35,20.2,23.15
11514001,q_lt_q20,60.4,25.9,14.1
11520002,q_lt_q20,60.9,19.75,19.5
11521001,q_lt_q20,57.25,21.35,22.35
11530000,q_lt_q20,46.65,34.125,19.225
11532000,q_lt_q20,52.85,28.95,17.5
11545000,q_lt_q20,52,28.3,19.7
11710000,q_lt_q20,,,
11711000,q_lt_q20,50.7,32.1,16.8
1201001,q_lt_q20,62.15,21.75,15.8
1201003,q_lt_q20,59.65,22.45,17.95
1201005,q_lt_q20,62.6,23,14.25
1210001,q_lt_q20,73.5,22.85,3.55
1211001,q_lt_q20,66.75,15,18.1
12285001,q_lt_q20,53.1,28.4,18.65
12287001,q_lt_q20,59.25,25.15,15.5
12288002,q_lt_q20,55.4,32.75,11.85
12288003,q_lt_q20,,,
12288004,q_lt_q20,,,
12289001,q_lt_q20,,,
12289002,q_lt_q20,,,
12289003,q_lt_q20,51.95,31.25,16.25
12291001,q_lt_q20,52.85,29.65,17.15
12400003,q_lt_q20,46.3,32.5,20.95
12400004,q_lt_q20,46.9,33.05,20.25
12448001,q_lt_q20,44.8,32.65,22.55
12452001,q_lt_q20,46.65,35.6,17.55
12561001,q_lt_q20,55.8,29.85,14.35
12563001,q_lt_q20,60.05,28.9,11.45
12600001,q_lt_q20,48.45,29.8,21.9
12622001,q_lt_q20,47.35,29.6,22.9
12660001,q_lt_q20,55.5,22.8,21.45
12802001,q_lt_q20,49.45,29.6,20.95
12805001,q_lt_q20,50.5,31.6,17.9
12806001,q_lt_q20,53.2,28.65,17.35
12825002,q_lt_q20,53.2,30.35,16.55
12861001,q_lt_q20,49.95,26.75,23.3
12863002,q_lt_q20,50.85,30.2,18.95
12865001,q_lt_q20,41.6,34.5,23.6
12872001,q_lt_q20,51.7,27.25,20.9
12876001,q_lt_q20,46.6,31.05,22.65
12876004,q_lt_q20,48.05,31.95,20.25
12878001,q_lt_q20,47.9,31.6,20.95
12930001,q_lt_q20,44.35,34.75,21.2
1300009,q_lt_q20,65,21,14.85
1310002,q_lt_q20,63.65,19.3,16.75
1410004,q_lt_q20,57.9,25.55,16.95
1502002,q_lt_q20,65.05,26,8.95
1502008,q_lt_q20,60.05,27.85,12.1
1610002,q_lt_q20,50.9,29.05,19.75
1610004,q_lt_q20,55.35,25.85,18.75
1730001,q_lt_q20,57.65,22.4,20.7
1730002,q_lt_q20,56,26.9,16.7
1730003,q_lt_q20,48.55,24.5,26.55
1730007,q_lt_q20,48.65,27.9,23.9
1730012,q_lt_q20,65.85,22.9,10.85
2101001,q_lt_q20,50.85,22.25,26.85
2103001,q_lt_q20,57.2,25.6,17.1
2103002,q_lt_q20,58.3,24.3,17.5
2103003,q_lt_q20,63.15,21.25,15.6
2103014,q_lt_q20,58.25,20.05,21.2
2104002,q_lt_q20,62.55,20.55,16.9
2104003,q_lt_q20,56.7,21.3,21.45
2104013,q_lt_q20,56.85,21.05,21.65
2105001,q_lt_q20,54.55,19.8,25.55
2105002,q_lt_q20,58.75,20.7,20.75
2105005,q_lt_q20,64,19.6,15.55
2105007,q_lt_q20,62.4,21.15,16.1
2110001,q_lt_q20,66.7,17,16.3
2110002,q_lt_q20,69.8,18.15,12.2
2110004,q_lt_q20,64.25,20.85,14.6
2110031,q_lt_q20,69.25,16,14.9
2112005,q_lt_q20,62.3,24.3,13.4
2112006,q_lt_q20,60.55,22.55,16.85
2112007,q_lt_q20,59.15,26.3,14.55
2113001,q_lt_q20,53.9,23.4,22.75
2120001,q_lt_q20,59.75,21,19.25
2510001,q_lt_q20,62.05,24.45,13
3022001,q_lt_q20,51.2,24,24.65
3041001,q_lt_q20,59.75,21.6,19.15
3041002,q_lt_q20,64.1,19.15,16.3
3041003,q_lt_q20,59.45,21.6,18.95
3041004,q_lt_q20,57.8,19.75,21.95
3041005,q_lt_q20,53,24.7,22.4
3050001,q_lt_q20,56.55,24.9,18.65
3404001,q_lt_q20,43.2,32.25,25.05
3414001,q_lt_q20,34.8,30.9,34.7
3421001,q_lt_q20,56.9,25,17.8
3430001,q_lt_q20,59.4,25.6,15
3430003,q_lt_q20,50.7,29.3,20.15
3431001,q_lt_q20,61.55,21.6,16.9
3450001,q_lt_q20,57.95,18.3,23.35
3453001,q_lt_q20,64.5,15.75,19.8
3802001,q_lt_q20,58.25,21.45,20.7
3804002,q_lt_q20,61.6,25.3,13.1
3806001,q_lt_q20,55.65,24,20.5
3814003,q_lt_q20,62.85,20.6,17.1
3815001,q_lt_q20,50.75,24.15,25.2
3815002,q_lt_q20,50.5,26.3,23.1
3820001,q_lt_q20,59.45,19.3,21.8
3820002,q_lt_q20,55.5,24.7,19.4
3820003,q_lt_q20,61,20.7,18.7
3825001,q_lt_q20,53.9,18.85,27.65
3826001,q_lt_q20,59.5,17.5,22.25
4301002,q_lt_q20,54.3,26.95,18.95
4302001,q_lt_q20,58,24.3,17.4
4306001,q_lt_q20,55.6,23.1,21.35
4308001,q_lt_q20,61.3,23.8,15.05
4311001,q_lt_q20,54.05,23.3,22.7
4313001,q_lt_q20,51.8,25.45,22.75
4314002,q_lt_q20,57.3,23.75,18.55
4320001,q_lt_q20,44.45,25.3,30.55
4323001,q_lt_q20,42.75,22.3,34.65
4335001,q_lt_q20,59.7,19.9,20.5
4400001,q_lt_q20,61.35,17.3,21.05
4501001,q_lt_q20,48.55,27.9,24.05
4502001,q_lt_q20,49.4,27.3,23.3
4503001,q_lt_q20,51.4,20,28.5
4511002,q_lt_q20,50.65,24.6,24.65
4512001,q_lt_q20,55.8,21.2,23
4513001,q_lt_q20,48.25,19.3,32.75
4514001,q_lt_q20,46.65,26.45,27.8
4515002,q_lt_q20,49.65,19.3,30.9
4520001,q_lt_q20,51.75,31.25,16.6
4522001,q_lt_q20,49.05,25.3,25.75
4522002,q_lt_q20,47.1,23.15,29.75
4523001,q_lt_q20,44.1,24,31.9
4523002,q_lt_q20,44.55,24.05,31.4
4530001,q_lt_q20,49.55,21.6,28.85
4531001,q_lt_q20,43.15,22,35.35
4531002,q_lt_q20,48.55,17.35,34.45
4532001,q_lt_q20,48.95,21.45,29.35
4533002,q_lt_q20,44.15,22.85,33
4537001,q_lt_q20,46.65,23.15,30.2
4540001,q_lt_q20,47.7,25.05,27.65
4550003,q_lt_q20,48.2,21.85,29.95
4557002,q_lt_q20,56,18,26.4
4558001,q_lt_q20,48,20,32.4
4703001,q_lt_q20,45.25,25.1,29.55
4703002,q_lt_q20,51.5,21.85,26.6
4704001,q_lt_q20,59.15,21.45,19.4
4704002,q_lt_q20,58.35,23.25,18.4
4711001,q_lt_q20,46.1,24.15,29.3
4712001,q_lt_q20,56.8,23.25,19.5
4714001,q_lt_q20,44.55,25.7,30.5
4716001,q_lt_q20,48.55,23.4,28.05
4716004,q_lt_q20,51.45,20.95,27.7
4721001,q_lt_q20,48.85,22.95,28.35
4723001,q_lt_q20,47.05,25.95,27.1
4726001,q_lt_q20,51.85,20.55,27.2
4730001,q_lt_q20,56,16.6,27.4
4810001,q_lt_q20,44.4,30.2,25.15
4810005,q_lt_q20,50.55,26.45,23
4810006,q_lt_q20,50.55,26.45,23
5100001,q_lt_q20,48.75,27.4,24.15
5101001,q_lt_q20,43.5,25.05,31.5
5101002,q_lt_q20,49.45,21.65,29.2
5110002,q_lt_q20,46.6,25.35,28.2
5120001,q_lt_q20,58.65,23.4,18.15
5200001,q_lt_q20,47.55,24.35,28.3
5221001,q_lt_q20,55.05,21.3,23.2
5221002,q_lt_q20,55.75,22.3,21.95
5320001,q_lt_q20,55.55,21.6,23
5401003,q_lt_q20,51.55,22.35,26.15
5402001,q_lt_q20,47.35,25.9,26.05
5402015,q_lt_q20,56.05,23.1,20.8
5403002,q_lt_q20,50.8,26.6,22.6
5406001,q_lt_q20,53,26.15,20.45
5410002,q_lt_q20,44.3,21.75,33.5
5410005,q_lt_q20,46,26.7,27.65
5411001,q_lt_q20,44.6,21.6,33.8
5411002,q_lt_q20,47.6,21.6,30.8
5414001,q_lt_q20,51.45,25,23.9
5420002,q_lt_q20,49.25,22.3,28.35
5421001,q_lt_q20,48.4,26.15,25.9
5421002,q_lt_q20,42.9,24.9,32.35
5422001,q_lt_q20,52.2,21.6,26.2
5423002,q_lt_q20,48.2,25.1,26.8
5423003,q_lt_q20,47.65,26.7,25.95
5423004,q_lt_q20,52.1,22.3,25.2
5423005,q_lt_q20,54.1,21.75,23.9
5423006,q_lt_q20,46.3,25.5,27.8
5427003,q_lt_q20,53.25,21.4,25.5
5701001,q_lt_q20,49.05,21.6,29.35
5701002,q_lt_q20,51,22.9,26.1
5702001,q_lt_q20,54.45,23.8,22.5
5703006,q_lt_q20,54.55,24.4,21.05
5704002,q_lt_q20,48,24.2,26.9
5705001,q_lt_q20,57.75,21.65,20.5
5706001,q_lt_q20,56.15,22.65,21.8
5707002,q_lt_q20,50.35,31,18.5
5710001,q_lt_q20,49.7,27.15,23.15
5716001,q_lt_q20,47.6,26.75,25.55
5720001,q_lt_q20,44,27.85,27.4
5721001,q_lt_q20,55.4,21.45,22.6
5721016,q_lt_q20,56.65,20.25,23.25
5722001,q_lt_q20,46.6,31,22.1
5722002,q_lt_q20,47.15,30.5,22.35
5730005,q_lt_q20,57.6,19,22.95
5730008,q_lt_q20,43.9,26.3,29.9
5734001,q_lt_q20,49.95,22,27.75
5737002,q_lt_q20,52.2,19.3,28
5741001,q_lt_q20,47.15,28.45,24.7
5746001,q_lt_q20,53.8,22.9,23.3
5748001,q_lt_q20,58.2,20.6,21.2
6000003,q_lt_q20,51.15,26.6,21.85
6002001,q_lt_q20,51.7,24.7,23.75
6003001,q_lt_q20,50.45,24.55,25.35
6006001,q_lt_q20,49.75,26,24.6
6008005,q_lt_q20,49,27.6,23.4
6011001,q_lt_q20,49.2,24.75,26.05
6013001,q_lt_q20,48,28.3,23.4
6015001,q_lt_q20,51,26.6,22.4
6018001,q_lt_q20,50.1,24.15,26.15
6019003,q_lt_q20,51.05,25.35,23.6
6025001,q_lt_q20,54.85,23.35,21.5
6027001,q_lt_q20,43.1,30.05,26.45
6028001,q_lt_q20,51.85,26.9,20.65
6033001,q_lt_q20,,,
6033011,q_lt_q20,47.75,29.15,23.45
6034022,q_lt_q20,45.95,28.35,26.25
6034023,q_lt_q20,49.5,28.9,21.9
6035001,q_lt_q20,51.6,28.05,20.35
6043001,q_lt_q20,53.5,21.2,25.9
6132001,q_lt_q20,53.15,21.65,25.35
7102001,q_lt_q20,47.65,29.45,22.75
7102005,q_lt_q20,52,28,20
7103001,q_lt_q20,48.35,28.4,23.65
7104001,q_lt_q20,44.35,31,24.65
7104002,q_lt_q20,50.05,27.3,22.55
7112001,q_lt_q20,50.15,28.15,21.8
7115001,q_lt_q20,45.2,30.15,24.25
7116001,q_lt_q20,47.65,29.5,22.6
7123001,q_lt_q20,51.15,22.4,26.5
7200002,q_lt_q20,52.1,22.75,24.8
7300001,q_lt_q20,51.1,25.75,23.1
7303000,q_lt_q20,48.2,28.875,23
7306001,q_lt_q20,50.65,26.25,23.55
7308001,q_lt_q20,44.25,31.45,24.3
7308002,q_lt_q20,49.05,31.55,19
7317003,q_lt_q20,47.25,29.45,23.3
7317005,q_lt_q20,47.55,29.95,22
7320003,q_lt_q20,47.35,30.45,22.2
7321002,q_lt_q20,47.15,30.25,22.2
7322001,q_lt_q20,,,
7330001,q_lt_q20,43.15,33.2,23.55
7331001,q_lt_q20,46.75,29.9,23.35
7332001,q_lt_q20,53.1,21.5,25.55
7335001,q_lt_q20,50.8,21.5,27.4
7335002,q_lt_q20,50.15,26.95,22.5
7336001,q_lt_q20,57.1,21.05,21.6
7339001,q_lt_q20,53.8,23.75,21.85
7340001,q_lt_q20,47.8,24.5,27.9
7341001,q_lt_q20,55.25,22.45,22.85
7343001,q_lt_q20,58.55,20.9,20.95
7350001,q_lt_q20,43.6,30.4,25.6
7350002,q_lt_q20,41.25,34.7,23.75
7350003,q_lt_q20,43.65,29.95,26.4
7351001,q_lt_q20,46.95,30.35,22.4
7354001,q_lt_q20,40.9,34.55,24.85
7354002,q_lt_q20,43.05,31.8,25.15
7355001,q_lt_q20,44.55,30.35,25.45
7355002,q_lt_q20,45.05,31.15,23.7
7355003,q_lt_q20,46.7,31.3,22.1
7357002,q_lt_q20,50.1,27.45,22.4
7358001,q_lt_q20,46.95,29.2,24.35
7359001,q_lt_q20,47.05,28.1,24.75
7372001,q_lt_q20,48.3,25.2,26.2
7374001,q_lt_q20,47.45,31.9,20.5
7379001,q_lt_q20,52.8,23.85,23.6
7379002,q_lt_q20,48.15,28.4,23.55
7381001,q_lt_q20,50.7,23.95,25.5
7383001,q_lt_q20,51.8,22.25,26.1
8104001,q_lt_q20,48,30.35,21.8
8105001,q_lt_q20,46.15,32.8,21.35
8106001,q_lt_q20,52.35,25.25,22.4
8106002,q_lt_q20,43.05,28.55,28.8
8112001,q_lt_q20,39.75,32.05,28.35
8114001,q_lt_q20,47.25,28.05,24.1
8115001,q_lt_q20,49.15,26.55,24.85
8117004,q_lt_q20,34.75,33.9,31.45
8117005,q_lt_q20,47.4,26.95,25.4
8117006,q_lt_q20,42,32.5,25.6
8117008,q_lt_q20,51.45,25.9,22.65
8118001,q_lt_q20,50.5,23.8,25.7
8123001,q_lt_q20,40,35.15,25.1
8124001,q_lt_q20,47.25,28.5,24.35
8124002,q_lt_q20,44.05,32.05,23.5
8130001,q_lt_q20,39.85,32.25,27.9
8130002,q_lt_q20,42.2,31,27.2
8132001,q_lt_q20,44.85,29.2,26.35
8133001,q_lt_q20,50.55,27.15,22.3
8134002,q_lt_q20,41.4,32.6,25.85
8134003,q_lt_q20,48.6,27.7,23.7
8135002,q_lt_q20,57.45,21.85,20.85
8140002,q_lt_q20,53.25,20.9,25.3
8141001,q_lt_q20,59.45,18.6,21.95
8144001,q_lt_q20,54.3,20.3,25.1
8210003,q_lt_q20,53.8,23.6,22.6
8220001,q_lt_q20,49,27.25,24.25
8220008,q_lt_q20,49.1,25.9,25.3
8220009,q_lt_q20,50.8,21.1,27.7
8220010,q_lt_q20,47.9,24.5,27.65
8304001,q_lt_q20,53.35,25.05,21.6
8307002,q_lt_q20,45.95,29.1,25.7
8308000,q_lt_q20,47.95,27.45,24.85
8312000,q_lt_q20,42.05,31.95,25.75
8312001,q_lt_q20,50.35,28.5,21.3
8313000,q_lt_q20,43.2,31.8,24.8
8313001,q_lt_q20,46.75,32.65,20.6
8316002,q_lt_q20,41.3,29.25,29.05
8317001,q_lt_q20,46.9,28.6,24.1
8317002,q_lt_q20,35.2,37.4,27.9
8317004,q_lt_q20,45.75,28.25,26.45
8317005,q_lt_q20,42,28.05,30
8319001,q_lt_q20,42.8,33.75,23.45
8323001,q_lt_q20,48.7,27.9,23.55
8323002,q_lt_q20,42.7,31.95,25.3
8324002,q_lt_q20,41.55,30.05,27.95
8330001,q_lt_q20,49.3,24.45,26.25
8332001,q_lt_q20,44.8,26.75,28.15
8334001,q_lt_q20,51.55,24.6,24.25
8342001,q_lt_q20,41.3,28.5,29.5
8343001,q_lt_q20,39.25,30.4,30.35
8350001,q_lt_q20,44.7,33.35,22.05
8351001,q_lt_q20,38.45,31.35,29.35
8356001,q_lt_q20,47.05,24.45,28.5
8358001,q_lt_q20,41.1,30.8,27.95
8362001,q_lt_q20,43.95,24.75,31.7
8366002,q_lt_q20,39.95,31.1,28.55
8372002,q_lt_q20,43.5,29.45,27.75
8376001,q_lt_q20,45.3,28.8,26.2
8380001,q_lt_q20,44.35,29.35,26.2
8380006,q_lt_q20,38.95,32.9,28.1
8381003,q_lt_q20,45.5,28.7,25.7
8383001,q_lt_q20,43.55,31.05,25.5
8385001,q_lt_q20,47.55,26.65,25.5
8386001,q_lt_q20,,,
8393002,q_lt_q20,55.6,20.3,23.8
8394001,q_lt_q20,,,
8700002,q_lt_q20,51.15,24.55,24.7
8700003,q_lt_q20,52.85,21.8,25.35
8720001,q_lt_q20,43.7,26.7,29.2
8820001,q_lt_q20,47.3,25.25,27.65
8821001,q_lt_q20,53,19.95,27
8821002,q_lt_q20,53,19.95,27
8821003,q_lt_q20,43.85,27.4,29.05
8821006,q_lt_q20,48.8,25.1,26.4
8822001,q_lt_q20,43.85,26,30.5
8822002,q_lt_q20,52.05,20.95,26.9
8910001,q_lt_q20,47.95,23.85,28.2
9101001,q_lt_q20,47.85,23.25,28.85
9101002,q_lt_q20,45.4,26.05,28.1
9102001,q_lt_q20,42.7,24.95,32.9
9104001,q_lt_q20,42.9,34.6,22.1
9104002,q_lt_q20,28.5,37.8,34.2
9106001,q_lt_q20,37,33.7,29.45
9107001,q_lt_q20,35.2,32.1,33.3
9107002,q_lt_q20,29.8,39.65,30.55
9111001,q_lt_q20,24.05,42.1,33.5
9113001,q_lt_q20,37.3,27.25,35.25
9116001,q_lt_q20,48.95,27.8,23.55
9122002,q_lt_q20,35.05,39.8,25.7
9123001,q_lt_q20,42.1,34.65,23.7
9126001,q_lt_q20,32.9,38.55,28.55
9127001,q_lt_q20,36.7,34.55,29.3
9129002,q_lt_q20,40.1,31.9,28
9131001,q_lt_q20,36,37.1,27.45
9134001,q_lt_q20,33.9,34.95,31.65
9135001,q_lt_q20,40.75,29.6,29.1
9140001,q_lt_q20,48.05,28.3,23.35
9400000,q_lt_q20,52,27.9,20.1
9402001,q_lt_q20,46.95,30.05,23.7
9404001,q_lt_q20,33.85,39.5,26.65
9405001,q_lt_q20,25.5,41.85,32.65
9412001,q_lt_q20,45.35,29.75,25
9414001,q_lt_q20,42.35,29.55,28.1
9416001,q_lt_q20,46.05,32.75,20.95
9420001,q_lt_q20,39.95,34.15,26.2
9423001,q_lt_q20,33.85,33.5,32.8
9433001,q_lt_q20,41.75,28.7,29.55
9434001,q_lt_q20,52.15,26.9,20.95
9436001,q_lt_q20,31.9,37.95,30
9437002,q_lt_q20,47.2,27.8,24.6
AARSCHOT_6220300,q_lt_q20,,,
AARUP_6934050,q_lt_q20,,,
ABISKO_6232101,q_lt_q20,,,
ACHLEITEN_6342900,q_lt_q20,,,
ACHSTETTEN_6342105,q_lt_q20,,,
AECKLINGEN_6233460,q_lt_q20,,,
AENGABAECKS KRV_6233170,q_lt_q20,,,
AESOO_6172041,q_lt_q20,,,
AFFOLDERN_6337505,q_lt_q20,,,
AGUILCOURT ET A ORAINVILLE_6122430,q_lt_q20,,,
AHJA_6172260,q_lt_q20,,,
AIRE-SUR-L'ADOUR_6119190,q_lt_q20,,,
AIVIEKSTES HES_6373219,q_lt_q20,,,
AKEN_6340170,q_lt_q20,,,
ALBA IULIA_6744201,q_lt_q20,,,
ALBUFEIRA DE BELVER (R.E.)_6113110,q_lt_q20,,,
ALLEMOND_6139750,q_lt_q20,,,
ALLENDORF_6337511,q_lt_q20,,,
ALLEVES (LA CHARNIAZ)_6139825,q_lt_q20,,,
ALMOUROL_6113050,q_lt_q20,,,
ALTKIRCH_6135800,q_lt_q20,,,
ANDERNACH_6335070,q_lt_q20,,,
ANDOUILLE (LES VAUGEOIS)_6123200,q_lt_q20,,,
ANJALA_6854203,q_lt_q20,,,
ANKARVATTNET_6233450,q_lt_q20,,,
APE_6373115,q_lt_q20,,,
ARAD_6744200,q_lt_q20,,,
ARCEAU (ARCELOT)_6139921,q_lt_q20,,,
ARDENTES_6123360,q_lt_q20,,,
ARGENTIERE LA BESSEE_6139282,q_lt_q20,,,
ARNDRUP_6934870,q_lt_q20,,,
AROEDAN_6229140,q_lt_q20,,,
ARTEMARE_6139810,q_lt_q20,,,
ARTHAZ-PONT-NOTRE-DAME_6139960,q_lt_q20,,,
ARUP_6934720,q_lt_q20,,,
ASBRO 3_6233100,q_lt_q20,,,
ASTED BRO_6934300,q_lt_q20,,,
ATNASJO_6729410,q_lt_q20,,,
AUE 1_6340627,q_lt_q20,,,
AULESTAD_6729453,q_lt_q20,,,
AUSTENA_6729280,q_lt_q20,,,
AUTRICOURT_6122200,q_lt_q20,,,
AUVERS-LE-HAMON [MOULIN LA ROCHE]_6123570,q_lt_q20,,,
BAD DUEBEN_6340600,q_lt_q20,,,
BAD ROTENFELS_6335710,q_lt_q20,,,
BADEN_6935305,q_lt_q20,,,
BAIN-DE-BRETAGNE_6119095,q_lt_q20,,,
BALOZI_6373454,q_lt_q20,,,
BANNALEC (PONT MEYA)_6119070,q_lt_q20,,,
BARBY_6340140,q_lt_q20,,,
BARCELONNETTE (ABATTOIR)_6139261,q_lt_q20,,,
BAUME-LES-DAMES_6139215,q_lt_q20,,,
BAUSKA_6373430,q_lt_q20,,,
BEAUFORT-SUR-GERVANNE_6139140,q_lt_q20,,,
BEAUJEU_6139430,q_lt_q20,,,
BEAUMOTTE-AUBERTANS_6139681,q_lt_q20,,,
BEAUVAIS_6122470,q_lt_q20,,,
BEDOUES (COCURES)_6125362,q_lt_q20,,,
BELI BROD_6545160,q_lt_q20,,,
BELIN-BELIET (MOULIN DU MOINE)_6119220,q_lt_q20,,,
BELLAC_6123800,q_lt_q20,,,
BERGEFORSENS KRV_6233401,q_lt_q20,,,
BERGHAUSEN_6335640,q_lt_q20,,,
BERG_6342502,q_lt_q20,,,
BERLIN MUEHLENDAMM OP_6340611,q_lt_q20,,,
BEROUN_6140250,q_lt_q20,,,
BERTNEM_6731555,q_lt_q20,,,
BEYNES_6139250,q_lt_q20,,,
BIERGES_6220502,q_lt_q20,,,
BISTRA_6744600,q_lt_q20,,,
BJOERNEGARDSVINGEN_6729420,q_lt_q20,,,
BLOIS_6123300,q_lt_q20,,,
BOCHENIEC_6458613,q_lt_q20,,,
BODENS KRV (+ VATTENVERK  TRANGFORS)_6233750,q_lt_q20,,,
BODENWERDER_6337514,q_lt_q20,,,
BOEHLEN 1_6340365,q_lt_q20,,,
BOGOJEVO_6542200,q_lt_q20,,,
BOGUSLAW_6457956,q_lt_q20,,,
BOHUMIN_6157100,q_lt_q20,,,
BOHUNOVSKO-JESENNY_6140140,q_lt_q20,,,
BONDONS (COCURES)_6125340,q_lt_q20,,,
BORGAI_6729447,q_lt_q20,,,
BORGHAREN_6421500,q_lt_q20,,,
BOROVNICE_6142270,q_lt_q20,,,
BOURGES_6123335,q_lt_q20,,,
BOXBERG_6340810,q_lt_q20,,,
BRANDENBURG-WILHELMSDORF_6340515,q_lt_q20,,,
BRATISLAVA_6142200,q_lt_q20,,,
BREDEBRO_6934800,q_lt_q20,,,
BREDSTRUP_6934600,q_lt_q20,,,
BREHY_6142660,q_lt_q20,,,
BRIENZWILER_6935019,q_lt_q20,,,
BRODNICA_6458510,q_lt_q20,,,
BROEDEBACKEN_6233180,q_lt_q20,,,
BROMOELLE_6934530,q_lt_q20,,,
BRUEGG-AEGERTEN_6935021,q_lt_q20,,,
BRUNIQUEL [LA GAUTERIE]_6125275,q_lt_q20,,,
BRUNSTATT ET A DIDENHEIM ET A MULHOUSE_6135035,q_lt_q20,,,
BRUSTUEN_6729132,q_lt_q20,,,
BRZEGI_6458610,q_lt_q20,,,
BULKEN_6729200,q_lt_q20,,,
BUVATN_6729445,q_lt_q20,,,
CALBE-GRIZEHNE_6340300,q_lt_q20,,,
CAMPAGNE_6119235,q_lt_q20,,,
CANDE (LA GREE)_6123171,q_lt_q20,,,
CARIGNAN_6121240,q_lt_q20,,,
CASTELBIAGUE (PONT DE RRADES)_6125220,q_lt_q20,,,
CASTELSAGRAT [FOURQUET]_6125305,q_lt_q20,,,
CELLE-EN-MORVAN (POLROY)_6123720,q_lt_q20,,,
CELLE_6337502,q_lt_q20,,,
CERNON (VOUGLANS)_6139501,q_lt_q20,,,
CESSEY-SUR-TILLE_6139920,q_lt_q20,,,
CHABLIS_6122190,q_lt_q20,,,
CHALABRE_6125260,q_lt_q20,,,
CHALUPKI_6457660,q_lt_q20,,,
CHAMBON-AU-LIGNON_6123780,q_lt_q20,,,
CHAMPAGNE-SUR-LOUE_6139790,q_lt_q20,,,
CHANTONNAY (ST-PHILBERT DU PONT CHARRAUL_6119320,q_lt_q20,,,
CHAPELLE-SAINT-FLORENT (PONT DALAINE)_6123140,q_lt_q20,,,
CHATEAU-GONTIER_6123655,q_lt_q20,,,
CHATEAUNEUF-DU-FAOU_6119035,q_lt_q20,,,
CHATELAIS [MARCILLE]_6123660,q_lt_q20,,,
CHATILLON EN MICHAINE_6139837,q_lt_q20,,,
CHATILLON-EN-DIOIS_6139130,q_lt_q20,,,
CHATILLON_6139360,q_lt_q20,,,
CHAUDFONTAINE_6221200,q_lt_q20,,,
CHAZEY_6139500,q_lt_q20,,,
CHEZERY-FORENS (CHEZERY)_6139831,q_lt_q20,,,
CHMELNICA_6158100,q_lt_q20,,,
CHRISTINEHOLMS REGL.DAMM_6233133,q_lt_q20,,,
CIGACICE_6457690,q_lt_q20,,,
CIRCOURT-SUR-MOUZON [VILLARS]_6121040,q_lt_q20,,,
CIRON [SCOURY]_6123485,q_lt_q20,,,
CISNA_6458620,q_lt_q20,,,
CLOUE [PONT DE CLOUE]_6123425,q_lt_q20,,,
COCHEM_6336050,q_lt_q20,,,
CONCARNEAU (PONT D22)_6119080,q_lt_q20,,,
CONDAT-SUR-VIENNE (CHAMBON VEYRINAS)_6123430,q_lt_q20,,,
CONQUES_6125385,q_lt_q20,,,
CORBES (ROC COURBE)_6139060,q_lt_q20,,,
CORNET_6742451,q_lt_q20,,,
CORVOL-ORGUEILLEUX_6122170,q_lt_q20,,,
COSERENI_6742912,q_lt_q20,,,
COUSSERGUES (RESUENHE)_6125630,q_lt_q20,,,
CSENGER_6444600,q_lt_q20,,,
CUSTINES_6136120,q_lt_q20,,,
DALESZYCE_6458615,q_lt_q20,,,
DALSBOVATN_6731147,q_lt_q20,,,
DALUM_6338110,q_lt_q20,,,
DAMELEVIERES_6136105,q_lt_q20,,,
DASICE_6140600,q_lt_q20,,,
DAUGAVPILS_6373300,q_lt_q20,,,
DAVERDISSE_6221551,q_lt_q20,,,
DECIN_6140400,q_lt_q20,,,
DEG_6729225,q_lt_q20,,,
DEMANDOLX (CASTILLON)_6139201,q_lt_q20,,,
DENEVRE_6139045,q_lt_q20,,,
DIEDENDORF_6136155,q_lt_q20,,,
DIGNY ST. CLAIRE_6139821,q_lt_q20,,,
DILLSFOSS_6731690,q_lt_q20,,,
DISSAY_6123455,q_lt_q20,,,
DJUPEVAD_6729840,q_lt_q20,,,
DOERVERDEN_6337515,q_lt_q20,,,
DOLNI STEPANICE_6140130,q_lt_q20,,,
DOMBAS_6729590,q_lt_q20,,,
DONJI MIHOLJAC C.S._6646800,q_lt_q20,,,
DOUCIER_6139520,q_lt_q20,,,
DOULAINCOURT-SAUCOURT_6122370,q_lt_q20,,,
DRAGESTI_6742701,q_lt_q20,,,
DRAWINY_6457985,q_lt_q20,,,
DRAWSKO POMORSKIE_6457982,q_lt_q20,,,
DRENNEC_6118130,q_lt_q20,,,
DROUX_6123810,q_lt_q20,,,
DUESSELDORF_6335050,q_lt_q20,,,
DUKUPJI_6373151,q_lt_q20,,,
DUNG_6139780,q_lt_q20,,,
DVORCE_6142250,q_lt_q20,,,
DZIALOSZYN_6457850,q_lt_q20,,,
EDSVALLA KRV_6233525,q_lt_q20,,,
EGGAFOSS_6731502,q_lt_q20,,,
EGGEDAL_6729315,q_lt_q20,,,
EIDFJORDVATN_6729134,q_lt_q20,,,
ELKAER BRO_6934310,q_lt_q20,,,
EMBRUN (LA CLAPIERE)_6139281,q_lt_q20,,,
EMSFORS BRUK_6233360,q_lt_q20,,,
ENGESETVATN_6731010,q_lt_q20,,,
ENGOMER [BALAGUERES]_6125055,q_lt_q20,,,
ENTRAIGUES_6139730,q_lt_q20,,,
EPINAL_6136200,q_lt_q20,,,
EPINIAC_6118195,q_lt_q20,,,
EPISY_6122240,q_lt_q20,,,
EPPEGEM_6220360,q_lt_q20,,,
ERGUE-GABERIC_6119090,q_lt_q20,,,
ERSBO_6233205,q_lt_q20,,,
ESPINASSES (SERRE-PONCON)_6139280,q_lt_q20,,,
ESSENE_6220170,q_lt_q20,,,
ESTIRAC_6119170,q_lt_q20,,,
ETANG-SUR-ARROUX_6123065,q_lt_q20,,,
ETIKHOVE_6220110,q_lt_q20,,,
ETNA_6729300,q_lt_q20,,,
EVAUX-LES-BAINS_6123380,q_lt_q20,,,
FEIGUMFOSSEN_6731580,q_lt_q20,,,
FELENNE_6221610,q_lt_q20,,,
FELLETIN_6123451,q_lt_q20,,,
FELSOEZSOLCA_6444380,q_lt_q20,,,
FEMUNDSENDEN_6733571,q_lt_q20,,,
FETVATN_6731105,q_lt_q20,,,
FIGEAC (MERLANCON)_6125600,q_lt_q20,,,
FLAKSVATN_6729371,q_lt_q20,,,
FLAM BRU_6731575,q_lt_q20,,,
FLEUREY-LES-FAVERNEY_6139930,q_lt_q20,,,
FLORAC_6125350,q_lt_q20,,,
FOLLES (BESSINES)_6123820,q_lt_q20,,,
FOLLES (FORGEFER)_6123825,q_lt_q20,,,
FORCE_6123190,q_lt_q20,,,
FORSBAKK_6731715,q_lt_q20,,,
FOS_6125730,q_lt_q20,,,
FOURILLES_6123610,q_lt_q20,,,
FRANCHEVILLE_6122220,q_lt_q20,,,
FRANKFURT OSTHAFEN_6335304,q_lt_q20,,,
FREMERSDORF_6336900,q_lt_q20,,,
FRESSELINES (PUY RAGEAUD)_6123460,q_lt_q20,,,
FRESSELINES_6123450,q_lt_q20,,,
FRIGNICOURT_6122380,q_lt_q20,,,
FROSTDALEN_6731560,q_lt_q20,,,
FURA_6729460,q_lt_q20,,,
FUSTVATN_6731610,q_lt_q20,,,
FYRAS_6233400,q_lt_q20,,,
GAGNIERES (BANNES)_6139070,q_lt_q20,,,
GAILDORF_6335291,q_lt_q20,,,
GARBE-KOUROU_1234130,q_lt_q20,,,
GASLANDSVATN_6731758,q_lt_q20,,,
GAULFOSS_6731501,q_lt_q20,,,
GENDRON_6221550,q_lt_q20,,,
GENLIS_6139900,q_lt_q20,,,
GERBEVILLER_6136095,q_lt_q20,,,
GIESSEN_6335450,q_lt_q20,,,
GILLY-SUR-LOIRE_6123095,q_lt_q20,,,
GIVRY_6122420,q_lt_q20,,,
GLUIRAS (TISONECHE)_6139240,q_lt_q20,,,
GLUSZYNA_6457350,q_lt_q20,,,
GOERITZHAIN_6340625,q_lt_q20,,,
GOLENIOW_6457990,q_lt_q20,,,
GONCOURT_6121035,q_lt_q20,,,
GORZOW WIELKOPOLSKI_6457800,q_lt_q20,,,
GOZDOWICE_6457010,q_lt_q20,,,
GRABNO_6457240,q_lt_q20,,,
GRADA KRV_6233204,q_lt_q20,,,
GRANAKER_6233510,q_lt_q20,,,
GRAND-FOUGERAY (LA BERNADAISE)_6119140,q_lt_q20,,,
GRAVA_6729232,q_lt_q20,,,
GRDELICA_6547300,q_lt_q20,,,
GREBENAU_6337506,q_lt_q20,,,
GRISKANI_6373212,q_lt_q20,,,
GROETSJOEN_6233200,q_lt_q20,,,
GRONBRO_6934560,q_lt_q20,,,
GROSETTJERN_6729347,q_lt_q20,,,
GROSSDITTMANNSDORF_6340440,q_lt_q20,,,
GROSSE TRAENKE WEHR UP_6340610,q_lt_q20,,,
GROVAI_6729342,q_lt_q20,,,
GRUNNFOSS_6731693,q_lt_q20,,,
GRYTA_6729360,q_lt_q20,,,
GUBEN 2_6357501,q_lt_q20,,,
GUBIN_6457505,q_lt_q20,,,
GUENIN_6119060,q_lt_q20,,,
GUNTERSHAUSEN_6337507,q_lt_q20,,,
GY-LES-NONAINS_6122040,q_lt_q20,,,
GYA_6729210,q_lt_q20,,,
HAAPAJYRAE_6854902,q_lt_q20,,,
HAAPAKOSKI_6832752,q_lt_q20,,,
HAGEBRO_6934150,q_lt_q20,,,
HALABAECK_6233240,q_lt_q20,,,
HALINEN_6854630,q_lt_q20,,,
HALLAMOELLA_6233165,q_lt_q20,,,
HALLBOSJOEN_6233440,q_lt_q20,,,
HALLE TROTHA UP_6340301,q_lt_q20,,,
HALLEDALSVATN_6729145,q_lt_q20,,,
HAMOIR(TABREUX)_6221500,q_lt_q20,,,
HAN-LES-JUVIGNY_6121085,q_lt_q20,,,
HANN.-MUENDEN_6337400,q_lt_q20,,,
HARJAVALTA_6854101,q_lt_q20,,,
HASTIERE_6221670,q_lt_q20,,,
HATTINGEN_6335030,q_lt_q20,,,
HAUGLAND_6729220,q_lt_q20,,,
HAUKEDALSVATN NDF._6731569,q_lt_q20,,,
HAUKIPUDAS_6854400,q_lt_q20,,,
HEISEL_6729260,q_lt_q20,,,
HELLELAND_6729217,q_lt_q20,,,
HELMINGHAUSEN_6337503,q_lt_q20,,,
HERRENHAUSEN_6337509,q_lt_q20,,,
HERRFORS_6854210,q_lt_q20,,,
HERSVIKVATN_6731820,q_lt_q20,,,
HESDIN_6118040,q_lt_q20,,,
HIRSON_6122140,q_lt_q20,,,
HISSMOFORS KRV_6233404,q_lt_q20,,,
HOFKIRCHEN_6342800,q_lt_q20,,,
HOGGAS BRU_6731050,q_lt_q20,,,
HOGHIZ_6742452,q_lt_q20,,,
HOLEN_6729140,q_lt_q20,,,
HOLERVATN_6729327,q_lt_q20,,,
HOLISA_6142601,q_lt_q20,,,
HOLJES KRV_6233523,q_lt_q20,,,
HOLLOESE MOELLE_6934571,q_lt_q20,,,
HOLMEN_6233301,q_lt_q20,,,
HORNINDALSVATN_6731175,q_lt_q20,,,
HORUP_6934510,q_lt_q20,,,
HRONOV_6140101,q_lt_q20,,,
HUHTISUONOJA_6855404,q_lt_q20,,,
HUOPAKINOJA_6854420,q_lt_q20,,,
HUURU_6172024,q_lt_q20,,,
HYYPPA_6854580,q_lt_q20,,,
IDDERGEM_6220111,q_lt_q20,,,
INTSCHEDE_6337200,q_lt_q20,,,
ISOHAARA_6854700,q_lt_q20,,,
JAASJARVI - OUTLET_6854205,q_lt_q20,,,
JALOGNY (CLUNY)_6139940,q_lt_q20,,,
JAMIOULX_6221130,q_lt_q20,,,
JASIKA_6547110,q_lt_q20,,,
JEKABPILS_6373304,q_lt_q20,,,
JEMELLE_6221510,q_lt_q20,,,
JEURRE_6139315,q_lt_q20,,,
JOGLA_6729218,q_lt_q20,,,
JONAVA_6574350,q_lt_q20,,,
JONDAL_6729320,q_lt_q20,,,
JORDANOW_6458200,q_lt_q20,,,
JORDBRUFJELL_6731727,q_lt_q20,,,
JOURSAC (JOURSAC-LE-VIALARD)_6123641,q_lt_q20,,,
JOURSAC (PONT DE VERNET)_6123645,q_lt_q20,,,
JUGOWICE_6457600,q_lt_q20,,,
JUILLAC_6119180,q_lt_q20,,,
JUMISKO_6854711,q_lt_q20,,,
JUNKERDALSELV_6731680,q_lt_q20,,,
JUOJARVI  PALOKKI_6855450,q_lt_q20,,,
JUVANKOSKI_6854650,q_lt_q20,,,
KAAPA_6172058,q_lt_q20,,,
KAARESUVANTO_6832907,q_lt_q20,,,
KAIDESLUOMO_6854201,q_lt_q20,,,
KAINASTONLUOMA_6854901,q_lt_q20,,,
KAJOONJARVI - OUTLET_6855411,q_lt_q20,,,
KALKOFEN NEU_6335349,q_lt_q20,,,
KALLAVESIE (KONNUS+KARVIO)_6855402,q_lt_q20,,,
KALLIO 2_6232901,q_lt_q20,,,
KALLSTORP 2_6233351,q_lt_q20,,,
KALTIMO_6855401,q_lt_q20,,,
KARANKAJARVI - OUTLET_6854272,q_lt_q20,,,
KARESUVANTO_6232905,q_lt_q20,,,
KARJALANKOSKI_6855460,q_lt_q20,,,
KARKKIMALA_6854560,q_lt_q20,,,
KARTENA_6573100,q_lt_q20,,,
KARUNKI_6832755,q_lt_q20,,,
KARVIANJOKI  (ETELAJ+POHJAJOKI+LANKOSKI)_6854170,q_lt_q20,,,
KASARI_6172023,q_lt_q20,,,
KATAJALUOMA_6854110,q_lt_q20,,,
KATIMA MULILO (64370001)_1291100,q_lt_q20,,,
KAUB_6335100,q_lt_q20,,,
KAUKOLANKOSKI_6854730,q_lt_q20,,,
KEILA_6172013,q_lt_q20,,,
KEPPO_6854200,q_lt_q20,,,
KESKASTEL_6136500,q_lt_q20,,,
KESSELINPURO_6855405,q_lt_q20,,,
KETZIN_6340510,q_lt_q20,,,
KILAI BRU_6729387,q_lt_q20,,,
KILPISJARVI  LUUSUA_6832753,q_lt_q20,,,
KISTA_6731920,q_lt_q20,,,
KITUSJARVI - OUTLET_6854107,q_lt_q20,,,
KLEMPENOW_6341500,q_lt_q20,,,
KLIPPAN 2_6233612,q_lt_q20,,,
KLOOSTRIMETSA_6172012,q_lt_q20,,,
KNAPPOM_6729530,q_lt_q20,,,
KOELN_6335060,q_lt_q20,,,
KOEPINGE_6233235,q_lt_q20,,,
KONGAS_6854707,q_lt_q20,,,
KONGEBROEN_6934370,q_lt_q20,,,
KONGOLA_1291200,q_lt_q20,,,
KONOJAD_6457340,q_lt_q20,,,
KONUVERE_6172025,q_lt_q20,,,
KORPIJOKI_6855408,q_lt_q20,,,
KOSCIAN_6457320,q_lt_q20,,,
KOSICKE OLSANY_6144350,q_lt_q20,,,
KOSKI_6854722,q_lt_q20,,,
KOWANOWKO_6457220,q_lt_q20,,,
KRAKFOSS_6729435,q_lt_q20,,,
KRAMSVAD_6934550,q_lt_q20,,,
KRASNYSTAW_6458713,q_lt_q20,,,
KRINGLERDAL_6729436,q_lt_q20,,,
KRINSVATN_6731070,q_lt_q20,,,
KROKBRAECKE_6229120,q_lt_q20,,,
KUDIRKOS NAUMIESTIS_6574201,q_lt_q20,,,
KUGGERUD_6729405,q_lt_q20,,,
KUIKKISENOJA_6854430,q_lt_q20,,,
KUKKOLANKOSKI OEVRE_6232910,q_lt_q20,,,
KULDIGA_6373010,q_lt_q20,,,
KULENIEKI_6373226,q_lt_q20,,,
KUMMANIVA_6854705,q_lt_q20,,,
KUNOW_6458520,q_lt_q20,,,
KUZNICA SKAKAWSKA_6457280,q_lt_q20,,,
KVISTFORSENS KRV_6233690,q_lt_q20,,,
KYLMANOJA_6854505,q_lt_q20,,,
KYSUCKE NOVE MESTO_6142551,q_lt_q20,,,
L'HUISSERIE [BONNE]_6123635,q_lt_q20,,,
LA FERTE-ALAIS ET A GUIGNEVILLE-SUR-ESSONNE_6122065,q_lt_q20,,,
LA JAVIE (ESCLANGON-PEROURE)_6139255,q_lt_q20,,,
LA VALLETTE_6139735,q_lt_q20,,,
LABARTHE-SUR-LEZE_6125115,q_lt_q20,,,
LAFRANCAISE [LUNEL]_6125290,q_lt_q20,,,
LAGASTE_6373932,q_lt_q20,,,
LAKE LESTIJARVI OUTLET_6854300,q_lt_q20,,,
LAKFORS_6731601,q_lt_q20,,,
LAKSA BRU_6731743,q_lt_q20,,,
LAKSHOLA_6731730,q_lt_q20,,,
LALM_6729455,q_lt_q20,,,
LANDBRU_6733645,q_lt_q20,,,
LANGEDALEN_6731582,q_lt_q20,,,
LANGSJOEN_6233755,q_lt_q20,,,
LANGTJERNBEKKEN_6729325,q_lt_q20,,,
LANKELA_6854720,q_lt_q20,,,
LANNAVAARA_6232930,q_lt_q20,,,
LARRA_6125135,q_lt_q20,,,
LATOSUONOJA_6855403,q_lt_q20,,,
LAUBEN_6342230,q_lt_q20,,,
LAUCHERTHAL_6342070,q_lt_q20,,,
LAUZET UBAYE (ROCHE ROUSSE)_6139260,q_lt_q20,,,
LAUZON_6139050,q_lt_q20,,,
LEIPZIG-THEKLA_6340350,q_lt_q20,,,
LEIRAGA_6731720,q_lt_q20,,,
LEIRBOTNVATN_6731930,q_lt_q20,,,
LEIRPOLDVATN_6731750,q_lt_q20,,,
LEJASCIEMS_6373113,q_lt_q20,,,
LELEX (NIAIZET)_6139832,q_lt_q20,,,
LEMPAALA - KUOKKALANKOSKI_6854102,q_lt_q20,,,
LEMPDES_6123640,q_lt_q20,,,
LENARTOVCE_6144100,q_lt_q20,,,
LENT_6139560,q_lt_q20,,,
LEPPASJARVI - OUTLET_6854108,q_lt_q20,,,
LEPPAVESI  LUUSUA_6854250,q_lt_q20,,,
LES SORINIERES (VILLENEUVE)_6123150,q_lt_q20,,,
LETOVICE_6142260,q_lt_q20,,,
LETZTER HELLER_6337513,q_lt_q20,,,
LEUN NEU_6335350,q_lt_q20,,,
LIAVATN_6729125,q_lt_q20,,,
LIELPECI_6373750,q_lt_q20,,,
LIEPVRE_6135210,q_lt_q20,,,
LIESJARVI - OUTLET_6854109,q_lt_q20,,,
LIEZELE_6220112,q_lt_q20,,,
LILLE LINDE_6934500,q_lt_q20,,,
LILLEFOSSEN_6731772,q_lt_q20,,,
LILLGLAEN_6233222,q_lt_q20,,,
LINDENBORG BRO_6934460,q_lt_q20,,,
LIPTOVSKY MIKULAS_6142680,q_lt_q20,,,
LISLEFJODD_6729227,q_lt_q20,,,
LITENE_6373213,q_lt_q20,,,
LJUSNE STROEMMAR KRV_6233221,q_lt_q20,,,
LJUSNEDAL OEVRE_6233227,q_lt_q20,,,
LOBEZ_6456105,q_lt_q20,,,
LOCHOW_6458924,q_lt_q20,,,
LODSHOLMBRO_6934480,q_lt_q20,,,
LOEVEL BRO_6934170,q_lt_q20,,,
LOEYTAENEENOJA_6854112,q_lt_q20,,,
LOHNAJARVI - OUTLET_6855412,q_lt_q20,,,
LOKOJA_1834101,q_lt_q20,,,
LONGCHAMP-SUR-AUJON [OUTRE AUBE]_6122225,q_lt_q20,,,
LOSNA_6729450,q_lt_q20,,,
LOUEY_6119110,q_lt_q20,,,
LOUVIERS_6122360,q_lt_q20,,,
LOVATN_6731170,q_lt_q20,,,
LOWICZ_6458540,q_lt_q20,,,
LOYAT (PONT D129)_6119015,q_lt_q20,,,
LOZANNE_6139361,q_lt_q20,,,
LUBARTOW_6458715,q_lt_q20,,,
LUGANUSE_6172016,q_lt_q20,,,
LUGUSE_6172031,q_lt_q20,,,
LUNEVILLE_6136085,q_lt_q20,,,
LUNGOCI_6742700,q_lt_q20,,,
LUPAWA_6456110,q_lt_q20,,,
LUPENE_6142190,q_lt_q20,,,
LUTHERSTADT WITTENBERG_6340130,q_lt_q20,,,
MAGDEBURG-STROMBRUECKE_6340180,q_lt_q20,,,
MAINZ_6335150,q_lt_q20,,,
MAKO_6444110,q_lt_q20,,,
MALANGSFOSS_6731907,q_lt_q20,,,
MALOWA GORA_6458555,q_lt_q20,,,
MANGLIEU (MOULIN DE LAVAUR)_6123630,q_lt_q20,,,
MANNDALEN BRU_6731765,q_lt_q20,,,
MAREUIL-SUR-LAY-DISSAIS_6119135,q_lt_q20,,,
MARIGNY-EGLISE (MENEFRIERS+CROTTEFROU)_6122160,q_lt_q20,,,
MARINGUES [COTE ROUGE]_6123215,q_lt_q20,,,
MARKLENDORF_6337501,q_lt_q20,,,
MARRASKOSKI_6854710,q_lt_q20,,,
MARSOV NAD METUJI_6140100,q_lt_q20,,,
MARTINRIVE_6221680,q_lt_q20,,,
MARTIN_6142640,q_lt_q20,,,
MAS-D'AGENAIS_6125100,q_lt_q20,,,
MASI_6731910,q_lt_q20,,,
MASSAIS [MOULIN BERNARD]_6123520,q_lt_q20,,,
MAULEON-LICHARRE_6119040,q_lt_q20,,,
MAXAU_6335200,q_lt_q20,,,
MAZSALACA_6373931,q_lt_q20,,,
MEDREAC_6118185,q_lt_q20,,,
MEDSTUGAN NEDRE_6233465,q_lt_q20,,,
MELTURI_6373112,q_lt_q20,,,
MEMBRE PONT_6221620,q_lt_q20,,,
MENNINGEN_6342081,q_lt_q20,,,
MERIKOSKI_6854500,q_lt_q20,,,
MERTAJARVI_6232960,q_lt_q20,,,
MEZOTNE_6373400,q_lt_q20,,,
MIDDAL_6729237,q_lt_q20,,,
MIKUZIAI_6573020,q_lt_q20,,,
MILHARS_6125270,q_lt_q20,,,
MILLAU_6125170,q_lt_q20,,,
MIRKOW_6457955,q_lt_q20,,,
MIRSK_6457704,q_lt_q20,,,
MIZOEN_6139725,q_lt_q20,,,
MOHACS_6442600,q_lt_q20,,,
MOJSINJE_6547310,q_lt_q20,,,
MONFORT-SUR-MEU (LABBAYE)_6119230,q_lt_q20,,,
MONTAGNAT_6139640,q_lt_q20,,,
MONTBERAUD (STE-CROIX-VOLVESTRE)_6125440,q_lt_q20,,,
MONTBRON_6119275,q_lt_q20,,,
MONTBRUN (PONT DE MONTBRUN)_6125361,q_lt_q20,,,
MONTCEAUX-L'ETOILE_6123040,q_lt_q20,,,
MONTDRAGON_6125225,q_lt_q20,,,
MONTESTRUC-SUR-GERS_6125335,q_lt_q20,,,
MONTJAUX (STAINT-HIPPOLYTE)_6125320,q_lt_q20,,,
MONTJEAN_6123100,q_lt_q20,,,
MONTPOUILLAN_6125405,q_lt_q20,,,
MOORSELE_6220100,q_lt_q20,,,
MORAVICANY_6142100,q_lt_q20,,,
MORAVSKY JAN_6142150,q_lt_q20,,,
MOREUIL_6118055,q_lt_q20,,,
MORRUM_6233130,q_lt_q20,,,
MORSANG-SUR-ORGE_6122130,q_lt_q20,,,
MORSTOL BRU_6731100,q_lt_q20,,,
MORTIERS_6122450,q_lt_q20,,,
MORZYCA_6457995,q_lt_q20,,,
MOSINA_6457330,q_lt_q20,,,
MOULINS_6123280,q_lt_q20,,,
MOURON_6122110,q_lt_q20,,,
MOUTIER-ROZEILLE (AUBUSSON)_6123470,q_lt_q20,,,
MUNKEDAL 2_6229135,q_lt_q20,,,
MUONIO_6832750,q_lt_q20,,,
MURET_6125085,q_lt_q20,,,
MUROLEENKOSKI_6854104,q_lt_q20,,,
MURR_6335675,q_lt_q20,,,
MUZY_6122345,q_lt_q20,,,
MYGLEVATN NDF_6729265,q_lt_q20,,,
MYLLYOJA_6854715,q_lt_q20,,,
MYON_6139795,q_lt_q20,,,
MYRKDALSVATN_6729180,q_lt_q20,,,
MYSZYNIEC_6458809,q_lt_q20,,,
NAAMIJOKI_6832918,q_lt_q20,,,
NAGYMAROS_6442500,q_lt_q20,,,
NANT (PONT DE GARDIES)_6125330,q_lt_q20,,,
NARSJO_6729830,q_lt_q20,,,
NARVA LINN_6172350,q_lt_q20,,,
NASIJARVI  TAMMERKOSKI_6854103,q_lt_q20,,,
NAUSTA_6731160,q_lt_q20,,,
NAUTSUNDVATN_6731161,q_lt_q20,,,
NEDERZWALM_6220510,q_lt_q20,,,
NEKOR_6140700,q_lt_q20,,,
NEMETICE_6140150,q_lt_q20,,,
NESMER_6142170,q_lt_q20,,,
NEU DARCHAU_6340110,q_lt_q20,,,
NEUBLANS-ABERGEMENT_6139770,q_lt_q20,,,
NEUSTADT_6335690,q_lt_q20,,,
NEUVILLE-LES-DAMES_6139550,q_lt_q20,,,
NEUVILLE-SUR-SARTHE ET A SOUILLE [MONTREUIL]_6123535,q_lt_q20,,,
NEZELLE_6123741,q_lt_q20,,,
NIAMEY_1234150,q_lt_q20,,,
NIECHMIROW_6457230,q_lt_q20,,,
NIEDERKIRCH_6342100,q_lt_q20,,,
NIEDERROEDERN_6135110,q_lt_q20,,,
NIEMISEL_6233780,q_lt_q20,,,
NIETULISKO DUZE_6458525,q_lt_q20,,,
NIGARDSVATN_6731585,q_lt_q20,,,
NIITTYJOKI_6854273,q_lt_q20,,,
NISKAKOSKI_6854800,q_lt_q20,,,
NISMES_6221560,q_lt_q20,,,
NIS_6547400,q_lt_q20,,,
NITRIANSKA STREDA_6142520,q_lt_q20,,,
NIWKI_6457880,q_lt_q20,,,
NOD-SUR-SEINE_6122102,q_lt_q20,,,
NOGENT-LE-ROTROU [PONT DE BOIS]_6123540,q_lt_q20,,,
NOGENT-SUR-OISE_6122465,q_lt_q20,,,
NORMANVILLE_6122355,q_lt_q20,,,
NORRSJOEN_6233555,q_lt_q20,,,
NORRSKOGSDIKET_6854940,q_lt_q20,,,
NORT-SUR-ERDRE (MOULIN DE VAUX)_6123170,q_lt_q20,,,
NOUATRE_6123400,q_lt_q20,,,
NOVOSARATOVKA_6955430,q_lt_q20,,,
NOWA WIES PODGORNA_6457870,q_lt_q20,,,
NOWE DREZDENKO_6457200,q_lt_q20,,,
NOWY SACZ_6458406,q_lt_q20,,,
NOWY TARG_6458402,q_lt_q20,,,
NR BROBY_6934750,q_lt_q20,,,
OBERLAUCHRINGEN_6335410,q_lt_q20,,,
OERSLEV_6934540,q_lt_q20,,,
OEYUNGEN_6731550,q_lt_q20,,,
OISILLY_6139055,q_lt_q20,,,
OJCOW_6458630,q_lt_q20,,,
OKONEK_6457215,q_lt_q20,,,
OKSFJORDVATN_6731770,q_lt_q20,,,
OLKKAJARVI  PERMANTOKOSKI_6854708,q_lt_q20,,,
OLOBOK_6457290,q_lt_q20,,,
OLORON-SAINTE-MARIE (OLORON-SNCF)_6119030,q_lt_q20,,,
OLORON-SAINTE-MARIE (OLORON-STE-CROIX)_6119020,q_lt_q20,,,
OMNESFOSS_6729525,q_lt_q20,,,
ONET-LE-CHATEAU ET A RODEZ_6125245,q_lt_q20,,,
OORE_6172050,q_lt_q20,,,
OOSTROZEBEKE_6220120,q_lt_q20,,,
OOSTVLETEREN_6238100,q_lt_q20,,,
ORAISON (ESCALE)_6139284,q_lt_q20,,,
ORIGNY-EN-THIERACHE_6122145,q_lt_q20,,,
ORNIAC [LES AMIS DU CELE]_6125395,q_lt_q20,,,
ORSOVA (1971_6742200,q_lt_q20,,,
OSENELV V OREN_6731123,q_lt_q20,,,
OSETNO_6457720,q_lt_q20,,,
OSIELEC_6458201,q_lt_q20,,,
OSTHEIM_6135040,q_lt_q20,,,
OUAGNE (CHAMPMOREAU)_6122180,q_lt_q20,,,
OULUNKYLA_6854115,q_lt_q20,,,
OUNASJARVI - OUTLET_6854713,q_lt_q20,,,
OVRE HYNDEVAD_6233412,q_lt_q20,,,
OVREVATN_6731906,q_lt_q20,,,
OYE NDF_6729240,q_lt_q20,,,
OYE_6729238,q_lt_q20,,,
PAHKAOJA_6854221,q_lt_q20,,,
PAIMPONT (PONT DU SECRET)_6119150,q_lt_q20,,,
PAJALA PUMPHUS_6232911,q_lt_q20,,,
PAJUPEA_6172010,q_lt_q20,,,
PAJUSI_6172236,q_lt_q20,,,
PALMAS (PONT DE MANSON)_6125620,q_lt_q20,,,
PAMILO_6855470,q_lt_q20,,,
PAULHAGUET_6123650,q_lt_q20,,,
PAULINET (ST-JEAN-DE-JEANNE)_6125540,q_lt_q20,,,
PAUNULANPURO_6854114,q_lt_q20,,,
PEERAJARVI  LUUSUA_6832909,q_lt_q20,,,
PELLO_6832917,q_lt_q20,,,
PELTOKOSKI_6854520,q_lt_q20,,,
PERL_6336800,q_lt_q20,,,
PESMES_6139682,q_lt_q20,,,
PEYREVELADE (SERVIERES)_6123401,q_lt_q20,,,
PFELLING_6342920,q_lt_q20,,,
PFORZHEIM_6335660,q_lt_q20,,,
PIEVIKI_6373921,q_lt_q20,,,
PILA_6457213,q_lt_q20,,,
PISEK_6140300,q_lt_q20,,,
PLAINES-SAINT-LANGE_6122101,q_lt_q20,,,
PLANCHER-BAS_6139710,q_lt_q20,,,
PLOUGONVEN_6118175,q_lt_q20,,,
PODARI_6742552,q_lt_q20,,,
PODGORZE_6457225,q_lt_q20,,,
POHJAKA I_6172020,q_lt_q20,,,
POLANA_6458605,q_lt_q20,,,
POMMEUSE_6122115,q_lt_q20,,,
PONT-DE-MONTVERT (FONTCHALETTES)_6125363,q_lt_q20,,,
PONTAUMUR_6123790,q_lt_q20,,,
PORAJ_6457860,q_lt_q20,,,
PORSCHDORF 1_6340430,q_lt_q20,,,
PORTA_6337518,q_lt_q20,,,
PORTTIPAHTA_6854706,q_lt_q20,,,
POZNAN-MOST ROCHA_6457820,q_lt_q20,,,
PROISELIERE ET LANGLE_6139935,q_lt_q20,,,
PRUDNIK_6457675,q_lt_q20,,,
PRZEDBORZ_6458753,q_lt_q20,,,
PTAKI_6458863,q_lt_q20,,,
PUCHACZOW_6458717,q_lt_q20,,,
PUDISOO_6172014,q_lt_q20,,,
PULO DO LOBO_6116200,q_lt_q20,,,
PUTTAKOSKI_6854810,q_lt_q20,,,
PYHAJARVI  LUUSUA_6854350,q_lt_q20,,,
PYHAJARVI LUUSA_6854310,q_lt_q20,,,
QUELNEUC_6119125,q_lt_q20,,,
QUEMPER-GUEZENNEC ET A YVIAS_6118170,q_lt_q20,,,
QUINCAY (ROCHECOURBE)_6123410,q_lt_q20,,,
QUISTINIC (KERDEC)_6119065,q_lt_q20,,,
RACIBORZ-MIEDONIA_6457670,q_lt_q20,,,
RAI_6118165,q_lt_q20,,,
RAJCZA_6458530,q_lt_q20,,,
RANSBERG_6220370,q_lt_q20,,,
RAON-L'ETAPE_6136065,q_lt_q20,,,
RAPINA_6172280,q_lt_q20,,,
RASKA_6547210,q_lt_q20,,,
RASKOV_6142101,q_lt_q20,,,
RATE_6731515,q_lt_q20,,,
RAUANA_6729380,q_lt_q20,,,
RAUMLAND_6337521,q_lt_q20,,,
RAUNHEIM_6335305,q_lt_q20,,,
RAVASKA_6854610,q_lt_q20,,,
RAVIJOKI_6854330,q_lt_q20,,,
RAZDORSKAYA_6978250,q_lt_q20,,,
REALVILLE_6125280,q_lt_q20,,,
REES_6335020,q_lt_q20,,,
REINSNOSVATN_6729131,q_lt_q20,,,
RENDA_6373050,q_lt_q20,,,
RENGEN_6233470,q_lt_q20,,,
RETHEM_6337250,q_lt_q20,,,
RHEINE UNTERSCHLEUSE_6338130,q_lt_q20,,,
RIEUX-VOLVESTRE [VOLVESTRE]_6125075,q_lt_q20,,,
RIGNY-SUR-ARROUX_6123710,q_lt_q20,,,
RIISA_6172042,q_lt_q20,,,
RISEFOSS_6731620,q_lt_q20,,,
RIVE-DE-GIER_6139330,q_lt_q20,,,
ROCKENAU SKA_6335600,q_lt_q20,,,
ROMAZY_6118145,q_lt_q20,,,
ROOSTOJA_6172037,q_lt_q20,,,
ROQUEFORT_6119215,q_lt_q20,,,
RORKAER_6934860,q_lt_q20,,,
ROTENBURG_6337508,q_lt_q20,,,
ROYKENES_6729150,q_lt_q20,,,
RUPT-SUR-MOSELLE_6136202,q_lt_q20,,,
RUUNAA_6855480,q_lt_q20,,,
RUUNAPURO_6854282,q_lt_q20,,,
RYCZYWOL_6457370,q_lt_q20,,,
RYSNA_6729567,q_lt_q20,,,
SAAKSJARVI - OUTLET_6854106,q_lt_q20,,,
SAETERNBEKKEN_6729425,q_lt_q20,,,
SAG_6742400,q_lt_q20,,,
SAIN-BEL_6139365,q_lt_q20,,,
SAINT-ANTOINE_6125295,q_lt_q20,,,
SAINT-AUBIN-LE-CAUF_6118230,q_lt_q20,,,
SAINT-BRANCHS_6123270,q_lt_q20,,,
SAINT-CYR-SOUS-DOURDAN_6122135,q_lt_q20,,,
SAINT-CYRAN-DU-JAMBOT_6123250,q_lt_q20,,,
SAINT-DENIS-D'ANJOU [BEFFES]_6123575,q_lt_q20,,,
SAINT-DIDIER-EN-VELAY (LE CROUZET)_6123750,q_lt_q20,,,
SAINT-DIE_6136160,q_lt_q20,,,
SAINT-ETIENNE-DE-BAIGORRY_6119050,q_lt_q20,,,
SAINT-FRAIMBAULT-DE-PRIERES_6123625,q_lt_q20,,,
SAINT-GEORGES-SUR-LAYON_6123181,q_lt_q20,,,
SAINT-HILAIRE-LE-VOUHIS_6119310,q_lt_q20,,,
SAINT-JEAN-BREVELAY_6119130,q_lt_q20,,,
SAINT-JUNIEN (LE DEROT)_6123420,q_lt_q20,,,
SAINT-JUST (LA RIVIERE COLOMBEL)_6119025,q_lt_q20,,,
SAINT-LAMBERT-DU-LATTAY (PONT BEZIGON)_6123180,q_lt_q20,,,
SAINT-LUPERCE_6122150,q_lt_q20,,,
SAINT-MARTIN-SAINTE CATHERINE_6123440,q_lt_q20,,,
SAINT-MARTIN-SUR-NOHAIN [VILLIERS]_6123290,q_lt_q20,,,
SAINT-MAUR-SUR-LE-LOIR_6123580,q_lt_q20,,,
SAINT-MAURICE-DE-VENTALON (LA CEPEDE)_6125370,q_lt_q20,,,
SAINT-MAY (PONT DE LA TUNE)_6139120,q_lt_q20,,,
SAINT-MEDARD-EN-FOREZ (MOULIN BRULE)_6123740,q_lt_q20,,,
SAINT-MIHIEL_6121055,q_lt_q20,,,
SAINT-NABOR (NOIR GUEUX)_6136201,q_lt_q20,,,
SAINT-OUEN-LA-ROUERIE_6118205,q_lt_q20,,,
SAINT-PATERNE-RACAN_6123230,q_lt_q20,,,
SAINT-PIERRE-DE-CLAIRAC_6125325,q_lt_q20,,,
SAINT-PROUANT (MONSIREIGNE)_6119300,q_lt_q20,,,
SAINT-SATURNIN_6122255,q_lt_q20,,,
SAINT-SAVIOL ET A VOULEME_6119270,q_lt_q20,,,
SAINT-USUGE_6139275,q_lt_q20,,,
SAINTE-SIGOLENE (VAUBARLET)_6123770,q_lt_q20,,,
SALA_6142620,q_lt_q20,,,
SALMEN  SILTA_6854360,q_lt_q20,,,
SALSVATN_6731850,q_lt_q20,,,
SAMARZEWO_6457260,q_lt_q20,,,
SAMI_6172036,q_lt_q20,,,
SANDOMIERZ_6458460,q_lt_q20,,,
SARRALBE (RECH)_6136520,q_lt_q20,,,
SATU MARE_6744500,q_lt_q20,,,
SAUHEID_6221501,q_lt_q20,,,
SAUZE ST MARTIN_6139300,q_lt_q20,,,
SCHERMBECK 1_6335080,q_lt_q20,,,
SCHMITTLOTHEIM_6337504,q_lt_q20,,,
SCHWABSBERG_6335680,q_lt_q20,,,
SCHWARMSTEDT_6337510,q_lt_q20,,,
SCHWEIGHOUSE-SUR-MODER D/S_6135120,q_lt_q20,,,
SCINAWA_6457680,q_lt_q20,,,
SEILH_6125160,q_lt_q20,,,
SEITAKORVA_6854701,q_lt_q20,,,
SEMPIGNY_6122141,q_lt_q20,,,
SENTA_6544100,q_lt_q20,,,
SERRES_6139270,q_lt_q20,,,
SERVANCE (FOURGUENONS)_6139680,q_lt_q20,,,
SIERADZ_6457840,q_lt_q20,,,
SIGULDA_6372104,q_lt_q20,,,
SIKFORS KRV_6233710,q_lt_q20,,,
SILI_6373220,q_lt_q20,,,
SIMLANGEN_6233150,q_lt_q20,,,
SIMO_6854620,q_lt_q20,,,
SINETTAJARVI - OUTLET_6854714,q_lt_q20,,,
SINT-JORIS-WEERT_6220500,q_lt_q20,,,
SKAERUMBRO_6934120,q_lt_q20,,,
SKALLBOELE KRV_6233551,q_lt_q20,,,
SKATILA_6854900,q_lt_q20,,,
SKIBBY_6934400,q_lt_q20,,,
SKOROGOSZCZ_6457730,q_lt_q20,,,
SKWIERZYNA_6457810,q_lt_q20,,,
SLUPSK_6456120,q_lt_q20,,,
SMALININKAI_6574150,q_lt_q20,,,
SMEDEREVO_6542510,q_lt_q20,,,
SNEISVATN_6731757,q_lt_q20,,,
SOGNE_6729395,q_lt_q20,,,
SOLBERGFOSS_6729403,q_lt_q20,,,
SOLLEFTEA KRV_6233650,q_lt_q20,,,
SOMBRUN_6119100,q_lt_q20,,,
SORSELE 2_6233680,q_lt_q20,,,
SOULAN (FREYCHET)_6125230,q_lt_q20,,,
SOUSPIERRE_6139230,q_lt_q20,,,
SOYA V MELHUS_6731112,q_lt_q20,,,
SOYANS_6139220,q_lt_q20,,,
SPEYER_6335170,q_lt_q20,,,
ST-ANDRE-DE-NAJAC (CANABRAL)_6125710,q_lt_q20,,,
ST-JUST-SUR-VIAUR (LA FABREGUERIE)_6125720,q_lt_q20,,,
ST. ANDRE LES ALPES_6139210,q_lt_q20,,,
ST. LAURENT DU PONT_6139450,q_lt_q20,,,
ST. RAMBERT_6139470,q_lt_q20,,,
STABBY_6233415,q_lt_q20,,,
STAVNAGER_6934350,q_lt_q20,,,
STEIN_6335290,q_lt_q20,,,
STIGVASSA_6729383,q_lt_q20,,,
STORDALSVATN_6729130,q_lt_q20,,,
STORHOLEN_6731120,q_lt_q20,,,
STORMYRA_6233175,q_lt_q20,,,
STORNORRFORS KRV_6233502,q_lt_q20,,,
STORUMAN_6233740,q_lt_q20,,,
STORVATN_6731675,q_lt_q20,,,
STORVATN_6731735,q_lt_q20,,,
STRANDA_6731660,q_lt_q20,,,
STRASBOURG [CHASSEUR FROID  LA ROBERTSAU]_6135045,q_lt_q20,,,
STRAZNICE_6142120,q_lt_q20,,,
STRECKEWALDE_6340635,q_lt_q20,,,
STREDA NAD BODROGOM_6144200,q_lt_q20,,,
STROE_6934520,q_lt_q20,,,
SULA_6731561,q_lt_q20,,,
SURAZ_6458805,q_lt_q20,,,
SVARTJOERNBEKKEN_6731540,q_lt_q20,,,
SVEDALA_6233367,q_lt_q20,,,
SVEG_6233223,q_lt_q20,,,
SZAMOTULY_6457380,q_lt_q20,,,
SZCZUCIN_6458450,q_lt_q20,,,
SZEGED_6444100,q_lt_q20,,,
TAENGVATTNET_6233530,q_lt_q20,,,
TAHKUSE_6172052,q_lt_q20,,,
TAINIONKOSKI_6855400,q_lt_q20,,,
TANEMOELLA_6233120,q_lt_q20,,,
TANGERMUENDE_6340160,q_lt_q20,,,
TANNSVATN_6729390,q_lt_q20,,,
TARTU_6172200,q_lt_q20,,,
TAUBERBISCHOFSHEIM_6335520,q_lt_q20,,,
TAULE (PENHOAT)_6118160,q_lt_q20,,,
TCZEW_6458010,q_lt_q20,,,
TEERESSUONOJA_6854504,q_lt_q20,,,
TEPLICE NAD BECVOU_6142300,q_lt_q20,,,
TERANDE_6372941,q_lt_q20,,,
TIFFAUGES (LA MOULINETTE)_6123160,q_lt_q20,,,
TIGHINA (BENDERY)_6781800,q_lt_q20,,,
TIGNIEU-JAMEYZIEU_6139310,q_lt_q20,,,
TINGVATN_6729250,q_lt_q20,,,
TINTIGNY_6221640,q_lt_q20,,,
TINTIGNY_6221645,q_lt_q20,,,
TOERNESTORP_6233540,q_lt_q20,,,
TOLLISTE_6172220,q_lt_q20,,,
TOLVFORS KRV_6233113,q_lt_q20,,,
TORA_6729110,q_lt_q20,,,
TORGAU_6340190,q_lt_q20,,,
TORI_6172039,q_lt_q20,,,
TORVA_6172033,q_lt_q20,,,
TORVE_6172240,q_lt_q20,,,
TOUCY_6122560,q_lt_q20,,,
TOULOUSE [SAINT-MARTIN-DU-TOUCH]_6125120,q_lt_q20,,,
TOURNEHEM-SUR-LA-HEM (GUEMY)_6122210,q_lt_q20,,,
TOURS-SUR-MEYMONT (GIROUX)_6123620,q_lt_q20,,,
TREIA_6334800,q_lt_q20,,,
TREZILIDE_6118150,q_lt_q20,,,
TRYNCZA_6458950,q_lt_q20,,,
TRZEBIATOW_6456107,q_lt_q20,,,
TUCHOLA_6458560,q_lt_q20,,,
TUDULINNA_6172230,q_lt_q20,,,
TUJUOJA_6854801,q_lt_q20,,,
TURNA NAD BODVOU_6144150,q_lt_q20,,,
TVEITDALEN_6729370,q_lt_q20,,,
TYSVAER_6729835,q_lt_q20,,,
UHLDINGEN_6335470,q_lt_q20,,,
UJSCIE I_6457205,q_lt_q20,,,
UKMERGE_6574360,q_lt_q20,,,
UNTERGRIESHEIM_6335681,q_lt_q20,,,
UNTERSCHMEIEN_6342810,q_lt_q20,,,
USCLADES-ET-RIEUTORD (RIEUTORD)_6123501,q_lt_q20,,,
USTI NAD LABEM_6140401,q_lt_q20,,,
USTRON OBLAZIEC_6458440,q_lt_q20,,,
UUE-LOVE_6172040,q_lt_q20,,,
UZINI_6373450,q_lt_q20,,,
V. KROGBAEKSBRO_6934015,q_lt_q20,,,
VAANTEENJOKI_6854660,q_lt_q20,,,
VAESTERSEL_6233700,q_lt_q20,,,
VAHA-ASKANJOKI_6854717,q_lt_q20,,,
VAKKOLA_6854340,q_lt_q20,,,
VAL D'ISERE_6139600,q_lt_q20,,,
VALAJASKOSKI_6854702,q_lt_q20,,,
VALENNES (LA CABOCHE)_6123220,q_lt_q20,,,
VALEX_6229110,q_lt_q20,,,
VALKEAKOSKI_6854116,q_lt_q20,,,
VALLIERES_6139850,q_lt_q20,,,
VALMIERA_6372100,q_lt_q20,,,
VANAKULA_6172026,q_lt_q20,,,
VANDENESSE_6123700,q_lt_q20,,,
VANTTAUSKOSKI_6854703,q_lt_q20,,,
VARGOENS KRV_6233315,q_lt_q20,,,
VARVARIN_6547600,q_lt_q20,,,
VASCOUIL_6122330,q_lt_q20,,,
VASKNARVA_6172351,q_lt_q20,,,
VASSBOTTEN_6229100,q_lt_q20,,,
VASSVATN_6731650,q_lt_q20,,,
VATTHOLMA 2_6233600,q_lt_q20,,,
VD LETOVICE_6142160,q_lt_q20,,,
VEKKOSKI_6854820,q_lt_q20,,,
VELEN 2_6233300,q_lt_q20,,,
VELENA_6373102,q_lt_q20,,,
VELLES [FORGES]_6123480,q_lt_q20,,,
VIARMES (GIEZ+BERTINVAL)_6122155,q_lt_q20,,,
VICAKI_6373912,q_lt_q20,,,
VIHTERPALU_6172028,q_lt_q20,,,
VIKSVATN_6731165,q_lt_q20,,,
VILLEFRANCHE-DE-ROUERGUE (BARRAGE CABAL)_6125610,q_lt_q20,,,
VILLEMUR-SUR-TARN_6125235,q_lt_q20,,,
VIRA (ENGRAVIES)_6125250,q_lt_q20,,,
VISKI_6373222,q_lt_q20,,,
VITRY-EN-CHAROLLAIS_6123730,q_lt_q20,,,
VITRY-EN-PERTHOIS_6122120,q_lt_q20,,,
VIVONNE [DANLOT]_6123445,q_lt_q20,,,
VLOTHO_6337100,q_lt_q20,,,
VODJA_6172056,q_lt_q20,,,
VRAENGEBAECKEN_6233325,q_lt_q20,,,
VUOHIJARVI  SIIKAKOSKI_6854260,q_lt_q20,,,
VUOSJARVI  HUOPANANKOSKI_6854280,q_lt_q20,,,
VUOTTASBAECKEN_6233785,q_lt_q20,,,
WADOWICE_6458203,q_lt_q20,,,
WAHMBECK_6337519,q_lt_q20,,,
WALCOURT (GARE)_6221131,q_lt_q20,,,
WARNANT_6221140,q_lt_q20,,,
WECHSELBURG 1_6340620,q_lt_q20,,,
WILKANOW_6457735,q_lt_q20,,,
WILSELE_6220501,q_lt_q20,,,
WISCHES_6135200,q_lt_q20,,,
WISLA_6458420,q_lt_q20,,,
WITTENBERGE_6340150,q_lt_q20,,,
WORMS_6335180,q_lt_q20,,,
YLANEENJOKI_6854151,q_lt_q20,,,
YLINENKOSKI_6854570,q_lt_q20,,,
YTTERHOLMEN_6233800,q_lt_q20,,,
ZAGAN_6457707,q_lt_q20,,,
ZAJECAR_6542700,q_lt_q20,,,
ZAKOPANE  HARENDA_6458403,q_lt_q20,,,
ZDANA_6144300,q_lt_q20,,,
ZELEZNY BROD_6140500,q_lt_q20,,,
ZELL_6335730,q_lt_q20,,,
ZERIND_6744100,q_lt_q20,,,
ZICHEM_6220301,q_lt_q20,,,
ZIMNICEA_6742500,q_lt_q20,,,
ZLEBY_6140120,q_lt_q20,,,
ZRUC NAD SAZAVOU_6140450,q_lt_q20,,,
ZWICKAU-POELBITZ_6340621,q_lt_q20,,,
201001,q_lt_q20,44.3,23.5,32.65
203005,q_lt_q20,50.3,19.9,29.65
203010,q_lt_q20,45.4,23.8,30.8
203030,q_lt_q20,43.9,22.95,33.55
204002,q_lt_q20,46,19.85,34
204007,q_lt_q20,50,18.3,32
204014,q_lt_q20,53.6,20.25,26.2
204017,q_lt_q20,33.15,31.5,35.35
204030,q_lt_q20,46.25,23.05,30.75
204036,q_lt_q20,60.2,16.6,23.5
204037,q_lt_q20,44.75,28.9,26.2
204039,q_lt_q20,59.6,15.6,24.6
204041,q_lt_q20,54.4,17.9,27.55
204046,q_lt_q20,57.4,16.75,25.35
204051,q_lt_q20,52.5,19.4,28.25
204056,q_lt_q20,53.65,19.3,26.65
204906,q_lt_q20,52.9,18.8,28.3
206009,q_lt_q20,44.55,21.45,34.15
206014,q_lt_q20,47.35,20.75,32.2
206018,q_lt_q20,51.9,19.45,28.5
206025,q_lt_q20,50.05,17.05,33.2
207004,q_lt_q20,52,22.45,26
207013,q_lt_q20,46.35,24.5,28.6
207014,q_lt_q20,43,25.85,30.75
207015,q_lt_q20,51.05,22.85,26.15
208003,q_lt_q20,45.95,23.7,30.3
208004,q_lt_q20,47.1,23.45,29.75
208005,q_lt_q20,50.45,24.05,25.65
208007,q_lt_q20,48.7,23.7,27.95
208009,q_lt_q20,48.6,19.9,31.9
208011,q_lt_q20,50.05,21.4,28.1
208015,q_lt_q20,45.85,25,28.8
208026,q_lt_q20,52.45,20.3,27.05
209002,q_lt_q20,51.25,22.8,26.4
209003,q_lt_q20,57,21.3,21.8
210011,q_lt_q20,50.8,21.05,29
210014,q_lt_q20,48.2,19.15,32.65
210016,q_lt_q20,50.2,16.85,33.15
210017,q_lt_q20,46.8,21,32.05
210022,q_lt_q20,49.9,22.35,27.8
210031,q_lt_q20,46.6,22.3,31.2
210040,q_lt_q20,48.35,18.9,32.75
210052,q_lt_q20,45.45,19.75,34.8
211009,q_lt_q20,48.8,21.2,29
211013,q_lt_q20,52.35,21.2,25.85
211014,q_lt_q20,54.75,21.9,22.95
212040,q_lt_q20,57.7,16.5,25.7
212209,q_lt_q20,59.25,17.6,23.25
212260,q_lt_q20,58.95,20.2,20.75
215004,q_lt_q20,65.8,14.7,19.45
215207,q_lt_q20,57.35,18.85,24.05
216002,q_lt_q20,57.1,20.55,22.45
216009,q_lt_q20,58.5,16.5,25.3
218001,q_lt_q20,61.05,16.65,22.15
218005,q_lt_q20,61.5,17.3,21.2
218007,q_lt_q20,66.95,15.3,17.85
218008,q_lt_q20,56.1,22.9,21
219001,q_lt_q20,61.9,15.9,22.1
219003,q_lt_q20,53.1,16.35,30.55
219006,q_lt_q20,64.75,16.9,18.5
219017,q_lt_q20,55.8,16.2,28.1
219022,q_lt_q20,54.7,15.9,29.1
220003,q_lt_q20,51.6,24,24.4
221002,q_lt_q20,62.4,15.6,22.15
221201,q_lt_q20,60.05,15.2,24.75
221207,q_lt_q20,58.95,16.95,24.3
221208,q_lt_q20,60.85,14.75,24.55
221209,q_lt_q20,64.1,15.2,20.7
221210,q_lt_q20,65.55,12.2,22
221211,q_lt_q20,60.45,16.35,22.9
221212,q_lt_q20,57.4,18.35,24.25
222004,q_lt_q20,52.25,18.9,29.25
222016,q_lt_q20,64.35,14.25,21.3
222202,q_lt_q20,56.7,17.2,26.4
222206,q_lt_q20,52,18.6,29.4
222213,q_lt_q20,62.5,16.9,20.8
222217,q_lt_q20,56.5,18,25.6
401009,q_lt_q20,55.25,19.05,25.7
401012,q_lt_q20,52.8,16.45,31.25
401013,q_lt_q20,50.5,21.65,27.85
401015,q_lt_q20,52.1,19.65,28.15
401016,q_lt_q20,53.85,19.05,27.1
401017,q_lt_q20,54,19.25,26.65
401203,q_lt_q20,58.95,17.35,23.45
401208,q_lt_q20,54,19.75,26.25
401210,q_lt_q20,54.2,20.65,24.6
401212,q_lt_q20,55.95,18.25,25.95
401216,q_lt_q20,62.3,15.5,21.9
401217,q_lt_q20,55.55,19.7,24.8
401220,q_lt_q20,56.45,16.6,26.95
410091,q_lt_q20,55.05,12.65,32.25
412028,q_lt_q20,55.95,18.3,25.85
412029,q_lt_q20,57.3,16.45,26.25
412050,q_lt_q20,55.6,17.6,27.2
412066,q_lt_q20,59.75,16.8,23.4
416003,q_lt_q20,47.45,16.45,36.1
416010,q_lt_q20,52.55,13.9,33.7
416016,q_lt_q20,46.3,14.65,38.35
416020,q_lt_q20,49.45,16,34.55
416023,q_lt_q20,48.35,20.35,31.3
416032,q_lt_q20,49.3,17.8,33.3
418005,q_lt_q20,62.8,12.6,24.3
418014,q_lt_q20,57.5,15.2,27.35
418015,q_lt_q20,48.15,17.2,35.25
418017,q_lt_q20,53.3,15.05,31.65
418021,q_lt_q20,46.3,20.2,33.9
418025,q_lt_q20,45.7,17.6,36.85
418027,q_lt_q20,43.05,19.3,38.05
418032,q_lt_q20,41.75,16.05,41.9
419005,q_lt_q20,44.45,18.75,36.4
419010,q_lt_q20,53.45,16.8,29.75
419016,q_lt_q20,48.55,21.1,31.1
419029,q_lt_q20,48.85,18.95,32.15
419035,q_lt_q20,46.3,18.9,35.1
419054,q_lt_q20,49.1,20.9,30.1
420003,q_lt_q20,52.55,13.9,33.3
420017,q_lt_q20,57.9,13.85,28.25
421018,q_lt_q20,53.6,17.75,28.7
421026,q_lt_q20,49.9,19.5,30.6
421042,q_lt_q20,47.75,18.6,33.4
421048,q_lt_q20,63.7,14.15,22.5
421050,q_lt_q20,48.25,18.6,33.45
424002,q_lt_q20,56.5,9.3,33.75
809310,q_lt_q20,54.2,12.95,32.9
809315,q_lt_q20,47.35,16.15,36.05
809316,q_lt_q20,54.9,15.3,30.2
809321,q_lt_q20,56.3,14.2,29.65
809322,q_lt_q20,56.25,17.4,26.4
A0020101,q_lt_q20,,,
G8110004,q_lt_q20,,,
G8140001,q_lt_q20,,,
G8140008,q_lt_q20,,,
G8140011,q_lt_q20,,,
G8140040,q_lt_q20,,,
G8140063,q_lt_q20,,,
G8140067,q_lt_q20,,,
G8170002,q_lt_q20,,,
G8190001,q_lt_q20,,,
G8200045,q_lt_q20,,,
G9030001,q_lt_q20,,,
G9070142,q_lt_q20,,,
003303A,q_lt_q20,,,
105101A,q_lt_q20,,,
105105A,q_lt_q20,,,
108002A,q_lt_q20,,,
111005A,q_lt_q20,,,
111007A,q_lt_q20,,,
112002A,q_lt_q20,,,
112101B,q_lt_q20,,,
112102A,q_lt_q20,,,
113004A,q_lt_q20,,,
114001A,q_lt_q20,,,
116006B,q_lt_q20,,,
116010A,q_lt_q20,,,
116011A,q_lt_q20,,,
116013A,q_lt_q20,,,
116014A,q_lt_q20,,,
116015A,q_lt_q20,,,
117002A,q_lt_q20,,,
117003A,q_lt_q20,,,
120102A,q_lt_q20,,,
120301B,q_lt_q20,,,
120304A,q_lt_q20,,,
121002A,q_lt_q20,,,
121003A,q_lt_q20,,,
122004A,q_lt_q20,,,
124002A,q_lt_q20,,,
125005A,q_lt_q20,,,
126003A,q_lt_q20,,,
129001A,q_lt_q20,,,
130004A,q_lt_q20,,,
130302A,q_lt_q20,,,
130324A,q_lt_q20,,,
130403A,q_lt_q20,,,
130410A,q_lt_q20,,,
130413A,q_lt_q20,,,
132001A,q_lt_q20,,,
135002A,q_lt_q20,,,
135004A,q_lt_q20,,,
136006A,q_lt_q20,,,
136202D,q_lt_q20,,,
136203A,q_lt_q20,,,
136208A,q_lt_q20,,,
136304A,q_lt_q20,,,
137101A,q_lt_q20,,,
137201A,q_lt_q20,,,
138009A,q_lt_q20,,,
138110A,q_lt_q20,,,
138903A,q_lt_q20,,,
143007A,q_lt_q20,,,
143009A,q_lt_q20,,,
143107A,q_lt_q20,,,
143110A,q_lt_q20,,,
143209B,q_lt_q20,,,
143303A,q_lt_q20,,,
145010A,q_lt_q20,,,
145011A,q_lt_q20,,,
145018A,q_lt_q20,,,
145101D,q_lt_q20,,,
145102B,q_lt_q20,,,
145107A,q_lt_q20,,,
146010A,q_lt_q20,,,
422202B,q_lt_q20,,,
422306A,q_lt_q20,,,
422319B,q_lt_q20,,,
422321B,q_lt_q20,,,
422334A,q_lt_q20,,,
422394A,q_lt_q20,,,
424201A,q_lt_q20,,,
915206A,q_lt_q20,,,
917107A,q_lt_q20,,,
919003A,q_lt_q20,,,
919005A,q_lt_q20,,,
919201A,q_lt_q20,,,
919309A,q_lt_q20,,,
925001A,q_lt_q20,,,
926002A,q_lt_q20,,,
A0030501,q_lt_q20,,,
A2390519,q_lt_q20,,,
A4260533,q_lt_q20,,,
A5030502,q_lt_q20,,,
A5040523,q_lt_q20,,,
A5050517,q_lt_q20,,,
A5060500,q_lt_q20,,,
A5070500,q_lt_q20,,,
A5070503,q_lt_q20,,,
A5090503,q_lt_q20,,,
A5130501,q_lt_q20,,,
302200,q_lt_q20,50.2,14.2,35.6
303203,q_lt_q20,58.8,15.1,26.2
304040,q_lt_q20,55.5,18.2,26.3
304497,q_lt_q20,55.25,24.2,20.85
304499,q_lt_q20,52.05,20.15,27.85
305202,q_lt_q20,55.7,15.5,28.8
306119,q_lt_q20,52.35,17.8,30.25
307473,q_lt_q20,47.15,27.8,25
308145,q_lt_q20,51.9,28.75,19.55
308799,q_lt_q20,53.85,23.35,23.45
312061,q_lt_q20,47.65,19.4,32.95
314207,q_lt_q20,49.1,18.8,32.25
314212,q_lt_q20,44.3,18.35,37.05
315450,q_lt_q20,55.65,18.05,25.7
316624,q_lt_q20,56.6,18.25,25.2
317200,q_lt_q20,52.95,18.2,28.85
318076,q_lt_q20,55.25,15.8,29.25
318150,q_lt_q20,51.15,13.95,35.3
318181,q_lt_q20,44.8,12.95,42.25
318191,q_lt_q20,52.6,15.25,32
318311,q_lt_q20,48.2,13.55,37.85
319204,q_lt_q20,50,16.55,33.9
10327500,q_lt_q20,38.9,39.55,21.6
10329000,q_lt_q20,46.85,36.3,16.55
10329500,q_lt_q20,38.55,36.7,24.35
10333000,q_lt_q20,44.55,38.8,16.65
10335000,q_lt_q20,45.95,35.05,19
10336610,q_lt_q20,66.55,21.65,11.85
10336645,q_lt_q20,65.8,24.2,10.4
10336660,q_lt_q20,64.7,25.2,9.65
10336676,q_lt_q20,63.95,27.9,7.95
10336698,q_lt_q20,56.4,31.05,12.7
10336700,q_lt_q20,54.85,27.55,17.6
10336780,q_lt_q20,62.45,25.55,12.4
10337500,q_lt_q20,55.65,29.55,14.8
10338000,q_lt_q20,58.25,28.25,13.05
10338500,q_lt_q20,59.7,28.5,11.8
10338700,q_lt_q20,61.95,25.4,12.25
10339410,q_lt_q20,56.5,27.3,16.2
10340500,q_lt_q20,57.95,25.75,16.3
10343000,q_lt_q20,64.75,26.6,8.25
10343500,q_lt_q20,57.9,31.75,9.95
10344400,q_lt_q20,56.85,27.45,15.7
10344500,q_lt_q20,57.6,25.65,16.75
10344505,q_lt_q20,51.75,30.1,18.15
10346000,q_lt_q20,51.7,28.3,20
10347310,q_lt_q20,52.75,27.6,19.65
10347460,q_lt_q20,55.3,25.75,18.7
10347600,q_lt_q20,51.1,29.25,19.8
10348000,q_lt_q20,50.9,26.55,22.55
10348036,q_lt_q20,48.65,26.75,24.35
10348200,q_lt_q20,46.9,31.6,21.35
10348245,q_lt_q20,58.75,24.35,17.5
10348295,q_lt_q20,50.05,27.75,22.2
10348460,q_lt_q20,61.4,27.95,10.65
10349300,q_lt_q20,56.85,25.75,17.4
10349849,q_lt_q20,49,30,20.85
10349980,q_lt_q20,52.45,30,17.55
10350000,q_lt_q20,52.3,26.75,20.55
10350340,q_lt_q20,60.8,23.15,16.35
10351300,q_lt_q20,57.3,24.05,18.75
10351400,q_lt_q20,71.35,16.45,12.25
10351600,q_lt_q20,52.05,27.8,20.75
10351650,q_lt_q20,56.9,25.45,17.75
10351700,q_lt_q20,61.25,22.45,16.3
10352500,q_lt_q20,45.85,35.65,18.4
10396000,q_lt_q20,34.35,40.8,24.85
10642505,q_lt_q20,56.3,38.7,5
10735562,q_lt_q20,65.55,31.45,3
10965852,q_lt_q20,60.6,33.1,6.45
11012500,q_lt_q20,52.75,22.05,24.65
11014000,q_lt_q20,39.95,23.55,36.1
11015000,q_lt_q20,54.65,24.2,21.6
11016200,q_lt_q20,48.45,24.65,27.05
11022200,q_lt_q20,46.85,24.75,28.65
11022480,q_lt_q20,41.45,30.3,27.95
11023000,q_lt_q20,46.8,28,25.2
11023340,q_lt_q20,44.8,25.05,29.85
11025500,q_lt_q20,49.45,24.2,27.1
11027000,q_lt_q20,45.65,24.9,29.45
11028500,q_lt_q20,50.45,24.4,24.65
11042400,q_lt_q20,58,24.15,17.85
11042800,q_lt_q20,47.2,28.6,24.1
11042900,q_lt_q20,45.95,30.05,24.1
11044000,q_lt_q20,52.8,26.15,20.65
11044250,q_lt_q20,45.1,29.2,25.45
11044300,q_lt_q20,50.15,26.15,23.55
11044350,q_lt_q20,50.15,26.5,23.6
11044800,q_lt_q20,49.65,26.05,23.9
11045300,q_lt_q20,44.8,24.05,31.3
11045600,q_lt_q20,46.65,25.9,28.35
11048175,q_lt_q20,46.2,26.1,27.7
11048600,q_lt_q20,44.35,32.6,23.05
11051499,q_lt_q20,49.75,27.75,22.4
11051502,q_lt_q20,49.75,27.75,22.4
11055500,q_lt_q20,47.5,27.65,24.5
11055566,q_lt_q20,53.95,32.25,13.8
11055800,q_lt_q20,46.25,28.05,25.65
11057500,q_lt_q20,51.65,29.45,18.9
11058500,q_lt_q20,54.05,26,19.8
11058600,q_lt_q20,54.9,24.75,20.45
11059300,q_lt_q20,46.8,29.7,23.45
11060400,q_lt_q20,49.5,28.35,22.4
11062000,q_lt_q20,52,27.8,20.2
11062800,q_lt_q20,49.35,28.2,22.35
11063510,q_lt_q20,49.75,28.55,21.85
11063680,q_lt_q20,52.25,28.2,19.5
11065000,q_lt_q20,50.45,27.45,22.1
11069500,q_lt_q20,49.6,29.3,20.8
11070270,q_lt_q20,53.75,29.35,16.9
11070365,q_lt_q20,43.1,30.95,25.25
11070465,q_lt_q20,52.5,28.75,18.75
11072100,q_lt_q20,45.95,31.05,22.45
11073300,q_lt_q20,42.95,33.9,22.9
11073360,q_lt_q20,42.6,34.2,23.15
11073495,q_lt_q20,40.6,35.6,24.2
11074000,q_lt_q20,43.15,31.75,25.4
11075720,q_lt_q20,46.1,28.65,25.25
11075800,q_lt_q20,44.45,27.05,28.2
11077500,q_lt_q20,49.55,28.95,21.65
11078000,q_lt_q20,39.95,30.6,29.45
11087020,q_lt_q20,44.8,31.2,24.3
11088500,q_lt_q20,50.3,27.55,22.45
11089500,q_lt_q20,50.95,28.75,20.3
11098000,q_lt_q20,47.55,26.95,24.8
11101250,q_lt_q20,40.1,31.3,28.3
11102300,q_lt_q20,43.1,30.2,26.6
11109000,q_lt_q20,37.75,34.8,27.6
11109600,q_lt_q20,33.3,35.3,31.2
11109800,q_lt_q20,40.2,31.6,27.25
11111500,q_lt_q20,40.2,34.5,25.3
11113000,q_lt_q20,42.5,29.2,28.55
11113500,q_lt_q20,45.5,29.3,24.8
11114495,q_lt_q20,44.3,34.75,20.9
11119500,q_lt_q20,46.25,29.45,23.8
11119750,q_lt_q20,48.05,28.75,23.4
11119940,q_lt_q20,45.8,30.9,23.15
11120000,q_lt_q20,46.35,28.45,25.2
11120500,q_lt_q20,43.6,32.05,24.35
11121900,q_lt_q20,38.9,34.5,26.15
11123500,q_lt_q20,40.2,31.05,28.45
11124500,q_lt_q20,42.45,32.05,25.2
11128500,q_lt_q20,43.9,32.35,23.35
11132500,q_lt_q20,41.15,32.2,26.25
11133000,q_lt_q20,41.75,32.9,25.35
11136040,q_lt_q20,49.85,28.75,21.95
11136800,q_lt_q20,40.35,31.75,27.9
11137900,q_lt_q20,40.45,33.8,25.8
11141050,q_lt_q20,51,30.6,18.8
11141280,q_lt_q20,42.45,34.25,23.7
11143000,q_lt_q20,47.4,30.6,22
11143250,q_lt_q20,49.55,28.2,22.65
11147500,q_lt_q20,41.35,32.35,26.7
11148900,q_lt_q20,41.35,33.05,26
11149400,q_lt_q20,42.1,32.5,25.15
11149900,q_lt_q20,40.65,32.3,27.05
11150500,q_lt_q20,34.45,34.9,30.85
11151300,q_lt_q20,41.05,31.6,27.65
11151700,q_lt_q20,39.85,36.3,24.15
11152000,q_lt_q20,38.3,33.7,28
11152050,q_lt_q20,41.45,35,23.55
11152300,q_lt_q20,40.3,35,25.4
11152500,q_lt_q20,41.7,33.2,25.1
11152650,q_lt_q20,38,34.75,27.35
11153650,q_lt_q20,31.7,36.9,31
11156500,q_lt_q20,40,32.1,27.75
11157500,q_lt_q20,34.15,36.95,29.3
11158600,q_lt_q20,35.4,36.6,28.45
11159000,q_lt_q20,41.75,32,25.65
11159200,q_lt_q20,41.5,31.5,27.05
11159490,q_lt_q20,40.45,32.6,27.2
11159500,q_lt_q20,43.05,31.05,26.3
11160000,q_lt_q20,45.45,30.8,23.8
11160500,q_lt_q20,44.75,32.55,22.65
11161000,q_lt_q20,46.75,29.7,23.05
11162500,q_lt_q20,42.35,33.35,24.3
11162570,q_lt_q20,50,24.8,25.6
11169025,q_lt_q20,35.1,32.6,31.75
11169500,q_lt_q20,38.75,36.05,26
11169800,q_lt_q20,38.25,34.6,27.05
11172175,q_lt_q20,36,32.9,31.1
11172945,q_lt_q20,41.9,34.9,23.6
11172955,q_lt_q20,41.2,35.6,23.6
11173200,q_lt_q20,41.05,34.5,24.75
11173500,q_lt_q20,38.55,35.05,26.4
11173510,q_lt_q20,37.8,35.55,26.95
11173575,q_lt_q20,39.2,35.8,25
11173800,q_lt_q20,40.9,33.35,25.9
11174000,q_lt_q20,38.3,34.55,26.9
11176400,q_lt_q20,43,33.35,23.95
11176500,q_lt_q20,36.75,36.25,26.15
11176900,q_lt_q20,37.35,35.8,27.25
11179000,q_lt_q20,32.5,37.7,29.45
11179100,q_lt_q20,38.6,32.05,29.15
11180500,q_lt_q20,36.5,34.9,29.6
11180700,q_lt_q20,33.65,37.55,28.85
11180825,q_lt_q20,39.95,32.05,27.45
11180900,q_lt_q20,41.25,30.1,28
11180960,q_lt_q20,38.75,34.05,27.2
11181000,q_lt_q20,41.1,31.6,27.5
11181008,q_lt_q20,43.15,31.45,26.1
11182500,q_lt_q20,41.35,33.8,24.45
11189500,q_lt_q20,57.75,25.35,16.5
11200800,q_lt_q20,54.15,26.55,19.3
11203580,q_lt_q20,60.9,20.5,18.65
11204100,q_lt_q20,55,25.75,19.65
11206820,q_lt_q20,70.05,23.65,6.3
11224000,q_lt_q20,71.4,23.3,5.4
11224500,q_lt_q20,33.5,33.9,32.9
11251000,q_lt_q20,49.45,31.85,18.65
11253310,q_lt_q20,40.55,31.05,28.75
11261500,q_lt_q20,24.45,39.75,35.5
11262900,q_lt_q20,34.45,36.05,29.55
11264500,q_lt_q20,70.05,23.8,6.4
11266500,q_lt_q20,61.55,29.25,8.25
11273400,q_lt_q20,32.15,38.55,29.7
11274000,q_lt_q20,33.85,38.5,27.65
11274550,q_lt_q20,33.8,38.35,27.85
11274630,q_lt_q20,30.5,34.95,33.65
11274790,q_lt_q20,71.15,19.75,9.5
11276500,q_lt_q20,62.85,21.55,15.5
11276600,q_lt_q20,61.1,24.9,14
11276900,q_lt_q20,51.4,28.5,19.7
11277300,q_lt_q20,62.9,23.6,13.35
11278000,q_lt_q20,62.65,23.05,14.3
11278300,q_lt_q20,54.45,26.6,18.85
11278400,q_lt_q20,56.75,27.2,16.25
11284400,q_lt_q20,42.95,36.3,20.75
11289000,q_lt_q20,40.8,35.25,23.55
11289500,q_lt_q20,40.6,34.2,25.2
11289650,q_lt_q20,38.95,34.75,26.35
11290000,q_lt_q20,38.3,32.95,29.05
11299600,q_lt_q20,39,35.05,25.3
11303000,q_lt_q20,39.15,36,24.8
11303500,q_lt_q20,35.45,36.2,28.05
11335000,q_lt_q20,39.2,37.35,23.3
11342000,q_lt_q20,41.95,31.2,26.75
11345500,q_lt_q20,39.35,33.5,27.3
11348500,q_lt_q20,42.65,31.5,26.2
11355010,q_lt_q20,41.5,34.5,23.5
11355500,q_lt_q20,47.55,31.35,20.95
11370500,q_lt_q20,46.25,30.5,23.1
11370700,q_lt_q20,39.4,32.5,28.1
11372000,q_lt_q20,41.4,31.8,26.55
11374000,q_lt_q20,39.85,34.05,26.4
11376000,q_lt_q20,44.2,33.95,21.85
11376550,q_lt_q20,41.1,32.6,26.7
11377100,q_lt_q20,41.75,30.6,27.35
11379500,q_lt_q20,41.45,31.2,26.75
11381500,q_lt_q20,36.5,35.85,27.8
11383500,q_lt_q20,36.75,33.25,30.7
11389500,q_lt_q20,33.4,38.6,28.4
11390000,q_lt_q20,36.95,36.2,26.7
11390500,q_lt_q20,28.35,44.45,27.95
11401920,q_lt_q20,46.6,32.8,21.05
11402000,q_lt_q20,51.2,31.65,16.75
11413000,q_lt_q20,41.45,32.65,26
11418500,q_lt_q20,37.1,36.6,26.3
11421000,q_lt_q20,39.1,40.6,20.1
11424000,q_lt_q20,37.1,41.2,21.75
11425500,q_lt_q20,23.5,42.15,34.65
11427000,q_lt_q20,47.95,31.55,20.5
11446500,q_lt_q20,43.5,33.95,22.6
11447360,q_lt_q20,40.85,37.35,21.8
11448750,q_lt_q20,37.9,34.65,27.4
11448800,q_lt_q20,33.6,37.8,29
11449255,q_lt_q20,34.35,39.9,25.15
11449500,q_lt_q20,35.85,35.9,28.15
11449820,q_lt_q20,37.6,37.85,24.6
11451000,q_lt_q20,38.25,34.3,27.55
11451100,q_lt_q20,41.05,33.5,25.6
11451300,q_lt_q20,40.8,30.8,28.25
11451715,q_lt_q20,38.5,33.5,28.4
11451800,q_lt_q20,39.6,33.65,26.85
11452500,q_lt_q20,27.65,42.4,29.95
11452900,q_lt_q20,20.5,41.45,38.05
11453000,q_lt_q20,24.05,40,36.35
11453500,q_lt_q20,38.65,32.75,29
11453590,q_lt_q20,37.45,33.5,28.65
11454000,q_lt_q20,41.25,33.65,25
11456000,q_lt_q20,39.7,34.4,25.6
11458000,q_lt_q20,37.15,35.55,26.95
11458433,q_lt_q20,36.75,36.4,26.55
11458500,q_lt_q20,37.5,36.7,26
11458600,q_lt_q20,35.9,39.65,25
11459500,q_lt_q20,41.25,32,26.75
11460000,q_lt_q20,40.35,34.3,25.75
11460400,q_lt_q20,44.7,31.9,23.4
11460600,q_lt_q20,41.3,33.65,24.9
11460605,q_lt_q20,44.55,31.25,24.6
11460750,q_lt_q20,39.65,35.6,25
11461500,q_lt_q20,39.5,36.85,23
11462080,q_lt_q20,38.3,36.9,25.2
11462500,q_lt_q20,40.05,35.25,24.3
11463000,q_lt_q20,36.9,37.45,25.4
11463170,q_lt_q20,45.6,32.1,22.3
11463200,q_lt_q20,38.65,35.6,25.8
11463500,q_lt_q20,34.45,35.45,30.35
11463682,q_lt_q20,39.5,32.75,27.6
11463980,q_lt_q20,37.2,34.8,28
11464000,q_lt_q20,37.05,35.25,27.3
11465240,q_lt_q20,37.1,35.2,28.15
11465350,q_lt_q20,37.25,37,25.6
11465390,q_lt_q20,,,
11465660,q_lt_q20,35.5,37.5,27.45
11465680,q_lt_q20,37.9,39.1,23.25
11465690,q_lt_q20,39.9,35.8,24.3
11465700,q_lt_q20,37.95,37.85,23.25
11465750,q_lt_q20,41.05,33.8,25.15
11466170,q_lt_q20,43,31.35,25.65
11466200,q_lt_q20,40.05,33.3,26.35
11466320,q_lt_q20,39.95,37.4,22.85
11467000,q_lt_q20,44.05,33.3,22.9
11467200,q_lt_q20,43.4,33.75,22.6
11467510,q_lt_q20,45.7,32.5,21.75
11467553,q_lt_q20,49.7,29.8,20.5
11468900,q_lt_q20,45.15,34.55,20.3
11472180,q_lt_q20,36.3,37.8,25.75
11473900,q_lt_q20,42.6,33.1,24.3
11475000,q_lt_q20,40.25,35.25,24.35
11476500,q_lt_q20,38.8,39.35,21.35
11476600,q_lt_q20,38.1,39.8,22
11477000,q_lt_q20,46,35.5,18.5
11478500,q_lt_q20,42.65,37.7,20.15
11480390,q_lt_q20,45.2,34.8,19.5
11481000,q_lt_q20,45.85,33.2,21.65
11481200,q_lt_q20,35.65,40.9,23.45
11481500,q_lt_q20,43.7,36.35,20.2
11482500,q_lt_q20,35.2,46.5,18.65
11493500,q_lt_q20,60.2,30.35,9.55
11501000,q_lt_q20,53.7,29.9,16.4
11502500,q_lt_q20,49.25,33.3,17.25
11503000,q_lt_q20,67.8,28.05,4.15
11504115,q_lt_q20,47.1,34.95,18.25
11507500,q_lt_q20,46.4,33.6,20
11509105,q_lt_q20,46.95,34.55,18.55
11509200,q_lt_q20,44.65,34.35,21
11509250,q_lt_q20,43.75,34.3,21.55
11509340,q_lt_q20,47.35,31.9,20.65
11509500,q_lt_q20,51.8,32.35,15.85
11510700,q_lt_q20,52.25,33.95,13.8
11516530,q_lt_q20,45.1,31.55,22.9
11517000,q_lt_q20,41.6,36,22.25
11517500,q_lt_q20,44.5,34.05,21.55
11519500,q_lt_q20,50.45,31.95,17.9
11520500,q_lt_q20,43.75,33.4,22.5
11521500,q_lt_q20,43.15,37.2,19.95
11522500,q_lt_q20,42.9,34.5,22.2
11523000,q_lt_q20,41.9,37.1,21.2
11523200,q_lt_q20,50.9,31.9,17.2
11525500,q_lt_q20,46.95,33.1,19.8
11525530,q_lt_q20,50.25,30.4,19.35
11525655,q_lt_q20,49.65,30.95,19
11525670,q_lt_q20,48.05,31.15,20.45
11525854,q_lt_q20,52.4,28.85,18.75
11526250,q_lt_q20,48.3,32.55,19.2
11526400,q_lt_q20,48.25,29.55,22.2
11527000,q_lt_q20,46.3,32.95,20.9
11528700,q_lt_q20,41.6,36.55,22.6
11530500,q_lt_q20,37.7,40.05,22.35
11532500,q_lt_q20,42.3,36.5,21.2
12013500,q_lt_q20,32.5,39.7,28.05
12020000,q_lt_q20,26.1,48.25,25.35
12020525,q_lt_q20,24.85,48.95,26.1
12020800,q_lt_q20,31.1,45.1,23.4
12021800,q_lt_q20,30.5,42.35,26.5
12024000,q_lt_q20,35.65,44.4,19.95
12024400,q_lt_q20,24.95,47.65,27.35
12025000,q_lt_q20,33.55,42.1,24.35
12025700,q_lt_q20,42.75,39.75,17.7
12026150,q_lt_q20,30.05,44.15,25.75
12026400,q_lt_q20,30.15,44.9,24.75
12027500,q_lt_q20,32.35,43.4,23.85
12031000,q_lt_q20,42.1,37.25,20.95
12035000,q_lt_q20,32.35,43.9,23.3
12035055,q_lt_q20,51.2,35.85,12.95
12035400,q_lt_q20,44.45,42.9,12.45
12036000,q_lt_q20,43.6,42.7,13.7
12037400,q_lt_q20,38.35,44.05,18
12039005,q_lt_q20,34.1,48.95,17.4
12039500,q_lt_q20,54.85,34,11.15
12041200,q_lt_q20,47.65,39.4,12.25
12042800,q_lt_q20,50.25,39.35,10.8
12043000,q_lt_q20,40.6,46.85,12.55
12043300,q_lt_q20,49.4,38.8,11.7
12052210,q_lt_q20,51.05,36.3,12.15
12054000,q_lt_q20,51.2,36.15,12.55
12056500,q_lt_q20,57.25,33.7,9.4
12058790,q_lt_q20,45.45,39.5,15
12059500,q_lt_q20,43.2,39.95,17.3
12060500,q_lt_q20,42.35,41.5,16.25
12061500,q_lt_q20,38.75,39.8,21.6
12073500,q_lt_q20,51.2,36.7,12.1
12076800,q_lt_q20,48.05,33.1,19.25
12079000,q_lt_q20,49.6,34.85,15.7
12080010,q_lt_q20,48.45,33.5,18.55
12082500,q_lt_q20,60.1,30.2,9.7
12083000,q_lt_q20,53,35.3,11.55
12086500,q_lt_q20,52.9,36.1,11.1
12087000,q_lt_q20,52.2,35.4,12.4
12088000,q_lt_q20,51.95,34.9,13.25
12089208,q_lt_q20,47.95,38.5,13.65
12089500,q_lt_q20,57.4,33.35,9.65
12090400,q_lt_q20,50.45,36.3,12.95
12090500,q_lt_q20,55.4,31.25,13.35
12091100,q_lt_q20,52.7,33.05,14.25
12091200,q_lt_q20,52.1,30.95,16.95
12091290,q_lt_q20,57.2,31,12
12091500,q_lt_q20,54.8,33.65,11.55
12092000,q_lt_q20,58,31.75,10.25
12093500,q_lt_q20,56.35,31.35,12
12094000,q_lt_q20,57.05,32.5,10.5
12095000,q_lt_q20,53.55,32.05,14.4
12095493,q_lt_q20,38.35,42.45,19.65
12096500,q_lt_q20,52.25,32.2,16.1
12096505,q_lt_q20,46.1,32.95,20.95
12096865,q_lt_q20,69.05,26.4,4.55
12097500,q_lt_q20,61.15,30.95,7.85
12097820,q_lt_q20,59.35,31.55,9
12097850,q_lt_q20,58.9,32.1,9
12098920,q_lt_q20,50.15,36,13.85
12099200,q_lt_q20,53.05,33.4,13.55
12099600,q_lt_q20,52.25,34.05,13.7
12100490,q_lt_q20,52.35,33.2,14.45
12101100,q_lt_q20,40.5,40.25,19.25
12101470,q_lt_q20,50.5,31.9,18
12101500,q_lt_q20,37.3,42.7,20.2
12102190,q_lt_q20,54,33.75,12.35
12106700,q_lt_q20,56.4,33,10.75
12108500,q_lt_q20,53.8,34.15,12.85
12112600,q_lt_q20,58.2,29.9,11.85
12113000,q_lt_q20,51.45,30.75,17.8
12113150,q_lt_q20,51.55,33.2,15.25
12113344,q_lt_q20,34.35,42.9,22.75
12113346,q_lt_q20,39,41.8,19.35
12113347,q_lt_q20,49.1,35.7,15.25
12113349,q_lt_q20,34.3,41.45,24.25
12114500,q_lt_q20,66.1,27.45,7.15
12115000,q_lt_q20,63.15,30.05,6.7
12115500,q_lt_q20,63.7,30.3,6
12115700,q_lt_q20,63.85,29.85,6.3
12116100,q_lt_q20,57.9,32.55,9.15
12116400,q_lt_q20,56.85,32.25,11.3
12116500,q_lt_q20,58.55,32.8,8.65
12117000,q_lt_q20,56.3,33.4,9.9
12117500,q_lt_q20,58.05,30.55,11.4
12117600,q_lt_q20,59.9,30.55,8.85
12118400,q_lt_q20,52.9,32.15,14.95
12119000,q_lt_q20,39.55,38.25,21.7
12120600,q_lt_q20,49.8,36.25,13.95
12121600,q_lt_q20,53,33.1,13.9
12131300,q_lt_q20,55.65,33.5,11
12131500,q_lt_q20,51.5,36.75,11.85
12134500,q_lt_q20,53.15,33.95,12.9
12137290,q_lt_q20,59.45,32.25,8.3
12137800,q_lt_q20,55,33.05,11.55
12138160,q_lt_q20,55.2,35,9.8
12141300,q_lt_q20,58.2,33.8,7.7
12142000,q_lt_q20,52.9,35.7,11
12143400,q_lt_q20,64,30.8,5
12143600,q_lt_q20,56.4,34.7,8.95
12143700,q_lt_q20,58.5,31,10.6
12143900,q_lt_q20,59.1,30.3,9.8
12144000,q_lt_q20,48.05,34.95,16.8
12144500,q_lt_q20,57.1,32.45,10.25
12145500,q_lt_q20,56.4,31.95,11.85
12147470,q_lt_q20,56.3,32.45,11.75
12147600,q_lt_q20,58.6,33.7,7.7
12147680,q_lt_q20,57.4,34.45,8.15
12148000,q_lt_q20,53.7,32.9,13.4
12148300,q_lt_q20,51.8,35.8,12.45
12148500,q_lt_q20,54.6,35.85,9.65
12149000,q_lt_q20,55.8,33.65,10.55
12150800,q_lt_q20,55.2,32.85,11.55
12155300,q_lt_q20,52,35.75,12.25
12157250,q_lt_q20,56.35,33.65,10
12158010,q_lt_q20,51.55,36.65,11.8
12158032,q_lt_q20,47.05,40.05,13.1
12158040,q_lt_q20,56.85,30.75,12.4
12167000,q_lt_q20,43.55,40.2,15.95
12172000,q_lt_q20,62.85,30.6,6.3
12173500,q_lt_q20,69.4,27.75,2.85
12175500,q_lt_q20,69.9,26.8,3.7
12178000,q_lt_q20,59.95,31.2,8.85
12178100,q_lt_q20,61.3,31.55,6.75
12179900,q_lt_q20,63.7,31.5,5.3
12181000,q_lt_q20,50.6,37.45,11.9
12182500,q_lt_q20,55.9,33.3,10.45
12186000,q_lt_q20,60.35,32.15,7.85
12189500,q_lt_q20,61.3,31,8.55
12190400,q_lt_q20,66.3,29,4.7
12193400,q_lt_q20,45.35,34.5,20.25
12194000,q_lt_q20,54,33.15,12.85
12200500,q_lt_q20,41.1,39.55,19.25
12201500,q_lt_q20,51.5,35.1,13.4
12201950,q_lt_q20,52.4,36.15,12.4
12201960,q_lt_q20,52.9,36.55,10.85
12202300,q_lt_q20,57.1,34.05,8.85
12202310,q_lt_q20,54.8,36.1,8.4
12205000,q_lt_q20,59.75,32.75,7.5
12208000,q_lt_q20,56.3,32.6,11.1
12209490,q_lt_q20,49.5,35.9,14.4
12210000,q_lt_q20,52.5,37.6,9.9
12210700,q_lt_q20,58,32.75,8.8
12210900,q_lt_q20,48.9,40.55,11.25
12211200,q_lt_q20,59.45,32,8.55
12212050,q_lt_q20,42.5,39.65,17.55
12212390,q_lt_q20,39.5,44.35,15.95
12212430,q_lt_q20,37.45,43.95,18.25
12214500,q_lt_q20,50.4,34.75,14.55
12301250,q_lt_q20,32.55,45.5,22.1
12301933,q_lt_q20,45.7,46.85,7.95
12302055,q_lt_q20,39.3,49.15,12.25
12304500,q_lt_q20,44.55,44.1,10.95
12305000,q_lt_q20,,,
12308000,q_lt_q20,37.75,46.85,15.7
12323233,q_lt_q20,51.8,29.6,18.45
12323250,q_lt_q20,51.55,29.75,18.6
12323600,q_lt_q20,44.1,34.5,21.4
12323670,q_lt_q20,47.1,33.05,20
12323700,q_lt_q20,46.5,32.9,20.9
12323710,q_lt_q20,46.55,35.65,17.7
12323720,q_lt_q20,44.4,33.65,22
12323750,q_lt_q20,43.9,34.9,21.2
12323760,q_lt_q20,47.65,33.05,19.3
12323770,q_lt_q20,45.05,35.05,20
12323800,q_lt_q20,47.1,34.5,18.45
12323840,q_lt_q20,50.7,31.35,18.25
12323850,q_lt_q20,44.95,34.6,21.2
12324200,q_lt_q20,40.8,36.05,22.6
12324400,q_lt_q20,40.8,37.25,21.9
12324590,q_lt_q20,40.1,39.6,20.25
12324680,q_lt_q20,34.2,41.05,24.5
12325500,q_lt_q20,47.45,34.45,18.25
12329500,q_lt_q20,49.75,32.55,17.25
12330000,q_lt_q20,47.55,32.8,19.7
12331500,q_lt_q20,41.3,35.4,23.35
12331800,q_lt_q20,37.2,39.5,22.7
12332000,q_lt_q20,45.9,30.65,23.45
12334510,q_lt_q20,35.7,40.35,23.5
12334550,q_lt_q20,31.9,47.05,21.5
12335100,q_lt_q20,36.45,38.4,25.05
12338300,q_lt_q20,41.45,37.75,20.45
12340500,q_lt_q20,31.25,44.75,24
12342500,q_lt_q20,48.15,34.75,16.8
12344000,q_lt_q20,39.8,37.5,22.55
12350250,q_lt_q20,40.85,39.2,20.35
12352500,q_lt_q20,35.35,43.1,21.7
12353000,q_lt_q20,35.1,41.75,23.2
12354000,q_lt_q20,42.85,46.6,10.1
12354500,q_lt_q20,42.6,42.3,14.95
12355000,q_lt_q20,42.45,43.95,14
12355500,q_lt_q20,40.75,45.5,14.15
12358500,q_lt_q20,39.05,47.1,13.75
12359800,q_lt_q20,43.1,43.8,13.25
12362500,q_lt_q20,43.6,45.05,11.35
12363000,q_lt_q20,37.65,41.85,20.8
12365700,q_lt_q20,39.2,39.5,21.3
12372000,q_lt_q20,33.65,44.05,22.3
12377150,q_lt_q20,42.25,44.7,13
12381400,q_lt_q20,45.7,42.2,11.95
12388700,q_lt_q20,25.55,50.05,24.95
12389000,q_lt_q20,24.6,54.45,21
12389500,q_lt_q20,40.55,46.5,12.95
12390700,q_lt_q20,43.9,45.75,10.25
12391950,q_lt_q20,45.85,44.4,9.25
12392155,q_lt_q20,41.4,41.4,17.8
12392300,q_lt_q20,47.6,42.85,9.25
12393501,q_lt_q20,51.05,43.1,5.55
12395000,q_lt_q20,44,46.15,9.85
12396500,q_lt_q20,43.45,47.85,8.7
12399500,q_lt_q20,38.7,49.15,11.85
12401500,q_lt_q20,39.8,41.8,18.25
12404500,q_lt_q20,47.9,39.85,12.25
12409000,q_lt_q20,48.6,39.8,11.4
12411000,q_lt_q20,45.65,48.05,6.15
12413000,q_lt_q20,40.55,46.65,12.8
12413125,q_lt_q20,39.4,49.5,11.1
12413130,q_lt_q20,42.45,47.9,9.95
12413131,q_lt_q20,39.65,46.95,13.55
12413210,q_lt_q20,35.75,50.3,13.95
12413355,q_lt_q20,40.1,45.45,14.65
12413470,q_lt_q20,44.35,45,11.25
12413500,q_lt_q20,43.95,45.35,10.65
12413875,q_lt_q20,44.7,47.2,7.7
12414500,q_lt_q20,34.4,50.65,14.95
12419000,q_lt_q20,48.25,40.75,11.1
12422500,q_lt_q20,49,39.8,10.35
12422990,q_lt_q20,12.4,64.55,22.7
12424000,q_lt_q20,52.4,35.65,12
12426000,q_lt_q20,54.75,33.9,11.8
12431000,q_lt_q20,49.75,39.55,10.55
12431500,q_lt_q20,45.6,42,12.25
12433200,q_lt_q20,47.3,40.1,13.1
12434590,q_lt_q20,43.2,41.8,15.55
12436500,q_lt_q20,,,
12438000,q_lt_q20,,,
12438905,q_lt_q20,44.9,36.95,18.1
12442500,q_lt_q20,41.55,38.05,20
12444290,q_lt_q20,40.9,41.9,17.2
12444550,q_lt_q20,36.5,43.6,19.9
12445000,q_lt_q20,44.25,41.75,14.15
12445500,q_lt_q20,37.6,45.05,17.5
12446150,q_lt_q20,52.25,39.9,7.7
12446400,q_lt_q20,44.6,40.9,14.8
12446995,q_lt_q20,51.9,39.2,8.9
12447200,q_lt_q20,42.15,42.95,14.9
12447285,q_lt_q20,41.2,43.1,15.3
12447383,q_lt_q20,46.65,36.4,16.15
12447390,q_lt_q20,66.8,26.25,6.95
12448000,q_lt_q20,44.3,39.3,16.55
12448500,q_lt_q20,41.9,40.65,17.3
12448998,q_lt_q20,46.85,40.25,12.5
12449500,q_lt_q20,43.5,40,17.15
12449950,q_lt_q20,43.8,39.95,16.3
12450700,q_lt_q20,43.15,38.35,17.95
12451000,q_lt_q20,59.2,31.8,8.7
12452550,q_lt_q20,44.95,40.3,14.75
12452800,q_lt_q20,55.55,35.15,8.9
12452890,q_lt_q20,52.8,37.35,9.85
12452990,q_lt_q20,43.7,41.15,15.2
12453700,q_lt_q20,47.2,38,13.9
12456500,q_lt_q20,56.8,34.8,8.8
12457000,q_lt_q20,51.6,37.45,11.25
12458000,q_lt_q20,54.65,37.15,8.2
12459000,q_lt_q20,49.65,38.85,11.85
12462500,q_lt_q20,44.65,38.6,16
12462600,q_lt_q20,43.85,39.05,17.1
12464800,q_lt_q20,32.55,55.1,12.35
12465000,q_lt_q20,41.45,46.85,11.25
12465400,q_lt_q20,32.8,50.5,16.7
12467000,q_lt_q20,44.45,44.15,11.55
12472600,q_lt_q20,38.3,43.9,17.25
12472800,q_lt_q20,,,
12484500,q_lt_q20,44.8,40.55,15.35
12488500,q_lt_q20,57.65,34.4,7.95
12500450,q_lt_q20,44.85,39,15.6
12502500,q_lt_q20,44.5,39.15,17.05
12505450,q_lt_q20,43.85,43.7,12.35
12508990,q_lt_q20,43.2,41.45,15.2
12510500,q_lt_q20,45.1,42,13.35
13010065,q_lt_q20,47.95,33.6,18.45
13011000,q_lt_q20,46.75,37.35,15.45
13011500,q_lt_q20,44,36.35,19.9
13011900,q_lt_q20,38.15,39.25,22.45
13013650,q_lt_q20,34.65,42.25,23.5
13014500,q_lt_q20,41.55,37.15,21.15
13015000,q_lt_q20,32.65,42.6,24.45
13016305,q_lt_q20,36.45,39.1,24.7
13016450,q_lt_q20,34.2,43.35,22.45
13018300,q_lt_q20,39.8,42.3,18.25
13018350,q_lt_q20,34.4,40.15,25.45
13018750,q_lt_q20,33.3,41.8,25.15
13022500,q_lt_q20,37.05,42.95,20
13023000,q_lt_q20,31.7,47.1,21.2
13027500,q_lt_q20,27.75,49.65,23.05
13032500,q_lt_q20,32.5,43.1,24.4
13037500,q_lt_q20,37.7,41.3,21
13038000,q_lt_q20,36.8,43.6,19.6
13038500,q_lt_q20,33,41.45,25.7
13039500,q_lt_q20,38.75,39.2,21.75
13042500,q_lt_q20,43.45,42.6,14.3
13046000,q_lt_q20,28.4,49.25,21.95
13046995,q_lt_q20,32.45,47.85,19.7
13047500,q_lt_q20,22.5,52.4,24.95
13047600,q_lt_q20,24.8,55.4,19.8
13049500,q_lt_q20,22.2,49.05,28.5
13050500,q_lt_q20,34.7,41.75,23.55
13052200,q_lt_q20,25.95,48.55,25.6
13055000,q_lt_q20,24.6,51.2,24.15
13055250,q_lt_q20,28.05,46.8,25
13056500,q_lt_q20,33.95,41.3,24.45
13057000,q_lt_q20,34.35,43.6,22.05
13057132,q_lt_q20,38.4,39.65,22.75
13057155,q_lt_q20,36.4,43.3,20.3
13057300,q_lt_q20,25.8,50.1,24.1
13057940,q_lt_q20,31.75,45.05,23.55
13058000,q_lt_q20,36.15,43.35,20.6
13058510,q_lt_q20,35.7,44.15,20.15
13058520,q_lt_q20,29.75,48.95,21.15
13058529,q_lt_q20,33.1,40.95,26.2
13058530,q_lt_q20,31.15,49.25,20
13060000,q_lt_q20,35.35,43,21.35
13062500,q_lt_q20,40.95,40.3,19.15
13063000,q_lt_q20,15.1,60.95,24.4
13066000,q_lt_q20,34.7,43.4,21.85
13068300,q_lt_q20,38.65,41.15,19.75
13068495,q_lt_q20,38.25,42.15,19.45
13068500,q_lt_q20,36.2,42.75,21.05
13069500,q_lt_q20,43.05,38.95,18
13073000,q_lt_q20,27.95,47.9,23.85
13075000,q_lt_q20,28.95,45.6,25
13075500,q_lt_q20,40,41.2,18.75
13075910,q_lt_q20,41.05,40.6,18.15
13075983,q_lt_q20,35.65,41.6,22.45
13077000,q_lt_q20,,,
13078000,q_lt_q20,32.35,48.45,19.15
13079300,q_lt_q20,35.55,42.6,22.55
13082500,q_lt_q20,40.25,38.75,20.85
13087995,q_lt_q20,42.2,38.7,19.05
13089500,q_lt_q20,42.45,40.4,17.1
13090500,q_lt_q20,46.65,36.45,17
13092747,q_lt_q20,44.65,39.9,15.55
13093383,q_lt_q20,,,
13094000,q_lt_q20,42.5,40.6,17
13095175,q_lt_q20,46.65,36.3,17.05
13095500,q_lt_q20,47.95,37.75,14.75
13105000,q_lt_q20,43.95,35.65,20.3
13108150,q_lt_q20,43.35,36.25,20.05
13112000,q_lt_q20,43.35,36.9,19.6
13116500,q_lt_q20,31.35,45.6,23.05
13118700,q_lt_q20,42.25,35.75,22.3
13118975,q_lt_q20,45.7,36.6,17.7
13119000,q_lt_q20,46.65,35.75,17.9
13120000,q_lt_q20,45,31.5,23.3
13120500,q_lt_q20,42,36.95,20.95
13122000,q_lt_q20,44.75,35.8,19.45
13124265,q_lt_q20,35.4,40.3,24.3
13127000,q_lt_q20,47.9,32.45,19.6
13130300,q_lt_q20,42.4,34.8,22.75
13132100,q_lt_q20,36.65,40.15,22.8
13135500,q_lt_q20,43.35,34.6,22.05
13135520,q_lt_q20,43.45,34.85,21.7
13136550,q_lt_q20,38.75,38.8,22.85
13137500,q_lt_q20,40.15,38.65,20.9
13138000,q_lt_q20,36.05,39.8,24.15
13139510,q_lt_q20,38.45,38.8,23.05
13140335,q_lt_q20,39.45,38.65,21.65
13140800,q_lt_q20,40.2,38.4,21.4
13141500,q_lt_q20,35.55,41.2,23.85
13142500,q_lt_q20,33.9,41.9,24.2
13147900,q_lt_q20,32.2,42.6,25.5
13148500,q_lt_q20,38.3,38.85,22.35
13150430,q_lt_q20,29.35,47.8,22.2
13152500,q_lt_q20,45.15,39.5,15.35
13154500,q_lt_q20,52.1,32.55,15.35
13159800,q_lt_q20,38.95,38.65,22.55
13161500,q_lt_q20,37.65,39.95,22.6
13162225,q_lt_q20,47.4,31.95,20.4
13168500,q_lt_q20,42.95,39,18.1
13174500,q_lt_q20,42.6,34.9,22.3
13175100,q_lt_q20,48.2,29.3,22.9
13176305,q_lt_q20,40.9,33.9,25
13176400,q_lt_q20,45.2,33.7,21.6
13181000,q_lt_q20,47.1,34.85,18
13183000,q_lt_q20,47.5,31.9,20.6
13185000,q_lt_q20,47.35,31.75,20.7
13186000,q_lt_q20,34.05,44.25,21.95
13190500,q_lt_q20,45.7,35.05,20
13200000,q_lt_q20,37.25,39.8,23.25
13206000,q_lt_q20,47.65,35.95,16.7
13206305,q_lt_q20,43.15,40.25,16.65
13206400,q_lt_q20,44.25,40.6,15.25
13210810,q_lt_q20,38.55,44.2,16.7
13210824,q_lt_q20,41.85,39.75,17.75
13210831,q_lt_q20,41.7,40.6,17.7
13210980,q_lt_q20,43.4,39.25,17.3
13210986,q_lt_q20,46.85,37.05,16.35
13211205,q_lt_q20,43.3,37.6,18.3
13212549,q_lt_q20,39.85,42.4,17.3
13213000,q_lt_q20,42.5,39.6,17.85
13213100,q_lt_q20,49.5,36.9,14
13233300,q_lt_q20,36.5,44.85,18.45
13235000,q_lt_q20,55.3,28.35,16.35
13236500,q_lt_q20,57.45,31.65,11.05
13237920,q_lt_q20,44.2,36.35,19.6
13239000,q_lt_q20,43.05,42.3,15.65
13240000,q_lt_q20,49.7,38.3,12.25
13246000,q_lt_q20,50.95,33.15,15.8
13247500,q_lt_q20,43.1,35.6,21.3
13249500,q_lt_q20,40.95,34.65,24.1
13250000,q_lt_q20,43.95,39.35,15.85
13251000,q_lt_q20,41.8,39.9,18.9
13258500,q_lt_q20,24.8,46.8,28.5
13265500,q_lt_q20,38.65,40.4,21.4
13269000,q_lt_q20,39.55,40.9,19.55
13295000,q_lt_q20,41.15,39.1,20.3
13296000,q_lt_q20,51.1,31,18.3
13296500,q_lt_q20,46.8,31.85,21.6
13297330,q_lt_q20,47.1,32.75,20.25
13297355,q_lt_q20,42,36.5,21.45
13297380,q_lt_q20,41.6,34.2,23.9
13302005,q_lt_q20,40.1,39.6,20.3
13302500,q_lt_q20,31.45,44.5,23.9
13304050,q_lt_q20,35.75,40.5,24.15
13304700,q_lt_q20,41.4,38.75,19.85
13305000,q_lt_q20,35.55,41.05,23.15
13305310,q_lt_q20,39.15,42.55,18.15
13306370,q_lt_q20,46.65,35,18.3
13306385,q_lt_q20,52.15,31.85,15.7
13307000,q_lt_q20,43.85,36.9,19.25
13309220,q_lt_q20,51.25,30.05,18.55
13310199,q_lt_q20,46.65,35.15,17.8
13310700,q_lt_q20,54.15,30.45,15.4
13310800,q_lt_q20,59.15,27.75,12.55
13310850,q_lt_q20,65,28.3,6.7
13311000,q_lt_q20,62.6,27.75,9.65
13311250,q_lt_q20,58.1,30.1,11.7
13311450,q_lt_q20,58.1,30.1,11.7
13313000,q_lt_q20,50.95,34.7,13.8
13316500,q_lt_q20,46.4,36.4,17.45
13317000,q_lt_q20,42.35,37.4,20.5
13317660,q_lt_q20,39.55,40.75,19.3
13325000,q_lt_q20,47.55,40.4,11.1
13331500,q_lt_q20,41.25,44.95,13.2
13333000,q_lt_q20,36.55,44.5,19.1
13334300,q_lt_q20,,,
13335050,q_lt_q20,38.1,43.75,18.7
13336500,q_lt_q20,53.85,37.6,8.55
13337000,q_lt_q20,49.3,40.35,10.15
13338500,q_lt_q20,33.15,47.4,19.35
13338950,q_lt_q20,31.55,47.95,20.5
13340000,q_lt_q20,,,
13340600,q_lt_q20,41.25,48.1,10.65
13341050,q_lt_q20,42.2,40.8,17.25
13341140,q_lt_q20,38.6,44.15,17.35
13341570,q_lt_q20,36.8,43.9,18.9
13342450,q_lt_q20,31,49.2,20.3
13342500,q_lt_q20,37.5,43.75,18.9
13344500,q_lt_q20,40.45,45.35,13.8
13345000,q_lt_q20,30.15,51.15,18.85
13346800,q_lt_q20,30.8,50.15,19
13348000,q_lt_q20,34.1,49.95,15.4
13351000,q_lt_q20,47.8,41.6,10.95
13621955,q_lt_q20,42.85,42,15.25
14013000,q_lt_q20,29.65,50.85,19.7
14013700,q_lt_q20,32.95,49.3,17.75
14015000,q_lt_q20,33.4,51.6,15
14015350,q_lt_q20,37.1,49.6,13.55
14018500,q_lt_q20,41.95,42.3,15
14020000,q_lt_q20,33.1,49.5,17.8
14020300,q_lt_q20,33.4,45.55,20.9
14020850,q_lt_q20,40.25,43.45,16.05
14033500,q_lt_q20,43.85,39.95,15.85
14034470,q_lt_q20,34.6,48.2,17.45
14034500,q_lt_q20,36.65,43.6,20.15
14034608,q_lt_q20,38.05,44.25,18.55
14038530,q_lt_q20,43.35,38.65,18.05
14043840,q_lt_q20,33.45,45.3,20.85
14044000,q_lt_q20,38.35,40.2,22
14046000,q_lt_q20,47.4,36.2,16.15
14046500,q_lt_q20,40.25,36.8,23
14046778,q_lt_q20,42.4,31.65,25.25
14048000,q_lt_q20,41.55,41.15,17.15
14070615,q_lt_q20,55.6,37.75,6
14070624,q_lt_q20,55.6,37.75,6
14076500,q_lt_q20,50.8,31.5,17.7
14087380,q_lt_q20,51.5,34.45,14.05
14087400,q_lt_q20,53.7,31.6,14.7
14091500,q_lt_q20,51.15,34.5,14.35
14092500,q_lt_q20,48.85,33.75,17
14092750,q_lt_q20,55.95,33.2,10.65
14093000,q_lt_q20,45.05,35.95,18.95
14096850,q_lt_q20,48.2,36.6,15.15
14097100,q_lt_q20,43.8,35.65,20.3
14103000,q_lt_q20,43.55,39,17.15
14105700,q_lt_q20,,,
14107000,q_lt_q20,48.95,39.55,11.5
14111400,q_lt_q20,48.05,38.65,13.65
14113000,q_lt_q20,39.95,42.2,17.65
14113200,q_lt_q20,43.4,40.2,15.95
14120000,q_lt_q20,43.15,41.05,15.65
14123500,q_lt_q20,49.4,35.3,15.35
14137000,q_lt_q20,48.65,32.25,19.1
14138720,q_lt_q20,56.2,34.25,9.85
14138800,q_lt_q20,63.8,29.65,6.55
14138850,q_lt_q20,54.3,35.3,10.4
14138870,q_lt_q20,57.2,33.25,9.7
14138900,q_lt_q20,54.45,34.55,11.25
14139800,q_lt_q20,49.2,38.15,12.55
14140000,q_lt_q20,35.4,45.3,19.35
14141500,q_lt_q20,32.2,44.35,24.15
14142500,q_lt_q20,45.95,34.45,19.35
14142800,q_lt_q20,41.3,39.9,19.65
14145500,q_lt_q20,42.1,38.2,19.65
14148000,q_lt_q20,44.75,35.3,19.95
14150000,q_lt_q20,40.2,33.55,26.05
14150800,q_lt_q20,38,37.9,24
14151000,q_lt_q20,28.05,43.5,27.75
14152000,q_lt_q20,33,38.95,28.25
14153500,q_lt_q20,34.95,39.95,25.1
14154500,q_lt_q20,33.7,38.8,27.05
14155500,q_lt_q20,30.75,38.95,29.75
14157500,q_lt_q20,34.75,39.15,25.95
14158500,q_lt_q20,65.5,28.5,6
14158740,q_lt_q20,53.1,33.5,13.7
14158790,q_lt_q20,60.4,31.9,7.7
14158798,q_lt_q20,52.9,34.5,13.25
14158850,q_lt_q20,57.7,30.4,12.3
14159200,q_lt_q20,51.7,33.7,14.7
14159500,q_lt_q20,50.9,32,17.1
14161500,q_lt_q20,45.6,37.4,17.25
14162050,q_lt_q20,37.5,40.7,21.4
14162200,q_lt_q20,45.2,35.9,19.3
14162500,q_lt_q20,42.2,37.8,19.95
14163150,q_lt_q20,42.15,35.95,21.9
14163900,q_lt_q20,33.15,37.45,28.85
14164700,q_lt_q20,33.55,41.25,25.65
14164900,q_lt_q20,37.2,38.65,24.3
14165000,q_lt_q20,26.4,44.1,29.2
14166000,q_lt_q20,27.15,44.35,28.35
14166500,q_lt_q20,32.8,38.95,28.2
14169000,q_lt_q20,30,39.55,29.9
14170000,q_lt_q20,24.5,47.85,27.3
14171000,q_lt_q20,14.1,55,30.9
14171600,q_lt_q20,28,44.1,27.95
14174000,q_lt_q20,35.95,41.5,22.55
14178000,q_lt_q20,52.65,34.25,13.8
14179000,q_lt_q20,50.2,35.35,14.25
14180300,q_lt_q20,49.25,36.45,14.65
14181500,q_lt_q20,48.5,38.1,13.55
14182500,q_lt_q20,37.1,41.45,21.45
14183000,q_lt_q20,35.6,38.25,26.25
14184100,q_lt_q20,21.85,53.05,25.15
14185000,q_lt_q20,41.15,38.3,20.35
14185900,q_lt_q20,43.2,37.9,18.9
14187000,q_lt_q20,34.8,37.85,27.35
14187200,q_lt_q20,38.4,37.65,23.55
14187500,q_lt_q20,35,38.95,26
14187600,q_lt_q20,28.75,42.1,29.35
14188610,q_lt_q20,47.9,40.5,11.7
14188800,q_lt_q20,26.85,43.1,30.1
14189000,q_lt_q20,35.7,41.4,22.95
14190500,q_lt_q20,22.6,49.35,27.8
14191000,q_lt_q20,39.95,37.9,22.15
14194150,q_lt_q20,32.6,44.5,22.75
14197900,q_lt_q20,41.85,34.35,24.1
14198400,q_lt_q20,47.25,37.05,15.4
14199704,q_lt_q20,31.2,46.05,22.75
14201340,q_lt_q20,27.5,49.25,23.4
14201500,q_lt_q20,35,42.9,22.1
14202000,q_lt_q20,35.8,42.95,21.25
14203500,q_lt_q20,22.25,49.8,28
14206241,q_lt_q20,24.8,52.25,22.95
14206900,q_lt_q20,32.05,44.5,23.45
14206950,q_lt_q20,36.9,42.8,20.6
14207500,q_lt_q20,31.55,44.25,24.2
14208700,q_lt_q20,61.4,32.15,6.4
14209000,q_lt_q20,55.6,34.15,10.25
14209250,q_lt_q20,47.95,37.1,14.55
14209500,q_lt_q20,54.25,36.35,9.55
14210000,q_lt_q20,46.65,35.05,18.6
14211010,q_lt_q20,37.65,40.1,22.4
14211315,q_lt_q20,27.95,46,26.05
14211400,q_lt_q20,37.7,40.95,21.7
14211499,q_lt_q20,32.25,45.25,22.4
14211500,q_lt_q20,34.45,43.6,22
14211550,q_lt_q20,33.2,43.2,23.6
14211720,q_lt_q20,,,
14211814,q_lt_q20,,,
14211820,q_lt_q20,40,39.5,19.95
14216000,q_lt_q20,58.5,31.5,10
14216500,q_lt_q20,55.45,33.5,11.4
14219000,q_lt_q20,45.5,38,16.25
14219800,q_lt_q20,40.6,38.7,20.8
14220500,q_lt_q20,41.75,40.4,17.65
14222500,q_lt_q20,31.65,44.3,24.2
14226500,q_lt_q20,60.8,30.3,8.25
14231000,q_lt_q20,46.8,37.1,15.8
14231900,q_lt_q20,55.2,33.55,11.25
14233500,q_lt_q20,50.5,36.1,13.85
14236200,q_lt_q20,47.8,37.55,14.25
14238000,q_lt_q20,38.9,41.55,19.15
14240525,q_lt_q20,52.5,33.4,14.1
14242580,q_lt_q20,41.9,39.75,18.1
14243000,q_lt_q20,51.5,32.55,16
14246900,q_lt_q20,,,
14299800,q_lt_q20,27.95,44.25,27.65
14301000,q_lt_q20,34.75,42.65,22.65
14301500,q_lt_q20,33.05,44.3,22.65
14302480,q_lt_q20,32.95,44.3,22.65
14303200,q_lt_q20,38.75,41.45,20.25
14303600,q_lt_q20,34.25,40.25,25.1
14305500,q_lt_q20,32.15,43.2,24.95
14306340,q_lt_q20,32.95,39.25,28.15
14306500,q_lt_q20,37.1,38.1,24.4
14307620,q_lt_q20,37.4,37.9,25.1
14308000,q_lt_q20,51.35,32.05,16.95
14308500,q_lt_q20,41,36.65,22.7
14308990,q_lt_q20,40.1,38.35,21.55
14309000,q_lt_q20,39.45,38.85,22.05
14309500,q_lt_q20,37.95,36.2,25.95
14312000,q_lt_q20,38.5,37.15,24.1
14313200,q_lt_q20,60.35,30.75,9.55
14313600,q_lt_q20,47.8,33.5,19.1
14313700,q_lt_q20,61.45,30.55,8
14314400,q_lt_q20,52.5,34.65,12.95
14314500,q_lt_q20,56.25,32.9,10.55
14314700,q_lt_q20,49.4,34.55,15.95
14315500,q_lt_q20,45.55,36.35,18.1
14315700,q_lt_q20,41.15,37.95,21.35
14315950,q_lt_q20,45.2,38.3,16.5
14316455,q_lt_q20,44.95,33.55,21.5
14316495,q_lt_q20,37.4,39,23.6
14316500,q_lt_q20,38.7,37.55,23.6
14316700,q_lt_q20,38.3,39,22.3
14319500,q_lt_q20,35,39.65,25.35
14320934,q_lt_q20,34.65,37.3,28.1
14321000,q_lt_q20,35.35,38.9,25.5
14325000,q_lt_q20,35.1,39.65,24.95
14332000,q_lt_q20,44.95,38.3,16.85
14335072,q_lt_q20,42.75,36.1,21.3
14337500,q_lt_q20,41.2,37.75,20.35
14337600,q_lt_q20,40.85,37.4,21.9
14338000,q_lt_q20,40.2,36.85,23
14339000,q_lt_q20,42.85,35.5,22.6
14353000,q_lt_q20,55.35,29.25,15.4
14353500,q_lt_q20,56,28.2,15.8
14354200,q_lt_q20,38.7,37.2,24
14357500,q_lt_q20,42.6,32.3,25.1
14359000,q_lt_q20,49.8,29.5,20.7
14361500,q_lt_q20,42.15,35.8,22.2
14362000,q_lt_q20,40.85,37.25,21.9
14362250,q_lt_q20,38.6,37.55,24.25
14366000,q_lt_q20,42.75,37.2,20.35
14369500,q_lt_q20,41.15,35.35,23.75
14372300,q_lt_q20,33.2,39.9,27.1
14375100,q_lt_q20,39.45,37.2,23.05
14377100,q_lt_q20,33.85,37.15,28.55
14400000,q_lt_q20,32.4,37.7,30.2
15008000,q_lt_q20,57.9,36.95,4.6
15024800,q_lt_q20,67,26.5,6.9
15041200,q_lt_q20,62.8,31.65,5.4
15052000,q_lt_q20,54.85,37.7,7.75
15052500,q_lt_q20,,,
15055500,q_lt_q20,63.3,30.15,6.15
15056210,q_lt_q20,62.2,34.2,3.6
St101,q_lt_q20,41.025,32.925,25.9
St104,q_lt_q20,41.45,33.95,24.925
St105,q_lt_q20,43.025,32.2,24.475
St107,q_lt_q20,44.175,32.475,23.025
St11,q_lt_q20,47.575,37.5,15.35
St117,q_lt_q20,45.7,36.6,17.875
St119,q_lt_q20,46.05,33.875,19.925
St120,q_lt_q20,47.4,34.9,17.825
St121,q_lt_q20,41.9,32.225,25.925
St126,q_lt_q20,43.9,23.9,32.45
St127,q_lt_q20,40,37.425,22.725
St130,q_lt_q20,64.675,27.575,7.75
St131,q_lt_q20,74.05,20.2,5.7
St133,q_lt_q20,49.425,30.1,20.475
St134,q_lt_q20,46.475,31.475,21.825
St135,q_lt_q20,43.1,35.275,21.5
St136,q_lt_q20,58.25,33.05,9
St138,q_lt_q20,43.5,41.275,15.375
St139,q_lt_q20,41.7,36.8,21.275
St14,q_lt_q20,48.2375,35.8625,15.6625
St140,q_lt_q20,41.375,38.275,19.875
St141,q_lt_q20,49.75,32.825,17.2
St142,q_lt_q20,42.7,37.95,19.1
St148,q_lt_q20,50.725,34.55,14.925
St149,q_lt_q20,46.65,35.675,17.975
St150,q_lt_q20,53.125,33.6,13.475
St151,q_lt_q20,54.975,31.6,13.45
St152,q_lt_q20,51.275,33.6,15.3
St154,q_lt_q20,39.075,37.475,23.475
St155,q_lt_q20,29.2,32.525,38.325
St156,q_lt_q20,41.7,29.175,29.25
St157,q_lt_q20,39.9,24.325,35.625
St158,q_lt_q20,47.65,23.95,28.425
St159,q_lt_q20,40.425,27.55,31.825
St160,q_lt_q20,36.525,32.625,30.825
St161,q_lt_q20,29.95,34.8,35.025
St162,q_lt_q20,31.05,30.95,37.975
St163,q_lt_q20,23.925,39.6,36.325
St164,q_lt_q20,32.5,33.05,34.8
St165,q_lt_q20,34.2,35.775,30.15
St166,q_lt_q20,45.2,28.325,26.5
St167,q_lt_q20,45.125,29.925,24.675
St168,q_lt_q20,34.7,29.675,35.4
St169,q_lt_q20,28.25,32.35,39.2
St17,q_lt_q20,50.175,32.5,17.0625
St170,q_lt_q20,30.65,34.375,35.05
St171,q_lt_q20,47.65,25.175,27.625
St172,q_lt_q20,34.725,29.1,36.25
St173,q_lt_q20,33.475,30.675,35.9
St175,q_lt_q20,31.4,37.25,31.35
St176,q_lt_q20,37.325,31.2,31.075
St177,q_lt_q20,26.9,34.225,38.7
St178,q_lt_q20,29,35.175,35.8
St179,q_lt_q20,40.7,39.15,20.1
St18,q_lt_q20,48.8,35.4,16
St181,q_lt_q20,29.2,36.875,33.625
St182,q_lt_q20,30.475,35.825,33.8
St19,q_lt_q20,47.825,32.675,19.3875
St20,q_lt_q20,51.5,33.7625,14.7125
St209,q_lt_q20,37.7,35.6,27.1
St210,q_lt_q20,49.3,25.2,25.525
St211,q_lt_q20,47.05,27.875,25.275
St212,q_lt_q20,54.65,21.675,23.575
St213,q_lt_q20,33.6,36.85,29.2
St214,q_lt_q20,47.275,27.7,24.85
St215,q_lt_q20,43.275,29.65,26.975
St217,q_lt_q20,36.225,34.4,29.45
St218,q_lt_q20,36.7,34.15,28.975
St219,q_lt_q20,46.475,30.425,23.175
St22,q_lt_q20,42.725,40.6375,16.4375
St220,q_lt_q20,47.45,28.925,23.7
St221,q_lt_q20,45.85,29.75,24.475
St224,q_lt_q20,46.725,26.8,26.35
St225,q_lt_q20,54.625,21.2,24.175
St227,q_lt_q20,40.3,30.575,29.025
St228,q_lt_q20,39.15,30.35,30.275
St229,q_lt_q20,53.825,21.45,24.8
St230,q_lt_q20,45.375,28.125,26.35
St231,q_lt_q20,49.575,25.325,24.975
St232,q_lt_q20,42.95,32.575,24.6
St233,q_lt_q20,46.475,25.825,27.7
St234,q_lt_q20,49.95,26.6,23.65
St235,q_lt_q20,54.625,21.25,23.8
St236,q_lt_q20,50.15,22.875,27.1
St237,q_lt_q20,49.075,22.425,28.4
St239,q_lt_q20,44.95,26.55,28.55
St240,q_lt_q20,47.55,24.925,27.225
St241,q_lt_q20,45.15,27.275,27.4
St242,q_lt_q20,45.55,24.975,29.925
St244,q_lt_q20,45.4,26.4,28.2
St245,q_lt_q20,48.15,23.275,28.825
St246,q_lt_q20,49.8,22.325,28.225
St247,q_lt_q20,45.875,23.55,30.6
St248,q_lt_q20,48.85,23.125,27.75
St249,q_lt_q20,33.55,35.775,30.55
St25,q_lt_q20,57.6,33.175,9.35
St250,q_lt_q20,34.3,33.025,32.825
St252,q_lt_q20,35.85,42.175,21.575
St253,q_lt_q20,43.525,35.625,21.1
St254,q_lt_q20,37.4,42.575,19.925
St255,q_lt_q20,32.95,46.375,20.6
St256,q_lt_q20,44.175,38.9,16.7
St257,q_lt_q20,52,31.7,16.325
St259,q_lt_q20,31.9,44.825,23.325
St26,q_lt_q20,53.2375,35.2,11.35
St260,q_lt_q20,35.9,39.925,24.175
St261,q_lt_q20,66.3,21.05,12.25
St262,q_lt_q20,40.875,35.95,23.125
St265,q_lt_q20,55.25,30.325,14.15
St266,q_lt_q20,56.65,27.35,15.8
St267,q_lt_q20,71.375,19.5,8.925
St268,q_lt_q20,50.7,31.1,18.175
St27,q_lt_q20,54.375,32.925,12.6625
St270,q_lt_q20,64.95,25.45,9.5
St271,q_lt_q20,63.475,24.1,12.4
St273,q_lt_q20,59.6,30.4,9.975
St274,q_lt_q20,46.075,39.375,14.7
St276,q_lt_q20,41.85,39.925,17.95
St277,q_lt_q20,32.775,42.75,24.15
St279,q_lt_q20,45.8,34.925,19.7
St280,q_lt_q20,42.9,35.525,21.575
St281,q_lt_q20,44.825,35.075,20.325
St282,q_lt_q20,48,32.3,19.475
St283,q_lt_q20,48.225,35.075,16.75
St284,q_lt_q20,49.675,30.525,19.75
St286,q_lt_q20,41.325,31.025,27.7
St287,q_lt_q20,37.525,36.825,25.55
St288,q_lt_q20,52.075,29.125,18.75
St289,q_lt_q20,50.325,29.075,20.7
St290,q_lt_q20,42.2,26.5,31.65
St292,q_lt_q20,52,27.125,20.675
St293,q_lt_q20,46.9,32.2,21.225
St295,q_lt_q20,39.55,40.475,20.275
St296,q_lt_q20,36.725,40.575,22.725
St297,q_lt_q20,42.625,34,23.45
St298,q_lt_q20,53.1,25.475,21.575
St3,q_lt_q20,54.475,35.025,10.5375
St301,q_lt_q20,48.425,37.95,13.625
St304,q_lt_q20,52.85,29.775,17.075
St305,q_lt_q20,62.375,26.775,10.575
St306,q_lt_q20,40.6,41.25,17.95
St308,q_lt_q20,29.925,42.15,28.175
St309,q_lt_q20,27.75,49.175,22.925
St312,q_lt_q20,54.325,16.175,29.65
St313,q_lt_q20,32.825,32.425,34.8
St314,q_lt_q20,37.35,38.6,24.275
St315,q_lt_q20,47.05,31.675,21.075
St316,q_lt_q20,42.05,41.65,16.4
St318,q_lt_q20,54.5,30.325,15.25
St319,q_lt_q20,40.4,42.2,17.325
St32,q_lt_q20,44.9,36.35,18.8
St320,q_lt_q20,40.425,40.95,18.325
St321,q_lt_q20,46.425,38.4,15.125
St34,q_lt_q20,42.925,41.1,15.95
St35,q_lt_q20,45.1125,39.8,15.0875
St36,q_lt_q20,55.525,39.6,4.675
St37,q_lt_q20,41.5125,41.65,16.9375
St38,q_lt_q20,42.4625,37.175,20.45
St39,q_lt_q20,42.825,36.6875,20.6625
St42,q_lt_q20,45.8875,37.0375,16.9875
St43,q_lt_q20,44.7,37.15,17.925
St44,q_lt_q20,47.025,37.675,14.675
St45,q_lt_q20,40.8125,42.075,16.8375
St46,q_lt_q20,43.4625,40.025,16.675
St48,q_lt_q20,40.2,44.65,15.075
St5,q_lt_q20,50.9,33.15,16.0625
St50,q_lt_q20,51.1,39.55,9.175
St51,q_lt_q20,46.475,44.375,9.225
St53,q_lt_q20,53.85,29.45,16.7
St55,q_lt_q20,54.35,32.7,13.1
St56,q_lt_q20,27.9,63.05,8.5
St57,q_lt_q20,41.4,51.125,7.5
St58,q_lt_q20,40.95,49,10
St59,q_lt_q20,38.7,49.225,12
St6,q_lt_q20,52.3375,32.45,15.2625
St60,q_lt_q20,44.675,43.375,12.1
St61,q_lt_q20,48.15,41.9,10.05
St62,q_lt_q20,56.475,35.65,7.925
St63,q_lt_q20,62.75,30.95,5.85
St64,q_lt_q20,47,46.95,5.5
St65,q_lt_q20,39.35,51.175,9.6
St66,q_lt_q20,52.125,39.6,8.325
St67,q_lt_q20,55.6,37.1,7.25
St68,q_lt_q20,62.7,31.35,5.75
St7,q_lt_q20,45.125,34.9,20.025
St70,q_lt_q20,50.6,39.525,10.2
St72,q_lt_q20,43.75,42.825,13.525
St73,q_lt_q20,43.9,41,15.075
St75,q_lt_q20,52.175,35.7,12.125
St76,q_lt_q20,52.25,36.85,10.825
St77,q_lt_q20,62.15,31.7,5.7
St88,q_lt_q20,45.375,29.1,25.325
St9,q_lt_q20,38.45,39.75,21.75
St97,q_lt_q20,50.475,30.525,18.8
St98,q_lt_q20,42.725,30.825,25.95
St99,q_lt_q20,47.1,30.5,22.25
St1,q_lt_q20,61.425,33.0875,5.475
St10,q_lt_q20,45.4875,37.6875,16.925
St12,q_lt_q20,48.125,35.575,16.625
St2,q_lt_q20,57,33.625,9.225
St21,q_lt_q20,48.85,34.8125,16.45
St23,q_lt_q20,52.375,32.7,14.65
St24,q_lt_q20,57.4625,33.3125,9.225
St28,q_lt_q20,52.85,33.425,13.8875
St29,q_lt_q20,42.375,37.3125,20
St30,q_lt_q20,34.15,41.4875,24.375
St31,q_lt_q20,41.2875,42.4875,16.6
St33,q_lt_q20,41.1375,41.4,17.425
St4,q_lt_q20,44.675,37.05,18.3
St40,q_lt_q20,43.5875,35.1625,21.3875
St41,q_lt_q20,48.9625,35.4375,15.45
St47,q_lt_q20,41.3,42.45,16.075
St49,q_lt_q20,46.55,39.925,13.45
3107500,q_lt_q20,38.6,40.05,21.7
3108000,q_lt_q20,30.2,47.25,22.95
3109500,q_lt_q20,27.95,49,23.05
3110000,q_lt_q20,27.95,48.3,24.45
3110830,q_lt_q20,33.85,44.85,21.3
3111500,q_lt_q20,26.55,49.15,25
3111548,q_lt_q20,30.25,45.7,23.75
3112000,q_lt_q20,31.95,45.15,22.9
3113990,q_lt_q20,31.1,45,23.8
3114306,q_lt_q20,,,
3114500,q_lt_q20,28.65,48.3,23.05
3115400,q_lt_q20,25.65,50.25,24.05
3115644,q_lt_q20,26.4,48.4,25.45
3115712,q_lt_q20,28.5,46.2,25.25
3115786,q_lt_q20,26.1,48.4,25.9
3115917,q_lt_q20,36.15,42.2,21.65
3116077,q_lt_q20,28.55,43.55,27.05
3117000,q_lt_q20,36.6,41.15,22.6
3117500,q_lt_q20,32.25,46.35,21.4
3118000,q_lt_q20,35.7,40.7,23.9
3118500,q_lt_q20,33.4,42.6,24
3121500,q_lt_q20,27.35,49,22.95
3124500,q_lt_q20,35.05,43.2,22.15
3125900,q_lt_q20,20.5,52.05,27.3
3126910,q_lt_q20,22.8,52.15,24.7
3129000,q_lt_q20,27.2,48.75,24.45
3129197,q_lt_q20,29.35,41.85,29.2
3136500,q_lt_q20,28.2,46.5,25.45
3139000,q_lt_q20,36.5,43.45,20.45
3140000,q_lt_q20,24.05,52.05,24.3
3140500,q_lt_q20,32.75,46,20.85
3141870,q_lt_q20,29.35,46.6,24.05
3142000,q_lt_q20,29,45.15,25.65
3144000,q_lt_q20,26.2,48.45,25.35
3144500,q_lt_q20,28.8,45.3,26
3144816,q_lt_q20,28.45,45.55,26
3145000,q_lt_q20,26.2,46.55,26.85
3145173,q_lt_q20,31.1,44.55,24.9
3145483,q_lt_q20,28.6,46.3,25.1
3145534,q_lt_q20,25.5,46.5,27.85
3146402,q_lt_q20,27.35,43.6,29.15
3146500,q_lt_q20,32.65,44,23.8
3149500,q_lt_q20,19.5,52.35,28.4
3150000,q_lt_q20,35.65,39,25.35
3150500,q_lt_q20,34.4,41.95,24.05
3151400,q_lt_q20,31.45,45.15,23.5
3154000,q_lt_q20,27.4,49.95,22.25
3155000,q_lt_q20,32.7,42.8,24.6
3155220,q_lt_q20,28.85,48.1,23.15
3157000,q_lt_q20,27.7,49.7,22.9
3157500,q_lt_q20,26.2,49,24.8
3159500,q_lt_q20,29.85,46.35,23.55
3159540,q_lt_q20,25.85,50.5,23.25
3164000,q_lt_q20,44.05,35.6,20.5
3165000,q_lt_q20,40,36.2,23.95
3165500,q_lt_q20,33.1,39,28
3167000,q_lt_q20,32.15,40,27.45
3168000,q_lt_q20,31.65,39.35,28.7
3170000,q_lt_q20,33.35,39.1,27.95
3171000,q_lt_q20,27.5,40.75,32.05
3173000,q_lt_q20,28.9,39.75,31.2
3175500,q_lt_q20,30.7,41,28.3
3176500,q_lt_q20,35.15,41.8,23.25
3177120,q_lt_q20,37.75,40.1,21.75
3177710,q_lt_q20,32.2,45.1,22.7
3179000,q_lt_q20,31.8,44.75,23.55
3180500,q_lt_q20,36.45,44.25,19.75
3182500,q_lt_q20,33.25,44.3,22.45
3183500,q_lt_q20,32.6,39.85,27.55
3184000,q_lt_q20,38.8,39.8,21.35
3185000,q_lt_q20,29.85,47,23.15
3185400,q_lt_q20,34.55,41.25,24.05
3186500,q_lt_q20,36.3,43.75,20.15
3187500,q_lt_q20,36.2,41.6,21.75
3188900,q_lt_q20,29.95,47,22.75
3189100,q_lt_q20,30.2,45.45,24.7
3191500,q_lt_q20,29.35,48,23.05
3192000,q_lt_q20,32.55,42.5,24.65
3193000,q_lt_q20,35.8,42.05,22.5
3194700,q_lt_q20,36.15,43.65,20.05
3197000,q_lt_q20,34.25,42.95,22.4
3197950,q_lt_q20,30.45,43,25.85
3198350,q_lt_q20,34.25,43.15,22.6
3198500,q_lt_q20,36.95,42.6,20.45
3200500,q_lt_q20,30.55,44.7,24.75
3201000,q_lt_q20,27.1,49.2,23.7
3201405,q_lt_q20,29.1,45.95,24.65
3202000,q_lt_q20,26.8,49.2,24
3202400,q_lt_q20,41.15,39.1,19.85
3202750,q_lt_q20,34.3,45.55,20.15
3203600,q_lt_q20,33.2,43.7,23.75
3205470,q_lt_q20,31.25,45.45,23.45
3206600,q_lt_q20,31.4,45.6,23.55
3207800,q_lt_q20,38,40.5,21.4
3207965,q_lt_q20,33.75,43.85,22.4
3208500,q_lt_q20,35.55,41.05,23.4
3208950,q_lt_q20,40.05,40,20.35
3209000,q_lt_q20,37.7,41.35,21.55
3209500,q_lt_q20,39.5,39.25,21.3
3210000,q_lt_q20,38.3,42.45,18.85
3212500,q_lt_q20,34.15,44,21.95
3212750,q_lt_q20,37.7,40.75,21.95
3212980,q_lt_q20,36,41.65,22.6
3213500,q_lt_q20,36,43.95,20.45
3213700,q_lt_q20,35.55,40.95,23.5
3214500,q_lt_q20,35.25,42.45,22.5
3215410,q_lt_q20,29.9,47.7,22.7
3216070,q_lt_q20,,,
3216500,q_lt_q20,30.9,47.5,21.6
3216777,q_lt_q20,28.4,47.05,24.15
3217000,q_lt_q20,26.4,49.6,23.65
3217424,q_lt_q20,22.65,45.55,31.75
3217500,q_lt_q20,25.3,42.4,32.3
3219500,q_lt_q20,28.5,41.55,29.1
3219781,q_lt_q20,23.95,44.6,31.75
3220000,q_lt_q20,28.75,41.35,29.9
3221000,q_lt_q20,36.7,38.35,24.75
3221646,q_lt_q20,34.1,39.7,26.35
3223425,q_lt_q20,32.6,44.75,23.05
3225500,q_lt_q20,31.4,39.75,28.5
3226800,q_lt_q20,35.75,41.55,23.1
3227107,q_lt_q20,29.45,41.55,29.1
3227500,q_lt_q20,33.55,38.95,27.65
3228300,q_lt_q20,30.35,44.95,24.85
3228500,q_lt_q20,28.65,48.5,23.15
3228689,q_lt_q20,28.65,46.5,25.3
3228750,q_lt_q20,26.75,46.75,26.1
3228805,q_lt_q20,30.7,43.15,26.05
3229500,q_lt_q20,29,46,25.15
3229610,q_lt_q20,31.75,41.25,27.2
3229796,q_lt_q20,28.6,44.35,27.05
3230310,q_lt_q20,29.95,43.7,26.6
3230450,q_lt_q20,23.9,49.3,26.95
3230500,q_lt_q20,30.5,43.05,26.45
3230800,q_lt_q20,28.05,44.45,27.6
3231500,q_lt_q20,30.55,45.55,23.5
3232000,q_lt_q20,22.4,50.95,26.3
3232500,q_lt_q20,25.65,49.05,25.3
3234000,q_lt_q20,28.25,46.05,25.8
3234300,q_lt_q20,31.25,45.5,23.65
3234500,q_lt_q20,31.75,44.3,23.85
3237020,q_lt_q20,33.25,43.7,23.75
3237280,q_lt_q20,21.65,53.65,24.7
3237500,q_lt_q20,24.7,49.2,26.3
3238140,q_lt_q20,29.55,47.25,23.35
3238495,q_lt_q20,20.3,52.9,26.55
3238745,q_lt_q20,22.65,51.25,26.1
3238772,q_lt_q20,24.25,50.65,24.85
3238785,q_lt_q20,23.75,50.65,24.85
3240000,q_lt_q20,25.25,50.5,23.85
3241500,q_lt_q20,27.65,48.1,24.15
3244936,q_lt_q20,27.6,48.5,24.05
3245500,q_lt_q20,27.85,48.3,24
3246500,q_lt_q20,23.65,51.35,24.85
3247500,q_lt_q20,31.5,46.15,22.3
3248300,q_lt_q20,30.25,45.2,24.65
3249500,q_lt_q20,32,45.35,22.55
3250100,q_lt_q20,21.85,48.35,29.6
3250190,q_lt_q20,15.25,53.95,30.9
3250322,q_lt_q20,15.65,52.35,32
3250500,q_lt_q20,23.85,48.35,27.8
3251200,q_lt_q20,18.65,52.95,28.8
3251500,q_lt_q20,24.85,49.7,25.45
3251900,q_lt_q20,16.45,53.8,29.35
3252300,q_lt_q20,16.6,53.85,29.2
3253000,q_lt_q20,25.7,51.55,22.75
3253500,q_lt_q20,20.5,51.75,27.4
3254520,q_lt_q20,32.55,46.65,20.8
3254550,q_lt_q20,21.65,52.65,25.65
3255349,q_lt_q20,26.45,47.35,26.15
3255420,q_lt_q20,29.1,47.4,23.9
3259000,q_lt_q20,25.5,47.1,26.75
3260015,q_lt_q20,30.4,45.1,24.1
3260050,q_lt_q20,24.25,50.15,25.55
3260100,q_lt_q20,23.15,53.4,22.95
3260706,q_lt_q20,26.8,42.7,29.95
3261500,q_lt_q20,30.05,41.6,28.2
3261950,q_lt_q20,30.35,41.2,28.6
3262000,q_lt_q20,30.9,41.6,27.5
3262001,q_lt_q20,25.75,51.85,22.3
3262500,q_lt_q20,29.65,43.75,27.15
3262700,q_lt_q20,35.4,39.95,24.65
3263000,q_lt_q20,32.7,42.95,24.6
3264000,q_lt_q20,29.2,43.3,27.25
3265000,q_lt_q20,33.5,41,25.95
3266560,q_lt_q20,30.8,40.75,29.15
3267000,q_lt_q20,31,41.65,27.1
3267900,q_lt_q20,32.95,42.25,24.8
3269500,q_lt_q20,32.9,42.15,25.05
3270000,q_lt_q20,29.5,47.25,23.65
3270500,q_lt_q20,31.2,41.7,26.9
3271000,q_lt_q20,27.55,46.05,26.3
3271300,q_lt_q20,27.25,48.25,24.1
3271620,q_lt_q20,27.65,48.2,24.45
3272000,q_lt_q20,30.6,45.95,23.15
3272100,q_lt_q20,27.2,45.4,27.05
3272700,q_lt_q20,27.75,46.2,25.35
3274000,q_lt_q20,27,48.8,24.65
3274650,q_lt_q20,28.4,45.3,26.2
3275000,q_lt_q20,32.95,44,23.15
3275500,q_lt_q20,29.9,45.6,24.5
3275600,q_lt_q20,31.6,44.75,23.25
3276500,q_lt_q20,37.85,38.9,23.2
3277075,q_lt_q20,15.15,58.1,26.95
3277130,q_lt_q20,17.25,55.65,27.5
3277200,q_lt_q20,,,
3277300,q_lt_q20,36.25,38.7,25.2
3277500,q_lt_q20,35.6,41.25,23.6
3280700,q_lt_q20,39.8,40.55,19.5
3280902,q_lt_q20,33.5,44.15,22.35
3281000,q_lt_q20,27.9,47.95,24.15
3281100,q_lt_q20,33.6,42.3,24.25
3281500,q_lt_q20,26.55,48.35,24.8
3282000,q_lt_q20,33.55,44.2,21.6
3282040,q_lt_q20,35.05,42.95,21.75
3282060,q_lt_q20,30.15,47,22.85
3282120,q_lt_q20,27.25,49.45,23.7
3282290,q_lt_q20,25.4,50.15,24.85
3282500,q_lt_q20,25.35,49.9,24.75
3283500,q_lt_q20,27.5,48.85,23.75
3284000,q_lt_q20,28.6,48.35,23.05
3284230,q_lt_q20,26.55,49.65,24
3284525,q_lt_q20,20.95,50.55,28.6
3284533,q_lt_q20,12.05,55.2,32.85
3284552,q_lt_q20,17.4,51.95,30.3
3285000,q_lt_q20,17.9,51.4,30.75
3286200,q_lt_q20,19.7,50.2,29.95
3287000,q_lt_q20,25.5,48.5,25.85
3287250,q_lt_q20,21.95,50.05,28.1
3287500,q_lt_q20,23.25,50.2,26.7
3287590,q_lt_q20,14.85,54.25,30.8
3287600,q_lt_q20,14.35,55.65,29.9
3288100,q_lt_q20,17.3,55.15,27.6
3288110,q_lt_q20,13.6,54.85,31.4
3288180,q_lt_q20,18.85,53.6,27.95
3288190,q_lt_q20,14,56.6,29.35
3289000,q_lt_q20,14.15,55.15,30.3
3289193,q_lt_q20,19.45,52.05,28.2
3289200,q_lt_q20,11.5,57.3,31.1
3289300,q_lt_q20,10.8,58.6,30.75
3289500,q_lt_q20,22.4,53.45,24.15
3290080,q_lt_q20,27.4,50.25,21.95
3290500,q_lt_q20,,,
3291000,q_lt_q20,15.2,56.7,27.95
3291500,q_lt_q20,25.75,53.4,21.05
3291780,q_lt_q20,18.65,55.2,26.1
3292470,q_lt_q20,15,60.55,24.4
3292474,q_lt_q20,16.45,54.35,29.45
3292475,q_lt_q20,17.25,55.9,26.55
3292480,q_lt_q20,15.25,58,27
3292500,q_lt_q20,19.8,53.4,27.1
3292550,q_lt_q20,24.05,51,24.8
3293000,q_lt_q20,17.45,55.95,26.6
3293510,q_lt_q20,20.45,52.25,27.25
3294000,q_lt_q20,17.5,58.45,24.15
3294500,q_lt_q20,32.25,44,23.8
3294550,q_lt_q20,24,51.9,23.3
3294570,q_lt_q20,26.45,51.4,22.3
3295400,q_lt_q20,18.55,52.55,28.9
3295890,q_lt_q20,21.85,53.35,25.1
3297800,q_lt_q20,19.55,51.7,28.95
3297900,q_lt_q20,14.55,55.3,30.05
3298000,q_lt_q20,16,56.55,27.55
3298135,q_lt_q20,24.05,48.25,28
3298150,q_lt_q20,13.9,56.6,29.5
3298200,q_lt_q20,20,53.1,26.2
3298250,q_lt_q20,14.5,55.55,29.65
3298300,q_lt_q20,15.8,54.8,29
3298500,q_lt_q20,21.5,55.9,22.7
3298550,q_lt_q20,18.9,50.95,29.85
3300400,q_lt_q20,18.25,54.5,27.2
3301500,q_lt_q20,19.7,58.55,21.9
3301900,q_lt_q20,17.6,53,28.7
3301940,q_lt_q20,22.75,53.85,23.3
3302000,q_lt_q20,21.45,55.6,22.85
3302030,q_lt_q20,23.15,52.25,25.1
3302050,q_lt_q20,21.55,52.05,25.95
3302220,q_lt_q20,12.3,59.8,28.2
3302680,q_lt_q20,18.55,54.45,27
3302800,q_lt_q20,15.8,58.3,25.85
3303000,q_lt_q20,17.4,57.5,25.1
3303280,q_lt_q20,,,
3303300,q_lt_q20,17.6,57.95,24.45
3305000,q_lt_q20,17.65,52.35,30
3307000,q_lt_q20,15.2,55.8,29
3308500,q_lt_q20,23.55,51.3,25.2
3310000,q_lt_q20,18.15,55.7,25.9
3310300,q_lt_q20,15.05,59,26.35
3310400,q_lt_q20,16.5,57.4,26.45
3313700,q_lt_q20,19,52.8,28.45
3314000,q_lt_q20,14.35,56.85,28.8
3314500,q_lt_q20,20.3,49.4,30.15
3316500,q_lt_q20,15.55,55.95,28.9
3318800,q_lt_q20,15.15,61.75,23.1
3320000,q_lt_q20,17.4,60.25,23.2
3320500,q_lt_q20,16.3,62.3,21.4
3321350,q_lt_q20,17.85,61.15,21
3321500,q_lt_q20,18.8,58.3,22.6
3322485,q_lt_q20,24.8,39.3,36.2
3322900,q_lt_q20,26.55,38.7,34.2
3323000,q_lt_q20,23.4,40.1,36.55
3324000,q_lt_q20,30.7,38.85,31.25
3324300,q_lt_q20,26.9,43.05,30.3
3325000,q_lt_q20,35.05,37,27.95
3325519,q_lt_q20,25.65,44.5,30.15
3326500,q_lt_q20,30.55,41.55,27.9
3327500,q_lt_q20,34.5,38.4,26.65
3328000,q_lt_q20,48.4,31.3,20.15
3328500,q_lt_q20,43.3,37.65,19.05
3329000,q_lt_q20,35.45,41.9,22.6
3329700,q_lt_q20,36.7,42.6,21.1
3330241,q_lt_q20,50.55,29.4,20.05
3330500,q_lt_q20,50.4,30.7,18.95
3331500,q_lt_q20,60.75,25.55,13.7
3331753,q_lt_q20,52.8,28.35,18.7
3332345,q_lt_q20,55.9,30.1,14
3332349,q_lt_q20,72.2,17.45,10.4
3332555,q_lt_q20,48.05,33.4,18.85
3332605,q_lt_q20,33.9,42.1,24
3333050,q_lt_q20,42.15,38.6,19.4
3333450,q_lt_q20,27.7,47.1,25.6
3334000,q_lt_q20,38.3,41.5,20.2
3334500,q_lt_q20,42.3,38.65,18.9
3335000,q_lt_q20,37.95,43.3,19.35
3335500,q_lt_q20,34.2,41.5,24.2
3335960,q_lt_q20,17.9,54.45,27.75
3336000,q_lt_q20,31.3,43.05,25.75
3336645,q_lt_q20,34.1,46.3,19.35
3336890,q_lt_q20,24.55,50.3,24.65
3336900,q_lt_q20,23.7,49.85,26.2
3337000,q_lt_q20,22.15,50.4,27.3
3337100,q_lt_q20,25,49.1,25.4
3339000,q_lt_q20,38.45,38.7,23.25
3339280,q_lt_q20,28.4,48.1,23.8
3339305,q_lt_q20,22.3,52.25,25.6
3339500,q_lt_q20,38,41.95,19.65
3340500,q_lt_q20,35,44.45,20.25
3340800,q_lt_q20,28,51.75,19.85
3341300,q_lt_q20,33.05,46.05,21.3
3341500,q_lt_q20,30.05,46.6,23.3
3342000,q_lt_q20,29.25,43.9,26.55
3342500,q_lt_q20,36.05,41.95,22.4
3343010,q_lt_q20,29.1,48,23.6
3343400,q_lt_q20,21.95,53.85,24.5
3345500,q_lt_q20,17.35,56.15,26.6
3346000,q_lt_q20,19.4,56.05,24.95
3346500,q_lt_q20,26.2,49.55,24.65
3347000,q_lt_q20,29.35,45.05,26.3
3348000,q_lt_q20,28.5,43.8,27.15
3348130,q_lt_q20,31.15,43.25,25.45
3348350,q_lt_q20,28.05,43.9,27.5
3349000,q_lt_q20,29.8,45.8,24.85
3349210,q_lt_q20,24.6,47,28.4
3349510,q_lt_q20,28.15,46.4,25.45
3350500,q_lt_q20,31.6,43.95,24.75
3350655,q_lt_q20,25,47.75,26.95
3350660,q_lt_q20,27,46.15,26.2
3350700,q_lt_q20,24.85,48.1,27.55
3351000,q_lt_q20,27.25,45.85,26.5
3351072,q_lt_q20,26.8,47.8,25
3351310,q_lt_q20,26.8,49.5,23.7
3351350,q_lt_q20,27.8,46,25.6
3351500,q_lt_q20,30.8,45.95,23.15
3351710,q_lt_q20,34.65,43.55,21.55
3352500,q_lt_q20,26.95,46.6,26.05
3352953,q_lt_q20,28.8,45.75,25.15
3352988,q_lt_q20,27.55,47.05,25.4
3353000,q_lt_q20,29.2,47,24.2
3353120,q_lt_q20,25.4,48.25,25.65
3353200,q_lt_q20,27.2,49.25,23.15
3353415,q_lt_q20,25.05,50,24.7
3353420,q_lt_q20,22.75,50.8,26.05
3353451,q_lt_q20,26.5,49.15,24.65
3353460,q_lt_q20,27.35,49.15,23.1
3353500,q_lt_q20,31.5,45.4,23.1
3353600,q_lt_q20,24.75,48.3,27.05
3353611,q_lt_q20,33.8,44.55,21.8
3353620,q_lt_q20,30.2,46.75,23
3353800,q_lt_q20,30.55,47.95,21.5
3353910,q_lt_q20,30.6,48.95,20
3354000,q_lt_q20,28.7,46.9,25
3357000,q_lt_q20,29.4,49.45,21
3357330,q_lt_q20,26.3,50.9,22.35
3357350,q_lt_q20,20.6,56.85,22.65
3358000,q_lt_q20,24.1,55.05,20.45
3360000,q_lt_q20,22.15,56.05,21.85
3360500,q_lt_q20,29.7,49.5,21.2
3360600,q_lt_q20,42.3,38.15,19.5
3361500,q_lt_q20,25.05,48.7,26.1
3361650,q_lt_q20,28.75,48.5,23.15
3361850,q_lt_q20,28.45,46.7,25.25
3361872,q_lt_q20,27.1,49.7,24.05
3362000,q_lt_q20,25.95,50.9,22.5
3362500,q_lt_q20,27.5,50.9,22
3363000,q_lt_q20,28.75,49.2,21.75
3363500,q_lt_q20,28.2,48.45,22.65
3363900,q_lt_q20,29.6,47.45,22.95
3364000,q_lt_q20,30.8,47.25,22.1
3364042,q_lt_q20,26.85,48.45,25.1
3364200,q_lt_q20,31.35,45.45,23.3
3364500,q_lt_q20,24.4,52.75,23.1
3364650,q_lt_q20,27.9,48.55,23.5
3365500,q_lt_q20,27.3,49.3,23.4
3366500,q_lt_q20,17.8,58.25,23.95
3368000,q_lt_q20,20.65,55.95,23.75
3369500,q_lt_q20,18.8,58.35,23.15
3371500,q_lt_q20,20.2,54.75,25.25
3371600,q_lt_q20,19.55,58.15,22.3
3371650,q_lt_q20,20.7,56.45,23
3373500,q_lt_q20,24.2,54.3,21.5
3373508,q_lt_q20,15.2,58.8,25.8
3373560,q_lt_q20,19.55,56.35,23.8
3373610,q_lt_q20,21.6,52.85,25.45
3374000,q_lt_q20,25.65,50.45,23.5
3374100,q_lt_q20,24.1,51.6,23.7
3375500,q_lt_q20,18.8,58.05,23.25
3376300,q_lt_q20,17.4,61,21.3
3376500,q_lt_q20,17.25,59.1,23.6
3377500,q_lt_q20,,,
3378000,q_lt_q20,14.8,60.25,24.85
3378500,q_lt_q20,17.1,58.45,24.55
3378550,q_lt_q20,17.6,59.35,22.95
3378635,q_lt_q20,24.5,53.8,22.05
3379500,q_lt_q20,16.55,56.05,27.4
3380500,q_lt_q20,12.3,61.75,25.85
3381500,q_lt_q20,11.8,62.65,25.45
3381700,q_lt_q20,,,
3382100,q_lt_q20,9.6,67.7,22.5
3383000,q_lt_q20,15.75,62.4,21.85
3384100,q_lt_q20,14.15,60.9,24.95
3384450,q_lt_q20,24.85,55.6,19.55
3399800,q_lt_q20,,,
3400500,q_lt_q20,35.3,41.8,23.3
3400785,q_lt_q20,42.55,38.5,18.9
3400800,q_lt_q20,37.4,39.45,22.9
3400986,q_lt_q20,36.05,40.4,23.45
3401000,q_lt_q20,40.3,40.6,19.2
3402900,q_lt_q20,34.2,40.35,25.6
3403910,q_lt_q20,33.25,42.75,24.3
3404000,q_lt_q20,32.45,42.7,25
3404500,q_lt_q20,37.75,41.75,20.4
3404900,q_lt_q20,28.55,45.75,25.7
3406500,q_lt_q20,29.7,45.65,24.35
3407500,q_lt_q20,20.1,52.7,26.85
3408500,q_lt_q20,30.85,45.1,23.95
3409500,q_lt_q20,35.05,41,23.95
3410210,q_lt_q20,38.35,39.4,22.95
3410500,q_lt_q20,35.4,39.75,25.25
3413200,q_lt_q20,24.55,48.85,26.6
3414078,q_lt_q20,23.2,51.2,25.55
3414100,q_lt_q20,24.75,49.75,25.5
3414170,q_lt_q20,24.15,51.55,24.2
3415000,q_lt_q20,32.4,44.15,23.5
3418224,q_lt_q20,29.55,46.25,24.2
3419530,q_lt_q20,25.1,45.9,29.1
3421000,q_lt_q20,29.35,45.25,25.6
3424730,q_lt_q20,22.1,50.65,27.25
3424860,q_lt_q20,22,51.1,27
3425290,q_lt_q20,15.55,56.6,27.8
3425520,q_lt_q20,18.55,54.05,27.65
3425622,q_lt_q20,15.25,56.75,28.15
3426470,q_lt_q20,22.45,50.6,26.65
3427500,q_lt_q20,18.65,52.2,28.8
3428200,q_lt_q20,21.35,51.95,26.85
3429498,q_lt_q20,25.35,46.65,28
3430200,q_lt_q20,21.65,50.25,28.05
3431060,q_lt_q20,23.8,48.25,28.15
3431300,q_lt_q20,23.3,46.7,30
3431500,q_lt_q20,23,46.65,30.45
3431599,q_lt_q20,22.45,52.35,25.75
3431700,q_lt_q20,19.9,47.6,32.5
3432350,q_lt_q20,21.1,50.4,28.6
3432400,q_lt_q20,19.35,53.45,27.9
3433500,q_lt_q20,27.1,51.95,20.95
3434500,q_lt_q20,14.6,57.95,27.55
3436100,q_lt_q20,16.7,62.05,21.7
3436690,q_lt_q20,21.1,54.25,24.3
3437480,q_lt_q20,13.4,61.75,24.7
3437495,q_lt_q20,13.25,62.4,24.35
3455000,q_lt_q20,32.05,39.55,28.8
3461500,q_lt_q20,33.85,38.05,27.8
3465500,q_lt_q20,36.15,38.2,26.05
3466208,q_lt_q20,27.85,42.3,29.85
3467609,q_lt_q20,29.75,40.45,29.4
3469251,q_lt_q20,38.75,37.2,23.6
3471500,q_lt_q20,18.1,44.35,37.15
3473000,q_lt_q20,26.45,40.95,32.2
3474000,q_lt_q20,23.8,42.75,33.55
3475000,q_lt_q20,24.35,41.5,34.2
3478400,q_lt_q20,20.85,44,35.1
3488000,q_lt_q20,29.75,39.45,31.1
3490000,q_lt_q20,27.15,40.7,31.75
3491000,q_lt_q20,28.9,42.35,29.45
3491544,q_lt_q20,27.25,43.15,29.5
3495005,q_lt_q20,26.65,42.85,30.5
3497300,q_lt_q20,42.3,34.65,23.05
3498500,q_lt_q20,26.1,41.1,32.7
3498850,q_lt_q20,27.45,42.15,30.3
3518500,q_lt_q20,35,38.3,27
3524000,q_lt_q20,38.45,38.55,23.6
3527000,q_lt_q20,41.1,36.1,22.9
3528000,q_lt_q20,32.5,40.3,27.5
3529500,q_lt_q20,31.75,39.8,28.35
3531500,q_lt_q20,33.6,40.7,25.25
3532000,q_lt_q20,30.45,43.25,26.6
3535000,q_lt_q20,30.9,43.25,26.25
3535200,q_lt_q20,24.5,47.05,28.3
3535400,q_lt_q20,26.5,44.7,29.15
3535618,q_lt_q20,25.35,46.1,28.8
3538830,q_lt_q20,36.5,40.85,23.3
3538970,q_lt_q20,36.75,40.75,22.6
3539600,q_lt_q20,36.6,39.85,23.85
3539778,q_lt_q20,41.7,36.45,22.25
3539800,q_lt_q20,40.55,36.35,23.65
3540500,q_lt_q20,39.05,38.25,22.7
3544970,q_lt_q20,43.2,32.45,24.75
3550500,q_lt_q20,44.9,29.75,25.35
3558000,q_lt_q20,46.45,31.75,21.8
3565500,q_lt_q20,25.4,44.15,29.8
3566535,q_lt_q20,30.8,41.2,27.7
3566700,q_lt_q20,34.8,38.55,26.95
3567340,q_lt_q20,29.4,41.9,28.7
3567500,q_lt_q20,32.55,38.4,29.05
3568400,q_lt_q20,33.8,40.45,26
3568933,q_lt_q20,30.6,42.75,27.2
3569190,q_lt_q20,36.8,36.65,25.85
3571000,q_lt_q20,30.8,42.35,27.15
3572690,q_lt_q20,30.45,46.7,23.15
3574100,q_lt_q20,32.6,41.5,25.9
3574500,q_lt_q20,25.7,47,27.3
3575100,q_lt_q20,29.4,43.95,26.35
3576250,q_lt_q20,23.35,48.05,29
3576500,q_lt_q20,26,43.45,30.75
3577225,q_lt_q20,30.1,44.65,25.15
3578000,q_lt_q20,23.1,46.55,30.35
3578500,q_lt_q20,20.6,53.15,26
3582000,q_lt_q20,26.2,47.15,26.95
3584045,q_lt_q20,23.9,49.95,25.75
3584600,q_lt_q20,20,53.2,26.9
3586500,q_lt_q20,23.05,49.95,27.1
3588500,q_lt_q20,22.05,52.4,25.4
3590000,q_lt_q20,23.95,48.8,27.65
3593800,q_lt_q20,17.4,56.45,25.9
3596000,q_lt_q20,22.3,51.9,25.65
3597860,q_lt_q20,19.7,52.05,27.9
3598000,q_lt_q20,22.95,49.75,27.4
1010000,q_lt_q20,48.55,38.3,13.15
1010070,q_lt_q20,55.7,33.15,11.15
1010500,q_lt_q20,,,
1011000,q_lt_q20,52.1,33.6,14.55
1013500,q_lt_q20,46.05,38.55,16.1
1014000,q_lt_q20,,,
1015800,q_lt_q20,48.55,37,14.3
1017000,q_lt_q20,50.05,33.65,16.4
1017290,q_lt_q20,44.85,39.65,15.85
1017550,q_lt_q20,42.35,39.55,17.7
1017960,q_lt_q20,44.35,40.35,15.9
1018009,q_lt_q20,49.05,36.25,14.9
1018035,q_lt_q20,45.75,38.4,16
1018500,q_lt_q20,57.95,32.65,9.8
1019000,q_lt_q20,52.5,38.5,9
1021000,q_lt_q20,60.15,28.2,12.05
1021470,q_lt_q20,53.45,32.15,14.4
1021480,q_lt_q20,58.8,32.85,8.4
1022500,q_lt_q20,51.35,33.65,15
1027200,q_lt_q20,48.55,38.45,13
1027240,q_lt_q20,49.55,38.15,12.4
1029200,q_lt_q20,55.75,33,11.25
1029500,q_lt_q20,59.55,32.3,8.15
1030350,q_lt_q20,56.6,33.15,10.25
1030500,q_lt_q20,54.75,33.2,12.6
1031300,q_lt_q20,54.45,37.7,7.85
1031450,q_lt_q20,55.95,35.35,8.7
1031500,q_lt_q20,52.7,37.45,10.25
1031510,q_lt_q20,49.45,38.25,11.9
1034000,q_lt_q20,49.05,39.85,10.7
1034500,q_lt_q20,,,
1037000,q_lt_q20,53.9,35.55,10.55
1037380,q_lt_q20,53.05,37.8,8.75
1042500,q_lt_q20,57.85,33,8.7
1043500,q_lt_q20,55.25,34.1,10.55
1044550,q_lt_q20,58.1,32.9,9
1046000,q_lt_q20,51.45,39.7,8.7
1046500,q_lt_q20,51.6,39.6,9
1047000,q_lt_q20,57.75,33.85,8.4
1047150,q_lt_q20,54.25,35.95,10
1047200,q_lt_q20,54.6,37.95,7.45
1048000,q_lt_q20,46.55,40.05,14.25
1048220,q_lt_q20,48.05,41.95,9.55
1052500,q_lt_q20,59.15,32.05,8.85
1053500,q_lt_q20,53.1,36.2,10.3
1053600,q_lt_q20,55.5,32.95,11.55
1054000,q_lt_q20,57.75,35.4,6.85
1054114,q_lt_q20,60.2,33.5,6.3
1054200,q_lt_q20,53.75,38.8,7.45
1054300,q_lt_q20,51.4,38.8,9.25
1054500,q_lt_q20,,,
1055000,q_lt_q20,54.3,38.6,7.1
1055500,q_lt_q20,41.1,44.3,14.6
1057000,q_lt_q20,52.9,36.85,10.25
1059000,q_lt_q20,48.75,35.95,15.55
1063310,q_lt_q20,56.8,34.25,8.95
1064500,q_lt_q20,60.85,32.15,7
1064801,q_lt_q20,59.45,33.55,7
1066000,q_lt_q20,58.25,34.35,7.4
1067950,q_lt_q20,44.2,37.5,18.25
1068910,q_lt_q20,66.45,28.8,4.75
1069500,q_lt_q20,59.7,30.8,9.8
1073319,q_lt_q20,64.85,29.6,5.55
1074520,q_lt_q20,55.6,35.25,9.15
1075000,q_lt_q20,59.55,34.05,6.55
1076000,q_lt_q20,58.9,34.25,6.85
1076500,q_lt_q20,48.9,39.1,12.3
1077400,q_lt_q20,57.1,36.85,6.15
1078000,q_lt_q20,54.75,37.7,7.15
1081000,q_lt_q20,50.95,38.55,10.55
1081500,q_lt_q20,60.6,33.35,6.3
1082000,q_lt_q20,59.65,34.65,5.7
1085000,q_lt_q20,64.5,30.8,4.7
1085500,q_lt_q20,59.6,33.25,6.45
1086000,q_lt_q20,59.9,34.05,6.05
1087000,q_lt_q20,62.3,30.35,7.3
1089500,q_lt_q20,62.9,30.65,6.55
1089925,q_lt_q20,60.8,31.9,7.3
1091000,q_lt_q20,61.6,32.7,5.7
1091500,q_lt_q20,54.5,36.7,8.4
1092000,q_lt_q20,,,
1093852,q_lt_q20,52.6,36.85,10.55
1094000,q_lt_q20,71.15,24.55,4.3
1094400,q_lt_q20,48.5,33.55,18
1094500,q_lt_q20,57.7,29.8,12.5
1095220,q_lt_q20,56.25,34.5,9.3
1095375,q_lt_q20,66,26.7,6.85
1095434,q_lt_q20,57.9,33.9,8.65
1095503,q_lt_q20,52.8,33.1,13.8
1096000,q_lt_q20,68.1,27.75,4.15
1096500,q_lt_q20,60.45,31.5,7.55
1097000,q_lt_q20,57.8,29.55,12.4
1097300,q_lt_q20,62.15,32.05,5.4
1098500,q_lt_q20,56.1,28.95,14.7
1098530,q_lt_q20,50.1,34.25,15.7
1099500,q_lt_q20,56.55,27.5,15.4
1100000,q_lt_q20,54.85,30.6,14.95
1100505,q_lt_q20,63.95,31.25,4.45
1100561,q_lt_q20,54.35,30.7,14.95
1100600,q_lt_q20,62.8,26.25,11.1
1100627,q_lt_q20,60.05,29.8,9.85
1101000,q_lt_q20,61.1,28.65,10.4
1101500,q_lt_q20,61.45,30.15,8.4
1102000,q_lt_q20,65.75,29.25,5
1102345,q_lt_q20,60.75,27.1,11.75
1102500,q_lt_q20,58.65,30.65,10.8
1103025,q_lt_q20,48.9,35.95,15.15
1103280,q_lt_q20,59.15,31,9.95
1103500,q_lt_q20,63.6,30.95,5.45
1104000,q_lt_q20,52.35,32.25,15.4
1104200,q_lt_q20,55.05,30.15,14.8
1104370,q_lt_q20,62.9,30.85,6.35
1104415,q_lt_q20,54.35,34.4,11.25
1104420,q_lt_q20,48.55,36.8,14.55
1104430,q_lt_q20,59.05,29.55,11.2
1104455,q_lt_q20,53.95,33.7,11.8
1104460,q_lt_q20,55.1,31.65,13.25
1104475,q_lt_q20,59.5,32.3,8.65
1104480,q_lt_q20,58.35,33.1,8.55
1104500,q_lt_q20,51.85,30.5,18.1
1105000,q_lt_q20,46.2,37.8,16
1105500,q_lt_q20,54.25,33.8,11.95
1105554,q_lt_q20,54.15,32.85,13
1105583,q_lt_q20,60.6,25.35,14.05
1105585,q_lt_q20,56.85,29.25,14.05
1105600,q_lt_q20,62.35,25.75,12.3
1105606,q_lt_q20,61.25,27.65,11.4
1105608,q_lt_q20,58.7,27.8,13.65
1105730,q_lt_q20,65.85,27.85,6.7
1105870,q_lt_q20,66.3,26.8,6.55
1105917,q_lt_q20,72.5,21.5,6
1108000,q_lt_q20,62.05,31.95,5.55
1108410,q_lt_q20,47.8,34.5,17.7
1109000,q_lt_q20,61.1,29.65,9.25
1109060,q_lt_q20,56.6,33.65,10.05
1109070,q_lt_q20,60.45,29.85,10.1
1109403,q_lt_q20,50.85,33.8,15.4
1109730,q_lt_q20,51.95,37.35,10.6
1110000,q_lt_q20,56.9,31.4,11.7
1111212,q_lt_q20,61.9,32,6.15
1111300,q_lt_q20,60.85,33.45,6
1111500,q_lt_q20,58.25,32.05,10.05
1112500,q_lt_q20,52.4,29.95,17.35
1113895,q_lt_q20,45.4,33.65,21.1
1114000,q_lt_q20,39.8,37.15,22.8
1114500,q_lt_q20,55.15,31.45,13.25
1115098,q_lt_q20,63.4,32.15,4.45
1115110,q_lt_q20,61.75,35.1,3.15
1115114,q_lt_q20,61,32.45,6.7
1115170,q_lt_q20,57.5,35.5,7
1115183,q_lt_q20,58.9,37.1,4
1115185,q_lt_q20,59.25,34.9,5.85
1115187,q_lt_q20,61,34.45,4.55
1115190,q_lt_q20,61.3,34.6,3.95
1115265,q_lt_q20,61.2,33.9,4.45
1115276,q_lt_q20,62,33.4,4.6
1115278,q_lt_q20,57.3,36.1,6.6
1115280,q_lt_q20,62.5,31.95,5.55
1115500,q_lt_q20,62.2,29.7,8.4
1115630,q_lt_q20,65.5,30.3,4.15
1116000,q_lt_q20,58.3,28.95,13.05
1116500,q_lt_q20,42.25,37.1,20.8
1116905,q_lt_q20,49.5,36.65,13.95
1117000,q_lt_q20,58.05,29.1,13
1117420,q_lt_q20,44.35,43.2,12.7
1117430,q_lt_q20,58.15,37.5,4.9
1117468,q_lt_q20,60,34.3,6
1117500,q_lt_q20,53.85,38.15,8
1117800,q_lt_q20,61.95,31.5,6.15
1118000,q_lt_q20,57.45,34.4,7.4
1118300,q_lt_q20,58.3,36.05,6.1
1118500,q_lt_q20,55.75,33,10.8
1119382,q_lt_q20,58.05,34,8.35
1119500,q_lt_q20,53.6,35.75,11.1
1120790,q_lt_q20,59.2,32.5,8.3
1121000,q_lt_q20,61.7,32.35,5.95
1121330,q_lt_q20,61.15,33.05,5.5
1122000,q_lt_q20,50.65,33.15,16.5
1122500,q_lt_q20,52.9,33.3,13.95
1123000,q_lt_q20,60.75,32.8,6.45
1123360,q_lt_q20,53.35,36.4,10.25
1123600,q_lt_q20,56.45,34.4,9.15
1124000,q_lt_q20,57.55,34.75,7
1124151,q_lt_q20,60.55,32.3,7.15
1125100,q_lt_q20,60.7,32.6,6.7
1125490,q_lt_q20,61.65,30.35,8
1125500,q_lt_q20,53.6,36.7,9.7
1127000,q_lt_q20,55.45,33.85,10.7
1129200,q_lt_q20,55.25,35.75,9
1129500,q_lt_q20,54.05,38.95,7
1130000,q_lt_q20,58.4,35.45,6.15
1131500,q_lt_q20,55.75,36.95,7.3
1133000,q_lt_q20,58.45,35,6.4
1134500,q_lt_q20,57,38.6,4.4
1135150,q_lt_q20,50.2,41.75,8.1
1135300,q_lt_q20,53.3,36.55,10.15
1135500,q_lt_q20,57.95,33.85,8.45
1137500,q_lt_q20,65.6,30.25,4.15
1138500,q_lt_q20,50.1,40.95,8.85
1139000,q_lt_q20,55.3,37.8,6.9
1139800,q_lt_q20,54.2,37.85,7.95
1141500,q_lt_q20,54.75,37.85,7.4
1142500,q_lt_q20,50.8,39.25,10.35
1144000,q_lt_q20,49.7,42.1,7.85
1144500,q_lt_q20,44.5,40.55,15.85
1150900,q_lt_q20,61.9,33.5,4.3
1151500,q_lt_q20,50.85,41.15,8
1152010,q_lt_q20,55.05,36.15,8.4
1152500,q_lt_q20,53.05,38.5,8.45
1153000,q_lt_q20,52.95,37.65,9.85
1153550,q_lt_q20,47.45,40.25,11.4
1154500,q_lt_q20,,,
1154950,q_lt_q20,54.9,37.55,7.7
1155500,q_lt_q20,58.8,34.05,7.15
1157000,q_lt_q20,52.15,39.7,8.55
1158000,q_lt_q20,59.15,33.25,7.7
1158110,q_lt_q20,54.7,35.6,9.7
1160350,q_lt_q20,62.55,30.15,7.3
1161000,q_lt_q20,55.85,36,8.15
1161280,q_lt_q20,51.9,36.8,12
1162000,q_lt_q20,57,33,10
1162500,q_lt_q20,59.35,31.4,9.4
1163200,q_lt_q20,62.95,30.05,7
1166500,q_lt_q20,62,29.6,8.55
1168250,q_lt_q20,55.05,37.5,7.45
1168500,q_lt_q20,51.6,36.8,11.45
1169000,q_lt_q20,57.25,34.7,8.15
1169900,q_lt_q20,51.9,39.25,8.85
1170000,q_lt_q20,58.55,34.6,6.85
1170100,q_lt_q20,59.8,34.05,6.15
1170500,q_lt_q20,53.3,38.15,8.55
1171000,q_lt_q20,60.3,31.45,8.25
1171100,q_lt_q20,53.6,38.4,8
1171500,q_lt_q20,52.7,38.6,8.7
1172010,q_lt_q20,46.4,33.65,19.95
1172500,q_lt_q20,63.85,31,5.15
1173000,q_lt_q20,62.85,31.55,5.6
1173500,q_lt_q20,55.25,35.75,9
1174500,q_lt_q20,59.9,31.25,9.5
1174565,q_lt_q20,61.75,30.1,8.15
1175500,q_lt_q20,66.25,28.95,4.3
1175670,q_lt_q20,53.75,35.25,11
1176000,q_lt_q20,64.2,28.65,7.15
1177000,q_lt_q20,50.4,36.35,13.25
1179500,q_lt_q20,56.65,34.9,8.15
1181000,q_lt_q20,55.85,34.3,9.85
1183500,q_lt_q20,52.95,34.8,12.25
1184000,q_lt_q20,,,
1184100,q_lt_q20,47.5,40.6,11.4
1184490,q_lt_q20,58,33.1,8.45
1185500,q_lt_q20,52.65,35.8,11.15
1186000,q_lt_q20,55.45,35.55,9
1186500,q_lt_q20,57.9,33.25,8.85
1187300,q_lt_q20,57.5,32.1,10
1188000,q_lt_q20,61.85,32.7,5.45
1188090,q_lt_q20,51.1,35.8,13.1
1189000,q_lt_q20,47.95,34.95,16.95
1189995,q_lt_q20,55.45,34.7,9.85
1191000,q_lt_q20,52.05,31.15,16.8
1192500,q_lt_q20,54.9,34,11.1
1192883,q_lt_q20,46.9,40.1,13.25
1193500,q_lt_q20,60.3,33.45,6.5
1194000,q_lt_q20,57.3,32.4,10.1
1194500,q_lt_q20,56.25,34.1,9.9
1195100,q_lt_q20,62,30.45,7.15
1195490,q_lt_q20,50.5,34.3,15.5
1196210,q_lt_q20,52.5,33.4,14.1
1196500,q_lt_q20,53.65,30.5,15.55
1196561,q_lt_q20,47.55,38.9,14.1
1196620,q_lt_q20,52.95,35,12.2
1197000,q_lt_q20,36.8,40.9,22.3
1197500,q_lt_q20,41.75,42.7,15.95
1198000,q_lt_q20,40.8,41.95,17
1198125,q_lt_q20,37.6,44.7,17.7
1199000,q_lt_q20,43.8,40.3,16.25
1199050,q_lt_q20,44.6,40.2,14.7
1200000,q_lt_q20,47.55,38,14.65
1200500,q_lt_q20,47.55,37.7,14.65
1201487,q_lt_q20,44.5,39,16.5
1202501,q_lt_q20,55.75,36.05,8.2
1203510,q_lt_q20,49.55,37.4,13.1
1203600,q_lt_q20,55.95,35.75,8.3
1203805,q_lt_q20,51.55,39.1,9.6
1204000,q_lt_q20,47.5,40.4,12.7
1205500,q_lt_q20,60.6,32.3,7.5
1206900,q_lt_q20,53.75,33.1,12.85
1208171,q_lt_q20,46.05,35.15,18.95
1208500,q_lt_q20,53.95,34.45,11.7
1208873,q_lt_q20,53.55,32.05,14.05
1208925,q_lt_q20,54.6,31.75,13.5
1208950,q_lt_q20,52.75,34.3,12.95
1209005,q_lt_q20,55.15,35.9,9.35
1209105,q_lt_q20,51.4,38.3,10.85
1209500,q_lt_q20,60.35,27.1,12.4
1209700,q_lt_q20,52.8,33.05,14.15
1209761,q_lt_q20,53.8,38.05,8.15
1212500,q_lt_q20,55.2,31.15,14.1
1304500,q_lt_q20,64.2,24.8,10.75
1312000,q_lt_q20,55.45,34.85,9.7
1315000,q_lt_q20,58.1,33.35,8.55
1315500,q_lt_q20,54.5,35.95,9.55
1318500,q_lt_q20,51.45,40.15,8.25
1321000,q_lt_q20,52.75,36,11.35
1325000,q_lt_q20,55.35,34.65,10
1327500,q_lt_q20,42.05,38.15,19.55
1327750,q_lt_q20,50.15,35.1,14.4
1329490,q_lt_q20,41.2,45.3,13
1330000,q_lt_q20,55.05,37.4,7.55
1331500,q_lt_q20,48.9,39.15,11.95
1332500,q_lt_q20,45.05,39.7,15.25
1333000,q_lt_q20,42.5,39.45,18
1334000,q_lt_q20,44.1,42.2,14
1334500,q_lt_q20,42.5,44.25,13.3
1335754,q_lt_q20,,,
1336000,q_lt_q20,45.8,38.95,15.3
1338000,q_lt_q20,42.5,39.65,18.55
1339060,q_lt_q20,42.7,38.35,18.65
1342602,q_lt_q20,44.7,41.65,13.15
1342682,q_lt_q20,38.75,45.65,16.1
1342730,q_lt_q20,42.05,43.35,15.25
1342743,q_lt_q20,33.05,50,16.55
1343060,q_lt_q20,55.15,38.85,6.15
1343403,q_lt_q20,57.1,34.5,8.4
1346000,q_lt_q20,36.5,48.2,15.1
1347000,q_lt_q20,42.4,42.25,15.3
1348000,q_lt_q20,37.65,45.4,16.75
1349000,q_lt_q20,44.5,38.35,17.15
1349150,q_lt_q20,30.7,46.05,23.25
1349700,q_lt_q20,38.25,46.65,14.55
1349705,q_lt_q20,43.35,41.65,15.4
1349711,q_lt_q20,45.8,41.85,12.15
1349810,q_lt_q20,43.4,41.4,15.45
1349950,q_lt_q20,42.4,41.35,15.35
1350000,q_lt_q20,41.3,43.6,14.55
1350035,q_lt_q20,40.75,42.45,16.8
1350080,q_lt_q20,38,45.7,16.25
1350101,q_lt_q20,36.05,46.7,17.25
1350120,q_lt_q20,37.05,45.1,17.75
1350140,q_lt_q20,41.2,42.1,16.95
1350180,q_lt_q20,42.95,41.55,15.8
1350355,q_lt_q20,36.35,44.55,18.8
1351500,q_lt_q20,39.9,44.45,15.65
1354500,q_lt_q20,45.5,36.8,17.55
1357499,q_lt_q20,48.35,40.4,11.15
1357500,q_lt_q20,49.8,34.2,15.55
1359528,q_lt_q20,48.2,37.5,14.55
1360640,q_lt_q20,38.65,43.35,17.35
1361000,q_lt_q20,52,34.85,13.05
1362200,q_lt_q20,46.05,40.8,13.85
1362230,q_lt_q20,47.1,39.15,13.7
1362342,q_lt_q20,41.6,44.05,14
1362357,q_lt_q20,49.65,38,12.85
1362370,q_lt_q20,44.9,42.1,12.55
1362487,q_lt_q20,49.45,37.1,13.25
1362497,q_lt_q20,50.65,39.15,10.2
1362500,q_lt_q20,49.15,37.65,12.8
1363382,q_lt_q20,47.45,37.7,14.85
1363556,q_lt_q20,51.5,38.35,10.2
1364500,q_lt_q20,49.6,38,11.7
1365000,q_lt_q20,48.5,39.25,12.9
1365500,q_lt_q20,44.1,42.1,14.25
1367500,q_lt_q20,47.6,40.85,11.85
1371500,q_lt_q20,41.2,42,17.1
1372500,q_lt_q20,44.25,39.95,15.5
1374505,q_lt_q20,48.9,39.5,11.3
1374531,q_lt_q20,47.35,41.9,10.3
1374559,q_lt_q20,51.5,39.55,8.95
1374581,q_lt_q20,53,38.55,8.4
1374598,q_lt_q20,52,40.55,7.45
1374701,q_lt_q20,,,
1374781,q_lt_q20,43.8,40.1,16.4
1374821,q_lt_q20,43.2,39.15,17.4
1374890,q_lt_q20,53.25,36.5,9.85
1374901,q_lt_q20,50,40.9,9.15
1374930,q_lt_q20,47.85,42.5,9.35
1374941,q_lt_q20,47.85,40.3,11.85
1375000,q_lt_q20,44.75,39.2,16.1
1376800,q_lt_q20,50.95,32.6,16.4
1377000,q_lt_q20,50.2,36.7,13.5
1377370,q_lt_q20,50.2,35.1,15.25
1377500,q_lt_q20,54.3,32.6,13.1
1378500,q_lt_q20,49.8,33.4,17.75
1379000,q_lt_q20,36.15,45.3,18.6
1379500,q_lt_q20,46.6,38.55,14.4
1379530,q_lt_q20,46.9,37.7,15.5
1379773,q_lt_q20,41.4,45.9,12.75
1379780,q_lt_q20,41.25,41.75,16.95
1379845,q_lt_q20,39,40.5,20.25
1380450,q_lt_q20,40.75,40,18.9
1381000,q_lt_q20,40.4,41,18.85
1381400,q_lt_q20,47.05,37.35,15.65
1381500,q_lt_q20,42.55,39.05,18.85
1381800,q_lt_q20,44.75,39.8,15.55
1381900,q_lt_q20,41.7,37.55,20.35
1382210,q_lt_q20,43.45,40.3,16.3
1382385,q_lt_q20,49.6,36.25,14.15
1382500,q_lt_q20,46.2,41.75,12.55
1382800,q_lt_q20,41.15,38.25,20.7
1383500,q_lt_q20,50.5,34.45,15.15
1384500,q_lt_q20,49.05,40.05,10.5
1386000,q_lt_q20,48.8,38.25,13.05
1387000,q_lt_q20,52.8,35.3,12
1387400,q_lt_q20,47.3,39.6,12.95
1387420,q_lt_q20,51.5,36.6,11.9
1387450,q_lt_q20,50.9,39.2,10.4
1387500,q_lt_q20,48.2,35.45,16.3
1387905,q_lt_q20,47.5,37.1,15.8
1388000,q_lt_q20,45.35,37.75,16.75
1388500,q_lt_q20,41.55,40.25,18.45
1389010,q_lt_q20,51.95,32.8,15.25
1389500,q_lt_q20,46.5,36.5,16.95
1389550,q_lt_q20,45.45,39.25,15.5
1389890,q_lt_q20,,,
1390450,q_lt_q20,52.6,34.15,13.25
1390500,q_lt_q20,53.65,32.65,13.7
1391000,q_lt_q20,50.95,33.25,16.1
1391102,q_lt_q20,53.45,32.25,14.3
1392500,q_lt_q20,49.25,33.85,17.3
1393450,q_lt_q20,43.85,38.95,17.2
1394500,q_lt_q20,48.6,33.95,17.9
1395000,q_lt_q20,50.8,31.15,18.05
1396500,q_lt_q20,43.65,40.5,15.3
1396582,q_lt_q20,46.95,36.15,17
1396660,q_lt_q20,40.75,39.6,19.5
1396800,q_lt_q20,38.55,41,20.3
1397000,q_lt_q20,43.75,39,17.7
1398000,q_lt_q20,31.55,48.1,20.35
1398500,q_lt_q20,43,39.3,17.45
1399100,q_lt_q20,41.95,40.25,17.95
1399500,q_lt_q20,41.55,40.3,18.15
1399670,q_lt_q20,43.6,39.55,17.1
1400000,q_lt_q20,44.05,40.05,15.8
1400500,q_lt_q20,38.25,44,17.05
1401000,q_lt_q20,45.05,38.7,16.2
1401650,q_lt_q20,39.45,41,18.95
1402000,q_lt_q20,48.1,34.3,17.3
1402630,q_lt_q20,46.4,36.1,17.6
1403060,q_lt_q20,41.7,41.8,16.5
1403150,q_lt_q20,41.5,40.9,17.6
1403400,q_lt_q20,38.85,42.2,18.6
1403540,q_lt_q20,41.1,39.4,19.2
1403900,q_lt_q20,43.2,39.3,17.75
1405030,q_lt_q20,48,36.1,15.6
1405400,q_lt_q20,55.45,30.45,13.8
1406050,q_lt_q20,54.55,31.2,14.25
1407290,q_lt_q20,61.8,24.95,13.35
1407500,q_lt_q20,60.1,24.8,15.5
1408000,q_lt_q20,71.8,19.4,8.55
1408029,q_lt_q20,61.95,28.35,9.7
1408120,q_lt_q20,70.5,20,9.5
1408500,q_lt_q20,74.5,18.4,7.45
1408900,q_lt_q20,72.05,18.4,9.1
1409280,q_lt_q20,73.5,19.8,6.7
1409400,q_lt_q20,76.2,18.55,5.25
1409810,q_lt_q20,75.5,18.4,6.1
1410000,q_lt_q20,80.15,14.2,5.45
1410150,q_lt_q20,76.8,16.65,6.15
1410784,q_lt_q20,60.95,25.4,13.65
1410820,q_lt_q20,71.35,21.3,7.35
1411000,q_lt_q20,77.95,13.95,7.7
1411300,q_lt_q20,74.35,19.4,6.25
1411500,q_lt_q20,68.15,17.85,13.6
1412080,q_lt_q20,73.85,19.1,7.05
1412800,q_lt_q20,54.5,29.3,16.45
1413088,q_lt_q20,36.1,48,15.7
1413398,q_lt_q20,39.25,44.35,16.6
1413408,q_lt_q20,40.15,44.95,15.7
1413500,q_lt_q20,43.1,40.5,16.1
1414000,q_lt_q20,39,45.15,16
1414500,q_lt_q20,40.8,44.95,13.85
1415000,q_lt_q20,41,44.1,14.7
1417000,q_lt_q20,43.85,41.3,15
1417500,q_lt_q20,43,42.2,15.25
1420500,q_lt_q20,42.1,41.95,16.3
1421000,q_lt_q20,44.75,41.7,13.55
1421610,q_lt_q20,29.95,49.95,19.7
1421618,q_lt_q20,28.15,51,20.85
1421900,q_lt_q20,37.2,48.45,14.25
1422500,q_lt_q20,33.4,48.85,17.4
1423000,q_lt_q20,38.25,43.5,18.25
1425000,q_lt_q20,38.1,46.75,15.1
1426500,q_lt_q20,42.2,41.8,16.4
1427195,q_lt_q20,47.95,38.05,13.85
1427207,q_lt_q20,47.8,38.35,13.3
1427510,q_lt_q20,,,
1428500,q_lt_q20,47.3,40.15,12.25
1428750,q_lt_q20,35.95,45.8,18.1
1429000,q_lt_q20,39.5,43.65,17.4
1429301,q_lt_q20,44.8,41.9,13.7
1429500,q_lt_q20,42.55,43.9,13.95
1430000,q_lt_q20,41.9,38.8,19.95
1431500,q_lt_q20,44.1,41.1,15.15
1432110,q_lt_q20,51.45,36.4,12.15
1432495,q_lt_q20,46.2,39.25,14.3
1432900,q_lt_q20,47.8,38.95,12.85
1433500,q_lt_q20,52.2,35.95,11.85
1434000,q_lt_q20,,,
1434017,q_lt_q20,50.9,37.4,11.7
1434021,q_lt_q20,46.5,40.15,13.15
1434025,q_lt_q20,41.9,42.5,14.85
1434498,q_lt_q20,45.8,41.5,12.3
1435000,q_lt_q20,50.65,36.5,13.1
1436000,q_lt_q20,45.1,41.95,12.4
1436690,q_lt_q20,50.45,37.85,12
1437500,q_lt_q20,45.85,41.15,12.15
1438500,q_lt_q20,49.85,38.55,12.1
1439500,q_lt_q20,46.75,39,13.95
1439590,q_lt_q20,51.5,35.65,13
1440000,q_lt_q20,46,39.6,14.35
1440400,q_lt_q20,46.5,40.2,13.05
1440485,q_lt_q20,36,45.1,19.15
1442500,q_lt_q20,38.85,40,21.15
1443280,q_lt_q20,36.6,45.4,18.8
1443500,q_lt_q20,42.85,37.25,20.2
1443900,q_lt_q20,42.1,44.25,13.2
1445000,q_lt_q20,34.8,44.7,20.5
1445500,q_lt_q20,46.15,38.35,14.95
1446000,q_lt_q20,36.6,43.35,20.05
1446500,q_lt_q20,41.35,38.75,19.6
1446775,q_lt_q20,32.3,44,23.85
1446776,q_lt_q20,35,42.3,22.3
1447500,q_lt_q20,49.25,36.1,14.7
1447680,q_lt_q20,49.2,36.8,14.05
1447720,q_lt_q20,46.05,39.5,14
1447800,q_lt_q20,49.9,36.15,14
1449000,q_lt_q20,36.15,41.5,22.35
1449360,q_lt_q20,39.15,41.15,19.65
1449800,q_lt_q20,39.65,41.3,19.1
1450500,q_lt_q20,35.15,41.55,24
1451000,q_lt_q20,,,
1451380,q_lt_q20,25.9,48.7,24.8
1451400,q_lt_q20,31.15,46.25,22.85
1451500,q_lt_q20,32.15,43.6,23.95
1451630,q_lt_q20,38.55,40.05,21.5
1451650,q_lt_q20,25.55,44.5,29.75
1451800,q_lt_q20,34.35,42.9,22.2
1452000,q_lt_q20,32.6,42.15,24.55
1452500,q_lt_q20,31.6,43.9,24.4
1453000,q_lt_q20,34.15,43.45,22.4
1454700,q_lt_q20,33.95,44.8,21.9
1455290,q_lt_q20,31.65,46.9,21.3
1455500,q_lt_q20,46.6,38.05,15.35
1457000,q_lt_q20,36.5,44.45,19.2
1457500,q_lt_q20,,,
1459500,q_lt_q20,35.35,46.45,18.2
1460440,q_lt_q20,47.05,38.4,14.8
1463500,q_lt_q20,,,
1463620,q_lt_q20,53.55,32,14.45
1463740,q_lt_q20,43.7,40.2,15.9
1464000,q_lt_q20,48.75,33.5,17.05
1464290,q_lt_q20,62,24.65,13.25
1464500,q_lt_q20,52.45,29.9,17.85
1464645,q_lt_q20,35.65,45,19.05
1464720,q_lt_q20,38,43.4,18.6
1464750,q_lt_q20,34.5,45.7,19.5
1464899,q_lt_q20,39.15,43.8,16.95
1464907,q_lt_q20,37.1,45.8,17.1
1464984,q_lt_q20,35.9,47.1,16.9
1465200,q_lt_q20,37.2,45.7,16.7
1465798,q_lt_q20,49.7,35.55,15.35
1465850,q_lt_q20,57.75,29.75,12.5
1466500,q_lt_q20,70.4,20.25,9.35
1466900,q_lt_q20,66.1,24.1,9.8
1467000,q_lt_q20,63,22,14.9
1467042,q_lt_q20,48.65,35.45,16.2
1467048,q_lt_q20,48.5,35.3,16.2
1467081,q_lt_q20,67.4,19.75,13.1
1467086,q_lt_q20,40,37.4,22.5
1467150,q_lt_q20,65.1,20.6,14.7
1468500,q_lt_q20,40.3,38.7,20.5
1469500,q_lt_q20,43.25,38.7,17.75
1470500,q_lt_q20,35.1,43,22.05
1470755,q_lt_q20,30.1,44.7,24.9
1470761,q_lt_q20,29.3,43.05,27.8
1470779,q_lt_q20,30.4,45.3,24.85
1470960,q_lt_q20,34.5,43.7,22.2
1471000,q_lt_q20,28.95,45.5,25.15
1471510,q_lt_q20,31.55,43.05,24.7
1471875,q_lt_q20,31.25,46.2,23.25
1472000,q_lt_q20,35.75,42.2,22.05
1472157,q_lt_q20,36.4,42.25,20.8
1472198,q_lt_q20,30.65,45.25,24.65
1472199,q_lt_q20,36.65,41.35,22
1472620,q_lt_q20,36.25,44.05,19.75
1472810,q_lt_q20,30.1,48.15,21.75
1473000,q_lt_q20,36.3,43.9,19.8
1473169,q_lt_q20,37.4,40.2,22.95
1473470,q_lt_q20,36.7,42.55,20.6
1473500,q_lt_q20,,,
1473900,q_lt_q20,46.9,37.45,15.65
1474000,q_lt_q20,50.1,33.4,16.35
1474500,q_lt_q20,,,
1475001,q_lt_q20,65.7,20.65,13.8
1475530,q_lt_q20,45.1,35.75,19.3
1475548,q_lt_q20,52.3,30.7,16.7
1475850,q_lt_q20,43.05,37.45,19.3
1476480,q_lt_q20,51.75,32.5,15.65
1477000,q_lt_q20,50,33.25,16.65
1477120,q_lt_q20,55.2,30.4,14.4
1478100,q_lt_q20,35.45,42.95,22
1478120,q_lt_q20,36.95,41.8,21.55
1478245,q_lt_q20,49.55,34.85,15.4
1479820,q_lt_q20,45.15,37.65,16.65
1480300,q_lt_q20,37.05,42.9,19.65
1480400,q_lt_q20,39.75,41.75,18.6
1480500,q_lt_q20,41.6,39.8,19.05
1480617,q_lt_q20,41.5,40.2,18.3
1480675,q_lt_q20,40.45,40.25,18.7
1480685,q_lt_q20,42.15,39.05,18.65
1480700,q_lt_q20,42.05,39.3,18.65
1480870,q_lt_q20,45.3,37.25,17.5
1481000,q_lt_q20,45.6,37.65,17.35
1482500,q_lt_q20,49.75,33.5,17.05
1494850,q_lt_q20,37.9,43.55,18.6
1500000,q_lt_q20,35.55,47.5,17.1
1500500,q_lt_q20,44.75,40.25,14.55
1502500,q_lt_q20,36.65,45.75,17.7
1502632,q_lt_q20,45.2,39.65,15.15
1502731,q_lt_q20,39.95,42.85,16.8
1503000,q_lt_q20,44.6,42.4,13.6
1505000,q_lt_q20,46.6,41.4,12.8
1505810,q_lt_q20,41.4,42.55,15.65
1507000,q_lt_q20,39.05,44.8,15.4
1509000,q_lt_q20,40.9,41.65,17.85
1510000,q_lt_q20,38.65,41.95,19.4
1512500,q_lt_q20,,,
1513500,q_lt_q20,41.55,35.5,23.1
1513550,q_lt_q20,33.8,48.25,18.1
1513831,q_lt_q20,44.65,41.4,14.25
1514850,q_lt_q20,35.9,46.25,18.3
1515000,q_lt_q20,39.5,40.4,20.9
1516350,q_lt_q20,31.95,46.4,21.65
1516500,q_lt_q20,32.05,48.15,19.1
1518000,q_lt_q20,40,41.95,17.65
1518420,q_lt_q20,36.35,45.55,17.9
1518700,q_lt_q20,42.4,40.55,16.25
1518862,q_lt_q20,34.25,45.8,19.95
1519200,q_lt_q20,30.65,49.4,20.55
1520000,q_lt_q20,40.6,39.9,19.95
1520500,q_lt_q20,32.75,45.9,21.05
1521500,q_lt_q20,34.05,48.35,17.55
1523500,q_lt_q20,35.55,46.8,17.35
1524500,q_lt_q20,33,43.95,23.05
1525500,q_lt_q20,37.55,46.65,16.25
1525981,q_lt_q20,35.5,45.75,18.35
1526500,q_lt_q20,37.1,44.8,18.35
1527500,q_lt_q20,33.8,48.35,17.85
1529500,q_lt_q20,37.65,43.5,19.1
1529950,q_lt_q20,35.85,39.8,24.35
1530332,q_lt_q20,36.85,38.65,24.8
1531000,q_lt_q20,38.1,42.95,19.1
1531250,q_lt_q20,34.9,44.95,20.55
1531325,q_lt_q20,29.2,49.6,21.25
1531500,q_lt_q20,40.4,41.85,17.95
1531908,q_lt_q20,35.2,45.75,18.95
1532000,q_lt_q20,40.25,44.8,15.35
1533400,q_lt_q20,34.05,47.85,17.55
1534000,q_lt_q20,44.25,42.75,12.7
1534300,q_lt_q20,45.3,41.95,13
1534500,q_lt_q20,46.5,36.6,17.2
1534860,q_lt_q20,39.4,37.35,23.1
1536000,q_lt_q20,42.55,35.15,21.75
1536500,q_lt_q20,37.85,39,23.3
1538000,q_lt_q20,37,44.05,19
1538700,q_lt_q20,,,
1539000,q_lt_q20,37.1,43,20.45
1540500,q_lt_q20,,,
1541000,q_lt_q20,33.55,45.45,21.35
1541200,q_lt_q20,39.6,41.15,19.35
1541303,q_lt_q20,42.1,41,17.5
1541500,q_lt_q20,41.7,40.55,17.7
1542500,q_lt_q20,48.7,35.8,15.1
1542810,q_lt_q20,36.7,43.85,19.45
1543000,q_lt_q20,40.2,43.85,16.1
1543500,q_lt_q20,44.95,37.25,18.15
1543693,q_lt_q20,40.4,41.4,18.35
1543700,q_lt_q20,44.95,37.35,17.8
1544000,q_lt_q20,39.1,42.9,17.95
1544500,q_lt_q20,44.2,39.4,16.25
1545000,q_lt_q20,45.05,37.15,17.8
1545500,q_lt_q20,46.6,38.2,14.6
1545600,q_lt_q20,43.35,39.6,17.15
1546400,q_lt_q20,26.45,47.1,26.9
1546500,q_lt_q20,29.1,44.55,26.25
1547100,q_lt_q20,42.3,40.05,17.6
1547200,q_lt_q20,37.8,41.55,20.5
1547500,q_lt_q20,35.25,41.75,23
1547700,q_lt_q20,33.65,42.6,23.75
1547950,q_lt_q20,47.25,38.6,14
1548005,q_lt_q20,36.25,41.3,22.45
1548500,q_lt_q20,47.35,37.4,15.5
1549500,q_lt_q20,45.55,38.95,15.15
1549700,q_lt_q20,41.25,42.95,15.55
1549760,q_lt_q20,41.95,36.85,20.8
1550000,q_lt_q20,45.15,40.15,14.8
1551500,q_lt_q20,34.25,38.65,27.05
1552000,q_lt_q20,41.85,40.7,17.45
1552500,q_lt_q20,40.85,42.9,16.1
1553025,q_lt_q20,,,
1553500,q_lt_q20,41.1,36.65,21.7
1553700,q_lt_q20,36.55,40.55,22.9
1553850,q_lt_q20,31.8,43.75,24.55
1554000,q_lt_q20,,,
1555000,q_lt_q20,35.25,42.3,21.75
1555500,q_lt_q20,35.05,43.95,21.05
1556000,q_lt_q20,30.7,40.85,28.7
1557500,q_lt_q20,38.35,41.05,20.35
1558000,q_lt_q20,34.25,40.6,25.25
1559000,q_lt_q20,33.75,42.7,23.55
1560000,q_lt_q20,28.2,46.25,25.85
1562000,q_lt_q20,30.85,44.4,24.45
1563200,q_lt_q20,39.6,39.85,20.5
1563500,q_lt_q20,35.4,40.25,24.35
1564500,q_lt_q20,34.7,42.4,22.75
1564512,q_lt_q20,29.05,46.8,24.15
1564895,q_lt_q20,35.5,40.05,25.15
1565000,q_lt_q20,44.15,39.75,15.9
1566000,q_lt_q20,27.3,47.1,25.7
1567000,q_lt_q20,,,
1567500,q_lt_q20,29,45.3,25.3
1568000,q_lt_q20,34.9,41.25,23.45
1570000,q_lt_q20,27.55,43.1,29.75
1570500,q_lt_q20,38.25,37.25,25.05
1571005,q_lt_q20,31.7,42.85,25.3
1571184,q_lt_q20,35,38.9,25.8
1571500,q_lt_q20,34.15,40.55,25.4
1572025,q_lt_q20,34.25,43.85,22.45
1572190,q_lt_q20,41.5,38.4,19.95
1573000,q_lt_q20,30.95,44.9,24.15
1573160,q_lt_q20,33.8,43.9,22.85
1573560,q_lt_q20,29.2,45.1,25.25
1573660,q_lt_q20,34.95,42.55,22.9
1573695,q_lt_q20,31.1,47.45,21.6
1573710,q_lt_q20,31.5,46.3,21.8
1573825,q_lt_q20,32.5,46.3,21.45
1573849,q_lt_q20,30.8,43.75,25.3
1574000,q_lt_q20,36.25,40.8,23.2
1575500,q_lt_q20,27.95,47.15,24.95
1575598,q_lt_q20,34.4,43.05,22.35
1576000,q_lt_q20,,,
1576007,q_lt_q20,30.5,45.2,24.3
1576045,q_lt_q20,40.05,41,19.65
1576500,q_lt_q20,26.45,44.6,28.65
1576754,q_lt_q20,34.15,44.6,21.05
1576767,q_lt_q20,23.7,52.75,23.4
1576787,q_lt_q20,35.95,41.2,23.3
1577500,q_lt_q20,37.45,42.9,19.75
1578475,q_lt_q20,37.3,43.65,18.5
1601000,q_lt_q20,32.95,42.55,24.6
1604500,q_lt_q20,36.6,41.25,22.15
1605500,q_lt_q20,32.55,44.15,24
1606000,q_lt_q20,30,43.55,25.75
1606500,q_lt_q20,36.75,39.35,23.9
1607500,q_lt_q20,37.9,38.5,23.25
1608000,q_lt_q20,39.25,40.2,20.35
1608500,q_lt_q20,33,44.8,21.9
1610400,q_lt_q20,32.6,43.05,24.05
1611500,q_lt_q20,35.85,41.45,22.7
1613030,q_lt_q20,31,45.3,23.3
1613050,q_lt_q20,35.05,43,21.65
1613900,q_lt_q20,35.55,39.7,24.85
1614000,q_lt_q20,34.5,43.25,21.95
1615000,q_lt_q20,36.9,37.6,25.25
1616100,q_lt_q20,24.45,41.75,33.55
1616400,q_lt_q20,26.15,39.7,34.15
1616425,q_lt_q20,25.95,45.2,29.25
1616500,q_lt_q20,31.15,43.15,25.7
1617000,q_lt_q20,25.55,42.7,31.55
1618100,q_lt_q20,27.4,42.3,30.3
1620500,q_lt_q20,44.25,37.6,18
1621050,q_lt_q20,24.25,44,32.15
1622000,q_lt_q20,24.85,41.8,33.35
1625000,q_lt_q20,23.45,45.75,31.2
1626000,q_lt_q20,27.35,41.9,31.25
1626850,q_lt_q20,30.15,38.95,31.05
1627500,q_lt_q20,21.05,44,34.9
1628500,q_lt_q20,29.3,42.1,28.25
1629500,q_lt_q20,26.9,40.2,33.35
1631000,q_lt_q20,,,
1632000,q_lt_q20,27.7,42.3,29.7
1632082,q_lt_q20,26.45,41.3,32.25
1632900,q_lt_q20,37.25,38.4,24.45
1633000,q_lt_q20,31.95,38,30.05
1634000,q_lt_q20,33.4,41.7,24.9
1634500,q_lt_q20,28.9,41.75,29.35
1635500,q_lt_q20,37.55,38.3,24.15
1636316,q_lt_q20,27.25,43.5,29.3
1636464,q_lt_q20,29.1,42.8,27.95
1636500,q_lt_q20,37.35,40.55,22.35
1636690,q_lt_q20,36.85,40.75,22.7
1638350,q_lt_q20,33.65,40.65,25.7
1638420,q_lt_q20,34.35,40.25,25
1638480,q_lt_q20,32.6,41.25,25.9
1643500,q_lt_q20,31.65,46.85,21.55
1643590,q_lt_q20,29.95,42.75,27.3
1643700,q_lt_q20,38.5,36.85,24.65
1643805,q_lt_q20,37.95,38.15,24.35
1643880,q_lt_q20,43.1,35.3,22.05
1644000,q_lt_q20,37.55,39.45,23.45
1644280,q_lt_q20,34.85,37.55,28
1645704,q_lt_q20,43.3,34.45,22.35
1645762,q_lt_q20,39.55,37.55,23.35
1646000,q_lt_q20,42.05,33.9,24.4
1646305,q_lt_q20,45.9,31.05,23.4
1652500,q_lt_q20,38.85,37.3,23.8
1653000,q_lt_q20,46.2,33.5,20.45
1654000,q_lt_q20,49.7,30.05,20.15
1656000,q_lt_q20,35.1,36.95,28.15
1656903,q_lt_q20,32.45,41.75,26
1658500,q_lt_q20,44.15,34.25,21.6
1660400,q_lt_q20,48.15,33.15,19.35
1662800,q_lt_q20,38.55,36.75,24.3
1663500,q_lt_q20,28.75,39.9,31.45
1664000,q_lt_q20,37.5,36.1,26.65
1665500,q_lt_q20,31.7,41.65,27.05
1666500,q_lt_q20,34.9,42.15,22.85
1667500,q_lt_q20,32.75,42.15,24.8
1668000,q_lt_q20,45.55,30.9,23.55
1669000,q_lt_q20,53.3,28.1,18.6
1669520,q_lt_q20,56.75,24.55,18.3
1670400,q_lt_q20,41.5,34.55,24.05
1671020,q_lt_q20,45.85,31.6,22.05
1671100,q_lt_q20,46.05,31.75,22.05
1672500,q_lt_q20,43,32.75,24.2
1673000,q_lt_q20,52.3,28.8,18.45
1673550,q_lt_q20,50.15,30,20.25
1673800,q_lt_q20,44.4,33.75,21.85
1674000,q_lt_q20,53.4,26,20.2
1674182,q_lt_q20,51.85,29.45,18.3
1674500,q_lt_q20,57.85,24,18
2011400,q_lt_q20,38.15,41.3,19.85
2011460,q_lt_q20,37.15,40.4,22.4
2011470,q_lt_q20,33.2,42.85,23.9
2011490,q_lt_q20,42,40.05,17.25
2011500,q_lt_q20,35.75,40.7,23.95
2011800,q_lt_q20,35.95,41.25,22.55
2013000,q_lt_q20,36.4,39.7,23.7
2013100,q_lt_q20,35.6,38.65,26.15
2014000,q_lt_q20,36.45,39.3,24.1
2015700,q_lt_q20,35.7,40.75,23.95
2016000,q_lt_q20,33.1,40.4,27.15
2016500,q_lt_q20,38.1,37.15,25.3
2017500,q_lt_q20,30.6,38.65,30.15
2018000,q_lt_q20,37.85,35.75,26.6
2018500,q_lt_q20,36.3,39.1,24.55
2019500,q_lt_q20,29.5,38.8,31.5
2020500,q_lt_q20,33.55,42.55,23.75
2021500,q_lt_q20,31.35,39.1,29.2
2022500,q_lt_q20,36.3,35.65,27.4
2024000,q_lt_q20,33.45,36.4,29.9
2024752,q_lt_q20,44.25,33.7,22.4
2024915,q_lt_q20,42.85,35.7,21.8
2025500,q_lt_q20,42.95,32,25.15
2025652,q_lt_q20,44.25,32.35,23.2
2026000,q_lt_q20,41.6,32.6,25.8
2027000,q_lt_q20,41,32.9,25.85
2027500,q_lt_q20,38.15,35.45,27
2028500,q_lt_q20,37.7,36.85,25.4
2029000,q_lt_q20,35.3,37.5,27.05
2030000,q_lt_q20,38.45,36.3,25.4
2030500,q_lt_q20,37.8,38.4,23.4
2031000,q_lt_q20,39,35,25.95
2032250,q_lt_q20,35.7,37.5,26.8
2032640,q_lt_q20,42.3,33.6,24.65
2034000,q_lt_q20,42.45,31.95,25.9
2035000,q_lt_q20,39.6,36.9,23.65
2036500,q_lt_q20,43.9,33.15,23.2
2037000,q_lt_q20,47.4,27.4,24.9
2037500,q_lt_q20,,,
2038850,q_lt_q20,38.9,33.95,26.85
2039000,q_lt_q20,38.65,35.1,25.4
2039500,q_lt_q20,36.65,36.75,27
2040000,q_lt_q20,43.9,30.9,24.75
2040892,q_lt_q20,42.1,33.6,24.6
2041000,q_lt_q20,42.1,31.45,26.45
2041650,q_lt_q20,50.9,28.55,20.55
2042500,q_lt_q20,52,27.6,20.4
2044500,q_lt_q20,44.75,31.7,23.55
2045320,q_lt_q20,47.3,29.15,23.15
2045500,q_lt_q20,56.85,23.6,19.55
2046000,q_lt_q20,48.15,29.1,23.05
2047000,q_lt_q20,54.2,25.3,20.1
2047500,q_lt_q20,54.35,27.55,18.1
2047783,q_lt_q20,52.75,29.1,18.15
2049500,q_lt_q20,55.45,25.4,18.45
2051000,q_lt_q20,43.25,33.8,23.5
2051190,q_lt_q20,39.3,36.75,24.35
2051500,q_lt_q20,39.85,34.7,25.85
2052000,q_lt_q20,53.85,26.25,19.9
2052090,q_lt_q20,55,25.45,19.55
2053800,q_lt_q20,36.95,38.65,25.1
2054500,q_lt_q20,33.05,36.7,30.95
2054530,q_lt_q20,32.35,36.8,30.9
2055000,q_lt_q20,33.8,37.45,28.5
2055100,q_lt_q20,36.2,37.7,26.55
2056000,q_lt_q20,43.85,32.3,24.35
2056650,q_lt_q20,45.8,30.9,23.25
2056900,q_lt_q20,39.6,34.2,25.95
2058400,q_lt_q20,39.8,33.9,26.35
2059500,q_lt_q20,37,37.8,25.2
2060500,q_lt_q20,39.6,33.15,27.1
2061500,q_lt_q20,40.7,33.2,26.15
2062500,q_lt_q20,40.95,31.85,27.2
2064000,q_lt_q20,38.9,36.25,25.15
2065500,q_lt_q20,40.05,32.9,27.45
2066000,q_lt_q20,39.9,31.85,28.4
2069700,q_lt_q20,41.45,34.9,23.8
2070000,q_lt_q20,40.25,31.65,28.25
2071530,q_lt_q20,39.35,34.55,26.25
2072000,q_lt_q20,40.5,32.45,26.9
2072500,q_lt_q20,40.75,34,25.25
2073000,q_lt_q20,41.8,29.8,28.25
2074500,q_lt_q20,39.95,35.4,24.8
2075045,q_lt_q20,45.65,30.25,23.95
2075500,q_lt_q20,36.8,32.9,29.85
2076000,q_lt_q20,38.25,34.1,27.65
2077000,q_lt_q20,42.7,31.9,25.4
2079640,q_lt_q20,42.25,34.25,23.25
2086849,q_lt_q20,34.3,40.15,25.25
2090504,q_lt_q20,54.85,25.55,19.65
2091814,q_lt_q20,44.3,32.5,23.6
2097280,q_lt_q20,37.4,38,24.7
2097386,q_lt_q20,39.95,34.3,25.4
2098206,q_lt_q20,40.5,36.45,23.1
2102907,q_lt_q20,47.3,31.25,21
2108000,q_lt_q20,39.95,31.1,28.25
2123500,q_lt_q20,39,37.3,23.7
2123629,q_lt_q20,39.75,35.1,25.2
2145910,q_lt_q20,39.8,33.3,26.9
2147500,q_lt_q20,49.15,25.65,25.5
2168810,q_lt_q20,57.65,18.6,23.65
2171500,q_lt_q20,38,31.4,29.7
2174000,q_lt_q20,54.55,22.5,22.75
2175025,q_lt_q20,49.1,23.6,27.35
2175500,q_lt_q20,49.15,23.9,27.05
2176930,q_lt_q20,55,25.3,19.3
2177000,q_lt_q20,55.65,22.1,22.65
2180400,q_lt_q20,51.45,25.1,23.45
2181350,q_lt_q20,50.4,25.55,24.35
2181580,q_lt_q20,49.75,24.25,26.1
2185010,q_lt_q20,45.9,28.05,25.75
2186645,q_lt_q20,43.25,27.8,29.65
2191227,q_lt_q20,46,25.6,28.2
2191300,q_lt_q20,45.65,27.1,27.5
2192000,q_lt_q20,44.6,28.95,26.45
2193340,q_lt_q20,45.85,26.15,28.3
2193500,q_lt_q20,42.65,28.8,28.75
2195320,q_lt_q20,52,22.65,25.05
2197020,q_lt_q20,60.05,20,19.7
2197598,q_lt_q20,57.1,19.5,23.3
2197830,q_lt_q20,54.95,19.95,25.1
2198000,q_lt_q20,59,19.2,22.35
2198100,q_lt_q20,57.4,20.65,21.95
2198690,q_lt_q20,60.95,16.05,22.65
2200120,q_lt_q20,53.1,23.65,23.25
2201000,q_lt_q20,58.5,20.05,21.75
2202190,q_lt_q20,42.8,27.3,29.8
2202500,q_lt_q20,59.6,17.65,22.65
2202600,q_lt_q20,63.3,14.45,22.75
2202680,q_lt_q20,61.1,20.1,18.55
2203000,q_lt_q20,64.2,13.8,22.05
2203518,q_lt_q20,57.4,20.95,21.65
2203557,q_lt_q20,50.65,24.35,25.25
2203831,q_lt_q20,47.45,25.05,27.85
2203863,q_lt_q20,48.05,26.55,25.25
2203873,q_lt_q20,49.55,24.6,25.8
2203900,q_lt_q20,50.35,21.2,28.3
2203950,q_lt_q20,49.5,22.65,27.75
2203960,q_lt_q20,50.7,23.35,26.35
2204037,q_lt_q20,48.7,24.65,26.35
2204070,q_lt_q20,50.85,22.95,25.8
2204130,q_lt_q20,48.2,25.5,26.4
2204285,q_lt_q20,49.4,22.5,27.95
2205865,q_lt_q20,43.45,27.45,28.45
2206500,q_lt_q20,50.7,22.05,27.25
2207120,q_lt_q20,46.4,25.25,28.35
2207135,q_lt_q20,48.25,24.75,27
2207160,q_lt_q20,49.55,22.45,28.4
2207220,q_lt_q20,53.6,24.1,22
2207335,q_lt_q20,51.45,25.1,23.55
2207385,q_lt_q20,49.7,21.35,28.65
2207400,q_lt_q20,49.3,22.6,27.7
2207418,q_lt_q20,42.9,28.8,28.9
2207448,q_lt_q20,47,25.65,27.25
2208000,q_lt_q20,46.65,25.4,27.55
2208150,q_lt_q20,50.75,23.45,25.8
2208450,q_lt_q20,45.95,25.4,28.65
2208485,q_lt_q20,43.7,23.9,32.25
2208487,q_lt_q20,43.25,26,31.05
2208493,q_lt_q20,47.7,24.5,27.8
2209000,q_lt_q20,48.2,23.8,27.5
2209360,q_lt_q20,49.1,22.8,27.8
2210500,q_lt_q20,43.4,30.1,26.45
2211800,q_lt_q20,49.7,24.5,25.4
2212600,q_lt_q20,46.85,25.05,28.1
2212735,q_lt_q20,51.7,23.05,25
2213000,q_lt_q20,47.75,22.35,29.45
2213500,q_lt_q20,55.9,20.95,23.15
2214075,q_lt_q20,58.9,18.65,21.9
2214590,q_lt_q20,60.75,18.8,20.45
2215000,q_lt_q20,61.85,14.5,23.35
2215100,q_lt_q20,62.15,14.05,23.65
2215260,q_lt_q20,49.2,19.6,31.2
2215500,q_lt_q20,57.55,18.35,24.05
2216180,q_lt_q20,66.55,13.9,19.6
2217274,q_lt_q20,47.05,24.7,28.25
2217297,q_lt_q20,46.95,25.65,27.05
2217475,q_lt_q20,41.65,28.5,29.85
2217500,q_lt_q20,47.2,26.35,26.15
2217615,q_lt_q20,46.75,25.4,27.6
2217643,q_lt_q20,42.8,25.55,32.2
2217770,q_lt_q20,51.85,19.85,28.5
2218300,q_lt_q20,41.25,30.5,28.25
2218900,q_lt_q20,49.9,23.4,26.7
2219000,q_lt_q20,49.2,23.5,27
2220788,q_lt_q20,50.2,21.95,27.15
2220900,q_lt_q20,52.85,21.7,25.45
2223000,q_lt_q20,55.25,23.45,21.7
2223056,q_lt_q20,44.65,27.8,27.15
2223110,q_lt_q20,49.8,24.8,25.7
2223190,q_lt_q20,45.3,29.2,25.2
2223248,q_lt_q20,49.65,25.8,24.55
2223360,q_lt_q20,56.5,22.05,21.6
2223500,q_lt_q20,61.35,15.9,23.05
2224500,q_lt_q20,56.2,18.2,25.55
2224940,q_lt_q20,51.5,20.2,28.3
2225000,q_lt_q20,53.2,19.2,27.6
2225270,q_lt_q20,54.8,19.95,25.25
2225500,q_lt_q20,67.55,11.55,20.85
2226000,q_lt_q20,51.15,25.5,23.6
2226500,q_lt_q20,68.1,15.1,16.8
2227270,q_lt_q20,69.5,14.5,15.85
2227500,q_lt_q20,63.2,16.95,19.85
2228000,q_lt_q20,73.55,15.05,11
2228500,q_lt_q20,85.35,10.75,4.3
2231000,q_lt_q20,79.9,12.3,7.35
2231291,q_lt_q20,,,
2231322,q_lt_q20,63,29.3,7.7
2231342,q_lt_q20,61.35,31.2,7.75
2231396,q_lt_q20,66.2,27.85,6.05
2231600,q_lt_q20,64.35,25.7,9.5
2232000,q_lt_q20,61.6,30.25,8.25
2232155,q_lt_q20,64.95,28.1,6.8
2232200,q_lt_q20,66.35,26.4,7.35
2232400,q_lt_q20,60,32.2,8
2232500,q_lt_q20,63.2,28.3,8.5
2233475,q_lt_q20,66.25,25.5,8.3
2233484,q_lt_q20,71.35,23.6,5.05
2233500,q_lt_q20,68.25,23.9,7.7
2234000,q_lt_q20,,,
2234308,q_lt_q20,63.8,26.3,9.9
2234324,q_lt_q20,65.3,26,9.05
2234344,q_lt_q20,73.75,21.3,4.95
2234384,q_lt_q20,76.1,18.3,5.3
2234400,q_lt_q20,69.75,24.2,6.5
2234435,q_lt_q20,63.95,22.15,13.8
2234500,q_lt_q20,,,
2234990,q_lt_q20,70.25,23.45,6.3
2235000,q_lt_q20,79.75,14.75,5.35
2235200,q_lt_q20,77.1,16.8,6.3
2235500,q_lt_q20,76,15.2,8.8
2236000,q_lt_q20,68.05,25.3,7.35
2236125,q_lt_q20,75.45,18.75,6.3
2236160,q_lt_q20,75.95,18.5,5.55
2236350,q_lt_q20,79.25,12.9,7.85
2236500,q_lt_q20,84,9.2,6.4
2236605,q_lt_q20,81.8,14.85,3.75
2236900,q_lt_q20,,,
2237293,q_lt_q20,82.1,14.3,2.9
2237734,q_lt_q20,73.3,19.65,7.35
2238500,q_lt_q20,84.6,8.15,7.1
2239000,q_lt_q20,78.6,12.3,9.65
2239501,q_lt_q20,82.95,12,5.05
2240000,q_lt_q20,76.5,11.9,11.45
2240500,q_lt_q20,78.35,11.55,10.9
2243000,q_lt_q20,81.1,12.45,6.15
2243960,q_lt_q20,64.15,23.6,12.25
2244040,q_lt_q20,,,
2244333,q_lt_q20,77.8,18.6,3.05
2244440,q_lt_q20,70.8,21.2,7.7
2245260,q_lt_q20,70.35,21.65,8.05
2245500,q_lt_q20,81.6,9.75,8.75
2246000,q_lt_q20,82.15,10.95,6.5
2246160,q_lt_q20,76.45,19.6,4.3
2246318,q_lt_q20,79.6,17.6,2.65
2246459,q_lt_q20,71.85,19.85,8.2
2246500,q_lt_q20,,,
2246515,q_lt_q20,75.35,18.15,6.35
2246518,q_lt_q20,78.85,13.9,7.15
2246621,q_lt_q20,67.95,20.35,11.7
2246751,q_lt_q20,76.05,18.8,5.15
2246804,q_lt_q20,79.1,15.05,5.45
2246825,q_lt_q20,,,
2247510,q_lt_q20,67.2,26.4,6.4
2248000,q_lt_q20,63.75,29.8,6.95
2249007,q_lt_q20,65,29.85,5.1
2249500,q_lt_q20,63.55,30.05,6.6
2250030,q_lt_q20,68,27,5
2251000,q_lt_q20,66.7,27.25,5.7
2251500,q_lt_q20,66.9,29.45,3.75
2251767,q_lt_q20,63.75,32,4
2252500,q_lt_q20,62.95,32.3,4.75
2253000,q_lt_q20,59.6,37.6,2.8
2255600,q_lt_q20,77.05,18.9,3.75
2258800,q_lt_q20,68,27.55,4.6
2262900,q_lt_q20,74.85,20.5,4.65
2263800,q_lt_q20,73.5,20.75,5.75
2264000,q_lt_q20,77.8,15.75,6.05
2264003,q_lt_q20,75,19.65,4.95
2264030,q_lt_q20,72.15,22.15,5.55
2264051,q_lt_q20,68.55,27.3,3.7
2264060,q_lt_q20,71.05,22.3,7.35
2264100,q_lt_q20,71.5,23.3,5.6
2264141,q_lt_q20,70.65,21.45,7.95
2264495,q_lt_q20,78.15,18.05,4.2
2266025,q_lt_q20,79.9,13.65,6.05
2266200,q_lt_q20,78.3,17.6,3.65
2266291,q_lt_q20,83.45,13.05,3.6
2266293,q_lt_q20,79.8,14.05,6.05
2266295,q_lt_q20,72.85,18.3,9.2
2266300,q_lt_q20,72.05,19.6,8.35
2266480,q_lt_q20,74.8,22.7,2.5
2266496,q_lt_q20,78.35,13.95,7.4
2266500,q_lt_q20,75,16.9,8.1
2268390,q_lt_q20,76.15,16.9,6.95
2269520,q_lt_q20,79.45,14.55,5.95
2270000,q_lt_q20,72.8,22.5,4.7
2270500,q_lt_q20,75.15,17.9,6.75
2271500,q_lt_q20,75.7,18.35,5.65
2272650,q_lt_q20,60.8,28.05,11.2
2272676,q_lt_q20,62.7,29.5,7.3
2273230,q_lt_q20,67.75,27.65,5
2273630,q_lt_q20,63.15,29.15,7.6
2274005,q_lt_q20,66.05,29.1,5.15
2274010,q_lt_q20,66.05,28.35,5.55
2274325,q_lt_q20,64.35,30.05,5.3
2274490,q_lt_q20,64.8,33.7,1.5
2274505,q_lt_q20,68.6,26.9,4.1
2275197,q_lt_q20,66.45,30.55,2.9
2287497,q_lt_q20,37.15,47.25,15.5
2289035,q_lt_q20,52.25,38.15,10
2289080,q_lt_q20,36.75,45.4,17.9
2290767,q_lt_q20,40.75,46.4,12.8
2291001,q_lt_q20,64.65,23.25,11.7
2291580,q_lt_q20,71.75,27.55,0.7
2291597,q_lt_q20,71.9,24.85,2.55
2291669,q_lt_q20,66.65,29.7,4.2
2291673,q_lt_q20,68.2,26.7,4.95
2291710,q_lt_q20,71.1,24,5.25
2292900,q_lt_q20,69.7,22.35,8.1
2293230,q_lt_q20,65.65,31.25,2.7
2293262,q_lt_q20,72.05,24.45,2.8
2293987,q_lt_q20,81.75,12.9,4.65
2294161,q_lt_q20,82.5,11.6,5.9
2294217,q_lt_q20,78.5,12.75,9.05
2294261,q_lt_q20,76.8,17.6,5.6
2294290,q_lt_q20,76.35,15.6,7.9
2294330,q_lt_q20,80.4,12.45,7.15
2294405,q_lt_q20,77.35,14.6,8.05
2294650,q_lt_q20,78.2,14.6,7.05
2294655,q_lt_q20,81.45,9.3,8.9
2294747,q_lt_q20,82.5,10.75,6.2
2294759,q_lt_q20,80.45,9.9,9.2
2294760,q_lt_q20,83.15,8.6,8.25
2294775,q_lt_q20,83.2,8.9,7.5
2294781,q_lt_q20,81.9,9.05,8.2
2294898,q_lt_q20,81.4,12.45,6
2295013,q_lt_q20,84.65,9.15,6.2
2295163,q_lt_q20,83.45,11.75,4.2
2295194,q_lt_q20,82.8,9.45,8.05
2295420,q_lt_q20,82.7,9.45,7.75
2295580,q_lt_q20,85.3,9.35,5.35
2295637,q_lt_q20,82.6,11,6.1
2296260,q_lt_q20,81.3,14.3,4.4
2296500,q_lt_q20,83.45,10.75,5.8
2296750,q_lt_q20,77.9,15.3,6.8
2297100,q_lt_q20,78.75,14.6,6.45
2297155,q_lt_q20,84.55,9.05,6.65
2297251,q_lt_q20,84.1,7.6,7.45
2297310,q_lt_q20,81.85,12.9,4.85
2297600,q_lt_q20,76.2,19.35,4.45
2298110,q_lt_q20,81.3,17.2,1.9
2298123,q_lt_q20,79.8,16.3,4.6
2298202,q_lt_q20,68.65,23.6,7.6
2298488,q_lt_q20,77.35,12.05,10.6
2298492,q_lt_q20,81.4,12.2,6.7
2298495,q_lt_q20,74.4,13.8,11.95
2298527,q_lt_q20,78.9,10.75,10.2
2298530,q_lt_q20,78.1,12.3,9.6
2298554,q_lt_q20,78.25,12,9.35
2298608,q_lt_q20,83.75,7.2,9.05
2298760,q_lt_q20,86.25,6.95,6.35
2298830,q_lt_q20,80.15,12.35,7.5
2298880,q_lt_q20,86.95,9.9,3.15
2299260,q_lt_q20,83.9,14.3,1.8
2299410,q_lt_q20,83.2,12,4.2
2299450,q_lt_q20,81.85,13.75,4.4
2299472,q_lt_q20,79.9,18.3,1.8
2299861,q_lt_q20,81.45,14,4.55
2299950,q_lt_q20,80.25,10.3,9.45
2300017,q_lt_q20,79.4,10.65,9.15
2300018,q_lt_q20,85.45,8.15,6.7
2300033,q_lt_q20,82.35,12.6,4.35
2300042,q_lt_q20,79.05,15.45,5.5
2300075,q_lt_q20,81.2,13.45,5.35
2300082,q_lt_q20,83.7,11.3,5.35
2300100,q_lt_q20,86.05,7.3,5.95
2300210,q_lt_q20,79.65,10.45,10
2300300,q_lt_q20,83.9,8.6,7.9
2300500,q_lt_q20,84.6,8.75,5.95
2300700,q_lt_q20,84.4,10.35,5.25
2300882,q_lt_q20,80.85,10.15,9
2301000,q_lt_q20,81.95,9.3,8.45
2301150,q_lt_q20,82.85,11.3,5.85
2301300,q_lt_q20,81.6,9.3,9.1
2301500,q_lt_q20,84.75,8.75,6.5
2301718,q_lt_q20,81.9,12.6,5.65
2301738,q_lt_q20,80.75,14.45,4.5
2301740,q_lt_q20,84,12.75,3.25
2301745,q_lt_q20,87.75,10.05,2.2
2301750,q_lt_q20,81.1,13.3,6
2301793,q_lt_q20,79.75,17.3,2.95
2301900,q_lt_q20,72.9,17.65,9.45
2301990,q_lt_q20,78.15,11.75,10
2302010,q_lt_q20,76.3,13.8,9.9
2302500,q_lt_q20,80.15,11.95,7.9
2303000,q_lt_q20,82,10.9,7.1
2303205,q_lt_q20,83.7,9.3,7.25
2303330,q_lt_q20,79.7,11.05,9.5
2303348,q_lt_q20,85.3,10.2,4.4
2303350,q_lt_q20,85.35,11.3,3.25
2303400,q_lt_q20,81.35,10.9,7.05
2303410,q_lt_q20,85.55,7.05,6.7
2303420,q_lt_q20,87.25,8.6,4.15
2303800,q_lt_q20,82.7,11.95,5.35
2304000,q_lt_q20,81.05,13.9,5.05
2304500,q_lt_q20,79.85,13.9,7.2
2305851,q_lt_q20,79.9,16.05,4.05
2306500,q_lt_q20,76.8,14.6,8.6
2306647,q_lt_q20,78.2,14.65,6.35
2306774,q_lt_q20,80.35,13.3,6.3
2306950,q_lt_q20,81.25,13,6.15
2307000,q_lt_q20,81.05,14.05,4.6
2307200,q_lt_q20,85.35,10.3,4.3
2307323,q_lt_q20,86.35,10.3,3.35
2307359,q_lt_q20,81.15,12.3,6.2
2307445,q_lt_q20,82.6,12.75,4.65
2307498,q_lt_q20,74.3,14.05,11.15
2307668,q_lt_q20,76.05,16.6,7.2
2307674,q_lt_q20,79.85,13.2,6.95
2307780,q_lt_q20,72.35,18.15,9.6
2308950,q_lt_q20,74.4,18.15,7.45
2309415,q_lt_q20,76,16.6,7
2309421,q_lt_q20,80.1,12.25,7.75
2309447,q_lt_q20,79.75,13.8,6.35
2309740,q_lt_q20,86.35,9.6,3.65
2310000,q_lt_q20,79.8,14,6.2
2310280,q_lt_q20,87,7.3,5
2310286,q_lt_q20,89.8,6.85,3.2
2310288,q_lt_q20,88.95,6.6,3.9
2310300,q_lt_q20,86.9,9.55,3.5
2310308,q_lt_q20,79.6,16,4.55
2310525,q_lt_q20,88.45,7.9,3.65
2310678,q_lt_q20,72.95,20.35,6.7
2310688,q_lt_q20,72.75,21.15,6.1
2310740,q_lt_q20,66.35,20.45,13.2
2310743,q_lt_q20,72.25,17.85,9.9
2310947,q_lt_q20,79.05,11.6,10.05
2311500,q_lt_q20,77.05,14.5,8.75
2312000,q_lt_q20,81.9,11.75,6.6
2312180,q_lt_q20,80.4,10.2,9.4
2312200,q_lt_q20,77.1,12.9,10.15
2312300,q_lt_q20,85.4,10.1,4.4
2312500,q_lt_q20,79.9,11.75,8.35
2312558,q_lt_q20,84,9.6,6.65
2312598,q_lt_q20,78.05,14.9,7.05
2312600,q_lt_q20,69.9,15.95,13.95
2312640,q_lt_q20,82.2,10.6,6.9
2312645,q_lt_q20,74.2,13.9,11.9
2312667,q_lt_q20,75.35,11.75,13.2
2312675,q_lt_q20,75.7,14.75,9.95
2312700,q_lt_q20,75.85,14.35,9.8
2312720,q_lt_q20,78.8,13.9,7.85
2312722,q_lt_q20,78.35,14.6,7.2
2312762,q_lt_q20,72.8,14.9,11.75
2312764,q_lt_q20,72.05,13.9,14.15
2313000,q_lt_q20,81.85,10.95,6.5
2313098,q_lt_q20,83.35,9.3,7.35
2313100,q_lt_q20,81.2,11.75,6.9
2313230,q_lt_q20,75.75,17.35,6.9
2313250,q_lt_q20,79.6,14.9,5.5
2313700,q_lt_q20,74.9,19.05,6.05
2314500,q_lt_q20,80.7,9.9,9.4
2315500,q_lt_q20,78.6,10.65,10.25
2315550,q_lt_q20,72.65,12.9,14.2
2316000,q_lt_q20,73.4,11.6,14.7
2317500,q_lt_q20,77.65,8.9,13.75
2317620,q_lt_q20,73.8,10.3,15.7
2317797,q_lt_q20,75.45,8.7,15.55
2318000,q_lt_q20,74.8,10.4,15
2318380,q_lt_q20,68.7,13.05,18.45
2318500,q_lt_q20,74.35,10.9,14.75
2319000,q_lt_q20,74.1,9.9,16.15
2319302,q_lt_q20,79.15,9.15,11.4
2319394,q_lt_q20,73.6,10.9,15.35
2319500,q_lt_q20,77.6,9.6,12.8
2319800,q_lt_q20,79.45,9.75,10.5
2319950,q_lt_q20,71,14.75,14.1
2320000,q_lt_q20,75.65,11.9,12.2
2320700,q_lt_q20,82.25,10.75,7.3
2321000,q_lt_q20,77.9,10.05,12.9
2321500,q_lt_q20,81.25,9.6,9.25
2321898,q_lt_q20,80.95,10.15,9.05
2321958,q_lt_q20,65.75,14.25,19.7
2322500,q_lt_q20,78.5,13.6,8.2
2322688,q_lt_q20,70.6,19.75,10.2
2322700,q_lt_q20,68.3,17.05,14.55
2322800,q_lt_q20,77.7,12.35,10.05
2323000,q_lt_q20,80.75,10.8,7.9
2323500,q_lt_q20,80.95,15.75,3.6
2323502,q_lt_q20,82.1,12.15,5.6
2323566,q_lt_q20,67.25,20.75,11.3
2324000,q_lt_q20,86.25,9.6,4.15
2324400,q_lt_q20,85.9,9.75,4.6
2325000,q_lt_q20,82.55,12,5.45
2326000,q_lt_q20,80.25,13.2,6.15
2326500,q_lt_q20,73.95,16.2,9.85
2326526,q_lt_q20,60.3,25.9,13.8
2326900,q_lt_q20,78.8,14.45,6.75
2327033,q_lt_q20,79.8,17.6,2.6
2327100,q_lt_q20,70.85,21.45,8.1
2327355,q_lt_q20,75,11.05,13.55
2328522,q_lt_q20,67.25,15.1,17.15
2329000,q_lt_q20,67.75,17.2,15.1
2329342,q_lt_q20,67.1,11.6,21.35
2329500,q_lt_q20,68.9,13.8,17.3
2329600,q_lt_q20,69.6,17.05,13.55
2330000,q_lt_q20,69.3,16.45,14.15
2330100,q_lt_q20,80.5,10.3,9.2
2330150,q_lt_q20,60.9,22.9,16.2
2330400,q_lt_q20,75.35,20.3,4.75
2330450,q_lt_q20,48.9,25.3,25.75
2331000,q_lt_q20,45.85,25.85,28.6
2331600,q_lt_q20,48.7,25.4,26.35
2333500,q_lt_q20,48.75,25.15,26.1
2334430,q_lt_q20,43.7,29.25,27.05
2334480,q_lt_q20,44.55,28.7,27
2334578,q_lt_q20,44.4,27.4,28.2
2334620,q_lt_q20,43.2,26.65,30.15
2334653,q_lt_q20,43.4,27.55,29.15
2335000,q_lt_q20,48.55,25.8,25.95
2335450,q_lt_q20,49.5,24.5,26.15
2335580,q_lt_q20,41.5,29.85,28.9
2335757,q_lt_q20,43.3,28.9,28.2
2335790,q_lt_q20,46.05,28.8,24.75
2335815,q_lt_q20,,,
2335910,q_lt_q20,42.2,26,31.6
2336030,q_lt_q20,36.2,30.15,33.65
2336106,q_lt_q20,40.65,27.15,31.65
2336120,q_lt_q20,44.1,27.85,27.9
2336152,q_lt_q20,44.7,28.85,26.75
2336240,q_lt_q20,46.55,27.3,26.15
2336300,q_lt_q20,45.75,27.45,26.1
2336340,q_lt_q20,49.15,25.8,25.4
2336360,q_lt_q20,46.75,26.55,26.3
2336410,q_lt_q20,49.1,23.55,27.05
2336526,q_lt_q20,43.6,29,27.5
2336728,q_lt_q20,41.8,30.45,27.75
2336840,q_lt_q20,42.9,30.4,27.4
2336870,q_lt_q20,45.45,31.65,23.3
2336910,q_lt_q20,47.9,26.5,25.75
2336968,q_lt_q20,46.45,30.1,24
2336986,q_lt_q20,45.3,29.15,26
2337000,q_lt_q20,45.15,29.2,25.35
2337040,q_lt_q20,46.15,26.65,27.2
2337170,q_lt_q20,42.3,30.7,27.3
2337410,q_lt_q20,44.7,28.35,26.5
2337498,q_lt_q20,38.15,31.85,30.45
2337500,q_lt_q20,43.6,30.1,26
2338000,q_lt_q20,42.05,31.7,26.55
2338500,q_lt_q20,41.3,33.9,25.2
2338523,q_lt_q20,39.75,32.1,28.15
2338660,q_lt_q20,46.45,27.5,25.65
2338840,q_lt_q20,45.4,26.75,27.55
2339495,q_lt_q20,52.6,22.35,25.05
2339500,q_lt_q20,48.6,28.7,22.4
2341460,q_lt_q20,48.45,23.85,27.75
2342500,q_lt_q20,55.95,22.15,21.9
2342850,q_lt_q20,58.75,19.45,21.8
2342881,q_lt_q20,49.65,28.05,21.9
2343225,q_lt_q20,56.9,18.5,24.2
2343940,q_lt_q20,69.15,12.6,18.8
2344143,q_lt_q20,41.9,29.6,28.8
2344350,q_lt_q20,49.65,26.25,23.55
2344396,q_lt_q20,47.55,25.35,26.8
2344424,q_lt_q20,38.7,33.5,28.2
2344478,q_lt_q20,47.05,26.4,26.7
2344500,q_lt_q20,48.05,24.1,27.85
2344605,q_lt_q20,47.7,24.35,27.95
2344620,q_lt_q20,43.1,27.55,29.2
2344655,q_lt_q20,49.3,24.9,25.7
2344673,q_lt_q20,50.7,24.85,24.45
2344700,q_lt_q20,43.2,29.8,27
2344872,q_lt_q20,45.9,26.4,27.45
2346180,q_lt_q20,51.35,23.2,25
2346310,q_lt_q20,45.35,26.25,28.85
2347500,q_lt_q20,51,22.65,26.5
2349605,q_lt_q20,60.4,18.45,21.15
2349900,q_lt_q20,64.55,13.45,22.35
2350512,q_lt_q20,61.55,16.9,21.65
2350600,q_lt_q20,56.7,19.05,24.25
2350900,q_lt_q20,60.7,15.2,24.15
2351500,q_lt_q20,65.65,13.6,20.95
2351890,q_lt_q20,55.45,18.9,24.9
2352500,q_lt_q20,63.15,14.75,21.95
2353000,q_lt_q20,75.75,10.6,13.4
2353265,q_lt_q20,66.3,12.75,20.95
2353400,q_lt_q20,65.4,12.05,22.85
2353500,q_lt_q20,74.75,10.25,14.95
2354350,q_lt_q20,56.95,16.85,26.25
2354475,q_lt_q20,56.25,16.75,27
2354500,q_lt_q20,72.3,10.2,17
2354800,q_lt_q20,71.65,10.45,18.3
2355350,q_lt_q20,72.3,9.9,17.95
2355662,q_lt_q20,75.55,10.3,13.9
2356000,q_lt_q20,70.45,12.3,17.5
2357000,q_lt_q20,71.2,10.9,17.7
2357150,q_lt_q20,68.35,14.2,17.2
2358000,q_lt_q20,,,
2358700,q_lt_q20,68.55,19.85,11.95
2358789,q_lt_q20,65.45,16.5,18.35
2359000,q_lt_q20,70.8,14.75,13.65
2359170,q_lt_q20,57.1,30.4,12.55
2359500,q_lt_q20,71.3,15,13.85
2361000,q_lt_q20,64.75,15.75,19.55
2361500,q_lt_q20,56.05,21.5,21.75
2363000,q_lt_q20,60.15,18.9,21.1
2364500,q_lt_q20,72.55,14.95,12.8
2365200,q_lt_q20,60.6,20.05,19.65
2365470,q_lt_q20,69.8,15.35,15.15
2365500,q_lt_q20,62,18.5,19.2
2365769,q_lt_q20,57.25,25.05,17.7
2366000,q_lt_q20,63,21.2,15.4
2366500,q_lt_q20,72.5,18.05,9.6
2366996,q_lt_q20,66.55,17.45,15.7
2367900,q_lt_q20,63.75,22.2,14.75
2368000,q_lt_q20,64.7,22.5,13.25
2368500,q_lt_q20,68.7,17.2,13.65
2369000,q_lt_q20,66.4,22.9,10.55
2369800,q_lt_q20,66.5,20.7,12.8
2370000,q_lt_q20,71.15,17.2,11.4
2370500,q_lt_q20,64.15,24.15,11.7
2371500,q_lt_q20,62.1,17.65,20.1
2372250,q_lt_q20,53.1,22.2,24.9
2373000,q_lt_q20,57.95,21.6,20.55
2374250,q_lt_q20,54.35,27.8,17.85
2374500,q_lt_q20,56.6,24.6,18.8
2374700,q_lt_q20,54.05,28.45,17.5
2374745,q_lt_q20,57.9,27.6,14.35
2374950,q_lt_q20,59.2,22.85,17.4
2375500,q_lt_q20,42.95,36.8,20.1
2376033,q_lt_q20,40.05,32.2,27.2
2376100,q_lt_q20,65.8,25.25,9.15
2376115,q_lt_q20,61.65,27.05,10.9
2376293,q_lt_q20,53.75,28.15,17.75
2376500,q_lt_q20,54.8,30.85,14.45
2377570,q_lt_q20,57.55,28.15,14.3
2379500,q_lt_q20,39.2,36.2,24.75
2380500,q_lt_q20,40.6,35.75,23.75
2381090,q_lt_q20,42.1,34.05,23.8
2381600,q_lt_q20,41.1,35.05,23.45
2382500,q_lt_q20,32.25,39.8,28.25
2383500,q_lt_q20,27.6,42.35,30.1
2384500,q_lt_q20,23.7,48.15,27.85
2384540,q_lt_q20,32.65,40.45,27.05
2385170,q_lt_q20,23.85,47.35,28.65
2385500,q_lt_q20,33.75,37.25,29.3
2385800,q_lt_q20,26.25,47,27.05
2387000,q_lt_q20,36.65,36.1,27.35
2387500,q_lt_q20,29.55,41.2,29.65
2387600,q_lt_q20,32.95,39.55,27.9
2388320,q_lt_q20,36.25,37.45,26.7
2388350,q_lt_q20,27.2,43.85,28.8
2388500,q_lt_q20,34.15,40.3,24.85
2388975,q_lt_q20,44.6,29.1,26
2389150,q_lt_q20,44.7,28.3,26.7
2390000,q_lt_q20,42.6,28.75,28.25
2390050,q_lt_q20,46.75,27.4,25.8
2390140,q_lt_q20,42.2,30.95,27.15
2391540,q_lt_q20,39.5,34.3,27.15
2391840,q_lt_q20,35.45,38.1,26.75
2391860,q_lt_q20,34.7,36.95,27.95
2392000,q_lt_q20,41.1,33.85,25.2
2392360,q_lt_q20,40.7,32.95,26.3
2392780,q_lt_q20,41.75,32.15,26.1
2392920,q_lt_q20,37.75,33.3,29.05
2392950,q_lt_q20,47.4,26.8,25.9
2392975,q_lt_q20,48.95,25.5,25.6
2393377,q_lt_q20,45.25,29.75,25
2393419,q_lt_q20,44.45,30.95,24.7
2394000,q_lt_q20,39.5,33.6,27.15
2394670,q_lt_q20,35.55,35.35,28.8
2394682,q_lt_q20,39.3,33.3,27.35
2394820,q_lt_q20,34.75,37,28.25
2395000,q_lt_q20,35.05,36.75,28.2
2395120,q_lt_q20,28.95,41.5,29.55
2395980,q_lt_q20,36.35,37.25,25.7
2397000,q_lt_q20,32.45,43.55,23.45
2397530,q_lt_q20,33.15,44.1,23.15
2398000,q_lt_q20,31.95,40.3,28.05
2398300,q_lt_q20,29.45,44.35,25.9
2399200,q_lt_q20,32.15,41.55,27
2400100,q_lt_q20,41.45,35.1,23.6
2400680,q_lt_q20,32.65,40.9,26.3
2401000,q_lt_q20,27.5,45.35,26.55
2401390,q_lt_q20,32.25,41.5,26.2
2401895,q_lt_q20,36.75,40.1,23
2403310,q_lt_q20,39.45,33.55,26.5
2404400,q_lt_q20,33.4,37.4,29.15
2405500,q_lt_q20,36.55,37.15,25.55
2406500,q_lt_q20,37.25,37.5,25.2
2406930,q_lt_q20,37.35,32.85,30.2
2407000,q_lt_q20,,,
2407514,q_lt_q20,36.15,37.7,26.25
2408150,q_lt_q20,42.6,29.5,28
2408540,q_lt_q20,49.2,27.35,23.35
2411930,q_lt_q20,42.45,33.75,23.75
2412000,q_lt_q20,38.65,37.45,23.45
2413000,q_lt_q20,43.6,29.8,25.95
2413210,q_lt_q20,41.65,32.8,25.4
2413300,q_lt_q20,38.95,35.2,25.45
2414500,q_lt_q20,46.35,30.8,23.4
2414715,q_lt_q20,44.1,31.4,24.5
2415000,q_lt_q20,41.55,32.8,25.95
2418230,q_lt_q20,49.35,25.8,24.8
2418760,q_lt_q20,47.7,24.9,27.4
2419000,q_lt_q20,47.85,30.5,21.65
2419890,q_lt_q20,40.1,36.15,23.4
2420000,q_lt_q20,46.65,28.65,24.45
2421000,q_lt_q20,50.1,25.75,24.15
2422500,q_lt_q20,53.15,26.5,20.35
2423130,q_lt_q20,39.65,35.4,24.55
2423160,q_lt_q20,35.75,39.9,24.65
2423380,q_lt_q20,40.5,33.05,26.55
2423397,q_lt_q20,34.65,37.8,27.4
2423400,q_lt_q20,32.55,41.1,25.6
2423414,q_lt_q20,41.3,33.15,25.15
2423425,q_lt_q20,45.45,30.95,23.3
2423496,q_lt_q20,39.6,35.05,24.95
2423500,q_lt_q20,41.3,35.85,22.8
2423555,q_lt_q20,38.2,38.2,23.8
2423571,q_lt_q20,37.3,34.45,28.65
2423630,q_lt_q20,32.85,35.5,31.7
2424000,q_lt_q20,38.6,33.6,28.3
2425000,q_lt_q20,40.9,29.05,29.95
2427250,q_lt_q20,46.45,28.9,24.95
2428400,q_lt_q20,,,
2430085,q_lt_q20,28.5,48,23.45
2430680,q_lt_q20,23.7,51.35,24.95
2430880,q_lt_q20,33.15,42.5,24.35
2431000,q_lt_q20,27.8,49.2,22.55
2432500,q_lt_q20,27.85,50.45,22.1
2433500,q_lt_q20,28.3,46.1,25.45
2436500,q_lt_q20,22.35,46.75,30.85
2438000,q_lt_q20,31.6,44.7,23.15
2439400,q_lt_q20,29.35,47,24.2
2442500,q_lt_q20,33.6,41.6,24.1
2443500,q_lt_q20,34.4,41.45,24.15
2444160,q_lt_q20,30,40.9,28.95
2446500,q_lt_q20,32.05,40.15,28.2
2447025,q_lt_q20,29.4,41.85,28.35
2448000,q_lt_q20,25.85,42.7,31.45
2448500,q_lt_q20,30.65,42.7,27.05
2448900,q_lt_q20,33.1,37.15,29.7
2449838,q_lt_q20,31.65,45.1,23.2
2449882,q_lt_q20,28.65,46.7,24.55
2450000,q_lt_q20,31.55,45.9,22.55
2450180,q_lt_q20,35.85,40.4,24.15
2450250,q_lt_q20,38,37.2,24.65
2450825,q_lt_q20,32.5,45.25,22.25
2453000,q_lt_q20,35.35,41.05,23.6
2453500,q_lt_q20,35.5,40.5,23.8
2454000,q_lt_q20,31.15,43.45,25.65
2455000,q_lt_q20,30.85,43.9,25.45
2455185,q_lt_q20,41.35,37.4,21.6
2455980,q_lt_q20,34.2,41.85,24.45
2456000,q_lt_q20,35.95,40,24.75
2456500,q_lt_q20,34.85,40.9,24.1
2457595,q_lt_q20,37.55,37.7,24.85
2457704,q_lt_q20,36.85,36.15,26.45
2458190,q_lt_q20,29.2,37.3,33.75
2458450,q_lt_q20,32.2,36.2,32.05
2458502,q_lt_q20,35.2,35.7,28.2
2458600,q_lt_q20,36.85,40.1,23.45
2461192,q_lt_q20,31.1,34.05,34.95
2461500,q_lt_q20,34.9,36.15,29.8
2462000,q_lt_q20,39.85,35.4,24.85
2464000,q_lt_q20,38.25,37.7,24.55
2465000,q_lt_q20,,,
2465292,q_lt_q20,35.65,37.85,26.2
2465493,q_lt_q20,39.5,37.3,23.4
2467000,q_lt_q20,24.15,35.2,40.75
2467500,q_lt_q20,40.15,34.75,25.1
2469525,q_lt_q20,27.35,36.9,35.75
2469761,q_lt_q20,,,
2469800,q_lt_q20,38.6,32.35,29.05
2470072,q_lt_q20,42,31.1,27.2
2471001,q_lt_q20,45.1,35.2,19.9
2472000,q_lt_q20,43.25,31.85,24.4
2472500,q_lt_q20,39.25,41.15,19.65
2472850,q_lt_q20,39.15,38.7,21.95
2472980,q_lt_q20,38.65,35.45,25.8
2473000,q_lt_q20,42.75,35.45,21.3
2474560,q_lt_q20,45,36.2,18.8
2475000,q_lt_q20,41.8,32.05,26.15
2475500,q_lt_q20,35.75,37.15,27.55
2476500,q_lt_q20,30.8,35.6,33.4
2476600,q_lt_q20,32.15,38.5,29.3
2477000,q_lt_q20,36.8,35.25,28.1
2477045,q_lt_q20,36.25,36.1,27.95
2478500,q_lt_q20,43.95,35.05,21.05
2479000,q_lt_q20,38.7,35.65,25.55
2479130,q_lt_q20,44,37.25,19.05
2479155,q_lt_q20,51,29.1,19.9
2479300,q_lt_q20,43.85,37.25,18.9
2479945,q_lt_q20,54.65,26.35,18.9
2479980,q_lt_q20,56.15,25,18.85
2480002,q_lt_q20,56,25.85,18.1
2480020,q_lt_q20,58.05,27,15
2481880,q_lt_q20,28.9,44.35,26
2482000,q_lt_q20,27.45,44.75,27.45
2482470,q_lt_q20,25.55,47.7,26.9
2482550,q_lt_q20,24.5,46.6,29.55
2483000,q_lt_q20,24.5,46.25,29.25
2483500,q_lt_q20,23.05,48.4,28.9
2484000,q_lt_q20,29.3,45.5,24.9
2484500,q_lt_q20,22.65,49.9,27.6
2485735,q_lt_q20,28.1,44,28.3
2486000,q_lt_q20,25.1,42.15,32.6
2487500,q_lt_q20,29.95,44.4,25.5
2488500,q_lt_q20,36.05,41.15,22.65
2489000,q_lt_q20,39.7,40.8,19.4
2489500,q_lt_q20,31.35,43.3,25.25
2490500,q_lt_q20,38.9,42.4,18.95
2492000,q_lt_q20,37.75,40.5,21.7
2492343,q_lt_q20,45.7,34.05,20.25
2492360,q_lt_q20,45.55,34.75,19.55
3007800,q_lt_q20,36.4,47.05,16.55
3010500,q_lt_q20,38.8,43.2,17.7
3010655,q_lt_q20,35.65,47.2,17.25
3010820,q_lt_q20,43.2,38.05,18.15
3011020,q_lt_q20,36.55,46.05,17.4
3011800,q_lt_q20,41.05,42.25,16.8
3012550,q_lt_q20,40.75,41.4,18
3014500,q_lt_q20,41,38.9,19.65
3015000,q_lt_q20,38.9,44.15,17.4
3015310,q_lt_q20,37.95,41.95,20.1
3015500,q_lt_q20,32.9,49.95,17.45
3016000,q_lt_q20,35.2,46.15,18.55
3017500,q_lt_q20,39.35,43.65,16.7
3020000,q_lt_q20,35,46.05,18.95
3020500,q_lt_q20,37.9,44.7,17.55
3021350,q_lt_q20,29.3,51.45,19
3021520,q_lt_q20,26.8,56.2,17
3022540,q_lt_q20,27.05,54.6,18.65
3022554,q_lt_q20,33.3,46.3,20
3023100,q_lt_q20,38.65,44.05,16.55
3024000,q_lt_q20,35.7,46.15,18.25
3025500,q_lt_q20,40.9,46.4,13.4
3026480,q_lt_q20,36.4,45.05,18.55
3026500,q_lt_q20,40.1,42.7,17.2
3027500,q_lt_q20,38.45,44.45,16.6
3028000,q_lt_q20,45.95,37.95,16.35
3028500,q_lt_q20,43.3,38.55,18.2
3029000,q_lt_q20,37.65,43.15,18.95
3029500,q_lt_q20,40.3,42.9,16.85
3030500,q_lt_q20,36.6,43.55,19.45
3031500,q_lt_q20,,,
3031882,q_lt_q20,37.5,42.8,20.1
3032500,q_lt_q20,32.6,47.55,19.85
3034000,q_lt_q20,32.95,45.8,21.25
3034500,q_lt_q20,28.95,48.45,22.2
3036000,q_lt_q20,33.6,44.85,21.5
3036500,q_lt_q20,,,
3038000,q_lt_q20,38.2,41.3,20.5
3039000,q_lt_q20,27.2,49.9,23.3
3040000,q_lt_q20,34.05,41.25,23.8
3041029,q_lt_q20,35.05,40.4,24.55
3041500,q_lt_q20,35.65,42.95,21.65
3042000,q_lt_q20,26.5,46.95,26.2
3042280,q_lt_q20,31.65,43.05,25.7
3042500,q_lt_q20,26.8,46.75,26.05
3044000,q_lt_q20,33.8,44.6,21.6
3044810,q_lt_q20,36.1,43.15,20.35
3045000,q_lt_q20,30.55,42.9,26.15
3047000,q_lt_q20,34.2,43.6,22.2
3048500,q_lt_q20,30.9,44.1,25.2
3048900,q_lt_q20,34.65,42.75,22.6
3049500,q_lt_q20,,,
3049800,q_lt_q20,28.8,45.95,25.65
3049807,q_lt_q20,29.3,43,27.05
3050000,q_lt_q20,29.95,43.95,25.8
3051000,q_lt_q20,30.5,43.1,26.1
3052000,q_lt_q20,30.55,44.35,24.85
3052120,q_lt_q20,31.55,46.85,21.6
3052500,q_lt_q20,33.8,44.15,22.15
3053500,q_lt_q20,27.6,47.65,24.35
3054500,q_lt_q20,29.65,44.65,25.8
3056000,q_lt_q20,27.35,47.2,25
3056250,q_lt_q20,27.1,47.7,24.9
3057000,q_lt_q20,34.35,42.6,23.45
3058000,q_lt_q20,32.55,44,23
3058500,q_lt_q20,27.1,48.45,24.45
3058975,q_lt_q20,27.8,47.15,25.4
3061000,q_lt_q20,32.9,46.75,20.35
3061500,q_lt_q20,28.65,46.7,24.9
3062500,q_lt_q20,32.85,41.95,25.2
3065000,q_lt_q20,33.1,45.25,21.65
3066000,q_lt_q20,32.4,44.35,23.25
3067510,q_lt_q20,40.4,40.9,17.85
3068800,q_lt_q20,30,47.05,22.75
3069500,q_lt_q20,27.95,47.15,24.95
3070260,q_lt_q20,31.25,44,25.05
3070500,q_lt_q20,29.2,50.05,20.75
3072000,q_lt_q20,25.3,46.35,28.1
3072655,q_lt_q20,38.15,39.65,21.95
3073000,q_lt_q20,22.55,50.2,27.4
3074500,q_lt_q20,36.5,41.6,21.9
3077500,q_lt_q20,37.65,43.15,19.15
3079000,q_lt_q20,34.25,44.05,21.5
3080000,q_lt_q20,25.6,50.2,24.75
3081000,q_lt_q20,45.9,38.1,15.95
3081500,q_lt_q20,37.95,41.1,20.8
3082500,q_lt_q20,30.3,44.5,24.9
3083500,q_lt_q20,31.55,46.7,21.75
3085500,q_lt_q20,30.25,43.15,26.2
3086000,q_lt_q20,,,
3090500,q_lt_q20,34.35,46.4,19.65
3091500,q_lt_q20,32.8,43.9,23.05
3092460,q_lt_q20,36.75,42.7,20.95
3093000,q_lt_q20,32.85,41.75,26
3094000,q_lt_q20,43.8,34.3,21.75
3094704,q_lt_q20,30.35,49.1,20.5
3095500,q_lt_q20,,,
3098600,q_lt_q20,37.05,39.6,23.6
3099500,q_lt_q20,37.4,40.7,21.9
3101500,q_lt_q20,37.9,46.3,15.7
3102500,q_lt_q20,34.7,45.9,19.65
3102850,q_lt_q20,38.05,43.4,18.4
3103500,q_lt_q20,35.5,42.25,22.65
3105500,q_lt_q20,36.95,42,21.05
3106000,q_lt_q20,34.5,43.6,22.05
3106300,q_lt_q20,27.95,49.5,22.75
3106500,q_lt_q20,31.65,46,22.3
3598185,q_lt_q20,17.4,54.15,28.45
3599240,q_lt_q20,18.55,53.3,28.4
3599419,q_lt_q20,27.45,50.3,22.35
3599500,q_lt_q20,23.5,47.8,28.7
3601600,q_lt_q20,19.9,56.35,24.05
3601990,q_lt_q20,21.3,54.1,24.55
3602500,q_lt_q20,18.75,57.35,23.75
3603000,q_lt_q20,20.85,56.15,22.85
3604000,q_lt_q20,20.4,53.85,25.75
3604400,q_lt_q20,22.25,55.8,21.65
3605078,q_lt_q20,15.8,57.9,26.3
3606500,q_lt_q20,18.8,56,25.25
3610200,q_lt_q20,14.55,64.9,20.25
3611260,q_lt_q20,11.45,67,21.25
3612000,q_lt_q20,3.9,71.5,23.9
3612600,q_lt_q20,,,
4010500,q_lt_q20,45.1,34.5,20.4
4015438,q_lt_q20,55.7,30.75,13.55
4021520,q_lt_q20,51.15,34.85,13.95
4024000,q_lt_q20,,,
4024430,q_lt_q20,28.5,32.95,38.2
4025500,q_lt_q20,57,28.25,14.75
4026160,q_lt_q20,48.95,33,17.35
4026561,q_lt_q20,44.7,39.65,15.35
4026740,q_lt_q20,28.15,37.25,34.6
4027000,q_lt_q20,35.2,33.3,31.45
4027500,q_lt_q20,32.4,38,29.2
4031000,q_lt_q20,44.65,32.95,22.1
4033000,q_lt_q20,63.5,30.2,6.7
4037500,q_lt_q20,61.35,29.65,9
4040000,q_lt_q20,40.7,41.85,18.1
4040500,q_lt_q20,54.95,31.65,13.4
4041500,q_lt_q20,54.9,30.85,14.25
4043016,q_lt_q20,63.05,17.95,18.8
4043050,q_lt_q20,58.4,23.05,18.55
4043097,q_lt_q20,58.9,27.85,13.25
4044003,q_lt_q20,52.9,31.4,15.7
4044724,q_lt_q20,63.45,27.15,9.4
4045500,q_lt_q20,64.7,30.6,4.7
4056500,q_lt_q20,62.2,27.9,9.4
4057510,q_lt_q20,64.8,24.8,10.4
4057800,q_lt_q20,58.2,32.9,8.9
4057813,q_lt_q20,63.35,32.45,4.05
4057814,q_lt_q20,65.15,29.7,4.55
4058100,q_lt_q20,61.85,31.15,7
4058200,q_lt_q20,60.5,29.4,10.1
4059000,q_lt_q20,61.6,29.25,9
4059500,q_lt_q20,50.65,32.05,17.25
4059750,q_lt_q20,61.05,26.4,12.55
4060500,q_lt_q20,47.55,35.5,16.95
4060993,q_lt_q20,56.45,32.7,10.85
4062000,q_lt_q20,53.7,32,14.4
4062011,q_lt_q20,51.45,34.85,13.7
4062500,q_lt_q20,66.5,27.25,5.9
4063000,q_lt_q20,54.6,34.25,11.15
4063522,q_lt_q20,60.85,29.85,8.55
4063700,q_lt_q20,55.3,31.25,13.3
4064500,q_lt_q20,57.3,34.3,8.4
4065106,q_lt_q20,54.55,31.9,13.55
4065650,q_lt_q20,59.35,29.7,11.25
4065722,q_lt_q20,,,
4066003,q_lt_q20,59.8,28.95,11.25
4066030,q_lt_q20,66.45,26.5,7.15
4066500,q_lt_q20,61.05,29.25,9.7
4066800,q_lt_q20,65.7,23.65,10.35
4067500,q_lt_q20,58.5,27.4,14.1
4067958,q_lt_q20,61.9,29.25,8.85
4069416,q_lt_q20,51.95,30.45,17.55
4071000,q_lt_q20,52.35,32.45,15.1
4072076,q_lt_q20,35.4,38.35,26.25
4072150,q_lt_q20,45.9,34.7,19.95
4073240,q_lt_q20,58,29.35,12.7
4073365,q_lt_q20,48.4,32.7,19.3
4073458,q_lt_q20,32.15,46.7,21.6
4073466,q_lt_q20,46.4,31.95,21.65
4073500,q_lt_q20,37.9,40.45,21.95
4074950,q_lt_q20,59.35,31.65,9
4077630,q_lt_q20,60.05,32.3,7.65
4078500,q_lt_q20,50.2,32.1,18
4079000,q_lt_q20,46.2,32.7,21.1
4080798,q_lt_q20,47.9,38.6,13.25
4082400,q_lt_q20,22.55,41.25,36.2
4084911,q_lt_q20,34.1,40.4,25.9
4085108,q_lt_q20,33.75,39.55,26.6
4085427,q_lt_q20,37.4,37.65,25.05
4086000,q_lt_q20,44.5,33.55,22.25
4087030,q_lt_q20,27.85,43.45,28.75
4087220,q_lt_q20,28.95,44.6,26.45
4087233,q_lt_q20,35.85,38.1,25.65
4087234,q_lt_q20,36.3,35.05,28.95
4087240,q_lt_q20,31.7,39.5,29.4
4087257,q_lt_q20,35.8,37.55,25.7
4093000,q_lt_q20,39.2,33.7,26.95
4094400,q_lt_q20,41.55,36.95,21.25
4096405,q_lt_q20,51.15,30.35,18.2
4096515,q_lt_q20,41.8,34.25,23.4
4097500,q_lt_q20,50.55,27.5,21.85
4097540,q_lt_q20,48.8,31.2,19.95
4098980,q_lt_q20,53.35,28.95,18.25
4099000,q_lt_q20,63.95,22.2,13.15
4099510,q_lt_q20,43.8,33.95,22.55
4099750,q_lt_q20,61.35,22.45,15.8
4100222,q_lt_q20,51.5,31.65,17
4100500,q_lt_q20,50.35,28.7,21.55
4101000,q_lt_q20,51.05,26.05,23.3
4101225,q_lt_q20,57.15,25.55,17.3
4101370,q_lt_q20,57.2,23.3,19.55
4101500,q_lt_q20,46.1,32.15,21.35
4101535,q_lt_q20,59.4,23.25,17.2
4101590,q_lt_q20,53.65,31.1,15.25
4101800,q_lt_q20,58.1,26.25,15.25
4102148,q_lt_q20,56.45,26.8,16.35
4102500,q_lt_q20,74.9,16.35,8.75
4102700,q_lt_q20,77.55,11.5,11.65
4103490,q_lt_q20,46.55,33.5,19.8
4103500,q_lt_q20,48.1,30.35,21.95
4104945,q_lt_q20,57.8,27,15.2
4105000,q_lt_q20,47.45,29.6,22.95
4105500,q_lt_q20,37.8,35.95,26.25
4105700,q_lt_q20,58.1,30.65,11.25
4106000,q_lt_q20,54.25,26.2,19.95
4106400,q_lt_q20,62.15,21.1,17.1
4106500,q_lt_q20,39.25,35.2,26
4108600,q_lt_q20,54.7,31.35,13.95
4108660,q_lt_q20,56.1,34.5,9.3
4108800,q_lt_q20,65.75,19.1,15.15
4108862,q_lt_q20,92.6,2.95,4.45
4109000,q_lt_q20,42.45,32.45,24.9
4111000,q_lt_q20,48.7,30.05,21.35
4111379,q_lt_q20,47.2,31.1,21.95
4112000,q_lt_q20,45.3,34.15,20.55
4112500,q_lt_q20,34.85,38.65,26.5
4113000,q_lt_q20,38.4,34.05,27.7
4114000,q_lt_q20,54.25,27.5,18.55
4114498,q_lt_q20,58.4,25.25,16.75
4115000,q_lt_q20,55.1,28.5,16.4
4115265,q_lt_q20,67.5,22.2,10.4
4116000,q_lt_q20,46.8,32.6,20.55
4117004,q_lt_q20,49.95,30.65,19.55
4117500,q_lt_q20,55.3,29.55,15.25
4118500,q_lt_q20,70.9,18.35,10.85
4119000,q_lt_q20,38.15,36.9,25.2
4119055,q_lt_q20,50.25,28.5,21.5
4119070,q_lt_q20,59.1,27.35,13.55
4119160,q_lt_q20,53.1,26.55,20.35
4119400,q_lt_q20,75.5,14.55,10.25
4121300,q_lt_q20,60,26.3,13.7
4121494,q_lt_q20,78.45,16.65,4.55
4121500,q_lt_q20,45.7,34.2,20.4
4121944,q_lt_q20,73.1,18,8.85
4121970,q_lt_q20,68.85,20.9,10.25
4122001,q_lt_q20,57.65,29.8,12.7
4122100,q_lt_q20,83.6,11.1,5
4122200,q_lt_q20,77.8,13.95,7.7
4122500,q_lt_q20,69.8,19.55,10.4
4124000,q_lt_q20,58.35,25.65,16.4
4124200,q_lt_q20,71.2,22.1,6.45
4124500,q_lt_q20,74.95,15.9,9.25
4125460,q_lt_q20,74.25,17.75,8.4
4125550,q_lt_q20,72.35,19.65,8
4126970,q_lt_q20,67.35,22.55,9.4
4127200,q_lt_q20,54.85,29.35,15.8
4127800,q_lt_q20,61.15,26.95,11.8
4127917,q_lt_q20,57.45,20.9,21.8
4127997,q_lt_q20,58.65,22.4,18.25
4128990,q_lt_q20,64.4,27.5,7.7
4133501,q_lt_q20,64.85,22.95,12.25
4135700,q_lt_q20,71.65,24.35,3
4135800,q_lt_q20,60.25,30.45,9.15
4136000,q_lt_q20,56.1,33.05,10.85
4136500,q_lt_q20,69.7,22.65,7.85
4136900,q_lt_q20,62.45,26.05,11.5
4137005,q_lt_q20,57.8,28.8,13.4
4137500,q_lt_q20,61.1,24.55,13.7
4142000,q_lt_q20,66.85,22.65,10.5
4144500,q_lt_q20,42.25,32.75,24.7
4145785,q_lt_q20,38.35,34.75,27
4146000,q_lt_q20,47.5,31.55,20.65
4146063,q_lt_q20,63.25,23.05,13.4
4147500,q_lt_q20,58.1,26.9,15
4148140,q_lt_q20,56.4,28.25,14.95
4148295,q_lt_q20,36.15,38.95,24.5
4148500,q_lt_q20,45.8,31.15,22.2
4151500,q_lt_q20,43.7,33.5,22.35
4152238,q_lt_q20,61.85,24.9,13.25
4153300,q_lt_q20,62.8,23.2,13.25
4153725,q_lt_q20,56.1,27.15,16.75
4153905,q_lt_q20,61,22.9,15.8
4154000,q_lt_q20,58.1,24.05,18
4155500,q_lt_q20,50.4,32.85,17.15
4156000,q_lt_q20,41.25,35.35,24.25
4157005,q_lt_q20,38.65,35.95,26.05
4159492,q_lt_q20,59.35,25.05,15.7
4159900,q_lt_q20,48.65,32.4,18.85
4160600,q_lt_q20,58,27.3,14.7
4161000,q_lt_q20,41.5,34.55,23.55
4161820,q_lt_q20,43.8,31.75,25.4
4163400,q_lt_q20,36.55,36.05,27.55
4164000,q_lt_q20,41,30.65,27.95
4164100,q_lt_q20,45.1,35.65,18.8
4164500,q_lt_q20,36.1,39.1,25.2
4164800,q_lt_q20,39.1,37.05,23.4
4165500,q_lt_q20,40.95,33.65,25.1
4166100,q_lt_q20,44.35,32.3,23.35
4166300,q_lt_q20,35.7,39.35,25.05
4166500,q_lt_q20,43.3,31.75,25.25
4166700,q_lt_q20,33.55,39.8,26.35
4167000,q_lt_q20,43.45,30.05,25.95
4168400,q_lt_q20,38.35,37.6,24.45
4168580,q_lt_q20,34.1,40.25,24.95
4168660,q_lt_q20,35.65,40.25,24.1
4172000,q_lt_q20,44.25,35.95,20.2
4173500,q_lt_q20,39.85,35.65,24.9
4174490,q_lt_q20,33.35,39.65,27.35
4174500,q_lt_q20,35.65,38.65,26.1
4174518,q_lt_q20,41.25,37.8,21.35
4175600,q_lt_q20,47.5,31.4,21.1
4175748,q_lt_q20,34.6,38.6,26.95
4176000,q_lt_q20,41.95,33.4,24.75
4176400,q_lt_q20,46.35,30.95,22
4176500,q_lt_q20,38.4,35.05,26.65
4177000,q_lt_q20,29.25,42.25,27.7
4177080,q_lt_q20,32.1,40.35,28
4177266,q_lt_q20,38.55,37.35,24.1
4177720,q_lt_q20,37.25,33.25,29.6
4178000,q_lt_q20,34,35.35,29.65
4179520,q_lt_q20,34.25,36.4,28.8
4180000,q_lt_q20,32.5,38.2,29.3
4180500,q_lt_q20,33.7,35.4,31.2
4180988,q_lt_q20,27.85,39.75,32.6
4181049,q_lt_q20,26.85,38.6,34.35
4181120,q_lt_q20,27.1,39.15,33.85
4181500,q_lt_q20,24.5,39.25,36.35
4182000,q_lt_q20,28.8,39.15,32.75
4182769,q_lt_q20,29,38.4,32.25
4182808,q_lt_q20,33.5,35.9,30.3
4182900,q_lt_q20,27.8,40.4,31.8
4182950,q_lt_q20,28.95,38.1,33.35
4183000,q_lt_q20,31.7,37.25,30.8
4183038,q_lt_q20,25.5,38.95,35.95
4183979,q_lt_q20,21,34.85,43.5
4184500,q_lt_q20,39.95,35.65,24.7
4185000,q_lt_q20,33.15,35.35,30.95
4185318,q_lt_q20,27.15,40.4,32.3
4185440,q_lt_q20,34.85,33.85,30.75
4185935,q_lt_q20,27.8,40.2,31.95
4186500,q_lt_q20,25,39.2,36.25
4187100,q_lt_q20,25.85,41.75,32
4188100,q_lt_q20,21.1,37.1,41.35
4188252,q_lt_q20,23.05,41.5,35.4
4188324,q_lt_q20,22.45,43.75,33.8
4188337,q_lt_q20,26.1,42.4,32.45
4188400,q_lt_q20,32.15,38.6,28.65
4188433,q_lt_q20,24.2,41.55,34.25
4188496,q_lt_q20,27.15,41.35,31.65
4189000,q_lt_q20,25.1,41.25,33.2
4189131,q_lt_q20,30.5,37.5,32.4
4189174,q_lt_q20,21.8,43.3,35.3
4189260,q_lt_q20,22.4,40.35,37.65
4191058,q_lt_q20,19.25,37.45,43.4
4191444,q_lt_q20,11.8,37.85,50.75
4191500,q_lt_q20,30.3,35.85,33.35
4192500,q_lt_q20,39.1,36.8,24.4
4192574,q_lt_q20,20.65,39.5,40.1
4192599,q_lt_q20,45.7,32.35,21.95
4193500,q_lt_q20,38.8,34.8,26.85
4193999,q_lt_q20,47,28.95,24.05
4195500,q_lt_q20,32.95,37.3,29.65
4195820,q_lt_q20,29.1,38.95,32.05
4196000,q_lt_q20,24.25,47.1,28.35
4196500,q_lt_q20,26,45.55,28.3
4196800,q_lt_q20,28.55,39.3,31.85
4197100,q_lt_q20,20.7,46.9,32.6
4197137,q_lt_q20,29,39.65,31.35
4197152,q_lt_q20,20.35,48.05,31.6
4198000,q_lt_q20,36,37.8,26.25
4199000,q_lt_q20,42.7,35.3,21.8
4199155,q_lt_q20,35.15,41.5,23.35
4199500,q_lt_q20,42.5,36.55,20.6
4200500,q_lt_q20,45.6,29.95,24.4
4201500,q_lt_q20,43,35.15,21.85
4202000,q_lt_q20,31.85,49.5,18.8
4206000,q_lt_q20,39,39.15,22.2
4206413,q_lt_q20,34.65,43.7,21.65
4206416,q_lt_q20,35.5,44.7,20.2
4206425,q_lt_q20,39.95,42.65,17.15
4207200,q_lt_q20,36,42.4,21.3
4208000,q_lt_q20,34.8,40.55,24.65
4208347,q_lt_q20,38.4,37.45,24.05
4208460,q_lt_q20,40.55,37.8,21.95
4208700,q_lt_q20,39.4,40.5,20.1
4212100,q_lt_q20,48.5,31.9,19.6
4213075,q_lt_q20,43.25,41.4,15.6
4213152,q_lt_q20,42.5,39.5,17.55
4213319,q_lt_q20,50.2,32.8,16.75
4213500,q_lt_q20,39.2,41.55,19.1
4214500,q_lt_q20,38.95,36.95,23.95
4215000,q_lt_q20,45.25,37.15,17.65
4215500,q_lt_q20,42.55,37.35,20.25
4217000,q_lt_q20,35.9,39.8,24.7
4218000,q_lt_q20,39.55,41.35,19.25
4218518,q_lt_q20,43.55,36.55,19.95
4218601,q_lt_q20,40.2,39.1,20.7
4218700,q_lt_q20,42.1,36.5,21.65
4220045,q_lt_q20,41.1,40.15,17.85
4221000,q_lt_q20,38.65,43.35,17.55
4223000,q_lt_q20,33.8,48.35,17.7
4224775,q_lt_q20,34.2,46.25,19.05
4226000,q_lt_q20,42.85,40.75,16.4
4227500,q_lt_q20,40.45,43.5,16.1
4228500,q_lt_q20,39.85,37.65,22.1
4229500,q_lt_q20,39.1,41.85,19.2
4230380,q_lt_q20,33.3,47.75,18.95
4230500,q_lt_q20,45.55,38.95,15.5
4231000,q_lt_q20,52.85,32,14.85
4231401,q_lt_q20,47.55,33.15,19.35
4231600,q_lt_q20,,,
4232034,q_lt_q20,41.4,38,20.35
4232050,q_lt_q20,45.9,37.4,16.15
4232482,q_lt_q20,45.55,37.35,17.55
4232730,q_lt_q20,42.8,39.3,18.2
4233255,q_lt_q20,42.5,41.1,16.3
4233300,q_lt_q20,33.65,48.4,17.65
4234000,q_lt_q20,38.65,42.3,18.65
4234254,q_lt_q20,43.95,39.65,16.95
4234398,q_lt_q20,29.05,48.55,22.4
4235000,q_lt_q20,37.9,39.55,22.45
4235250,q_lt_q20,45,35.9,18.65
4235299,q_lt_q20,35.1,47.4,17.35
4235440,q_lt_q20,37.4,36.7,26.05
4235600,q_lt_q20,48.95,36.2,14.85
4236800,q_lt_q20,34.2,45.55,19.95
4237496,q_lt_q20,41.75,40.35,18.15
4239000,q_lt_q20,34.05,47.95,18.35
4240010,q_lt_q20,37.85,37.95,24.1
4242640,q_lt_q20,39.25,45.5,15.35
4243500,q_lt_q20,43.7,39.5,16.15
4243783,q_lt_q20,43,38.6,19.1
4244000,q_lt_q20,35.4,45.85,18.65
4245840,q_lt_q20,50.15,37.3,12.55
4247000,q_lt_q20,47.4,35.65,16.95
4249000,q_lt_q20,49.05,33.1,18
4249200,q_lt_q20,48.25,41.4,10
4250200,q_lt_q20,52.9,35.35,12
4250750,q_lt_q20,31.8,41.15,27.65
4252500,q_lt_q20,47.2,37.25,15.9
4253294,q_lt_q20,60.1,35.8,4.2
4253295,q_lt_q20,60.55,35.7,3.75
4253296,q_lt_q20,58.85,34.4,6.75
4256000,q_lt_q20,49.75,39.35,10.85
4258000,q_lt_q20,57.75,32.55,9.3
4260500,q_lt_q20,40.7,33.65,25.35
4262000,q_lt_q20,54.2,34.1,12
4262500,q_lt_q20,58.35,29.5,11.9
4263000,q_lt_q20,45.05,31.2,23.45
4265432,q_lt_q20,46,28.35,25.55
4266500,q_lt_q20,,,
4267500,q_lt_q20,50.55,36.2,13.45
4268000,q_lt_q20,54.35,29.7,16
4268800,q_lt_q20,59.25,30.05,10.4
4269000,q_lt_q20,72.2,16.9,10.55
4270200,q_lt_q20,38.5,34.15,27.7
4271500,q_lt_q20,40.6,39.75,19.85
4271815,q_lt_q20,36.75,41.1,22.15
4273500,q_lt_q20,55.8,30.1,14.1
4273700,q_lt_q20,55.1,33.5,11.3
4273800,q_lt_q20,54.4,33.4,12
4275000,q_lt_q20,57.95,32.8,9.25
4275500,q_lt_q20,64.3,28.3,7
4276500,q_lt_q20,46.45,38.45,14.6
4280000,q_lt_q20,49,39.8,11
4280450,q_lt_q20,33.5,50.1,16
4282000,q_lt_q20,43.3,43.5,13.2
4282500,q_lt_q20,42.75,35.25,21.7
4282525,q_lt_q20,43,40.85,16.85
4282581,q_lt_q20,37.65,37.65,25
4282650,q_lt_q20,42.3,38.55,18.85
4282780,q_lt_q20,41.6,42.8,15.4
4282795,q_lt_q20,38.3,40.95,21.15
4285500,q_lt_q20,60.05,35.25,4.7
4286000,q_lt_q20,54.3,38.1,8.3
4287000,q_lt_q20,48.7,42.95,8.45
4288000,q_lt_q20,55,37,8
4288225,q_lt_q20,60.8,33.8,5
4288230,q_lt_q20,62.85,33.45,3.7
4288295,q_lt_q20,55.8,37.8,6.1
4289000,q_lt_q20,54.4,39.5,6.25
4290500,q_lt_q20,42.7,39.7,17.4
4292000,q_lt_q20,52.6,37.5,9.9
4292500,q_lt_q20,50.9,39.6,9.5
4292750,q_lt_q20,44.65,38.25,17.1
4292810,q_lt_q20,26.2,47.2,27.1
4293000,q_lt_q20,51.1,40.1,8.7
4293500,q_lt_q20,41.4,44.75,14.15
4294000,q_lt_q20,48.35,34.4,17.7
4294140,q_lt_q20,27.65,49.2,23.15
4294300,q_lt_q20,40.9,46.85,12.25
4296000,q_lt_q20,47.95,42.4,9.4
4296280,q_lt_q20,45.8,40.6,13.25
4296500,q_lt_q20,48.95,38.65,12.4
5014500,q_lt_q20,48.8,37.5,13.75
5017500,q_lt_q20,,,
5030500,q_lt_q20,61.35,23.75,14.6
5046000,q_lt_q20,53.6,27.2,18.7
5046475,q_lt_q20,31.7,29.4,38.9
5050000,q_lt_q20,41.55,33.15,25.65
5051300,q_lt_q20,27.75,30.7,41.5
5051522,q_lt_q20,21.85,37.6,40.65
5051600,q_lt_q20,43.2,32.9,23.6
5052000,q_lt_q20,44.4,31.3,24.6
5052500,q_lt_q20,33.1,31.45,35.15
5053000,q_lt_q20,31.35,41.7,27.15
5053500,q_lt_q20,22.95,35.9,41.25
5054000,q_lt_q20,34.55,32.35,33.05
5054500,q_lt_q20,42.4,31.45,25.85
5055300,q_lt_q20,38.55,34.05,27.5
5055400,q_lt_q20,40.4,32.6,26.95
5056000,q_lt_q20,44.2,28.65,27.3
5056060,q_lt_q20,44.5,32.9,22.6
5056100,q_lt_q20,45.65,31.45,22.6
5056200,q_lt_q20,40.55,32.75,26.85
5056215,q_lt_q20,35.5,36.15,28.85
5056239,q_lt_q20,35.95,38.05,26.35
5056340,q_lt_q20,35.25,36.1,27.95
5056678,q_lt_q20,47.7,27.15,25.15
5056770,q_lt_q20,39.9,33.75,26.45
5057000,q_lt_q20,42.2,34.2,24
5057200,q_lt_q20,45.2,31.75,23.05
5058000,q_lt_q20,41.35,30.9,27.15
5058700,q_lt_q20,42.6,34.2,23.2
5059000,q_lt_q20,42,33,24.7
5059300,q_lt_q20,27.2,37.25,35.55
5059480,q_lt_q20,35.1,32.3,32.85
5059600,q_lt_q20,48.7,33.75,18.15
5059700,q_lt_q20,43.25,35.35,21.45
5059715,q_lt_q20,47.05,31.2,22.25
5060000,q_lt_q20,20.7,44.5,34.8
5060100,q_lt_q20,16.35,42.6,41
5060400,q_lt_q20,27.55,34.3,38.65
5060500,q_lt_q20,30.3,37.2,32.4
5061000,q_lt_q20,62.2,20.45,17.05
5061500,q_lt_q20,43.4,27.65,28.45
5062000,q_lt_q20,33.8,38.3,28.15
5062130,q_lt_q20,17.75,41.55,40.6
5062500,q_lt_q20,60.2,22.6,17
5063398,q_lt_q20,63.2,23.1,14.15
5064000,q_lt_q20,25.85,35.25,38.15
5064500,q_lt_q20,25.7,33.6,41.15
5065500,q_lt_q20,46.8,32.45,20.2
5066500,q_lt_q20,40.4,35.15,24.65
5067500,q_lt_q20,26.55,38.2,35.85
5069000,q_lt_q20,39.25,31.25,29.05
5070000,q_lt_q20,27.8,40,32.15
5074500,q_lt_q20,43.5,37.45,19
5076000,q_lt_q20,52.1,23,24.95
5078000,q_lt_q20,61.05,20.75,18.2
5078230,q_lt_q20,57.85,26.7,15.45
5078500,q_lt_q20,64.45,21.9,13.6
5079000,q_lt_q20,38.1,31.3,30.7
5080000,q_lt_q20,39,30,31.15
5082500,q_lt_q20,27.75,37.3,34.95
5082625,q_lt_q20,44.25,31.75,23.75
5084000,q_lt_q20,39.4,33.7,26.05
5085000,q_lt_q20,21.6,45.9,32.5
5085450,q_lt_q20,38.8,31.9,29.3
5087500,q_lt_q20,34.85,28.55,36.45
5090000,q_lt_q20,24.7,45.45,29.45
5092000,q_lt_q20,23.2,34.4,42.7
5094000,q_lt_q20,58.25,17.15,24.6
5099400,q_lt_q20,36.1,38.85,25.2
5099600,q_lt_q20,49.8,28.65,21.85
5100000,q_lt_q20,39.4,29.85,30.85
5101000,q_lt_q20,49.65,27.3,22.9
5104500,q_lt_q20,51.15,29.15,19.7
5106000,q_lt_q20,58.8,25.65,15.4
5107500,q_lt_q20,45.1,25.75,29.1
5112000,q_lt_q20,65.15,20,14.75
5113600,q_lt_q20,39.4,35.1,25.25
5114000,q_lt_q20,42.4,32.75,24.85
5116000,q_lt_q20,44.35,31.35,24.2
5116500,q_lt_q20,43.35,35.75,21.15
5117500,q_lt_q20,40.85,35.3,23.85
5120000,q_lt_q20,38.7,34.15,27.15
5120500,q_lt_q20,48.2,30.45,21.35
5122000,q_lt_q20,41.65,30.05,28.15
5123400,q_lt_q20,59.1,27.15,13.75
5123510,q_lt_q20,51.05,29.45,19.5
5124000,q_lt_q20,34.5,29.85,36
5124480,q_lt_q20,54.8,30.2,15
5125000,q_lt_q20,57.2,26.95,15.75
5126210,q_lt_q20,58.4,27.9,13.7
5127500,q_lt_q20,53.7,29.2,17.1
5129115,q_lt_q20,46.35,30.65,23.4
5129515,q_lt_q20,,,
5131500,q_lt_q20,48.5,27.85,23.65
5132000,q_lt_q20,53.55,25.2,21.25
5133500,q_lt_q20,49.35,29.25,21.4
5200510,q_lt_q20,61,23.35,14.95
5211000,q_lt_q20,51.8,29.5,18.7
5212700,q_lt_q20,61.75,26.05,11.8
5227500,q_lt_q20,55.6,30.15,14.25
5227530,q_lt_q20,47,32.65,20.35
5242300,q_lt_q20,59.35,27.25,13.4
5243725,q_lt_q20,72.1,17.25,10.25
5244000,q_lt_q20,66.35,22.55,10.8
5245100,q_lt_q20,49.75,31.55,18.7
5247500,q_lt_q20,64.05,22.25,13.4
5267000,q_lt_q20,60.45,26.35,13
5270500,q_lt_q20,70.25,16.55,13.55
5270700,q_lt_q20,59.9,24.4,15.7
5275000,q_lt_q20,71.95,14.1,13.55
5280000,q_lt_q20,59.9,22.4,18.1
5283500,q_lt_q20,,,
5286000,q_lt_q20,74.35,15.85,9.8
5287890,q_lt_q20,57.2,24.3,18.4
5288487,q_lt_q20,63.35,20.25,16.4
5288490,q_lt_q20,53.8,25.25,21.1
5288500,q_lt_q20,57.2,22.4,20.4
5288580,q_lt_q20,54.6,26.7,18.9
5288705,q_lt_q20,53.65,27.05,19.5
5289800,q_lt_q20,52.8,30.2,17
5290000,q_lt_q20,39.25,35,25.45
5291000,q_lt_q20,43.2,35.45,20.8
5292000,q_lt_q20,44.55,29.3,26.65
5293000,q_lt_q20,44.5,31.85,24.05
5294000,q_lt_q20,42.65,31.1,26.3
5300000,q_lt_q20,42.35,33.9,23.6
5301000,q_lt_q20,45.85,30.25,24.3
5304500,q_lt_q20,45.25,33.6,20.75
5305000,q_lt_q20,35.75,37.9,25.6
5311000,q_lt_q20,41.55,33.1,25.4
5311150,q_lt_q20,38.5,32.85,28.6
5313500,q_lt_q20,38.9,36.9,24.45
5315000,q_lt_q20,39.1,33.75,27.55
5316500,q_lt_q20,43.65,31.95,24.15
5316580,q_lt_q20,43.5,34.2,21.9
5316770,q_lt_q20,43.95,31.5,24.15
5317000,q_lt_q20,46.5,33.4,20
5319500,q_lt_q20,46.45,33.9,19.75
5320000,q_lt_q20,43.65,37.25,19.15
5320500,q_lt_q20,36.9,35.95,27.15
5325000,q_lt_q20,,,
5327000,q_lt_q20,41.8,37.4,20.7
5330000,q_lt_q20,52.7,29.05,18.3
5331000,q_lt_q20,37.6,35.75,26.55
5331833,q_lt_q20,57,29.15,13.85
5333500,q_lt_q20,66.2,20.1,13.4
5336700,q_lt_q20,62.45,26.75,10.8
5338500,q_lt_q20,58.45,27.15,14.2
5340500,q_lt_q20,53.95,29.75,15.9
5341550,q_lt_q20,,,
5342000,q_lt_q20,44.2,35.9,19.6
5344490,q_lt_q20,,,
5344500,q_lt_q20,,,
5345000,q_lt_q20,60.2,24.85,14.95
5353800,q_lt_q20,42.35,39.15,18.65
5354500,q_lt_q20,54.7,25.75,19.55
5355024,q_lt_q20,49,28.15,22.85
5355092,q_lt_q20,49.15,31.55,19.35
5355200,q_lt_q20,49.25,35.95,14.8
5355250,q_lt_q20,34.4,43.1,22
5356000,q_lt_q20,54,33.3,12.25
5356500,q_lt_q20,65.65,25.55,8.4
5357335,q_lt_q20,68.95,25,6.05
5360500,q_lt_q20,63.4,26.35,9.95
5362000,q_lt_q20,54.5,32.75,12.75
5365500,q_lt_q20,57.6,27.9,14.15
5366800,q_lt_q20,47.85,31.1,20.7
5367500,q_lt_q20,56.9,30.85,12
5368000,q_lt_q20,66.1,22.5,11.4
5369000,q_lt_q20,55.9,28,16.1
5369500,q_lt_q20,57.6,28.3,14.1
5370000,q_lt_q20,48.8,37.55,13.35
5372995,q_lt_q20,45.5,33.1,21.25
5378500,q_lt_q20,,,
5379400,q_lt_q20,48.15,34.85,16.8
5379500,q_lt_q20,48.1,35.8,15.4
5381000,q_lt_q20,53.15,32,14.8
5382000,q_lt_q20,52.35,35,12.25
5382255,q_lt_q20,68.15,22.3,9.55
5382257,q_lt_q20,70.2,20.7,9.1
5382267,q_lt_q20,77.05,14.3,8.65
5382284,q_lt_q20,68.45,20.55,11.1
5382325,q_lt_q20,47.35,33.95,18.3
5383075,q_lt_q20,33.6,46.6,19.8
5383950,q_lt_q20,31.3,50.65,17.65
5387440,q_lt_q20,37.2,44.35,18.35
5387500,q_lt_q20,33.8,45.65,20
5388250,q_lt_q20,33.8,48.55,17.7
5389000,q_lt_q20,18.9,57.45,23.35
5389400,q_lt_q20,25.5,49.3,25.2
5391000,q_lt_q20,64.6,30.1,5.3
5393500,q_lt_q20,48.95,39.4,11.8
5394500,q_lt_q20,59.5,32.95,7.55
5395000,q_lt_q20,53.9,31.4,14.75
5396000,q_lt_q20,44.65,38.15,17.35
5397500,q_lt_q20,70.3,21.15,8.1
5398000,q_lt_q20,47.85,35.95,16.35
5399500,q_lt_q20,38.85,43.6,17.5
5400625,q_lt_q20,77.35,15.5,7.15
5400760,q_lt_q20,45.95,32.75,21.2
5401034,q_lt_q20,52.9,31.8,15.3
5401050,q_lt_q20,78.65,13.1,8.25
5401514,q_lt_q20,77,16.65,6.25
5403000,q_lt_q20,50.2,31.1,18.7
5403500,q_lt_q20,57.4,27.5,15.1
5404000,q_lt_q20,52.45,35.85,11.85
5405000,q_lt_q20,36.2,46.1,17.5
5406457,q_lt_q20,42.45,39.5,18.55
5406469,q_lt_q20,29.5,47.35,23.45
5406479,q_lt_q20,33.1,48.4,18.1
5406500,q_lt_q20,29.1,49.85,21.35
5407000,q_lt_q20,46.1,34.5,19.4
5407468,q_lt_q20,32.35,50.3,17.35
5408000,q_lt_q20,35.8,45.25,18.95
5410490,q_lt_q20,27.4,51.1,21.1
5411600,q_lt_q20,29.8,49.7,21.2
5411850,q_lt_q20,42.1,37.55,19.95
5412020,q_lt_q20,40.25,40.1,19.95
5412400,q_lt_q20,26.5,52.3,21.4
5412500,q_lt_q20,28.25,49.65,22.4
5414820,q_lt_q20,25.2,49.3,25.75
5416900,q_lt_q20,44.3,36.1,19.5
5418400,q_lt_q20,23.1,52.85,23.85
5418500,q_lt_q20,29.6,46.1,24.1
5419000,q_lt_q20,17.1,55,27.8
5420500,q_lt_q20,35.45,42.25,22.25
5420680,q_lt_q20,43.4,37.3,19.4
5421000,q_lt_q20,32.85,43.2,24.25
5421740,q_lt_q20,30.05,46.25,23.2
5422000,q_lt_q20,32.3,43.15,25.1
5423500,q_lt_q20,33.6,37.55,28.9
5424057,q_lt_q20,31.25,41.95,27.2
5425500,q_lt_q20,27.9,44.8,27.8
5425912,q_lt_q20,32.3,44.15,23.55
5426000,q_lt_q20,39.3,40.3,20.55
5426067,q_lt_q20,39.95,34.95,24.95
5426250,q_lt_q20,30.3,47.3,22.95
5427085,q_lt_q20,32.65,40.4,27.1
5427530,q_lt_q20,36.65,40.4,22.95
5427718,q_lt_q20,40.95,38.85,19.95
5427850,q_lt_q20,47.95,33.85,18.35
5427880,q_lt_q20,38.15,42.6,19.25
5427910,q_lt_q20,44.3,35.7,20.25
5427927,q_lt_q20,33.45,44.6,21.55
5427930,q_lt_q20,41.35,41.1,17.25
5427943,q_lt_q20,35.05,42.85,22.8
5427948,q_lt_q20,41.1,37.8,20.95
5427965,q_lt_q20,41.95,39.4,18.95
5428500,q_lt_q20,36.55,37.25,26.25
5429369,q_lt_q20,34.05,44.45,21.35
5429700,q_lt_q20,38.05,38.4,23.25
5430150,q_lt_q20,30.25,48.1,21.95
5430175,q_lt_q20,37.75,41.55,20.2
5430500,q_lt_q20,41.75,38.4,19.9
5431016,q_lt_q20,30.5,44.35,25.1
5431486,q_lt_q20,43.8,38.3,17.95
5432500,q_lt_q20,26.5,49.85,24.05
5433000,q_lt_q20,26.8,50.6,22.75
5434500,q_lt_q20,27.95,51,21.25
5435500,q_lt_q20,27.95,48.15,23.5
5435943,q_lt_q20,38.05,41.8,20.9
5435950,q_lt_q20,33.85,45.8,20.35
5436500,q_lt_q20,40,39.7,20.3
5437050,q_lt_q20,38.45,40.25,21.3
5437500,q_lt_q20,37.45,39.65,23.25
5438170,q_lt_q20,43.05,37.05,20.35
5438283,q_lt_q20,33.45,43.55,23
5438500,q_lt_q20,35.8,38.45,25.95
5439000,q_lt_q20,26.95,43.85,29.6
5439500,q_lt_q20,39.05,41.65,19.7
5440000,q_lt_q20,33.1,44.85,22.05
5440700,q_lt_q20,33.1,42.7,24.4
5442300,q_lt_q20,21.5,51.95,26.7
5443500,q_lt_q20,30.9,46,23.1
5444000,q_lt_q20,6.55,67.1,26.35
5446500,q_lt_q20,30.75,43.5,25.35
5447500,q_lt_q20,24.65,51,24.25
5448000,q_lt_q20,26.2,49.85,23.65
5449500,q_lt_q20,44.8,35.35,19.85
5451210,q_lt_q20,35.1,43.25,21.8
5451500,q_lt_q20,31.95,43.1,24.95
5451700,q_lt_q20,22.7,53.3,24.25
5451770,q_lt_q20,28.9,45.5,25.95
5451900,q_lt_q20,22.95,54.7,22.95
5452000,q_lt_q20,27.35,51.7,21.35
5452200,q_lt_q20,23.25,54.4,22.25
5453000,q_lt_q20,25.8,48.4,26.2
5453100,q_lt_q20,27.5,46.5,25.7
5453520,q_lt_q20,23.05,51.9,24.45
5454000,q_lt_q20,14.55,59.3,25.85
5454090,q_lt_q20,14.1,56.45,29.7
5454220,q_lt_q20,17.95,57.5,24.4
5454300,q_lt_q20,24.35,51.7,23.75
5454500,q_lt_q20,24.7,47.4,28.05
5455100,q_lt_q20,19.05,55.3,25.55
5455500,q_lt_q20,20.7,55.4,24.05
5455700,q_lt_q20,23.05,51.25,25.8
5457000,q_lt_q20,43,36.75,20.25
5457700,q_lt_q20,35.2,42.5,22.25
5458000,q_lt_q20,44.6,35.6,19.8
5458300,q_lt_q20,38.9,36.6,24.6
5458500,q_lt_q20,41.1,37.15,21.35
5458900,q_lt_q20,47.6,33.25,19.55
5459500,q_lt_q20,33.9,39.6,26.5
5462000,q_lt_q20,41.8,35.55,22.85
5463000,q_lt_q20,43.9,36.2,19.6
5463050,q_lt_q20,30.6,43.8,25.9
5463500,q_lt_q20,35.8,40.1,23.7
5464000,q_lt_q20,27.25,42.8,29.8
5464220,q_lt_q20,31.5,48.1,20.8
5464315,q_lt_q20,36.65,40.3,22.95
5464420,q_lt_q20,35.75,39.5,24.55
5464500,q_lt_q20,25.45,46.5,27.85
5464695,q_lt_q20,22.8,49.65,28.2
5464730,q_lt_q20,28.55,49.95,21.65
5464780,q_lt_q20,32.5,47.6,19.7
5465000,q_lt_q20,22.9,52.45,24.6
5465500,q_lt_q20,20.55,53.35,26.4
5465700,q_lt_q20,20.8,51.9,27.7
5466500,q_lt_q20,21.5,53.8,24.7
5467000,q_lt_q20,20.05,53.9,26.45
5469000,q_lt_q20,20.5,52.75,26.3
5470000,q_lt_q20,36.05,38.8,25.6
5470500,q_lt_q20,28.1,47.65,24.25
5471000,q_lt_q20,34.9,41.55,23.55
5471050,q_lt_q20,31.75,42.7,25.55
5471200,q_lt_q20,32.95,40.6,26.45
5471500,q_lt_q20,20.95,51.85,26.9
5472500,q_lt_q20,20.9,51.2,28.3
5473400,q_lt_q20,23.55,50.45,26.3
5473450,q_lt_q20,14.85,57.45,27.7
5474000,q_lt_q20,21.9,51.6,26.45
5476000,q_lt_q20,38.4,37.75,23.75
5476590,q_lt_q20,37.15,37.05,25.7
5476750,q_lt_q20,34.5,41.95,23.55
5478265,q_lt_q20,35.1,39.3,25.6
5479000,q_lt_q20,40.95,38.35,21
5480500,q_lt_q20,36.55,38.9,24
5480820,q_lt_q20,41.5,36.7,21.5
5481000,q_lt_q20,36.7,40.45,23.25
5481300,q_lt_q20,33.9,42.2,24.4
5481650,q_lt_q20,29.1,45.65,25.25
5481950,q_lt_q20,27.9,47.15,25.5
5482000,q_lt_q20,27.95,46.65,25.85
5482300,q_lt_q20,36.8,39.9,23.4
5482500,q_lt_q20,28.9,46.4,25.4
5483450,q_lt_q20,26.5,48.45,24.95
5483600,q_lt_q20,25,49.4,25.4
5484000,q_lt_q20,24.2,48.8,27.35
5484500,q_lt_q20,26.1,47.45,25.9
5484650,q_lt_q20,24.9,49,26.8
5484800,q_lt_q20,25,46.95,27.55
5484900,q_lt_q20,25.55,46.75,28.25
5485500,q_lt_q20,27.55,45,26.9
5485605,q_lt_q20,24.7,46.95,28.35
5485640,q_lt_q20,22.05,50,28
5486000,q_lt_q20,27.5,45.3,26.9
5486490,q_lt_q20,24.55,46.4,29.25
5487470,q_lt_q20,26.2,46.95,27.05
5487520,q_lt_q20,29.4,46.65,23.95
5487980,q_lt_q20,19.05,51.05,29.9
5488110,q_lt_q20,,,
5488200,q_lt_q20,23.25,47.15,29.3
5488500,q_lt_q20,,,
5489000,q_lt_q20,21.25,52.1,26.5
5489500,q_lt_q20,16.1,55.15,28.75
5490500,q_lt_q20,25,48.45,26.6
5495000,q_lt_q20,17.65,53.15,29.2
5495500,q_lt_q20,9.5,61.5,29.1
5496000,q_lt_q20,18.8,52.8,28
5497150,q_lt_q20,15.5,54.9,29.6
5498150,q_lt_q20,21,53.45,25.6
5498700,q_lt_q20,19.4,51.95,28.4
5500000,q_lt_q20,16.65,56.1,27.4
5501000,q_lt_q20,15.85,54.6,29.55
5502000,q_lt_q20,15.4,57.2,27.3
5502300,q_lt_q20,15.2,55,29.7
5502500,q_lt_q20,19.25,54.1,26.6
5503800,q_lt_q20,18.25,55.45,26.2
5504800,q_lt_q20,17.15,55.05,27.85
5506100,q_lt_q20,19.55,53.95,26.4
5506350,q_lt_q20,11.35,60.1,28.45
5506800,q_lt_q20,14.55,57.65,27.8
5507600,q_lt_q20,10.7,58.35,30.95
5507800,q_lt_q20,16.3,54.6,29.25
5508000,q_lt_q20,12.15,59.3,28.55
5508805,q_lt_q20,11.7,59.65,28.65
5514500,q_lt_q20,14.95,57,28.05
5514840,q_lt_q20,16.8,57.65,25.5
5514860,q_lt_q20,15.1,56.45,28.45
5515500,q_lt_q20,67.5,18.8,13.75
5516500,q_lt_q20,50.95,28.8,20.25
5516665,q_lt_q20,63.85,22.55,13.3
5517000,q_lt_q20,64.8,20.6,14.3
5517500,q_lt_q20,64.45,20.55,15.15
5517530,q_lt_q20,69.35,16.3,14.45
5518000,q_lt_q20,59.35,24.85,15.8
5520500,q_lt_q20,50.85,30.7,18.45
5522500,q_lt_q20,55.7,26.25,17.8
5524500,q_lt_q20,45.05,32.55,22.25
5525000,q_lt_q20,41.3,36.45,22.55
5525500,q_lt_q20,33.85,42,23.65
5526000,q_lt_q20,43.8,35.25,21.25
5527500,q_lt_q20,,,
5527800,q_lt_q20,31.35,43.4,24.95
5527950,q_lt_q20,42.65,36.1,20.95
5528000,q_lt_q20,34,39.75,26.05
5528100,q_lt_q20,34.5,38.05,27.45
5528500,q_lt_q20,26.1,47.9,25.4
5529000,q_lt_q20,40.5,34.75,24.75
5529500,q_lt_q20,33.2,39.7,27.1
5530000,q_lt_q20,32.8,41.2,25.95
5530990,q_lt_q20,26,47.25,26.45
5531045,q_lt_q20,34.1,37.6,28.15
5531300,q_lt_q20,32.85,40.8,25.95
5531500,q_lt_q20,39.25,35,25.75
5532000,q_lt_q20,24.2,44.35,31.45
5532500,q_lt_q20,34.15,40.05,25.8
5533000,q_lt_q20,34.15,38.65,27.2
5533400,q_lt_q20,33.25,44.55,22.2
5533600,q_lt_q20,33.65,39.8,26.2
5534500,q_lt_q20,26.35,46.2,27.95
5535000,q_lt_q20,38,37.2,24.35
5535070,q_lt_q20,34.85,37.1,27.5
5535500,q_lt_q20,34.4,37.95,27.35
5536000,q_lt_q20,32.55,40.5,26.95
5536085,q_lt_q20,32.8,38.95,28.6
5536162,q_lt_q20,42.7,34.25,23.05
5536179,q_lt_q20,36.25,39.95,23.7
5536190,q_lt_q20,31.9,40.8,27.3
5536195,q_lt_q20,30.5,41.55,28.35
5536215,q_lt_q20,36.1,37.6,26.4
5536235,q_lt_q20,30.85,40.35,29.2
5536255,q_lt_q20,35.65,37.35,27.1
5536265,q_lt_q20,31.8,38.9,29.3
5536275,q_lt_q20,35.45,40.65,23.9
5536340,q_lt_q20,36.95,35.2,27.85
5536500,q_lt_q20,36.95,37.45,25.55
5537500,q_lt_q20,31.25,43.75,24.65
5539000,q_lt_q20,31,43.1,25.9
5539900,q_lt_q20,22.05,48.9,29.05
5540060,q_lt_q20,33.8,38.25,27.65
5540095,q_lt_q20,29.2,43,27.65
5540130,q_lt_q20,28.65,44.25,27.65
5540160,q_lt_q20,34.8,39.45,25.65
5540195,q_lt_q20,30.1,42.7,26.9
5540250,q_lt_q20,28,45.95,26.05
5540275,q_lt_q20,24.15,47.05,28.8
5540290,q_lt_q20,25.65,45.85,28.5
5540500,q_lt_q20,31.65,43.3,25.25
5541710,q_lt_q20,39.25,35.55,25.65
5542000,q_lt_q20,45.35,33.4,20.95
5543500,q_lt_q20,37.65,37.6,24.35
5543830,q_lt_q20,28.7,44.05,27.9
5544200,q_lt_q20,31.3,42.7,25.8
5545750,q_lt_q20,31.2,42.2,26.45
5548105,q_lt_q20,42.3,35.05,22.05
5548280,q_lt_q20,32.1,43.1,24.8
5550001,q_lt_q20,31.65,40.8,27.6
5550300,q_lt_q20,27.7,45.7,26.6
5550500,q_lt_q20,27.2,45.25,27.65
5551000,q_lt_q20,31.55,43,25.55
5551200,q_lt_q20,31.9,41.85,26.35
5551330,q_lt_q20,25.35,45.45,29.3
5551540,q_lt_q20,32.65,41.65,26
5551545,q_lt_q20,26.6,45.8,28.25
5551580,q_lt_q20,34.5,38.3,27.2
5551675,q_lt_q20,34.05,40.85,25.1
5551700,q_lt_q20,31.35,41.55,27.15
5552500,q_lt_q20,37.7,36.75,25.55
5554500,q_lt_q20,19.8,50.45,29.35
5555300,q_lt_q20,36.35,39.4,24.2
5556500,q_lt_q20,30.35,45.1,24.15
5558300,q_lt_q20,33.7,41.1,24.7
5560500,q_lt_q20,30.65,45.95,23.7
5561500,q_lt_q20,29.7,46,24.45
5567500,q_lt_q20,25.55,51.1,23.65
5568000,q_lt_q20,33.15,46.6,20.55
5568800,q_lt_q20,8.8,64.8,26.4
5569500,q_lt_q20,18.9,55.6,25.6
5570000,q_lt_q20,20.5,53.45,25.95
5570910,q_lt_q20,24.1,48.65,27.3
5572000,q_lt_q20,28.2,49.3,22.9
5573540,q_lt_q20,17.95,56.15,26.25
5576000,q_lt_q20,25.3,51.55,22.75
5576250,q_lt_q20,24.7,51.25,24.05
5576500,q_lt_q20,25.1,51.9,22.45
5577500,q_lt_q20,25.65,51.15,23.6
5578000,q_lt_q20,21.9,52.75,25.05
5578100,q_lt_q20,20.95,52.05,27.05
5578250,q_lt_q20,24.2,52.25,22.85
5578500,q_lt_q20,26.35,51.45,22.6
5579500,q_lt_q20,17.85,55.65,26.65
5579725,q_lt_q20,16,57.9,26.1
5580000,q_lt_q20,15.7,58.45,25.85
5580950,q_lt_q20,20.5,52.75,26.35
5582000,q_lt_q20,34.7,42.1,23.2
5583000,q_lt_q20,36.05,39.65,24.65
5584500,q_lt_q20,19.7,53.85,26.85
5585000,q_lt_q20,23.55,51.05,25.35
5586100,q_lt_q20,20.3,52.55,27.15
5587000,q_lt_q20,12.1,63.05,24.7
5587900,q_lt_q20,16.2,60.95,22.9
5588000,q_lt_q20,16.3,60.5,23.2
5590050,q_lt_q20,17.05,56.35,26.45
5590520,q_lt_q20,15.7,57.2,27.1
5590800,q_lt_q20,16.35,57,26.75
5591200,q_lt_q20,13.35,59.7,26.9
5591550,q_lt_q20,13.5,59.8,26.7
5591700,q_lt_q20,14.4,58.55,27.25
5592000,q_lt_q20,24.5,52.15,23.3
5592050,q_lt_q20,16.25,58.9,24.25
5592100,q_lt_q20,20.1,56,23.85
5592500,q_lt_q20,14.3,61.4,24.3
5592575,q_lt_q20,21.6,55.85,22.55
5592800,q_lt_q20,13.8,62.05,24.15
5592900,q_lt_q20,14.85,63.3,22.1
5593000,q_lt_q20,14.55,59.15,26.3
5593575,q_lt_q20,10.45,63.6,25.25
5593900,q_lt_q20,15.8,61.35,22.7
5593945,q_lt_q20,16.25,60.05,23.8
5594000,q_lt_q20,15.55,60.6,23.7
5594100,q_lt_q20,15.15,57.15,27.85
5594450,q_lt_q20,11.7,61.95,26.35
5594800,q_lt_q20,15.85,62.15,22.3
5595000,q_lt_q20,18.75,55.7,25.45
5595200,q_lt_q20,8.25,65.55,25.95
5595730,q_lt_q20,8.85,65.7,25.3
5595820,q_lt_q20,10.85,65,24.1
5597000,q_lt_q20,12.85,60.15,27
5597500,q_lt_q20,12.6,62.45,24.9
5599490,q_lt_q20,13.4,65.45,21.15
6006000,q_lt_q20,35.1,43.9,21
6012500,q_lt_q20,41.5,35.8,23
6016000,q_lt_q20,42.05,36.75,21.3
6017000,q_lt_q20,42.55,36.7,20.75
6018500,q_lt_q20,42.5,36.95,20.45
6019500,q_lt_q20,45.65,31.35,22.6
6020600,q_lt_q20,47.05,31.6,21
6023000,q_lt_q20,42.65,36.75,20.45
6023100,q_lt_q20,42.75,37.75,19.3
6024450,q_lt_q20,42.45,36.55,21.15
6024540,q_lt_q20,39.95,36.05,24.05
6025250,q_lt_q20,46.35,34.65,18.85
6025500,q_lt_q20,40.8,36.75,22.45
6026210,q_lt_q20,44.2,35.2,20.2
6026420,q_lt_q20,42.2,36.45,21
6026500,q_lt_q20,40.8,39.6,19.3
6027600,q_lt_q20,45.55,32.65,21.8
6033000,q_lt_q20,51.05,31.65,17.85
6035000,q_lt_q20,39.8,35.5,24.55
6036650,q_lt_q20,39.5,36.15,24.05
6036905,q_lt_q20,53.85,32.6,13.55
6036940,q_lt_q20,50.35,35.05,14.3
6037100,q_lt_q20,44.3,36.7,19.55
6038800,q_lt_q20,40.1,36.35,23.6
6040000,q_lt_q20,44.6,33.95,21.15
6040800,q_lt_q20,43.1,37.6,19
6041000,q_lt_q20,45.9,35.95,18.2
6043120,q_lt_q20,49.55,34.5,15.85
6043500,q_lt_q20,45.9,33.2,20.95
6048650,q_lt_q20,38.2,37.25,24.7
6050000,q_lt_q20,40.75,38.1,20.75
6052500,q_lt_q20,39.95,36,24.35
6054500,q_lt_q20,39.8,37.1,23.1
6061500,q_lt_q20,54.5,28.4,16.7
6062500,q_lt_q20,52.55,33.65,13.75
6063000,q_lt_q20,38.65,36.75,25
6065500,q_lt_q20,44.3,34.6,20.85
6066500,q_lt_q20,37,38.1,24.95
6071300,q_lt_q20,40.7,36.2,23.15
6073500,q_lt_q20,39.5,33.3,27.05
6074000,q_lt_q20,36.75,35.55,27.7
6076690,q_lt_q20,42.4,33.3,24.85
6077200,q_lt_q20,42.2,33.85,23.85
6077500,q_lt_q20,32.5,35.95,31
6078200,q_lt_q20,29.85,37.2,32.95
6078500,q_lt_q20,49.25,37.4,13
6079000,q_lt_q20,49,38.55,12.25
6082200,q_lt_q20,39.65,32.9,27.45
6085800,q_lt_q20,39.8,34,26.15
6088500,q_lt_q20,34.35,33.45,32.6
6089000,q_lt_q20,32.9,36.6,31.05
6090300,q_lt_q20,34.3,36.6,28.8
6090500,q_lt_q20,37.2,35.8,26.95
6090800,q_lt_q20,,,
6092020,q_lt_q20,37.25,37.15,25.9
6093200,q_lt_q20,32.05,37.65,30.55
6098120,q_lt_q20,31.1,40.2,28.5
6098800,q_lt_q20,31.4,41.45,27.05
6099000,q_lt_q20,34.85,38.15,27.25
6099500,q_lt_q20,35.65,36.55,27.9
6101500,q_lt_q20,31.55,37.75,30.75
6102050,q_lt_q20,31,39.35,29.6
6102500,q_lt_q20,46.35,31.35,22.3
6108800,q_lt_q20,32.25,38.45,29.55
6109500,q_lt_q20,33.7,35.95,30.8
6110020,q_lt_q20,33.85,36.75,29
6111800,q_lt_q20,36.5,35.9,27.8
6114700,q_lt_q20,30.6,38.15,31.55
6115200,q_lt_q20,30.75,41.2,28.15
6119600,q_lt_q20,45.95,31.5,22.4
6120500,q_lt_q20,42.2,32.75,25.8
6123030,q_lt_q20,40.55,32.45,27
6125600,q_lt_q20,32.95,38.25,27.95
6126500,q_lt_q20,34.75,36.75,28.4
6127500,q_lt_q20,32.7,37,30
6130000,q_lt_q20,24.6,40.75,34.45
6130500,q_lt_q20,28.7,36.6,34.7
6131200,q_lt_q20,28.8,40.15,30.65
6133500,q_lt_q20,37.55,35.95,26.8
6135000,q_lt_q20,28.65,38.45,32.85
6137575,q_lt_q20,24.95,42.6,32.7
6138580,q_lt_q20,30.55,38.2,31.75
6139500,q_lt_q20,31.45,38.15,29.7
6140500,q_lt_q20,34.55,37.25,28.7
6142400,q_lt_q20,31.9,39.15,28.95
6151500,q_lt_q20,30.95,36.9,32
6154100,q_lt_q20,28.75,38.05,33.75
6154400,q_lt_q20,33.45,36.85,29.45
6155030,q_lt_q20,26.4,36.75,36.7
6155500,q_lt_q20,27.5,37.45,34.7
6164510,q_lt_q20,25.35,38.95,35.65
6166000,q_lt_q20,20.55,38.8,41
6167500,q_lt_q20,27.6,38.2,34.1
6169500,q_lt_q20,34.8,32.3,32.3
6172310,q_lt_q20,28,34.6,37.85
6174500,q_lt_q20,18.45,42.6,39.4
6177000,q_lt_q20,36.4,35.85,27.85
6177500,q_lt_q20,30.95,42,27.3
6178000,q_lt_q20,41.4,29.05,28.7
6181000,q_lt_q20,27.95,36.35,35.75
6183450,q_lt_q20,37.35,34.9,27.55
6185110,q_lt_q20,27.3,37.25,35.6
6185500,q_lt_q20,26.25,44.2,29.1
6187915,q_lt_q20,50.45,34.95,14.5
6188000,q_lt_q20,51.6,29.35,18.95
6190540,q_lt_q20,44.1,31.95,24
6191000,q_lt_q20,45.9,31,23
6191500,q_lt_q20,47.4,31.2,21.25
6192500,q_lt_q20,47.05,34.2,18.7
6195600,q_lt_q20,41.35,30.8,27.85
6197800,q_lt_q20,44.7,36,20.1
6200000,q_lt_q20,52.85,24.75,21.95
6204050,q_lt_q20,50.2,35.3,14.45
6204070,q_lt_q20,52.3,33.45,14
6205000,q_lt_q20,39.55,32.3,28
6207500,q_lt_q20,40.8,36.15,22.9
6209500,q_lt_q20,53.45,32.4,14.15
6211000,q_lt_q20,34.25,38.6,27.45
6211500,q_lt_q20,32.7,39.45,27.85
6214500,q_lt_q20,,,
6218500,q_lt_q20,47.3,30.4,22.3
6220800,q_lt_q20,45.85,35,19.15
6221400,q_lt_q20,45.65,32.5,21.85
6224000,q_lt_q20,44.05,33.75,22.2
6227600,q_lt_q20,43.9,33.55,22.55
6228000,q_lt_q20,43.1,33.6,22.75
6235500,q_lt_q20,45.15,33,21.45
6253000,q_lt_q20,50.4,31,18.6
6274300,q_lt_q20,36.9,40.9,22.15
6279500,q_lt_q20,39.55,35.9,24.55
6279940,q_lt_q20,49.35,30.9,19.75
6281000,q_lt_q20,44.8,30.65,24.55
6285100,q_lt_q20,40.2,37,22.45
6287000,q_lt_q20,39.95,34.45,25.6
6288400,q_lt_q20,32.55,37.1,30.45
6289000,q_lt_q20,33.9,38.8,26.75
6294500,q_lt_q20,24.8,39.5,35.7
6295000,q_lt_q20,36.1,36,28
6295113,q_lt_q20,35.85,36.9,28.1
6295220,q_lt_q20,33.85,38.85,27.25
6306300,q_lt_q20,33,37.35,29.4
6307500,q_lt_q20,30.7,39.35,30.2
6307616,q_lt_q20,34.05,37.2,28.75
6308500,q_lt_q20,31.65,39.3,29
6309000,q_lt_q20,36.15,37.1,27.3
6309200,q_lt_q20,30.55,39.2,30.95
6317000,q_lt_q20,37.85,36.5,25.15
6318500,q_lt_q20,42.2,35.75,22.45
6324500,q_lt_q20,32.85,37.6,28.85
6326500,q_lt_q20,36.95,36.65,26.6
6327500,q_lt_q20,31.85,38.45,29.7
6329500,q_lt_q20,40.5,33.2,26.3
6331000,q_lt_q20,34.3,36.3,29.4
6331680,q_lt_q20,36.15,36.35,28.35
6332000,q_lt_q20,40.25,33.75,26
6332515,q_lt_q20,39.95,37.15,22.35
6332523,q_lt_q20,39.4,33.75,26.4
6332770,q_lt_q20,37.55,36.9,25.55
6334500,q_lt_q20,29.45,38.75,31.85
6335500,q_lt_q20,38.15,38.1,24.5
6335750,q_lt_q20,36.1,38.45,25.75
6336000,q_lt_q20,36.5,38.65,25.25
6336600,q_lt_q20,34.1,42.15,23.75
6337000,q_lt_q20,37.95,38.3,24.15
6337200,q_lt_q20,40.2,34.75,25.3
6339100,q_lt_q20,40.55,34.85,24.3
6339500,q_lt_q20,36.2,37.7,26.3
6340000,q_lt_q20,40.85,36.5,22.75
6340010,q_lt_q20,44.4,33.15,22.45
6340500,q_lt_q20,38,38.9,23.3
6342260,q_lt_q20,41.55,34.9,23.7
6342450,q_lt_q20,45.25,32.05,22.75
6342500,q_lt_q20,36.7,36.45,26.5
6343000,q_lt_q20,36.7,36.35,26.7
6344600,q_lt_q20,30.9,38.4,30.7
6345500,q_lt_q20,33.45,38.2,28.3
6345780,q_lt_q20,42.25,33.45,24.1
6347000,q_lt_q20,42.05,34.75,23.35
6347500,q_lt_q20,35.15,37.15,28.55
6348300,q_lt_q20,37.9,38.45,24
6348500,q_lt_q20,48.4,29.8,21.55
6349000,q_lt_q20,44.35,32.05,23.2
6349500,q_lt_q20,41.8,33.05,25.15
6349600,q_lt_q20,34.65,37.95,27.4
6350000,q_lt_q20,38.1,36.45,25.4
6351200,q_lt_q20,50.05,30.05,20
6352000,q_lt_q20,38.4,35.65,25.75
6353000,q_lt_q20,48.25,32.35,19.45
6354000,q_lt_q20,46.8,31.75,21.45
6354480,q_lt_q20,35.95,37.35,26.7
6354580,q_lt_q20,41.8,34.15,24.05
6355500,q_lt_q20,43.85,35.45,20.7
6356500,q_lt_q20,46.65,32.45,21
6359500,q_lt_q20,31.5,39.5,29.3
6360500,q_lt_q20,34.85,33.25,32.5
6386500,q_lt_q20,37.75,34.5,27.3
6395000,q_lt_q20,35.1,39.3,26.35
6400000,q_lt_q20,27.45,43.8,29.1
6400875,q_lt_q20,29.4,37,33.6
6401500,q_lt_q20,,,
6402000,q_lt_q20,43.25,35.75,21.55
6402430,q_lt_q20,45.45,32.75,21.8
6402500,q_lt_q20,41.05,32.2,26.3
6402600,q_lt_q20,42.35,29.3,28.4
6403300,q_lt_q20,46.8,34.4,18.7
6403700,q_lt_q20,34.65,35.6,29.5
6404000,q_lt_q20,44.75,35.2,19.5
6404998,q_lt_q20,40.35,33.9,25.45
6406000,q_lt_q20,39.65,35.35,25.55
6406500,q_lt_q20,35.25,37,28.15
6407500,q_lt_q20,37.15,41.25,21.75
6408650,q_lt_q20,31.1,34.6,34.55
6408700,q_lt_q20,33.3,46.3,20.4
6409000,q_lt_q20,33.8,45.4,20.8
6410000,q_lt_q20,37.85,41.1,21.05
6410500,q_lt_q20,42.2,39.5,17.85
6411500,q_lt_q20,45.35,38.65,16.6
6412500,q_lt_q20,40.6,37.8,21.6
6412810,q_lt_q20,43.6,34.45,22.1
6414000,q_lt_q20,41.8,35.35,22.85
6418800,q_lt_q20,42.3,32.5,25.9
6421500,q_lt_q20,39.85,32.8,27.35
6422500,q_lt_q20,33.3,44.55,21.85
6423500,q_lt_q20,25.6,40.85,33.5
6425100,q_lt_q20,36.85,33.95,28.8
6425500,q_lt_q20,26.95,38.25,35.05
6426500,q_lt_q20,29.6,38.7,31.7
6428500,q_lt_q20,33,36.65,30.35
6429997,q_lt_q20,42.05,34.65,23.3
6430500,q_lt_q20,39.85,38.75,21
6430770,q_lt_q20,34.55,44,20.95
6430850,q_lt_q20,37.4,42.85,20.2
6431500,q_lt_q20,36.3,38.85,25.1
6433000,q_lt_q20,31,37.2,32.2
6434505,q_lt_q20,29.85,38.9,31.4
6436000,q_lt_q20,37.15,36.05,26.45
6436180,q_lt_q20,36.25,39.6,24.55
6436190,q_lt_q20,32.3,40.05,27.6
6436198,q_lt_q20,31.85,35.2,33
6437000,q_lt_q20,27.5,39.55,32.9
6437020,q_lt_q20,38.1,42.55,19.35
6438000,q_lt_q20,16.85,41.25,42.45
6438500,q_lt_q20,24.5,40.05,35.05
6440200,q_lt_q20,21.35,37.9,40.75
6441500,q_lt_q20,20.15,33.6,45.55
6442130,q_lt_q20,22.75,35.5,41.85
6442600,q_lt_q20,24.7,34,41
6445685,q_lt_q20,27.55,37.5,34.9
6446000,q_lt_q20,16.6,36.35,46.55
6446500,q_lt_q20,18.95,43.2,37.55
6446700,q_lt_q20,38.25,36.6,25.05
6447000,q_lt_q20,20.95,39.45,39.3
6447230,q_lt_q20,14.55,39.5,45.4
6447450,q_lt_q20,21.55,41.75,36.4
6447500,q_lt_q20,39.35,37.4,23.4
6449000,q_lt_q20,53.95,28.45,17.9
6449100,q_lt_q20,49.7,31.3,18.95
6449500,q_lt_q20,43.1,30.9,26
6450500,q_lt_q20,45.2,25.9,29.3
6452000,q_lt_q20,15.8,46.25,38.25
6452320,q_lt_q20,28.6,34.7,36.7
6453600,q_lt_q20,33.8,37.5,28.45
6461500,q_lt_q20,58.1,25.9,16
6463500,q_lt_q20,54.6,25.3,20.1
6463720,q_lt_q20,45.65,31.75,22.6
6464100,q_lt_q20,46.2,26.2,27.9
6464500,q_lt_q20,45.2,30.15,25.05
6465500,q_lt_q20,,,
6466400,q_lt_q20,31.8,40.75,27.65
6466470,q_lt_q20,40.25,36.15,23.65
6466500,q_lt_q20,35.2,36.75,28.25
6468170,q_lt_q20,48.2,28.25,23.55
6468250,q_lt_q20,39.7,32.9,27.3
6469400,q_lt_q20,41.1,32.6,26.3
6470000,q_lt_q20,39.2,36.5,24.25
6470500,q_lt_q20,43.55,34.15,22.8
6470800,q_lt_q20,48.5,32.15,19.35
6470878,q_lt_q20,,,
6471000,q_lt_q20,37.5,38.3,24
6471200,q_lt_q20,47.75,33.6,18.75
6471500,q_lt_q20,39.4,40.3,20.3
6471800,q_lt_q20,43.5,34.3,21.9
6472000,q_lt_q20,24.35,52.2,23.15
6473000,q_lt_q20,32.8,42.8,24.4
6475000,q_lt_q20,31.55,45.35,23.15
6476000,q_lt_q20,38.25,36.45,25.4
6477000,q_lt_q20,39.2,35.3,25.6
6477500,q_lt_q20,34.7,36.7,29.1
6478000,q_lt_q20,31.05,39.45,30
6478500,q_lt_q20,30.35,40.45,29.85
6478513,q_lt_q20,38.8,33.75,27.15
6478522,q_lt_q20,32.95,40.65,26.6
6478600,q_lt_q20,24.1,48,27.85
6478690,q_lt_q20,35.95,39.1,25.35
6479010,q_lt_q20,31.4,41.35,27.7
6479215,q_lt_q20,42.55,35.05,22.4
6479438,q_lt_q20,34.95,42.6,22.45
6479500,q_lt_q20,41.55,36.9,21.85
6479525,q_lt_q20,34.9,42.3,22.5
6479770,q_lt_q20,34.45,41.9,23.1
6480000,q_lt_q20,36.85,39.2,24.3
6480650,q_lt_q20,36.3,39.2,24.5
6481000,q_lt_q20,26.35,45.65,27.05
6481480,q_lt_q20,33.05,44.25,22.7
6481500,q_lt_q20,30.7,41.15,28.15
6482000,q_lt_q20,33.2,40.05,26.6
6482020,q_lt_q20,31.4,40.7,27.85
6482610,q_lt_q20,29.95,41.05,29.35
6483290,q_lt_q20,32.45,43.05,25.4
6483500,q_lt_q20,42.95,34.9,22.1
6483950,q_lt_q20,33.6,40.65,26.65
6485500,q_lt_q20,37.65,33.6,28.55
6485910,q_lt_q20,24.8,44.65,30.55
6485950,q_lt_q20,30.2,41.65,27.7
6486000,q_lt_q20,30.65,39.75,29.6
6600100,q_lt_q20,36.4,38.45,25.4
6600500,q_lt_q20,29.7,45.85,24.25
6600900,q_lt_q20,39.85,38.8,22.1
6601000,q_lt_q20,35.5,39.4,24.7
6601200,q_lt_q20,,,
6602400,q_lt_q20,16.15,47.2,36.45
6605000,q_lt_q20,43.5,34.05,22.45
6605850,q_lt_q20,36.35,39.45,24.7
6606600,q_lt_q20,35.9,42.5,21.6
6607200,q_lt_q20,19.45,54.05,26.5
6607500,q_lt_q20,21.65,46.05,32.3
6608500,q_lt_q20,26.7,48.5,24.75
6609500,q_lt_q20,25.5,47.3,27.55
6610000,q_lt_q20,22.8,49.5,27.85
6610720,q_lt_q20,21.35,53.35,24.9
6610732,q_lt_q20,15.8,55.15,29.05
6610750,q_lt_q20,14.75,56.55,28.75
6610765,q_lt_q20,15.25,54.7,30.05
6610770,q_lt_q20,24.45,48.05,28.5
6610785,q_lt_q20,17,54.4,28.6
6610788,q_lt_q20,17.8,55.55,27.05
6610793,q_lt_q20,10.4,59.35,30.65
6614800,q_lt_q20,58.15,31.05,10.8
6620000,q_lt_q20,43.6,33.55,23.15
6622700,q_lt_q20,42.6,35.85,21.55
6623800,q_lt_q20,59.3,27.95,12.65
6625000,q_lt_q20,52.4,27.45,19.7
6630000,q_lt_q20,46.4,30.95,22.25
6632400,q_lt_q20,38.7,39.05,22.1
6634060,q_lt_q20,46.35,30.6,23.05
6634620,q_lt_q20,41.25,34.95,23.8
6635000,q_lt_q20,45.2,33.3,21.65
6638090,q_lt_q20,42.65,33.75,23.45
6646000,q_lt_q20,53.15,29.4,17.45
6652000,q_lt_q20,37.95,35.05,27
6657000,q_lt_q20,49.7,27.45,23.3
6660000,q_lt_q20,43.5,30.9,26.1
6696980,q_lt_q20,54,30.95,15.05
6700000,q_lt_q20,57.9,25.05,17.05
6701900,q_lt_q20,65.65,21.45,13.5
6708600,q_lt_q20,44.25,30.45,25.75
6708690,q_lt_q20,45.05,30.75,24.2
6708800,q_lt_q20,44.4,31.3,24.3
6709000,q_lt_q20,44.95,28.5,26.8
6709530,q_lt_q20,45.45,30.75,23.8
6709740,q_lt_q20,43.1,30.05,26.7
6709910,q_lt_q20,42.45,31.3,26.1
6710150,q_lt_q20,43.55,32.8,23.25
6710247,q_lt_q20,39.65,33.5,26.85
6710385,q_lt_q20,53.9,26.8,19.7
6710605,q_lt_q20,43.3,32.15,25.4
6711515,q_lt_q20,40.85,32.85,26.2
6711555,q_lt_q20,36.6,34.65,28.4
6711565,q_lt_q20,39.85,35.15,25.55
6711570,q_lt_q20,41.7,34.1,24.8
6711575,q_lt_q20,38.45,34.45,26.95
6711618,q_lt_q20,41.2,32.9,26.5
6711770,q_lt_q20,42.9,31.9,25.2
6711780,q_lt_q20,42.35,33.15,24.5
6712000,q_lt_q20,42.4,32.4,25.1
6713500,q_lt_q20,40,33.15,26.45
6714215,q_lt_q20,40.7,34,24.9
6714360,q_lt_q20,41.85,33.05,24.55
6714400,q_lt_q20,55.65,32.05,12.3
6714500,q_lt_q20,61.4,26.55,12.05
6714800,q_lt_q20,63.8,25.25,10.55
6715000,q_lt_q20,55.65,29.15,15.2
6716100,q_lt_q20,55.4,27.8,16.8
6716500,q_lt_q20,58.5,28.15,13.35
6718550,q_lt_q20,54.2,28.1,17.75
6719505,q_lt_q20,42.8,30.75,27.1
6719560,q_lt_q20,40.6,31.9,27.35
6719840,q_lt_q20,42.5,32.5,25.05
6720460,q_lt_q20,43.75,32.95,23.4
6720820,q_lt_q20,39.65,31.2,28.9
6720990,q_lt_q20,38.4,33.3,28.3
6721000,q_lt_q20,39.95,30.3,29.6
6724970,q_lt_q20,41.3,32,26.7
6727410,q_lt_q20,58.65,22.75,18.6
6727500,q_lt_q20,55.5,25.35,19.55
6730160,q_lt_q20,58.5,23.1,18
6730200,q_lt_q20,43.25,32.15,24.6
6730500,q_lt_q20,36,34.55,29.25
6730525,q_lt_q20,40.45,32.05,27.45
6741510,q_lt_q20,43.2,30.8,25.85
6746110,q_lt_q20,62.25,27.6,10.55
6751150,q_lt_q20,49.5,28.5,22
6751490,q_lt_q20,44.95,31.45,23.4
6752260,q_lt_q20,43.65,34.35,22
6752280,q_lt_q20,45.4,32.45,22.6
6759500,q_lt_q20,43.55,32.2,24.7
6762500,q_lt_q20,43.4,29.65,26.25
6764880,q_lt_q20,48.35,29.9,21.85
6768000,q_lt_q20,41.65,34.15,24.75
6768020,q_lt_q20,41.1,38.05,20.15
6768025,q_lt_q20,45.65,33.25,21.8
6768035,q_lt_q20,41.85,35.2,22.6
6769000,q_lt_q20,35.15,42.75,22.1
6769525,q_lt_q20,32.45,45.15,23.2
6770200,q_lt_q20,37.25,37.2,25.4
6770500,q_lt_q20,34.05,39.8,26.65
6772100,q_lt_q20,29.85,44.15,25.9
6772775,q_lt_q20,37.1,42.4,20.8
6772898,q_lt_q20,43,34.8,22.2
6773500,q_lt_q20,34.35,40.2,25.05
6774000,q_lt_q20,,,
6775500,q_lt_q20,61.85,22.8,15.15
6775900,q_lt_q20,67.5,21.95,10.85
6777495,q_lt_q20,49.05,31.15,19.65
6781600,q_lt_q20,51.3,31.75,17.15
6781900,q_lt_q20,48.55,32.2,19.3
6784000,q_lt_q20,41.8,38.6,18.9
6785000,q_lt_q20,35,39.35,25.25
6785500,q_lt_q20,62.2,23.5,14.3
6786000,q_lt_q20,48.5,28.85,22.65
6790500,q_lt_q20,34.7,41.4,23.8
6792500,q_lt_q20,27.5,45.2,27.6
6793000,q_lt_q20,32.4,41.4,26.2
6794000,q_lt_q20,29.3,44.55,25.75
6794650,q_lt_q20,42.25,36.2,20.9
6795500,q_lt_q20,22.5,48,29.4
6796000,q_lt_q20,,,
6796500,q_lt_q20,24.5,46.3,29.7
6797500,q_lt_q20,61.95,24.05,14
6799000,q_lt_q20,28.15,43.95,27.85
6799100,q_lt_q20,28.7,46.3,25
6799315,q_lt_q20,36.95,38.15,25.3
6799350,q_lt_q20,30.95,40.9,28.15
6799445,q_lt_q20,25.3,47.7,27.15
6799500,q_lt_q20,22.85,46.95,30.5
6800000,q_lt_q20,17.95,54.65,27.35
6800500,q_lt_q20,19.7,53.35,26.95
6803000,q_lt_q20,18.15,53.65,28.2
6803080,q_lt_q20,23.2,50.85,25.55
6803093,q_lt_q20,15.95,55.25,28.8
6803170,q_lt_q20,13.95,56.55,29.5
6803300,q_lt_q20,18.9,53.65,27.5
6803420,q_lt_q20,14.8,55.35,29.85
6803430,q_lt_q20,22.15,49.5,29.1
6803486,q_lt_q20,16,54.95,29.05
6803495,q_lt_q20,19.6,52.15,28.4
6803500,q_lt_q20,14.45,56.85,28.8
6803502,q_lt_q20,21.45,51.25,27.25
6803510,q_lt_q20,10.5,61.5,28
6803513,q_lt_q20,14.1,56.8,29.15
6803520,q_lt_q20,23,50.2,26.8
6803530,q_lt_q20,14.35,57.65,28
6803555,q_lt_q20,14.15,56.35,29.5
6804000,q_lt_q20,18.7,50.85,30.5
6804700,q_lt_q20,22.7,51.35,25.95
6805500,q_lt_q20,,,
6806500,q_lt_q20,6.85,63.35,29.8
6807000,q_lt_q20,,,
6807410,q_lt_q20,15.15,56.05,28.8
6808500,q_lt_q20,7.7,64.1,28.2
6809210,q_lt_q20,14.15,56.55,29.25
6809500,q_lt_q20,17,56.15,26.8
6810000,q_lt_q20,16.25,57.5,26.25
6811500,q_lt_q20,11.25,58.9,29.65
6813000,q_lt_q20,11.8,61.25,27.35
6813500,q_lt_q20,,,
6814000,q_lt_q20,12.3,56.3,31
6814500,q_lt_q20,8.55,60.95,30.35
6815000,q_lt_q20,7.05,63.1,29.8
6817000,q_lt_q20,13.8,56.3,29.9
6817700,q_lt_q20,6.1,62.4,31.75
6818000,q_lt_q20,24.55,49.75,26
6819185,q_lt_q20,18.1,53,28.9
6819500,q_lt_q20,21.4,50.25,28.5
6820410,q_lt_q20,7.25,59.45,32.85
6820500,q_lt_q20,18.65,53.5,27.75
6821080,q_lt_q20,11.8,60.4,28.2
6821150,q_lt_q20,6.1,63.85,29.9
6821190,q_lt_q20,13.85,57.5,28.65
6821250,q_lt_q20,,,
6821500,q_lt_q20,43.05,34.3,22.1
6823000,q_lt_q20,46.15,34.95,19
6823500,q_lt_q20,42.7,38.5,19.15
6824000,q_lt_q20,53.05,29.05,18.1
6824500,q_lt_q20,52.3,31.15,17
6827000,q_lt_q20,46.85,33.65,19.5
6827500,q_lt_q20,49.65,31.8,18.55
6828500,q_lt_q20,46.5,33,20.5
6834000,q_lt_q20,45.05,36.45,18.5
6835500,q_lt_q20,37.9,41.5,20.95
6836500,q_lt_q20,34.4,43.2,22.45
6837000,q_lt_q20,40.6,38.15,22.2
6838000,q_lt_q20,33.75,41.45,24.8
6843500,q_lt_q20,38.25,37.7,23.6
6844500,q_lt_q20,29.25,47.2,23.5
6845110,q_lt_q20,24.15,48.9,26.95
6847000,q_lt_q20,29.3,44.85,25.45
6847500,q_lt_q20,31.95,45.85,22.05
6847900,q_lt_q20,26.75,47.2,25.1
6848500,q_lt_q20,32.45,44.35,23.6
6852500,q_lt_q20,22.2,52,25.75
6853020,q_lt_q20,33.8,45.9,20.55
6853500,q_lt_q20,33.65,45.65,20.7
6853800,q_lt_q20,25.45,50.05,24.9
6854500,q_lt_q20,32.4,47.45,20.15
6855850,q_lt_q20,27.35,47.6,25.45
6856000,q_lt_q20,32.8,45.8,21.4
6856600,q_lt_q20,25.4,49.65,24.45
6857100,q_lt_q20,23.5,53.2,23.6
6860000,q_lt_q20,39.55,38.9,21.7
6861000,q_lt_q20,33.95,40.9,25.05
6862700,q_lt_q20,28.05,49.3,22.2
6862850,q_lt_q20,25.45,49.95,24.35
6863000,q_lt_q20,31.4,44.6,23.3
6863420,q_lt_q20,21.6,50.5,28.3
6863500,q_lt_q20,34,45.3,20.75
6864000,q_lt_q20,39.15,39.05,21.9
6864500,q_lt_q20,33.25,42.45,24.3
6865500,q_lt_q20,43,37.35,19.25
6866500,q_lt_q20,29.6,43.3,27.8
6866900,q_lt_q20,26.65,46.5,26.75
6867000,q_lt_q20,35.55,38.45,25.85
6868200,q_lt_q20,36.05,37.8,26.3
6868850,q_lt_q20,34.65,41.65,23.7
6869500,q_lt_q20,37.85,39.45,22.85
6869950,q_lt_q20,23.4,49.15,27.85
6870300,q_lt_q20,29.15,46.25,24.6
6871000,q_lt_q20,32.55,43.55,23.9
6871500,q_lt_q20,28.6,46.45,24.5
6872500,q_lt_q20,22.75,53.25,23.85
6873000,q_lt_q20,34.9,42.85,22.35
6873460,q_lt_q20,38.5,38.15,23.1
6874000,q_lt_q20,27.3,49,23.7
6875900,q_lt_q20,37.45,42.55,19.95
6876700,q_lt_q20,28.4,41.8,29.7
6876900,q_lt_q20,21.7,50.2,28.1
6877600,q_lt_q20,20.3,50.6,28.7
6878000,q_lt_q20,12.7,56.6,30.4
6879100,q_lt_q20,24.15,51.25,25.1
6879650,q_lt_q20,16.75,49.7,33.55
6879810,q_lt_q20,14.05,56.05,30.2
6880800,q_lt_q20,15.55,55.5,28.95
6881000,q_lt_q20,13.85,56.65,29.5
6881380,q_lt_q20,19.15,50.85,30.05
6882000,q_lt_q20,11.95,57.45,30.8
6882510,q_lt_q20,21.65,51.4,27.05
6883000,q_lt_q20,28,47.35,24.65
6883530,q_lt_q20,27.15,48.5,24.4
6884000,q_lt_q20,23.25,49.5,27.5
6884025,q_lt_q20,22.25,49.8,27.55
6884200,q_lt_q20,23.7,50.8,25.65
6884400,q_lt_q20,20.5,52.25,27.25
6885500,q_lt_q20,16.05,53.8,30.2
6887000,q_lt_q20,23.25,51.75,25
6887500,q_lt_q20,,,
6888000,q_lt_q20,20.2,50.75,29
6888350,q_lt_q20,22.45,51.05,26.75
6888500,q_lt_q20,14,54.25,31.75
6888990,q_lt_q20,23.8,49.25,26.85
6889000,q_lt_q20,21.45,51.65,26.5
6889110,q_lt_q20,13.2,54.3,32.5
6889200,q_lt_q20,15.6,52.2,32.2
6889500,q_lt_q20,20.8,52,27.6
6889630,q_lt_q20,15.15,55.2,29.65
6890100,q_lt_q20,14.4,54.55,31.05
6890900,q_lt_q20,23.5,52.85,23.85
6891000,q_lt_q20,23.95,50.65,25.55
6891080,q_lt_q20,24.25,48.4,26.95
6891260,q_lt_q20,16.45,52.05,31.5
6891500,q_lt_q20,18.1,51.8,29.7
6891850,q_lt_q20,11.7,55.4,33.3
6892000,q_lt_q20,14.7,57.85,27.4
6892350,q_lt_q20,20.25,54.3,25.6
6892360,q_lt_q20,18.3,51.15,30.4
6892495,q_lt_q20,16.8,55.25,27.95
6892513,q_lt_q20,9.25,58.45,32.4
6892518,q_lt_q20,28.5,47.75,23.75
6893000,q_lt_q20,30.05,46.95,23.8
6893080,q_lt_q20,10.5,58.45,31.05
6893100,q_lt_q20,15.8,56,28.2
6893150,q_lt_q20,14.85,55.45,29.7
6893300,q_lt_q20,15.3,53.6,31.1
6893350,q_lt_q20,19.6,49.45,30.65
6893390,q_lt_q20,16.5,51.75,31.9
6893500,q_lt_q20,18,51.3,30.7
6893557,q_lt_q20,21.15,47.65,30.75
6893578,q_lt_q20,15,56.1,28.85
6893820,q_lt_q20,18.85,53.85,27.85
6893830,q_lt_q20,13.95,56.15,30.2
6893970,q_lt_q20,12,56.75,30.85
6894000,q_lt_q20,6.1,62.35,31.3
6894200,q_lt_q20,10.95,60.8,28.05
6894650,q_lt_q20,,,
6895000,q_lt_q20,10.5,58.1,31.4
6895500,q_lt_q20,,,
6896000,q_lt_q20,18.7,52.15,29.1
6896400,q_lt_q20,12.8,54.4,32.65
6896900,q_lt_q20,9.65,58.75,31.6
6897000,q_lt_q20,20.6,48.15,31.6
6897500,q_lt_q20,18.15,52.4,29.45
6898000,q_lt_q20,12.5,58.45,29.5
6899500,q_lt_q20,19.1,52.8,29.05
6899700,q_lt_q20,11.8,57.35,30.55
6899900,q_lt_q20,18.7,49.95,31.35
6900050,q_lt_q20,12.25,55.2,32.55
6900800,q_lt_q20,10.5,54.65,34.85
6901205,q_lt_q20,29.15,42.15,28.95
6901500,q_lt_q20,12.85,55.25,32.05
6902000,q_lt_q20,15.15,56.55,28.3
6903400,q_lt_q20,15.8,54.35,29.75
6903700,q_lt_q20,19.4,50.5,30
6904010,q_lt_q20,14.65,54.45,30.9
6904500,q_lt_q20,17.9,51.1,30.7
6904650,q_lt_q20,27.95,46.1,25.95
6905500,q_lt_q20,12.8,55.55,31.65
6906000,q_lt_q20,15.5,57.3,27.1
6906150,q_lt_q20,22,48.3,29.35
6906200,q_lt_q20,18.85,51.7,29.15
6906500,q_lt_q20,30.35,46.2,23.2
6906800,q_lt_q20,13.9,60.75,25.25
6907700,q_lt_q20,15.3,57.05,27.5
6908000,q_lt_q20,9.85,59.5,30.65
6909000,q_lt_q20,47.05,35.75,16.65
6909500,q_lt_q20,15.25,59.6,25.15
6909950,q_lt_q20,6.4,64.7,28.75
6910230,q_lt_q20,14.85,59.95,25.3
6910450,q_lt_q20,,,
6910750,q_lt_q20,13.85,60.6,25.6
6910800,q_lt_q20,17.15,50.3,32.95
6911000,q_lt_q20,17.85,48.95,32.9
6911490,q_lt_q20,10.55,54.65,34.9
6911900,q_lt_q20,10.2,54.6,35.45
6912500,q_lt_q20,21.5,49.55,28.25
6913000,q_lt_q20,15.85,52.15,32
6913500,q_lt_q20,15.2,53.45,31.35
6914950,q_lt_q20,12.45,52.25,34.9
6914990,q_lt_q20,13.05,51.4,35.25
6915000,q_lt_q20,19.75,48.05,32.25
6915800,q_lt_q20,14.4,52.25,33.35
6916600,q_lt_q20,17.15,54.4,28.45
6917000,q_lt_q20,17.7,52.2,30.05
6917060,q_lt_q20,17.1,53.85,29.1
6917240,q_lt_q20,9.6,55.55,34.9
6917500,q_lt_q20,23.05,50.55,26.25
6917560,q_lt_q20,17.8,52.55,29.2
6917630,q_lt_q20,18,52.4,29.85
6918060,q_lt_q20,17.9,54.4,27.95
6918250,q_lt_q20,14.25,53.1,32.95
6918493,q_lt_q20,18.15,56.1,25.8
6918740,q_lt_q20,14.6,58.15,27.05
6920520,q_lt_q20,17.3,53.85,28.9
6921070,q_lt_q20,14.2,55.25,30.7
6921200,q_lt_q20,18.5,52.5,29.4
6921350,q_lt_q20,19.75,54.2,26.35
6921590,q_lt_q20,11.25,59,30.5
6921600,q_lt_q20,13.8,56.7,29.5
6921720,q_lt_q20,13.4,56.05,30.45
6923250,q_lt_q20,23.6,53.5,23.45
6923500,q_lt_q20,27.75,46.9,25.35
6923940,q_lt_q20,28.4,46.4,25.5
6923950,q_lt_q20,,,
6925250,q_lt_q20,21.6,51.95,26.35
6926000,q_lt_q20,23.35,51.2,24.95
6926080,q_lt_q20,15.65,56.55,27.8
6926290,q_lt_q20,12.6,60.25,26.7
6926510,q_lt_q20,15.15,56.15,28.6
6927000,q_lt_q20,20.7,56.8,22.95
6927240,q_lt_q20,18.75,54.65,26.55
6928000,q_lt_q20,23,53,24.4
6928300,q_lt_q20,31.6,47.6,20.8
6928420,q_lt_q20,26.05,46.85,27.65
6930000,q_lt_q20,28.15,50.45,21.4
6930060,q_lt_q20,26.75,50.95,22.3
6932000,q_lt_q20,22.85,53.5,23.35
6933500,q_lt_q20,21.6,53.15,25.55
6934000,q_lt_q20,21,55.6,23.7
6934500,q_lt_q20,,,
6935450,q_lt_q20,,,
6935550,q_lt_q20,30.85,48.05,21.05
6935755,q_lt_q20,19.75,58.7,21.4
6935770,q_lt_q20,25.95,51.7,22.9
6935830,q_lt_q20,25.7,51.65,22.25
6935850,q_lt_q20,15.95,55.9,28.3
6935890,q_lt_q20,14.2,58.6,27.2
6935955,q_lt_q20,12.2,60.55,26.95
6935965,q_lt_q20,33.95,44.35,21.5
6935980,q_lt_q20,15.55,57,27.4
6935997,q_lt_q20,16.05,60.35,23.8
6936475,q_lt_q20,12.55,61.5,25.35
6936530,q_lt_q20,17.45,59.1,23.4
7001910,q_lt_q20,13.85,62.45,23.85
7005000,q_lt_q20,14.55,61,24.4
7010000,q_lt_q20,,,
7010022,q_lt_q20,14.05,56.6,29.35
7010030,q_lt_q20,12.35,61.3,26.35
7010035,q_lt_q20,8.45,64.75,26.95
7010038,q_lt_q20,21.4,51,27.95
7010040,q_lt_q20,14.75,59.4,26.15
7010055,q_lt_q20,17.25,56.65,25.9
7010061,q_lt_q20,15.95,56.3,27.9
7010070,q_lt_q20,17.45,56.4,26.25
7010075,q_lt_q20,15.2,56.8,27.9
7010082,q_lt_q20,19.75,54.95,25.75
7010086,q_lt_q20,20.65,50.9,28.35
7010088,q_lt_q20,24,49.95,26.25
7010090,q_lt_q20,18.6,54.35,26.9
7010094,q_lt_q20,21.85,52.45,26.1
7010097,q_lt_q20,17.6,52.6,29.9
7010180,q_lt_q20,18.15,54.75,26.8
7010208,q_lt_q20,22.8,54.3,22.6
7010350,q_lt_q20,32.45,47.85,19.5
7013000,q_lt_q20,22.55,53.5,23.7
7014000,q_lt_q20,22.4,53.2,24.25
7014500,q_lt_q20,20,53.75,25.75
7015720,q_lt_q20,20.2,54.6,25.2
7016500,q_lt_q20,15.45,58.5,26.05
7017020,q_lt_q20,15.3,59.85,24.95
7017200,q_lt_q20,28.55,50.55,20.85
7017260,q_lt_q20,24.45,52.1,23.85
7017610,q_lt_q20,18.15,57.6,24.25
7018100,q_lt_q20,23.55,54.15,22.3
7018500,q_lt_q20,22.9,54.5,22.2
7019000,q_lt_q20,17.8,56.15,26.05
7019072,q_lt_q20,21.85,54.2,23.95
7019090,q_lt_q20,28.85,47.35,23.25
7019120,q_lt_q20,21.15,55,24.15
7019150,q_lt_q20,17.45,53.9,28.85
7019175,q_lt_q20,19.6,53.4,26.9
7019185,q_lt_q20,18.15,54.25,27.6
7019195,q_lt_q20,25.6,50.45,23.95
7019220,q_lt_q20,25.45,48.4,26.55
7019317,q_lt_q20,20.5,54.7,25.05
7019500,q_lt_q20,26.85,54.4,18.75
7020500,q_lt_q20,25.05,49.8,25.45
7020550,q_lt_q20,15.45,60.45,23.9
7021000,q_lt_q20,18.9,60.8,20.15
7022000,q_lt_q20,26.3,51.05,22.65
7024000,q_lt_q20,11.55,66.25,21.95
7024175,q_lt_q20,24.8,51.8,23
7024500,q_lt_q20,15.35,61.8,22.85
7025400,q_lt_q20,14,62.65,23.2
7026040,q_lt_q20,14.95,59.7,25.3
7027720,q_lt_q20,16.4,59.55,23.85
7028960,q_lt_q20,15.45,59.4,25.15
7029500,q_lt_q20,19.7,61.3,19.1
7030050,q_lt_q20,18.25,55.4,26.35
7030240,q_lt_q20,15.75,63.15,21.1
7030392,q_lt_q20,16.05,61.65,22.2
7030500,q_lt_q20,16.9,57.7,25.4
7031650,q_lt_q20,23.2,49.55,26.4
7031692,q_lt_q20,25.2,47.65,27.15
7032000,q_lt_q20,,,
7032200,q_lt_q20,26.6,45.45,28.25
7035000,q_lt_q20,16.75,58.55,25.1
7035800,q_lt_q20,38.5,44.9,16.85
7036100,q_lt_q20,27.25,50.75,22
7037300,q_lt_q20,27.55,49.45,23.1
7037500,q_lt_q20,23.1,48.85,28.05
7039500,q_lt_q20,28.4,50.25,21.45
7043500,q_lt_q20,33.55,39.7,27.15
7047942,q_lt_q20,15.7,59.9,24.4
7047950,q_lt_q20,9.8,57.75,32.45
7047980,q_lt_q20,27.2,49.25,22.85
7048550,q_lt_q20,27.25,48.95,24.2
7048600,q_lt_q20,23.75,52.7,23.95
7048780,q_lt_q20,25.9,50.9,23.2
7049000,q_lt_q20,23.5,54.65,22.05
7050152,q_lt_q20,26.65,47.75,25.75
7050500,q_lt_q20,26.5,50.5,23.25
7050690,q_lt_q20,20.95,54.3,24.5
7050700,q_lt_q20,20.85,56.5,22.7
7052000,q_lt_q20,16.85,57.7,25.45
7052100,q_lt_q20,18.75,55.85,25.05
7052120,q_lt_q20,19.3,55.75,25.05
7052152,q_lt_q20,22,53.8,24.05
7052250,q_lt_q20,19.3,58.95,22
7052345,q_lt_q20,21.05,57.05,22.15
7052500,q_lt_q20,25.8,50,24.2
7052820,q_lt_q20,23.3,54.75,21.4
7053250,q_lt_q20,25.75,49.6,24.65
7053810,q_lt_q20,32.8,43.2,24
7054080,q_lt_q20,30.45,46.7,23.1
7055607,q_lt_q20,29.55,46.5,23.95
7055646,q_lt_q20,40.6,37.9,21.65
7055660,q_lt_q20,41.65,37.8,20.6
7055680,q_lt_q20,36.35,41.2,22.9
7055875,q_lt_q20,38.3,40.8,21.45
7056000,q_lt_q20,35.65,41.5,23.45
7056515,q_lt_q20,25.05,50.65,24.45
7056700,q_lt_q20,41.25,38.15,20.55
7057370,q_lt_q20,,,
7057500,q_lt_q20,30.55,48.85,20.6
7058000,q_lt_q20,32.75,47.15,20.4
7060500,q_lt_q20,28.8,47.5,24.1
7060710,q_lt_q20,27.2,48.3,24.8
7061000,q_lt_q20,27.5,47.1,25.3
7061270,q_lt_q20,27.45,50.15,22.7
7061290,q_lt_q20,31.2,46.6,22.2
7061500,q_lt_q20,28.9,49.1,21.6
7061600,q_lt_q20,31.85,44.7,23.3
7061900,q_lt_q20,33,48.25,18.9
7062500,q_lt_q20,28.55,50.1,21.75
7063000,q_lt_q20,35.7,43.75,20.55
7064000,q_lt_q20,24.1,49.3,26.4
7064026,q_lt_q20,18.8,50.55,30.95
7064440,q_lt_q20,34,44.35,21.25
7064533,q_lt_q20,42.45,39.35,17.9
7065200,q_lt_q20,39.5,42.15,18.2
7065495,q_lt_q20,38.85,44,17.55
7066000,q_lt_q20,35.6,42.75,21.35
7067000,q_lt_q20,30.9,47.05,22.05
7067500,q_lt_q20,33.7,43.35,22.95
7068000,q_lt_q20,27.15,52.25,20.7
7068510,q_lt_q20,22.05,57.6,20.5
7069000,q_lt_q20,25.7,52.3,21.6
7069190,q_lt_q20,26.35,48.7,24.55
7069295,q_lt_q20,31.05,47,22.25
7069305,q_lt_q20,30.7,44.9,24
7069500,q_lt_q20,18.05,56.85,25.1
7071000,q_lt_q20,32,44.9,23.5
7071500,q_lt_q20,36.55,44.85,18.75
7072000,q_lt_q20,22.2,53.95,23.3
7072500,q_lt_q20,26.1,51.35,22.25
7074420,q_lt_q20,16.45,53.25,29.9
7074500,q_lt_q20,24.65,48.1,27.25
7074670,q_lt_q20,46,36.25,17.55
7074850,q_lt_q20,,,
7075000,q_lt_q20,36.75,44.5,18.75
7075270,q_lt_q20,32.6,44.5,22.5
7075300,q_lt_q20,31.85,45.25,22.4
7076517,q_lt_q20,31.05,49.15,19.8
7076750,q_lt_q20,24.55,50.9,24.7
7077000,q_lt_q20,21.8,49.4,29.1
7077380,q_lt_q20,17.7,54.5,27.8
7077500,q_lt_q20,19.95,54,26.6
7077555,q_lt_q20,16.25,50.35,33.4
7077700,q_lt_q20,14.6,57.75,27.65
7079300,q_lt_q20,59.65,26.2,14.15
7081200,q_lt_q20,56.1,28.15,15.35
7083000,q_lt_q20,58.15,28.25,13.6
7083200,q_lt_q20,58.95,27.15,13.9
7083710,q_lt_q20,47.85,30.7,21
7087050,q_lt_q20,52.5,29.6,18.2
7091200,q_lt_q20,59.65,22,17.8
7094500,q_lt_q20,53.6,28.7,17.2
7096250,q_lt_q20,55.15,27.25,18
7099050,q_lt_q20,46.15,32.2,21.65
7099060,q_lt_q20,46.1,31.05,22.45
7099970,q_lt_q20,44.6,33.15,22.4
7099973,q_lt_q20,47.05,31.3,21.7
7103700,q_lt_q20,44.85,34,21.15
7103703,q_lt_q20,46.15,32,21.8
7103780,q_lt_q20,51.8,27.95,20.65
7103797,q_lt_q20,56.75,26.55,16.7
7103800,q_lt_q20,55.25,27.35,17.4
7103970,q_lt_q20,46.25,31.65,22.1
7103980,q_lt_q20,44.4,31.15,24.45
7103987,q_lt_q20,43.55,32.8,23.25
7103990,q_lt_q20,45.9,32.3,21.8
7104000,q_lt_q20,44.65,33.4,21.95
7104905,q_lt_q20,43.7,35.25,20.9
7105000,q_lt_q20,52.3,30.9,17.1
7105490,q_lt_q20,45.5,35.1,19.4
7105500,q_lt_q20,45.4,34.55,20.05
7105530,q_lt_q20,46.1,34,19.9
7105600,q_lt_q20,46.05,34,19.95
7105800,q_lt_q20,45.55,31.9,22.65
7105815,q_lt_q20,38.35,36.1,25.45
7105820,q_lt_q20,46.5,32.55,20.9
7105900,q_lt_q20,47.35,32,20.65
7105940,q_lt_q20,42.1,33,24.55
7106000,q_lt_q20,49.25,30.4,20.55
7106300,q_lt_q20,40.4,35.95,23.65
7108900,q_lt_q20,48.95,29.55,21.5
7109500,q_lt_q20,48.65,30.65,20.8
7116500,q_lt_q20,48.5,30.3,21.2
7119500,q_lt_q20,39.35,31.7,28.8
7121500,q_lt_q20,41.8,31.4,26.85
7124000,q_lt_q20,45.45,34,20.55
7124200,q_lt_q20,47.3,29.3,23
7124410,q_lt_q20,44.85,34.15,21
7126200,q_lt_q20,40.9,36.25,22.85
7126300,q_lt_q20,43.55,35.95,20.55
7126485,q_lt_q20,41.7,38.7,20.35
7128500,q_lt_q20,43.8,33.6,22.45
7130500,q_lt_q20,47,32.3,20.75
7133000,q_lt_q20,37.65,37.2,25.2
7134180,q_lt_q20,32.15,43.75,23.55
7134990,q_lt_q20,35.35,43.05,21.5
7137000,q_lt_q20,33.5,39.3,27.05
7137010,q_lt_q20,38.6,37.3,23.65
7137500,q_lt_q20,43.6,34.7,21.7
7138000,q_lt_q20,44.9,37.95,17.2
7138020,q_lt_q20,42,34,23.7
7138050,q_lt_q20,42.6,38.4,19.15
7138063,q_lt_q20,47.7,33.7,18.75
7138075,q_lt_q20,40.9,37.35,21.75
7139000,q_lt_q20,47.45,28.9,23.45
7140880,q_lt_q20,17.85,50.6,31.95
7140890,q_lt_q20,22.25,47.2,30.4
7140900,q_lt_q20,33.8,41.95,24.3
7141200,q_lt_q20,38.8,39.3,21.75
7141300,q_lt_q20,45.5,34.5,19.85
7141780,q_lt_q20,34.85,43.15,21.95
7141900,q_lt_q20,36.8,40.15,23.05
7142019,q_lt_q20,40.65,39.2,20.6
7142300,q_lt_q20,68.35,17.95,14.1
7142575,q_lt_q20,61.4,20.8,18.2
7142680,q_lt_q20,62,22.8,15.2
7143300,q_lt_q20,46.45,32.75,20.75
7143330,q_lt_q20,45.9,33.7,20.3
7143375,q_lt_q20,35.45,40.15,23.55
7143665,q_lt_q20,38.25,37.9,23.35
7143672,q_lt_q20,39.85,37.65,22.9
7144050,q_lt_q20,42.2,36.55,21.05
7144100,q_lt_q20,44.05,35.65,20.5
7144200,q_lt_q20,39.65,38,22.6
7144300,q_lt_q20,28.5,45,25.95
7144480,q_lt_q20,40.4,38,21.25
7144486,q_lt_q20,39.15,40,21.1
7144490,q_lt_q20,33.1,43.1,24.1
7144550,q_lt_q20,27.15,45.65,26.75
7144570,q_lt_q20,30,43.6,26
7144780,q_lt_q20,61.7,23.4,14.9
7144910,q_lt_q20,55.55,25.95,18.5
7145200,q_lt_q20,47.7,31.25,20.8
7145500,q_lt_q20,23.2,47.5,29
7145600,q_lt_q20,27.8,44.55,27.4
7145700,q_lt_q20,34.25,41.9,23.8
7146500,q_lt_q20,26,48.4,24.75
7146800,q_lt_q20,25.15,49,26.15
7147070,q_lt_q20,28.05,44.95,26.35
7147800,q_lt_q20,30.55,43.8,25.5
7148111,q_lt_q20,26.1,46.8,27.25
7148400,q_lt_q20,53.2,28.7,18.1
7149000,q_lt_q20,45.35,34.75,19.65
7151000,q_lt_q20,28.6,44.95,26.85
7151500,q_lt_q20,33.1,43.5,23.45
7152000,q_lt_q20,28.8,45.3,26.45
7152500,q_lt_q20,29.1,44.65,26.7
7153000,q_lt_q20,29.4,44.4,26.2
7156900,q_lt_q20,52.6,27.65,19.85
7157500,q_lt_q20,52.6,29.1,18.3
7157740,q_lt_q20,56.7,24.9,18.35
7157940,q_lt_q20,59.55,23.6,17.2
7157950,q_lt_q20,54.8,27.35,17.85
7158000,q_lt_q20,52.15,28.65,19.25
7159100,q_lt_q20,32.75,42.7,24.95
7160000,q_lt_q20,40.6,32.5,26.9
7160300,q_lt_q20,34.55,41.95,23.5
7160350,q_lt_q20,25.2,45.2,29.6
7160500,q_lt_q20,38.55,39.85,22.15
7161450,q_lt_q20,35.55,40.05,23.95
7164500,q_lt_q20,21.75,49.85,28.25
7164600,q_lt_q20,29.05,45.55,25.05
7165562,q_lt_q20,28.7,46.75,24.7
7165565,q_lt_q20,26.7,48.7,24.75
7165570,q_lt_q20,29,42.3,28.7
7165750,q_lt_q20,25.75,46.3,27.8
7166500,q_lt_q20,14.15,52.35,33.75
7167500,q_lt_q20,17.05,50.9,32.05
7169500,q_lt_q20,22.75,47.65,29.55
7169800,q_lt_q20,16.9,50.5,32.75
7170500,q_lt_q20,20.65,50,29.8
7170990,q_lt_q20,18.4,52.25,29.65
7171000,q_lt_q20,21.75,48.55,29.6
7172000,q_lt_q20,34.25,38.55,27.6
7174400,q_lt_q20,28.75,44.3,26.9
7175500,q_lt_q20,22.45,47.9,29.7
7176000,q_lt_q20,26.75,49.55,23.7
7176500,q_lt_q20,31.6,44.5,23.85
7177500,q_lt_q20,25.2,49.2,25.2
7177650,q_lt_q20,34.95,38.5,26.2
7177800,q_lt_q20,23.35,48.8,28.25
7178000,q_lt_q20,29.35,46.45,24.6
7178200,q_lt_q20,24.65,51.05,24
7179300,q_lt_q20,14.25,53.85,31.9
7179500,q_lt_q20,19,54.1,27.05
7179700,q_lt_q20,19.15,49.55,31.25
7179730,q_lt_q20,15.05,50.75,33.8
7179750,q_lt_q20,18.9,50.75,30.4
7179785,q_lt_q20,20.4,49.95,29.6
7179795,q_lt_q20,28.85,46.05,24.8
7180400,q_lt_q20,23.45,47.85,29
7180500,q_lt_q20,21.45,49.05,29.45
7182000,q_lt_q20,18.95,53.7,27.85
7182200,q_lt_q20,22,50.3,27.7
7182250,q_lt_q20,19.6,48.9,31.5
7182260,q_lt_q20,14.15,52.85,33
7182390,q_lt_q20,17.3,50.35,32.4
7182510,q_lt_q20,20.05,49.65,29.95
7183000,q_lt_q20,18.9,48.4,32.85
7183500,q_lt_q20,14.35,52.55,33.5
7184000,q_lt_q20,15.2,54.7,29.7
7184500,q_lt_q20,22.75,47.45,30.05
7185000,q_lt_q20,20.6,51.8,28
7185030,q_lt_q20,18.75,52.2,29.6
7185090,q_lt_q20,19.35,52.85,28.05
7185095,q_lt_q20,21.8,50.3,27.9
7185700,q_lt_q20,10.45,64.75,24.85
7185765,q_lt_q20,15.2,58.15,26.6
7185910,q_lt_q20,13.8,58.95,27.15
7186000,q_lt_q20,17.4,56.7,26.25
7187000,q_lt_q20,19.55,54.25,26.05
7187600,q_lt_q20,24.5,47.4,27.95
7188000,q_lt_q20,24.05,51.75,24.2
7188005,q_lt_q20,17.4,55.95,26.35
7188653,q_lt_q20,22.75,55.45,21.35
7188838,q_lt_q20,20.1,54.55,25.2
7188885,q_lt_q20,22.05,54.1,24.1
7189000,q_lt_q20,18.2,58.45,23.25
7189100,q_lt_q20,17.15,56.85,25.4
7189540,q_lt_q20,16.1,62.8,21.35
7189542,q_lt_q20,20.1,55.5,24.5
7189700,q_lt_q20,17.75,54.85,27
7189710,q_lt_q20,17.9,54.35,27.85
7190500,q_lt_q20,29.95,46.15,23.95
7191000,q_lt_q20,23.55,52.15,23.8
7191160,q_lt_q20,22.5,54.2,22.7
7191179,q_lt_q20,23.9,53.25,23.25
7191220,q_lt_q20,21.65,55.9,22.15
7191222,q_lt_q20,25.3,51.75,22.95
7191265,q_lt_q20,25.4,51.15,23.75
7191288,q_lt_q20,28.1,47.15,24.95
7191500,q_lt_q20,30.1,46.5,23.5
7194500,q_lt_q20,27.35,45.2,27.55
7194800,q_lt_q20,21.8,53.7,24.65
7194880,q_lt_q20,15.65,61.8,22.5
7195000,q_lt_q20,16.65,60.15,23.3
7195400,q_lt_q20,20.1,56,23.9
7195430,q_lt_q20,24.5,50.7,25.1
7195500,q_lt_q20,29.6,47.6,22.65
7195800,q_lt_q20,17.7,57.85,24
7195855,q_lt_q20,17.9,58.55,23.55
7195865,q_lt_q20,18.1,57.7,24.5
7196000,q_lt_q20,29.3,48.95,21.75
7196090,q_lt_q20,31.35,46.7,22.1
7196500,q_lt_q20,30.9,46,23.2
7196900,q_lt_q20,29.35,46.9,23.75
7197000,q_lt_q20,29.35,48.1,22.55
7197360,q_lt_q20,34.2,42.7,23.25
7202500,q_lt_q20,44.75,29.45,25.4
7203000,q_lt_q20,47.25,31.9,20.85
7206000,q_lt_q20,47.95,33.95,18
7207000,q_lt_q20,45.4,31.95,22.65
7207500,q_lt_q20,45.95,31.8,22.25
7208500,q_lt_q20,39.8,34.75,26.15
7211500,q_lt_q20,43.2,29.7,27.8
7214470,q_lt_q20,47.65,36.15,16.45
7214670,q_lt_q20,48.55,37.55,14.1
7214680,q_lt_q20,49.3,36.55,14.4
7215500,q_lt_q20,39.95,36.85,23.15
7216500,q_lt_q20,37.65,34.7,27.7
7218000,q_lt_q20,44.5,31.85,24.05
7221500,q_lt_q20,50.85,26.35,22.8
7226500,q_lt_q20,47.4,28.25,23.95
7227000,q_lt_q20,50.85,29.7,20.15
7227100,q_lt_q20,51,26.7,22.2
7227500,q_lt_q20,47.05,29.3,23.6
7228000,q_lt_q20,51.2,29.15,19.75
7228940,q_lt_q20,42.85,33.05,24.15
7229050,q_lt_q20,36.2,37.2,26.45
7229200,q_lt_q20,33.2,39.8,27.1
7230000,q_lt_q20,34.9,39.6,25.1
7230500,q_lt_q20,38.75,39.4,21.05
7231000,q_lt_q20,34,39.7,26.3
7231500,q_lt_q20,31.7,42.9,25.4
7234000,q_lt_q20,59.75,25.05,15.2
7235600,q_lt_q20,62.5,20.75,17.1
7237500,q_lt_q20,57.8,24.75,17.1
7238000,q_lt_q20,49.1,31,19.9
7239300,q_lt_q20,42.3,36.25,21.6
7239450,q_lt_q20,42,35.45,22.55
7239500,q_lt_q20,39.85,37.35,22.4
7239700,q_lt_q20,32.9,40.65,26.45
7240000,q_lt_q20,31.3,40.4,28.15
7241000,q_lt_q20,39.85,37.1,23.05
7241520,q_lt_q20,39.45,38.35,22.9
7241550,q_lt_q20,41.5,34.9,23.2
7241780,q_lt_q20,36.5,37.7,25.1
7241800,q_lt_q20,39,38.85,22.95
7242000,q_lt_q20,32.45,43,24.3
7242380,q_lt_q20,42.35,33.2,24.45
7243500,q_lt_q20,27.65,45.8,26.15
7247000,q_lt_q20,27.9,49.35,22.8
7247015,q_lt_q20,31.3,47.8,21.3
7247250,q_lt_q20,29.6,44.4,25.15
7247500,q_lt_q20,29,45.75,24.7
7249400,q_lt_q20,31.1,48.4,20.8
7249413,q_lt_q20,31.1,41.55,27.35
7249455,q_lt_q20,,,
7249800,q_lt_q20,29.5,48.25,22.25
7249920,q_lt_q20,29.85,46.5,23.25
7249985,q_lt_q20,30.25,47.2,22.15
7250085,q_lt_q20,33.8,43.55,22.65
7250935,q_lt_q20,33.55,43.85,22.65
7250965,q_lt_q20,31.65,43.55,25.05
7250974,q_lt_q20,36.65,41.2,21.6
7252000,q_lt_q20,32.3,43.25,24.7
7257006,q_lt_q20,32.05,45.85,22.15
7257500,q_lt_q20,34.8,44.3,20.85
7258500,q_lt_q20,28.75,47.25,24.15
7259950,q_lt_q20,28.75,46.7,24.85
7260500,q_lt_q20,25.7,49.6,24.65
7261000,q_lt_q20,33.35,43.3,22.65
7261090,q_lt_q20,33.65,46,19.95
7261500,q_lt_q20,31.65,46.45,21.35
7263012,q_lt_q20,29.75,47.9,21.95
7263295,q_lt_q20,34.2,43.45,22.25
7263296,q_lt_q20,33.45,45.3,21.25
7263300,q_lt_q20,32.35,44,23.65
7263555,q_lt_q20,27.95,47.55,24.1
7263580,q_lt_q20,31.25,43.55,25.75
7263605,q_lt_q20,24.05,47.6,28.45
7264000,q_lt_q20,28.85,50.85,20.7
7268000,q_lt_q20,14.15,61.5,24.35
7274000,q_lt_q20,19.45,60.9,19.1
7281600,q_lt_q20,17.2,52.8,30
7283000,q_lt_q20,22.75,51.3,25.85
7285500,q_lt_q20,26.7,47.7,25.3
7288048,q_lt_q20,25.4,49.95,24.7
7288068,q_lt_q20,19.3,46.95,33.75
7288280,q_lt_q20,21.7,50.75,27.55
7288500,q_lt_q20,16.3,51.7,31.45
7288521,q_lt_q20,23.5,52.1,24.4
7288650,q_lt_q20,18.05,52.45,29.2
7288800,q_lt_q20,28.25,44.6,27.3
7289000,q_lt_q20,,,
7289350,q_lt_q20,27.8,46.7,25.4
7289730,q_lt_q20,24.2,50.3,25.45
7290000,q_lt_q20,27.45,44.65,27.6
7290650,q_lt_q20,34.1,43.2,22.7
7291000,q_lt_q20,34.7,41.2,23.45
7292500,q_lt_q20,30.55,42.5,26.5
7295000,q_lt_q20,35.7,41.5,22.3
7299540,q_lt_q20,44.4,30.6,24.85
7300000,q_lt_q20,41.4,34.2,24.2
7300500,q_lt_q20,41.35,34.05,24.2
7301110,q_lt_q20,40.9,35.65,23.45
7301300,q_lt_q20,41.6,33.85,24.55
7301420,q_lt_q20,40.45,34.9,24.25
7301500,q_lt_q20,36.05,37.25,26.85
7303400,q_lt_q20,35.15,36.95,28.1
7305000,q_lt_q20,35.65,37.05,27.8
7307028,q_lt_q20,42.3,34.15,23.55
7308200,q_lt_q20,39.55,37.45,23.3
7308500,q_lt_q20,34,37.65,28.15
7311000,q_lt_q20,37.3,38.25,25.1
7311500,q_lt_q20,36.15,35.55,27.75
7311700,q_lt_q20,36.85,33.2,29.95
7311900,q_lt_q20,34.4,33.45,32.45
7312100,q_lt_q20,37.4,37.55,24.7
7312200,q_lt_q20,30.25,38.1,30.95
7312500,q_lt_q20,33.05,39.3,27.25
7315200,q_lt_q20,34.2,35.75,30.1
7315700,q_lt_q20,39.05,34.6,25.95
7316000,q_lt_q20,32.05,36.6,31.1
7316500,q_lt_q20,50.65,29.65,19.2
7324200,q_lt_q20,43.8,30.8,25.25
7324400,q_lt_q20,51.3,29.05,20.1
7325000,q_lt_q20,41.75,34.5,23.75
7325800,q_lt_q20,40.2,36.5,23.15
7325840,q_lt_q20,39.2,37.5,23.95
7325850,q_lt_q20,39.8,37.2,23.2
7325860,q_lt_q20,41.85,35.2,23.5
7326000,q_lt_q20,37.4,37.7,25.05
7326500,q_lt_q20,30.65,42.55,26.5
7327442,q_lt_q20,33.35,40.15,26
7327447,q_lt_q20,39.5,36.7,23.7
7327550,q_lt_q20,33.65,40.8,25.7
7328100,q_lt_q20,34.95,39.05,26.7
7328180,q_lt_q20,39.75,36.2,24.5
7328500,q_lt_q20,38.9,36.65,24.45
7329780,q_lt_q20,32,39.95,28.45
7329849,q_lt_q20,36.1,36.95,26.6
7329852,q_lt_q20,37.9,35.7,26.55
7331000,q_lt_q20,34.7,38.45,26.6
7331200,q_lt_q20,38.7,35.15,26.2
7331205,q_lt_q20,40.9,34.6,24.45
7331295,q_lt_q20,42.05,32,25.55
7331300,q_lt_q20,38.4,35.9,25.7
7331600,q_lt_q20,35.85,35.8,28.5
7332307,q_lt_q20,43.25,33.75,22.75
7332348,q_lt_q20,44,32.6,23.4
7332389,q_lt_q20,40.1,34.85,24.8
7332390,q_lt_q20,38.5,36.8,24.7
7332500,q_lt_q20,35.6,38.95,25.3
7332605,q_lt_q20,37,34.95,27.65
7334000,q_lt_q20,40.3,37.05,23.2
7334238,q_lt_q20,34.55,37.05,28.25
7334428,q_lt_q20,37.9,37.55,24.15
7334800,q_lt_q20,28.8,44.15,27.3
7335300,q_lt_q20,32.95,37.6,29.2
7335500,q_lt_q20,34.9,35.2,30.15
7335700,q_lt_q20,35.95,41.6,22.6
7335790,q_lt_q20,31,46,22.7
7336200,q_lt_q20,33.2,45.45,21.45
7336820,q_lt_q20,34.65,38.8,26.55
7337000,q_lt_q20,37.1,40.85,22.1
7337900,q_lt_q20,35.4,43.65,20.65
7338500,q_lt_q20,27.75,48,24.35
7338750,q_lt_q20,31.9,46.05,22.45
7339000,q_lt_q20,35.15,45.05,20.15
7340000,q_lt_q20,28.05,48.55,23.95
7340300,q_lt_q20,45.7,35.4,18.9
7341200,q_lt_q20,32.85,44.4,22.55
7344370,q_lt_q20,44.6,34.95,20.6
7348700,q_lt_q20,37,39.4,23.65
7349450,q_lt_q20,32.95,42.85,24.25
7349860,q_lt_q20,32.25,41.2,27.25
7351500,q_lt_q20,37.15,37,26.3
7351750,q_lt_q20,42.8,34.4,22.95
7352000,q_lt_q20,38.2,43.1,18.55
7356000,q_lt_q20,30.3,45.25,23.85
7358253,q_lt_q20,30.95,41.8,26.85
7358284,q_lt_q20,28.95,39.7,31.35
7359610,q_lt_q20,34.4,43.8,22.25
7360200,q_lt_q20,38.9,38.2,22.45
7361500,q_lt_q20,36.5,42.25,21.35
7362000,q_lt_q20,28.45,48.1,23.85
7362100,q_lt_q20,34.6,44.45,20.9
7362579,q_lt_q20,31,43.55,26.15
7362587,q_lt_q20,29.35,44.9,26.15
7363000,q_lt_q20,31.15,47.15,22.4
7363054,q_lt_q20,21.8,55.55,22.65
7363400,q_lt_q20,24.4,50.4,25.2
7363500,q_lt_q20,23.6,53.5,22.5
7364078,q_lt_q20,21.75,43.55,34.2
7364133,q_lt_q20,23.8,53.95,21.55
7364185,q_lt_q20,18.3,50.55,31.15
7364200,q_lt_q20,16.45,55.55,28
7366200,q_lt_q20,34.45,44.2,21.35
7367005,q_lt_q20,22.75,42.3,34.5
7367680,q_lt_q20,15.6,53.65,30.75
7367690,q_lt_q20,13,46.75,40.7
7369000,q_lt_q20,21.9,47.4,31
7369500,q_lt_q20,19.75,48.75,31.55
7369680,q_lt_q20,18.95,57.25,23.95
7369700,q_lt_q20,15.1,55.25,29.25
7370600,q_lt_q20,30.85,45.35,24.2
7372050,q_lt_q20,28.35,44.85,26.35
7372200,q_lt_q20,30.5,42.9,26.2
7373000,q_lt_q20,39.5,41.15,19.6
7374000,q_lt_q20,20.15,51.95,28.45
7374525,q_lt_q20,,,
7375000,q_lt_q20,40.2,42.25,17.6
7375280,q_lt_q20,38.6,41.55,20.55
7375500,q_lt_q20,28.5,47.95,23.6
7375800,q_lt_q20,37.15,43.25,19.8
7375960,q_lt_q20,30.9,46.3,23.15
7376000,q_lt_q20,21.35,54.7,23.95
7376500,q_lt_q20,27.8,53.4,18.95
7377000,q_lt_q20,31.25,44.75,24
7377600,q_lt_q20,24.05,56.6,19.2
7378000,q_lt_q20,20.3,57.35,22.1
7378500,q_lt_q20,15.1,62.65,22.75
7380238,q_lt_q20,34.2,32.3,33.8
7380401,q_lt_q20,12.75,56.65,30.6
7381482,q_lt_q20,,,
7381490,q_lt_q20,,,
7382000,q_lt_q20,32.1,43.25,24.65
7382500,q_lt_q20,18.85,58.6,22.55
7383500,q_lt_q20,19.7,56.25,24
7385700,q_lt_q20,12.95,61.65,25.4
8010000,q_lt_q20,16.85,57.6,25.4
8012000,q_lt_q20,23.85,52.8,23.35
8012470,q_lt_q20,23.3,45.65,31.35
8013000,q_lt_q20,28.95,43.85,27.5
8013500,q_lt_q20,28.15,52.3,19.95
8014500,q_lt_q20,35.75,45,18.95
8014800,q_lt_q20,37.45,42.3,20.25
8015500,q_lt_q20,29.85,48.65,21.1
8022500,q_lt_q20,38.2,36.65,25
8023080,q_lt_q20,39.3,38.35,22.45
8032000,q_lt_q20,42.95,29.5,27.4
8032700,q_lt_q20,38.8,37.25,24.65
8033500,q_lt_q20,45.4,33.7,21.35
8037180,q_lt_q20,37.5,35.35,26.75
8040600,q_lt_q20,38.75,39.55,22.4
8041000,q_lt_q20,35.05,40.1,24.85
8041300,q_lt_q20,40.1,37.6,22.3
8050350,q_lt_q20,28.5,40.25,31.25
8053090,q_lt_q20,35.6,32.25,31.75
8053430,q_lt_q20,33.25,37.85,29.35
8057300,q_lt_q20,38,32,30.4
8061548,q_lt_q20,39.25,32.85,27.95
8062095,q_lt_q20,39.8,30.2,30
8063460,q_lt_q20,33.2,33.7,33.25
8065000,q_lt_q20,42.1,29.5,28.25
8067000,q_lt_q20,27.95,42.95,29.1
8067575,q_lt_q20,51.6,25.45,23.25
8067650,q_lt_q20,49.05,28.8,22.15
8068000,q_lt_q20,42.6,32.85,24.4
8069800,q_lt_q20,45.45,30.25,24.3
8079510,q_lt_q20,49.7,26,24.3
8083235,q_lt_q20,36.35,34.15,29.35
8083430,q_lt_q20,34.6,33,31.7
8096500,q_lt_q20,43.2,29.6,27.2
8117855,q_lt_q20,29.9,34.65,34.9
8143600,q_lt_q20,41.55,30.45,28.1
8167200,q_lt_q20,28.6,37.5,33.9
8168710,q_lt_q20,49.15,26.15,25.4
8170000,q_lt_q20,45.7,27.6,26
8172400,q_lt_q20,28.25,35.1,36.6
8180640,q_lt_q20,35.6,33.55,31
8187500,q_lt_q20,50.35,23.35,26.8
8212820,q_lt_q20,34.05,26.65,39.3
8252500,q_lt_q20,45.05,32.65,21.85
8253000,q_lt_q20,46.1,30.7,23.25
8253500,q_lt_q20,52.2,30.65,17.55
8254000,q_lt_q20,51.3,29.95,19.1
8255500,q_lt_q20,45.5,30.35,23.75
8261000,q_lt_q20,46.3,31.5,22.2
8263500,q_lt_q20,40.3,32.9,26.8
8265000,q_lt_q20,39.75,37.1,23.2
8266820,q_lt_q20,43.7,32.55,23.75
8267500,q_lt_q20,39.9,37,22.7
8269000,q_lt_q20,46.2,32.55,21.95
8271000,q_lt_q20,46.15,32.4,21.4
8275500,q_lt_q20,45.5,33.05,21.7
8276300,q_lt_q20,48.45,29.3,22.2
8276500,q_lt_q20,43.9,31.9,24.1
8277470,q_lt_q20,42.4,38,19.8
8279000,q_lt_q20,46.4,32.95,20.6
8279500,q_lt_q20,47.15,30.65,22.2
8282300,q_lt_q20,43.55,32.65,23.65
8284100,q_lt_q20,35.7,35.45,29.15
8294210,q_lt_q20,47.35,32.15,20.5
8328950,q_lt_q20,51.35,27.25,21.55
8329928,q_lt_q20,48.05,30.3,21.65
8330000,q_lt_q20,43.6,32.1,24.6
8330600,q_lt_q20,54.75,27.6,17.65
8330875,q_lt_q20,47.35,30.95,21.4
8331160,q_lt_q20,49.25,27.2,23.3
8331510,q_lt_q20,46.8,31.35,21.8
8332010,q_lt_q20,47.15,29.45,23.4
8353000,q_lt_q20,47.65,28,24.05
8354900,q_lt_q20,47.5,31.7,20.7
8355050,q_lt_q20,47.1,29,23.25
8355490,q_lt_q20,39.15,32.4,28.5
8358300,q_lt_q20,42.45,31.95,26.3
8358400,q_lt_q20,42.25,31.65,26.1
8359500,q_lt_q20,39.75,32.35,28
8361000,q_lt_q20,46.55,28.55,24.6
8378500,q_lt_q20,49.85,34.1,16.1
8379500,q_lt_q20,51.6,26.7,21.4
8380500,q_lt_q20,45.7,33.35,20.95
8382000,q_lt_q20,43.95,32.85,22.9
8382500,q_lt_q20,49.75,26.75,23.2
8382600,q_lt_q20,51.1,26.7,21.65
8382650,q_lt_q20,51.05,27.15,21.75
8382830,q_lt_q20,53.3,26,20.7
8383500,q_lt_q20,47.75,29.9,22.35
8384500,q_lt_q20,51.15,27.85,20.9
8385000,q_lt_q20,53.5,23.45,23.75
8385503,q_lt_q20,51.9,24.85,23.05
8385522,q_lt_q20,47.9,24.9,27
8385630,q_lt_q20,49.3,26.7,23.9
8386000,q_lt_q20,47.6,28.3,25.1
8386505,q_lt_q20,39.1,34.45,26.5
8387000,q_lt_q20,36.55,36.55,26.95
8387550,q_lt_q20,39.55,37.8,22.95
8387600,q_lt_q20,36.15,35.4,28.2
8390500,q_lt_q20,46.25,30.3,22.75
8393610,q_lt_q20,39.75,33.7,26.1
8395500,q_lt_q20,44.25,27.7,28.35
8396500,q_lt_q20,40.7,29.85,29.15
8399500,q_lt_q20,41.65,28.7,29.3
8401500,q_lt_q20,46.15,33.15,20.75
8402000,q_lt_q20,44.8,32,23.15
8403500,q_lt_q20,46.8,31.4,22.05
8405350,q_lt_q20,40.6,34.4,24.9
8405400,q_lt_q20,41.55,33.55,24.9
8405450,q_lt_q20,42.45,31.55,26.7
8405500,q_lt_q20,45.35,30.95,24.25
8406000,q_lt_q20,46.7,28.85,23.9
8406500,q_lt_q20,45.1,29.2,25.95
8407000,q_lt_q20,44.5,29.55,25.65
8408500,q_lt_q20,37.75,35.1,26.7
8474095,q_lt_q20,38.8,30.15,30.9
8474107,q_lt_q20,38.3,30.1,31.7
8474108,q_lt_q20,43.7,28.4,27.9
8474110,q_lt_q20,41.1,30.9,28.35
8477110,q_lt_q20,44.8,26.2,29.15
8481500,q_lt_q20,43.35,28.75,28.2
9010500,q_lt_q20,53.75,32.8,13.85
9014050,q_lt_q20,54.25,28.3,17.45
9015000,q_lt_q20,54.15,30.25,15.6
9019500,q_lt_q20,44.75,30.35,24.9
9021000,q_lt_q20,47.3,30.7,21.7
9022000,q_lt_q20,58.2,28.4,13.4
9024000,q_lt_q20,57.3,28.5,14.2
9025000,q_lt_q20,54,29.7,16.3
9025300,q_lt_q20,62.05,27.1,10.85
9026500,q_lt_q20,52.15,29.85,18.1
9027100,q_lt_q20,49.3,30.75,20
9031600,q_lt_q20,60.9,27.45,12
9031700,q_lt_q20,66.6,23.85,9.55
9032000,q_lt_q20,52.4,32.15,15.6
9032100,q_lt_q20,58.65,25.6,15.75
9033100,q_lt_q20,49.8,30.45,19.85
9033300,q_lt_q20,53.6,28.65,17.45
9034250,q_lt_q20,45.45,30.4,24.3
9034900,q_lt_q20,64.9,22.75,12.65
9035500,q_lt_q20,67.35,23,9.25
9035700,q_lt_q20,56.95,29.6,13.45
9035900,q_lt_q20,57.05,29.05,13.9
9036000,q_lt_q20,48.05,36.2,16.15
9037500,q_lt_q20,45.55,31.4,23.05
9038500,q_lt_q20,43.6,30.95,25.3
9040500,q_lt_q20,36.8,38.25,25
9041090,q_lt_q20,32.7,40.95,26.8
9041400,q_lt_q20,41.95,33.6,24.45
9041900,q_lt_q20,55.55,29.65,14.75
9044300,q_lt_q20,55.55,29.65,14.75
9044800,q_lt_q20,55.55,29.65,14.75
9046490,q_lt_q20,54.25,31.3,14.3
9046600,q_lt_q20,63.55,23.75,12.4
9047500,q_lt_q20,58.6,28.1,13.3
9047700,q_lt_q20,62.9,26.4,10.75
9050100,q_lt_q20,54.45,32,13.65
9050700,q_lt_q20,47.15,31,21.45
9051050,q_lt_q20,45.7,32.15,21.7
9056500,q_lt_q20,45.9,36.55,18
9057500,q_lt_q20,44,35.7,20
9058000,q_lt_q20,46.6,32.25,21.45
9058500,q_lt_q20,46.9,35,18.2
9059500,q_lt_q20,40.35,34.55,25.15
9060799,q_lt_q20,42.6,32.5,25.2
9061600,q_lt_q20,57.25,31.2,11.65
9063000,q_lt_q20,48.2,32.6,19.15
9063900,q_lt_q20,53.4,36.15,10.3
9064000,q_lt_q20,54.2,31.9,13.9
9064600,q_lt_q20,48.15,32.85,19
9065100,q_lt_q20,44.3,34.4,21.3
9065500,q_lt_q20,55.7,30.25,14.05
9066000,q_lt_q20,51.35,36.1,11.9
9066200,q_lt_q20,44.2,35.65,20
9066300,q_lt_q20,43.55,34.6,21.85
9066325,q_lt_q20,43.85,34.55,21.4
9066510,q_lt_q20,51,30.85,18.15
9067000,q_lt_q20,38.8,37.55,23.85
9067020,q_lt_q20,40.35,34.5,25.25
9067200,q_lt_q20,39.9,36.4,23.7
9070000,q_lt_q20,41.35,34.4,23.95
9070500,q_lt_q20,43.65,31.85,24.45
9072550,q_lt_q20,58.2,31.05,10.75
9073005,q_lt_q20,51.75,31.55,16.8
9073300,q_lt_q20,48.35,36.65,14.45
9073400,q_lt_q20,48.1,35.75,16.85
9074500,q_lt_q20,40.95,36.9,22.15
9076000,q_lt_q20,50.1,34.5,15.45
9078141,q_lt_q20,56.75,32.95,10.3
9078475,q_lt_q20,45.1,34.05,20.4
9079450,q_lt_q20,43.85,35.75,20.55
9080400,q_lt_q20,48.8,33.45,18.2
9081000,q_lt_q20,42.1,33.6,24.15
9081600,q_lt_q20,50.05,31.65,18
9085000,q_lt_q20,42.2,33.55,24.25
9085100,q_lt_q20,44.85,32.4,22.85
9085500,q_lt_q20,41.85,36.15,22.15
9087500,q_lt_q20,38.6,37.5,23.8
9090785,q_lt_q20,30.4,42.15,27.9
9093500,q_lt_q20,44.15,33.75,21.6
9095500,q_lt_q20,45.8,30.9,23.3
9105000,q_lt_q20,45.1,30.75,23.6
9106150,q_lt_q20,39.7,37.05,23.2
9107000,q_lt_q20,52.55,29.6,17.05
9107500,q_lt_q20,52.6,30.45,16.85
9108250,q_lt_q20,53.25,30.45,16.5
9109000,q_lt_q20,55.5,32.15,12.8
9110000,q_lt_q20,53.05,26.6,20.6
9111250,q_lt_q20,47.6,34,18.45
9112200,q_lt_q20,40.3,38.8,20.85
9112500,q_lt_q20,51.95,27.05,21
9113980,q_lt_q20,40.35,35.5,24.3
9114500,q_lt_q20,41,34,25.3
9114520,q_lt_q20,42.8,33.9,23.3
9115500,q_lt_q20,41.55,35.4,23.6
9118450,q_lt_q20,53.55,25.75,20.7
9119000,q_lt_q20,40.3,38.05,21.35
9123450,q_lt_q20,54.05,31.55,14.4
9124500,q_lt_q20,38.35,37.2,24.9
9126000,q_lt_q20,47.25,36.05,17
9127000,q_lt_q20,41.05,32.35,26.4
9128000,q_lt_q20,39.6,36.15,24.05
9129600,q_lt_q20,38.55,36.15,25.25
9132095,q_lt_q20,41.35,34.15,24.6
9132500,q_lt_q20,37.45,36.05,26.25
9132960,q_lt_q20,35.7,37.6,26.25
9134100,q_lt_q20,36,34.6,29.15
9135920,q_lt_q20,34.8,39.05,25.7
9136100,q_lt_q20,39.85,35.15,24.7
9143000,q_lt_q20,35.6,39.6,24.8
9143500,q_lt_q20,40.4,35.75,24.25
9144250,q_lt_q20,35.75,38.3,25.55
9146020,q_lt_q20,46.15,35.35,18.5
9146200,q_lt_q20,38.85,36.2,24.85
9147000,q_lt_q20,41.85,33.8,24.4
9147025,q_lt_q20,43.25,32.9,24
9147500,q_lt_q20,29.55,40.6,30.55
9149500,q_lt_q20,36.7,37.9,25.45
9151500,q_lt_q20,45.6,34.7,20.4
9152500,q_lt_q20,44.85,35.55,19.6
9163492,q_lt_q20,48.95,30.7,20.25
9163500,q_lt_q20,48,32.25,19.75
9166500,q_lt_q20,38.6,33,28.45
9166950,q_lt_q20,37.6,34.2,28.2
9168730,q_lt_q20,53.7,28.7,17.2
9169500,q_lt_q20,49.55,31.55,18.95
9171100,q_lt_q20,51.85,28,20.45
9172500,q_lt_q20,45.7,31.5,22.1
9174600,q_lt_q20,32.65,39.25,28.4
9177000,q_lt_q20,50.95,29.7,19.35
9179450,q_lt_q20,39.85,39.45,20.15
9180000,q_lt_q20,54.6,27.3,18.1
9180500,q_lt_q20,51.6,29.8,18.9
9183500,q_lt_q20,49.45,30,20.15
9183600,q_lt_q20,48.75,29.8,21.3
9184600,q_lt_q20,49.85,32.3,17.9
9185100,q_lt_q20,46.25,34.85,18.05
9185600,q_lt_q20,59.2,23.8,16.95
9188500,q_lt_q20,32.45,38.95,28.55
9196500,q_lt_q20,63.1,26.05,10.85
9205000,q_lt_q20,40.9,38.65,20.8
9209400,q_lt_q20,44.35,34.75,20.9
9210500,q_lt_q20,42.6,35.35,22.05
9211200,q_lt_q20,44.25,33.4,22.4
9213500,q_lt_q20,47.85,30.05,22
9217000,q_lt_q20,44.7,35.5,19.75
9217900,q_lt_q20,50.6,32.85,16.6
9219200,q_lt_q20,43,32.35,24.7
9220000,q_lt_q20,47.6,31.1,20.9
9222400,q_lt_q20,41.9,32.85,25.25
9223000,q_lt_q20,33.05,39.35,27.6
9224700,q_lt_q20,44.7,32.6,22.85
9229500,q_lt_q20,45.55,30.6,23.85
9234500,q_lt_q20,50.1,30,19.9
10023000,q_lt_q20,38.8,39.25,21.85
10038000,q_lt_q20,30.5,41.3,28.45
10068500,q_lt_q20,28.8,43.95,27.2
10092700,q_lt_q20,24.5,46.75,28.35
10108400,q_lt_q20,40.35,38.05,22.25
10109000,q_lt_q20,33.8,43.35,23.3
10109001,q_lt_q20,33.8,43.35,23.3
10125850,q_lt_q20,38.8,38.45,22.35
10126000,q_lt_q20,40.05,35.6,24.35
10126050,q_lt_q20,22.55,45.45,32.25
10130500,q_lt_q20,29.5,43,26.75
10131000,q_lt_q20,37.95,38.35,24.15
10132500,q_lt_q20,36.9,38.35,24.15
10133650,q_lt_q20,36.15,38.95,25.15
10133980,q_lt_q20,36.15,40.85,23
10136500,q_lt_q20,35.2,39.8,24.7
10140100,q_lt_q20,38.8,42.1,18.8
10141000,q_lt_q20,35.55,40.45,23.75
10141100,q_lt_q20,31.5,37.4,31.1
10141200,q_lt_q20,27.7,39.1,32.9
10142000,q_lt_q20,38.15,38.35,23.4
10145400,q_lt_q20,37.8,37.75,24.6
10146400,q_lt_q20,30.8,42.75,26.3
10147100,q_lt_q20,35,41.75,23.25
10149000,q_lt_q20,35.85,40.75,23.25
10149400,q_lt_q20,38.85,39.75,20.7
10150500,q_lt_q20,35.15,38.95,26.1
10153100,q_lt_q20,39.15,38.05,22.95
10155000,q_lt_q20,36.15,40.9,22.8
10155500,q_lt_q20,34.5,40.35,25.45
10157500,q_lt_q20,31.95,42.2,25.85
10166430,q_lt_q20,37.05,38.1,25.5
10171000,q_lt_q20,31.5,42.9,26.1
10172700,q_lt_q20,41.8,36.75,21.7
10172952,q_lt_q20,39.7,40.65,19.85
10173450,q_lt_q20,43.55,31.35,25.15
10174500,q_lt_q20,39.2,36.05,24.6
10183500,q_lt_q20,37.85,38.9,22.9
10205030,q_lt_q20,43.8,34.75,21.45
10215900,q_lt_q20,41.25,39.65,19.6
10243700,q_lt_q20,51.05,32,16.95
10249280,q_lt_q20,47.2,31.9,20.7
10251290,q_lt_q20,50.3,31.35,18.05
10251300,q_lt_q20,46.25,36.9,16.8
10251330,q_lt_q20,49,33.3,17.65
10251335,q_lt_q20,48.2,35.4,16
10254730,q_lt_q20,,,
10254970,q_lt_q20,38.85,27.45,33.55
10256500,q_lt_q20,56.85,24.95,18.2
10257500,q_lt_q20,54.9,26.05,19.05
10257720,q_lt_q20,49.45,29.95,20.8
10258000,q_lt_q20,53.35,24.5,22
10258700,q_lt_q20,54.7,22.8,21.7
10259000,q_lt_q20,53.1,25.25,21.25
10259100,q_lt_q20,48.5,30,21.9
10259200,q_lt_q20,51.75,26,22.6
10259300,q_lt_q20,37.85,27.8,34.3
10260500,q_lt_q20,65.05,19.4,15.65
10260855,q_lt_q20,63.05,20.85,15.95
10260950,q_lt_q20,54.85,26.9,18.3
10261500,q_lt_q20,66.2,18.45,15.35
10263000,q_lt_q20,50.3,32.65,16.9
10263500,q_lt_q20,54.35,23.6,21.9
10265150,q_lt_q20,63.05,22.75,14.2
10293500,q_lt_q20,61.8,21.65,16.45
10296000,q_lt_q20,66.25,19.45,14.3
10296500,q_lt_q20,64.7,21.35,13.85
10297010,q_lt_q20,58.8,24.15,17.05
10297500,q_lt_q20,55.2,24.9,19.4
10301742,q_lt_q20,56.35,24.55,19.15
10301745,q_lt_q20,62.05,20.15,18.15
10301755,q_lt_q20,62.05,20.15,18.15
10302002,q_lt_q20,59.45,24.15,16
10302025,q_lt_q20,,,
10308200,q_lt_q20,57.5,27.6,14.9
10308785,q_lt_q20,57.55,27.05,15.4
10308789,q_lt_q20,61.25,25.9,12.85
10308792,q_lt_q20,56.95,28.2,14.85
10308794,q_lt_q20,56.95,28.2,14.85
10309000,q_lt_q20,53.35,27.05,20.05
10309010,q_lt_q20,54.7,27,17.9
10310000,q_lt_q20,72.4,18.85,9.35
10310407,q_lt_q20,64.05,22.5,13.45
10310500,q_lt_q20,69.05,19.4,11.85
10311000,q_lt_q20,64.05,21.15,15.55
10311200,q_lt_q20,53.65,28.7,18.05
10311400,q_lt_q20,54.25,26.45,19.3
10311750,q_lt_q20,63.3,20.9,15.25
10312000,q_lt_q20,63.6,19.9,16.65
10312150,q_lt_q20,59.55,26.8,13.3
10312275,q_lt_q20,41.5,32.45,26.05
10313900,q_lt_q20,35.6,40.65,23.6
10316500,q_lt_q20,43.75,34.8,21.7
10317480,q_lt_q20,39.9,37.75,22.35
10318500,q_lt_q20,44.75,37.9,17.4
10320000,q_lt_q20,40.15,35.9,23.6
10321000,q_lt_q20,42.35,39.75,17.85
10321940,q_lt_q20,40.8,36.2,23
10322000,q_lt_q20,39.95,37.75,22
10322150,q_lt_q20,44.75,36.5,18.45
10322500,q_lt_q20,37.75,36.1,25.5
10322505,q_lt_q20,41.1,36.95,21.55
10322535,q_lt_q20,46,35.8,19
10323425,q_lt_q20,42.2,40.6,17.5
10324500,q_lt_q20,44.1,39.85,16.6
9237450,q_lt_q20,31.65,40.15,28
9237500,q_lt_q20,47.2,33.95,18.85
9238900,q_lt_q20,28.9,45.9,25.2
9239500,q_lt_q20,31.15,40.4,28.45
9240020,q_lt_q20,36.75,35.75,27.45
9242500,q_lt_q20,25.65,44.05,30
9244490,q_lt_q20,31.6,39.65,28.05
9246200,q_lt_q20,30.15,40.6,29.5
9251000,q_lt_q20,40.05,35.7,24.55
9258050,q_lt_q20,45.1,32.9,22.4
9258980,q_lt_q20,39.55,36.6,23.85
9260000,q_lt_q20,35.9,37.95,26.05
9261000,q_lt_q20,42.5,37.3,20.15
9261700,q_lt_q20,45.35,35.05,19.75
9263500,q_lt_q20,31.85,38.75,29.3
9271000,q_lt_q20,39,37.65,22.8
9271550,q_lt_q20,35.9,38.7,24.9
9272400,q_lt_q20,39.8,34.55,25.8
9276700,q_lt_q20,38.95,38.1,23.4
9288180,q_lt_q20,37.95,38.6,23.45
9289500,q_lt_q20,53.3,31.6,15
9292500,q_lt_q20,46.3,31.35,22
9294500,q_lt_q20,34.4,38.45,27.15
9295000,q_lt_q20,36.85,38.05,25.3
9295100,q_lt_q20,45.65,31.95,22.4
9296800,q_lt_q20,54.55,29.45,16
9299500,q_lt_q20,51.35,31.55,17.4
9301500,q_lt_q20,42.55,35.05,22.7
9304200,q_lt_q20,41.1,34.05,24.85
9304500,q_lt_q20,33.55,38.9,27.55
9306242,q_lt_q20,40.7,36.6,22.85
9310500,q_lt_q20,38.85,36.3,24.85
9310700,q_lt_q20,36.6,39.05,24.85
9312600,q_lt_q20,42.25,35.2,22.45
9313520,q_lt_q20,39.75,39.7,21.1
9313980,q_lt_q20,39.35,37.75,23
9314250,q_lt_q20,45.05,34.15,20.75
9314260,q_lt_q20,37.4,38.45,24.45
9315000,q_lt_q20,41.45,38.45,19.4
9319000,q_lt_q20,27.2,43,30.1
9328910,q_lt_q20,53.5,27.4,19.1
9328920,q_lt_q20,59.75,25.4,14.85
9330000,q_lt_q20,43.3,36,21.25
9330250,q_lt_q20,48.45,33.4,18.55
9330500,q_lt_q20,46.5,33.9,19.15
9333500,q_lt_q20,62.5,22.5,14.7
9337000,q_lt_q20,54.6,27.25,18
9346400,q_lt_q20,39.45,34.3,26.25
9363500,q_lt_q20,40.55,34.75,25
9364200,q_lt_q20,49.15,30.7,20.1
9367000,q_lt_q20,39.6,34.25,26.1
9371000,q_lt_q20,49.15,30.3,20.3
9371492,q_lt_q20,45.7,32.6,21.7
9372000,q_lt_q20,48.65,27.85,23.5
9380000,q_lt_q20,55.9,25.3,18.8
9381800,q_lt_q20,54.8,26.05,19
9385700,q_lt_q20,51.25,26.2,22.6
9386300,q_lt_q20,55.2,22.35,21.7
9386900,q_lt_q20,40.2,31.7,28.75
9386950,q_lt_q20,44,32.25,24
9390500,q_lt_q20,37.05,29.5,33.45
9397000,q_lt_q20,59.95,23.7,16.35
9397500,q_lt_q20,49.9,26.2,23.8
9400350,q_lt_q20,53.45,26.15,20.3
9400815,q_lt_q20,36.05,31.55,32.6
9401260,q_lt_q20,63.1,21.15,16.3
9402300,q_lt_q20,55.15,26.75,18.2
9402500,q_lt_q20,49.15,29.45,21.65
9403000,q_lt_q20,47.2,30.3,22.45
9403600,q_lt_q20,56.2,26.45,16.95
9404104,q_lt_q20,48.7,28.75,22.15
9404200,q_lt_q20,58.7,22.15,18.7
9404450,q_lt_q20,42.45,35.05,22.5
9404900,q_lt_q20,54.2,28.3,17.5
9405500,q_lt_q20,50.15,29.85,20.4
9406000,q_lt_q20,55.35,29,15.5
9406100,q_lt_q20,48.45,32,19.65
9408000,q_lt_q20,58.35,22.6,18.9
9408135,q_lt_q20,54.05,25.7,20.55
9408150,q_lt_q20,53.1,28.9,18
9408195,q_lt_q20,54.5,33.85,11.65
9408400,q_lt_q20,43.4,34.75,21.85
9409100,q_lt_q20,50.3,30.4,18.85
9410100,q_lt_q20,54.5,29.1,16.4
9413000,q_lt_q20,44.85,35.25,19.55
9413700,q_lt_q20,62.55,23.55,13.85
9415060,q_lt_q20,43.75,34.8,21.3
9415510,q_lt_q20,47.1,35.5,17.7
9415900,q_lt_q20,47.75,33.05,18.9
9415908,q_lt_q20,57.55,27.3,15.15
9415910,q_lt_q20,57.55,27.3,15.15
9415920,q_lt_q20,50.35,30.9,18.65
9416000,q_lt_q20,52.2,30.8,17
9417500,q_lt_q20,47,30.8,22.2
9418500,q_lt_q20,51.6,28.55,19.85
9419000,q_lt_q20,44.6,36.55,18.85
9419550,q_lt_q20,59.85,26.15,13.95
9419625,q_lt_q20,56.55,27.7,15.95
001fc3f6-5980-42be-b553-6a09c6b69b69,q_lt_q20,46.7,32.75,20.85
004d8c0d-b7cf-49ae-aee7-52e37cd11aed,q_lt_q20,27.1,45.55,27.55
00dfeaa4-34bd-4975-967a-b11e5d86520e,q_lt_q20,46.25,30.6,23.5
013054a3-670e-49ee-afda-e0865a449197,q_lt_q20,28.25,44.8,27.45
0137acef-372d-4a4f-8e7c-5782521d4e5d,q_lt_q20,47.65,31.6,21.05
024f218d-9a70-43b7-8ea2-7d038eeb2cff,q_lt_q20,47.2,31.4,21.9
02732dcd-5704-4a78-872f-ecfaa8b252ba,q_lt_q20,41.5,36.65,22.45
0290cb45-0d9f-468c-8503-7bcae31594d3,q_lt_q20,34.7,37.65,28.1
029d4a8c-45f6-4c66-8a23-1785a26aa017,q_lt_q20,42.05,36.85,21.1
02ae6414-2983-456e-9d77-9289a9e40ec7,q_lt_q20,47,35.05,17.85
02c2361b-a383-4dfa-86f6-1475a11a9ccf,q_lt_q20,29.55,46.9,23.55
02c30d3b-4cab-4632-a4e9-b293706a02fb,q_lt_q20,38.4,39.7,22.6
04451d0f-759d-416b-91d4-1fff49121f43,q_lt_q20,42.45,33,24.15
044eb050-374f-4b34-8f6c-971b492703f0,q_lt_q20,37.85,44.5,17.65
052d0819-2a32-47df-9b99-c243c9c8235b,q_lt_q20,39.1,33.8,26.6
05784319-693a-4d75-b29e-32f01a99ee4f,q_lt_q20,51.9,34.15,14.15
05aa242f-2f89-497f-9ea3-60e7028ec36e,q_lt_q20,31.25,41.1,28.35
05d216a3-0102-43d8-9907-d7698b32eb03,q_lt_q20,29.6,44.2,25.95
05dbfadb-e777-46dd-888e-61e1cc4bc504,q_lt_q20,44.05,33.6,22.35
06571677-e04c-47d4-bcbe-6c488fb22293,q_lt_q20,34.1,39.65,25.8
065d2a2a-113d-422e-ae2c-d3c24e48c47b,q_lt_q20,39.95,40.95,19.1
06e0b3c2-c771-4b8b-84e6-5846c64b5f16,q_lt_q20,46.4,32.55,21.05
0736efd5-fb9b-4b14-ab96-a4f261528bc1,q_lt_q20,38.95,33.45,27.6
078cbfd9-31ae-46f4-bbcc-0dbdaa191cd3,q_lt_q20,60.85,26.4,12.7
07b5bff9-7205-495e-8dbc-c0116a7c7d60,q_lt_q20,29.65,45.5,25.2
08167942-2551-41f7-82a6-f15d613c25cf,q_lt_q20,26.5,47.65,25.95
08a56e86-d214-4288-8726-8de31eb55766,q_lt_q20,34.1,37.2,28.65
08c2cb5f-28c4-459d-960a-251dfaf541b0,q_lt_q20,46.6,29.15,24.25
09352081-0bcd-4e45-a581-7e396155ac01,q_lt_q20,52.95,25.1,21.7
09613520-a40c-48eb-8260-6266468f5cf3,q_lt_q20,33.5,39.2,27.55
09aaf1dd-28ea-4230-9670-7709ee7aa970,q_lt_q20,34.5,39.8,25.7
0a084963-e332-483c-a5aa-26f555b9129a,q_lt_q20,33.5,40.65,25.85
0a2c61cb-a682-403b-89ba-5d7d3c85f9f3,q_lt_q20,49.2,31.45,19.35
0a8b3311-f905-40e3-9516-823b7eb8a946,q_lt_q20,55.4,28.8,15.75
0ac52dcd-bf41-4a10-98be-247a5ea28c85,q_lt_q20,44.1,34.3,21.7
0b2ad98d-d131-4233-9edc-f57be0b4ae31,q_lt_q20,53.5,28.05,18.2
0b332600-2b40-4264-9294-9b944cc4f3ca,q_lt_q20,37.1,32.85,29.6
0b351234-b489-40c7-a846-def749d91f74,q_lt_q20,48.95,30.5,20.55
0b38c227-5e33-4983-82d7-bb7bbcb1a443,q_lt_q20,37.25,41.65,21.1
0b61ef5d-3db7-42de-ae00-ebd8df2b7312,q_lt_q20,53.95,32.8,13.25
0c4f0941-030b-49ce-8f24-f148b3baff58,q_lt_q20,46.2,33.95,19.85
0d4d679c-4065-4bf7-adbd-77a1b6b8c6ee,q_lt_q20,38.2,34.65,26.85
0da114ec-4886-476f-873b-2e9f91285962,q_lt_q20,41.95,30.2,27.85
0daf6ff9-34de-454a-acd9-69f7a681231a,q_lt_q20,40.7,29.7,29.85
0dcf81cb-5305-4e0b-b150-9b733ac44d0b,q_lt_q20,45.95,31.95,22.55
0de5636a-5fc2-42de-846d-28ba870aff7b,q_lt_q20,34.35,39.45,26.15
0de6e236-9381-4dee-b1c6-c80c9ed01208,q_lt_q20,45.5,29.7,25
0df268eb-c5aa-42ac-b1b9-4a5d7bd95448,q_lt_q20,36.2,47.1,17
0e04bb35-f2a5-4f5e-9e4c-3ffc9d6d4af2,q_lt_q20,32.5,43.3,23.85
0e11ff44-2d10-4460-9b0f-1d9278be185f,q_lt_q20,29.55,48.2,22.25
0e3d02a9-ecd9-4dfd-8626-a4be5105aba1,q_lt_q20,45.2,33.05,21.55
0e47ccb4-c070-4b46-8885-f3168aa864d5,q_lt_q20,40.8,35.05,24.7
0e5c87bc-42bb-46a5-b534-7cb1ea577c7b,q_lt_q20,32.65,40.5,27.15
0ed899ca-adc1-430f-9207-c37f1766cdbe,q_lt_q20,38.1,33.25,28.6
0ee042cb-d2b3-497b-9305-2ac0a8960696,q_lt_q20,36.85,39.5,24.2
0f12ee41-f1e8-480d-9e77-7d60853dda93,q_lt_q20,47.7,29.95,22.4
0f409f22-3a10-4200-a690-c6a72902bbdf,q_lt_q20,43.35,30.1,26.5
0feede1b-3f20-4455-bd06-1305ad58b8e0,q_lt_q20,37.05,36.4,26.45
10e9cd17-c7c1-431a-8daa-1d14d131d1c1,q_lt_q20,44.25,34.65,21.25
11190c65-ef31-4e9d-9456-6e999a94cdba,q_lt_q20,44.55,33.65,21.4
116a4260-8c89-421c-83fd-107fed334eaf,q_lt_q20,49.5,27.7,22.85
116dccde-a409-4aed-b68b-496a185f79a5,q_lt_q20,41.25,39.65,18.85
117e5055-a68d-4cbb-8824-cc0caf0889b0,q_lt_q20,48.9,33.5,17.55
127a5a33-4f7c-4ac5-a4a7-c20b5dfe4484,q_lt_q20,40.2,31,29
127b5107-82fb-4e10-a15d-77ac7766422d,q_lt_q20,44.7,35.35,19.95
12e41a1b-b72e-4ea2-9a45-ce459d156560,q_lt_q20,43.85,36.3,20.15
12ebc12e-43be-4599-ac5b-57c6d357cc47,q_lt_q20,44.45,37.45,18.05
12ede3c0-861a-45f9-88a8-6170ff13a6ae,q_lt_q20,46.7,37.45,15.5
139a7706-11ac-4ef1-b81a-4dd517bef6c2,q_lt_q20,42.15,32.5,25.35
13d2950b-9382-4c47-a378-875a2e2f10de,q_lt_q20,45.1,35.65,19.2
13d5c20d-089e-4e7c-bd1f-3fd850142251,q_lt_q20,45.9,30.5,23.85
13e619ad-ce41-428c-94a6-a93e550e64f4,q_lt_q20,48.4,31.35,20.1
141185ba-bb77-4239-849f-d17a01933e3b,q_lt_q20,48.25,30,21.25
14846041-47d6-49c2-8419-f70fc3bbe1b5,q_lt_q20,42.7,34.6,22.7
155b4b28-40ae-48fa-b112-f442b74b8e8a,q_lt_q20,57.8,23.5,18.25
15aed991-8db9-48ab-9cc1-93b084b9c5a7,q_lt_q20,47.15,33.35,18.7
15eae722-7f1f-41cb-a93e-2acdeca10a0a,q_lt_q20,47.35,28.85,24.25
162e2bb4-a4f7-48a7-910b-65a4f5cd0a4f,q_lt_q20,36.85,39.5,24.2
162e2bb4-a4f7-48a7-910b-65a4f5cd0a4f_2879_w2TH,q_lt_q20,36.8,37.95,25.2
16b72267-fdbb-4e1c-9f45-c7bb401d3804,q_lt_q20,52.95,27.35,19.7
17f5b1f6-9779-4cbe-a0a3-978d3326bc33,q_lt_q20,43.8,36.65,20
18142c4b-ecf0-497c-ac4b-ccaef45aefc1,q_lt_q20,50.9,27.65,21.45
183111ef-5afe-463b-8934-30889ba56be9,q_lt_q20,33.45,35.5,30.85
1a5179f5-2a93-4eb4-9e49-0f2184253623,q_lt_q20,52.25,33.4,14.55
1a707394-5443-4c2d-b903-8ad6e243a45e,q_lt_q20,48.75,31.55,20.15
1a839fe4-72ef-4443-b572-2fcb9787be71,q_lt_q20,42.85,38.9,18.15
1aa8057c-7be4-4c7c-8a7d-0616effaea2b,q_lt_q20,46.5,29.65,23.55
1b3f24d1-2c00-48b9-8eb9-79ed40b1a9e7,q_lt_q20,48.2,30.35,21.1
1b49a5a7-f6c5-4fc7-b919-b6fc3eb05a77,q_lt_q20,47.7,30.1,22.1
1b5206df-b717-411b-982c-9b6b26418156,q_lt_q20,45.45,31.95,22.85
1b5d160c-b736-4a4b-b8e1-9a6a95d92307,q_lt_q20,43.1,31.85,25.05
1c1c7743-d410-49e6-a57c-4bfa9097eac7,q_lt_q20,40.45,39.05,20.15
1c1e42b5-f8e3-4811-b5cc-37330e028d61,q_lt_q20,44.05,32.1,23.85
1d211ed2-1bef-4d80-8ec6-57b0b37fe51b,q_lt_q20,39.65,37.7,22.45
1dd7b0f3-1823-4183-8286-77154d751b96,q_lt_q20,48.15,28.6,23.1
1e0926fd-67ec-4644-bad7-f61af239db7f,q_lt_q20,58.4,24.4,17.1
1ec252f0-998e-4674-8b7a-4925957b4df9,q_lt_q20,48.05,25.95,26.3
1f063d6d-d832-4386-b15f-025e0bc3e674,q_lt_q20,39.45,37.35,23.1
1f6aa0a7-531d-4588-9092-048f528cd772,q_lt_q20,33.55,44.75,21.4
1fede3ae-8d65-47ae-b9a9-2aab05fdda29,q_lt_q20,51.5,32.2,16.95
20152e19-e61b-40ff-ae0a-bfd520b41ad1,q_lt_q20,49.35,29.65,20.7
205a2b96-d9cb-4e0a-9b45-32b2fbf6192c,q_lt_q20,44.55,33.1,22.55
208f1b0e-b937-43be-937d-fb64e90b12f2,q_lt_q20,37.95,38.1,24.1
20940d11-3691-429d-b9e1-62646f8e3e71,q_lt_q20,44.95,34.75,20.3
20d44942-095a-4f57-9c80-537c5ac2f0de,q_lt_q20,40.35,33.4,25.6
2134c5d5-e2bb-4c03-bde5-f39a082e2b95,q_lt_q20,54.35,27.1,18.85
213d70b2-894b-406b-9dc3-31d3ccec7f54,q_lt_q20,50.25,30.9,19.4
2231adf7-22c8-4290-af00-a97b688a4574,q_lt_q20,32.9,42.8,24.8
2234c370-5154-4bb5-aae6-b7606120f917,q_lt_q20,50,27.45,22.85
2258aa15-417c-49cf-a3ba-f23e7a75d2f0,q_lt_q20,37.5,32.5,30.1
226bb174-6c53-4c84-a455-801c438b3969,q_lt_q20,46.2,29.4,24
2292891b-9138-44a5-a7e1-d31f4c4b7e73,q_lt_q20,45.85,34.3,19.85
22a659a4-6b53-49cf-9518-aec23de5de53,q_lt_q20,59.7,24.95,15.95
22b06666-bde7-49dd-a29f-559c4bed672d,q_lt_q20,28.65,46.05,24.9
23312df2-1dd7-41d4-b5e7-fb675bb070c0,q_lt_q20,42.95,38.35,18.7
23d8a627-dd63-47a1-a3ff-435a573da869,q_lt_q20,47.25,34.6,17.95
24066dfc-316c-4093-b236-57b9d675150f,q_lt_q20,42.55,37.95,19.9
244c170e-922f-4e33-8b7d-d02dd50888d3,q_lt_q20,54.25,28.6,17.15
24734dfe-df3d-43fc-acda-77cbdbc2988e,q_lt_q20,32.4,37.5,30.25
24cb6c6b-c859-4a45-b651-1468b010af70,q_lt_q20,40.25,34.5,25.25
24db5f34-18b3-46c6-aca8-f25c6c4af017,q_lt_q20,49.4,30.9,19.3
24e09f89-9598-468e-bdad-12cd705a93a9,q_lt_q20,36.55,40.35,23.75
250bacb0-6ff6-4252-b0ff-e4e3bd2c69ba,q_lt_q20,41.4,33.25,25.5
2530158f-c930-4664-acb5-ce38d19d3bdc,q_lt_q20,50.2,33.5,16.3
2629abeb-e504-49f7-9996-080f37e15930,q_lt_q20,60.5,21.4,17.8
26705c60-6bcc-4594-8222-1dfcdb3aebb8,q_lt_q20,57.8,24.3,17.85
26b52bb8-6524-48ff-9b5b-1af330302556,q_lt_q20,36.25,38.05,25.7
26e91f00-1139-4775-aac4-76c88f1bf1e6,q_lt_q20,41.45,35.25,23.6
26e91f00-1139-4775-aac4-76c88f1bf1e6_w1,q_lt_q20,41.45,35.25,23.6
26e91f00-1139-4775-aac4-76c88f1bf1e6_w2,q_lt_q20,41.45,35.25,23.6
2708da58-f4ea-46cb-943a-fcf3fa1ee9bc,q_lt_q20,49.2,29.05,21.75
2710c689-22a5-460b-b0cf-b8bd89e1fd12_151805001,q_lt_q20,42.2,34.1,23.85
272fc811-86a6-4abc-b6e0-7ee3661744cb,q_lt_q20,35.5,37.75,27.6
274563e1-9a34-42b0-8722-4518c40dee10,q_lt_q20,35.25,36.15,27.85
279d5197-0819-4a62-89be-0aa177425e62,q_lt_q20,36.9,36.4,27.15
27c3e7a3-3357-478d-bdd5-17a3739cbc2c,q_lt_q20,30.25,42.25,26.65
280e15ee-d656-40f0-be7a-a144770a6744,q_lt_q20,43.6,35.5,20.9
2836432d-1548-49d1-9330-dd4ce973a3e0,q_lt_q20,56.25,23.8,19.55
284ea1dd-ee32-47ef-8cbf-4b001775f8ed,q_lt_q20,32.95,42.5,24.55
28b63ceb-b74d-46ea-ad0a-1be320ce6878,q_lt_q20,49.8,29.05,21.55
28bb36cf-291b-45e7-b6de-52817e2b2417,q_lt_q20,41.95,34.5,23.5
29434d59-1597-4783-b0b6-9f9a821d30d8,q_lt_q20,38.1,37.55,24.4
294ff705-db4d-418c-8f48-231d8a1b912f,q_lt_q20,47.55,27.7,24.1
2983dfe2-9418-432c-b61d-a231c0b10b67,q_lt_q20,39.1,33.05,27.45
29c364fa-5f64-4622-b309-54f6243aaa83,q_lt_q20,27.4,47.05,26
29ee4ab6-deb1-4995-8d97-a781ec020966,q_lt_q20,41.6,33.15,25.55
2a87d87d-fcb7-4a46-9363-fd07fb25752a,q_lt_q20,45.65,28.8,25
2a9abb32-0887-4ea5-86cf-cc14cce7dc3a,q_lt_q20,56.8,23.5,19.7
2ab16180-81f3-4694-8236-0ad3610bf012,q_lt_q20,52.2,30.35,17.45
2b62e149-59e0-47e9-8650-dabee432da82,q_lt_q20,43.25,34.85,21.9
2bae7d6b-cd13-4db3-b2e2-aae042af76e3,q_lt_q20,28.75,43.55,27.25
2c255217-b063-4577-8f6a-f64d81c504ca,q_lt_q20,30.25,41.1,28.8
2c273c6f-080c-46f5-b764-e6f8161ce2c5_2469TH,q_lt_q20,46.7,30.25,22.55
2c33f2cb-1ad0-4f06-be13-24a5d83ad86a,q_lt_q20,47.2,31.8,21.7
2c7641ce-5071-4dbb-a20f-1c7d32a1945d,q_lt_q20,42.35,31.1,26.1
2c8a3836-a281-4a0e-b196-e7be47c80ddd,q_lt_q20,47.1,32.6,20.55
2cfe8824-6390-42cc-91c5-10718aa0ab03,q_lt_q20,38.7,31.8,29.95
2d12f3ed-1ff2-4622-9d7d-bd6483bd1e4f,q_lt_q20,47.2,32.85,19.55
2d37e684-7d68-4844-8353-05ada0054d29,q_lt_q20,44.1,32.5,23.4
2d88723b-45f6-46e2-b662-6b2573a7fba7,q_lt_q20,35.25,40.9,23.45
2d91e39c-81a4-4fbe-9a87-7bbec794ec87,q_lt_q20,27.5,43.8,27.95
2da4b74c-418a-4af1-bee6-bbab9ebaef5b,q_lt_q20,52.4,28.4,19.6
2de0b16b-56ea-4fdc-86eb-e813119dc006,q_lt_q20,55.4,23.6,21
2df2593d-17b3-4251-8145-5a7fb0fdf93c,q_lt_q20,43.85,36.4,19.75
2e224cf2-9423-4a4e-b719-f56d6454bc6b,q_lt_q20,40,36.9,23.4
2e4cd2b4-2d48-4ff5-882c-5ce9638491e9,q_lt_q20,51.35,33.45,15.2
2ea3c543-66af-4a63-a413-bdba8a81c8d2,q_lt_q20,45.35,33.65,20.9
2ec41641-3875-4613-8d97-2ddbe6b1a4ad,q_lt_q20,33.6,37.25,29.15
2ec6d59e-e3c9-453d-9c1b-2ea1fcf4d6d9,q_lt_q20,40.5,29.9,30.15
2edbe952-2f6e-403d-8dbe-5ace4a11c949,q_lt_q20,44,35.95,20.1
2f13612c-ff31-43d4-9673-4ec0097517cd,q_lt_q20,31.1,43.15,25.75
2f6eea72-5e1e-474d-bcb4-d4b078ee2e90,q_lt_q20,29.6,38,32.5
2f7f2a98-d13e-40c9-aa30-5ec1ef326c17,q_lt_q20,53.35,29.5,17.05
2faa1eb2-effd-4ce5-b700-2b766736b7b5,q_lt_q20,55.8,25.25,19
2fc04620-13e1-46a2-83a3-17dc75b5daf6,q_lt_q20,46.35,27.3,26.2
305bad2c-6aa6-417d-a101-698edc850bbd,q_lt_q20,57,25.6,17.1
30a48024-6672-49cd-9244-df510f46d422,q_lt_q20,36.4,34.65,28.25
313ae80c-424c-4907-a89e-b1eea12f028b,q_lt_q20,49.4,32.15,18.75
31612a61-a7aa-4e37-8992-91be614b07b8,q_lt_q20,53.95,31.3,14.75
31612a61-a7aa-4e37-8992-91be614b07b8_692421,q_lt_q20,53.95,31.3,14.75
31eb9af5-6e07-4f03-ae21-5a1c05fb6d27,q_lt_q20,39.55,38.35,22.55
3213ee95-4334-4bef-bfd6-62d1ce8f2493,q_lt_q20,44.9,31.35,23.85
3281b3cf-9010-4f38-8fec-8f8ba1343ea3,q_lt_q20,29.85,36.5,33.7
33b613be-70df-4574-893e-f54443627dc1,q_lt_q20,40,39.6,20.25
33b6b059-e8d7-43dd-ac83-7b8dfc4e62f1,q_lt_q20,49.1,34.8,15.7
34202203-d1dc-4812-843a-715467152795,q_lt_q20,31.4,43.75,24.85
3435c742-67ba-42d0-8e82-b8bee647c87c,q_lt_q20,45.35,33.5,21.25
34c9bee1-1499-4dc8-a567-a63543d8c509,q_lt_q20,37.3,36.35,26.15
34d2f579-82e0-468f-97c8-962cf792e6e9,q_lt_q20,47.2,33.4,19.4
34e23121-3c10-454d-80dc-45d824b9e2cf,q_lt_q20,44.45,30.45,25.5
351f05c7-7a89-46c0-9d8a-dc56c5f7b42d,q_lt_q20,44.55,34.5,20.95
35697b00-555e-48e6-9c48-ca035a78eae2,q_lt_q20,33.55,37.9,28.55
35b916f9-d420-425f-807f-f927415db702,q_lt_q20,41.45,32.95,25.7
35b916f9-d420-425f-807f-f927415db702_033137,q_lt_q20,41.45,32.95,25.7
35ca5784-fbba-4f28-9e24-0e7aa587a6cb,q_lt_q20,46,33.5,20.7
35d60d64-c511-444d-90bc-c5659d860583,q_lt_q20,45.9,31.9,22.6
361104f3-589a-457f-aa4e-0a99257c6431,q_lt_q20,37.8,36.55,25.35
361104f3-589a-457f-aa4e-0a99257c6431_032006,q_lt_q20,38.2,36.95,25.3
361ea25c-e13b-4577-8689-2f3bfc3199a2,q_lt_q20,57.95,26.5,15.35
36515ff1-a12b-4834-967a-582032db3775,q_lt_q20,59,23.2,18.1
36b31933-6c0f-4c7b-af02-cc18c3f1c198,q_lt_q20,44.55,35.3,19.75
36f2a050-98cd-49ae-8bdf-135dfacaeafd,q_lt_q20,45.45,34.65,19.9
3704471b-d540-4c2e-a092-96bc5d398ecc,q_lt_q20,48.35,29.95,21.7
370cba4c-c28e-4063-aaea-a99575c408b6,q_lt_q20,46.05,30.2,23.75
3742febf-be91-48d6-b6af-35d083c65099,q_lt_q20,48.8,27.95,23.35
37630f14-38e0-4e6a-a420-c1c0cc0d7ef5,q_lt_q20,45.5,30.85,23.25
3769621b-8599-4bcf-b5f9-1017619dbed2,q_lt_q20,53.5,26.5,19.55
37772543-7410-45ad-aa14-75d97aaffe1d,q_lt_q20,44.55,33.7,22.1
37f9d60e-0bdc-4578-b03b-77103b250a09,q_lt_q20,49.9,26.7,23.4
37f9d60e-0bdc-4578-b03b-77103b250a09_1090_w1TH,q_lt_q20,49.9,26.7,23.4
37f9d60e-0bdc-4578-b03b-77103b250a09_1090_w2TH,q_lt_q20,49.9,26.7,23.4
38131efd-7c79-4c3d-8657-6a6b18ba4b5c,q_lt_q20,47.3,32.1,20.85
3890b597-f8f7-47e4-bedf-bef126dccfc3,q_lt_q20,34.8,34.2,31
38c8cce6-4153-40e2-a91b-064b66fac61e,q_lt_q20,45.8,29.5,24.7
397596af-decc-4bd6-9566-65abdad18f10,q_lt_q20,45.1,34.6,20.55
3982df4e-f922-4bd7-9fc1-cb01d240d0a8,q_lt_q20,50.95,31.45,17.75
39aabc65-42d9-4062-857f-aa2b8290125f_033237,q_lt_q20,41.45,32.95,25.7
39b187a7-a027-4625-a7d8-bd4b9850020f,q_lt_q20,29.8,43.35,27.4
39b9499d-25bb-46e5-83d6-5c97a39b9bdb,q_lt_q20,44.95,34.35,20.35
3a1eb751-eb8b-49ae-b6d7-89ac8d9a2e9a,q_lt_q20,32.6,41.95,25.45
3a387080-0ead-4df7-9d77-e7374f796d60,q_lt_q20,40.25,35.25,24.85
3ab02013-e0a1-4215-96f2-22f078b21f21,q_lt_q20,31,41.6,27.55
3add181c-2a69-482b-b2f3-179f26f7a211,q_lt_q20,31.05,40.4,28.65
3b5fce31-211e-4999-b7b5-b9fcf1e1ae3d,q_lt_q20,37.8,40.35,21.7
3bb833ed-3e1d-4ed4-b2ff-04eea975f0d4,q_lt_q20,48.95,33.9,16.6
3bc1b3da-2859-41b2-9f9f-6ab2b1023572,q_lt_q20,51.25,30.35,18.45
3bf40265-657a-44f4-90e3-e1e437d3c801,q_lt_q20,32.9,41.25,25.85
3c43b72d-03a7-46e1-86c7-76dd97808544,q_lt_q20,49.85,24.2,25.8
3c4d4f78-2d0e-474a-b884-65a9daca18fb,q_lt_q20,39.8,38.3,21.7
3c5cba29-2321-4289-a1fd-c355e135f4cb,q_lt_q20,34.1,42.3,23.6
3c66c370-e349-4093-a596-9671726bdcba,q_lt_q20,40.05,35.35,24.45
3c6b6e7d-78d1-414c-899e-59a2bbabdce4,q_lt_q20,45.4,31.5,23.5
3cdb0ed3-0644-45f1-b6fb-7c1944578bf6,q_lt_q20,54.5,24.3,21.7
3cfd9161-7727-4047-9d63-af0a194620fa,q_lt_q20,39.4,40.65,19.65
3d00208c-2ec1-4a84-9b0b-5b27b0fc6b7c,q_lt_q20,52.2,27.65,20.15
3d095df8-dd9d-4b1b-8cb3-39982654c9b4,q_lt_q20,47.55,33.7,18.7
3d09c454-540b-4fb3-a5fb-072c33cf8c4b,q_lt_q20,43.15,36.6,20.15
3d267027-145d-4577-9f8d-6ad5552463b2,q_lt_q20,37.1,41.55,21.35
3d58bebc-71b1-4ecb-8605-84dbc13a15b7,q_lt_q20,39.8,31.55,29.15
3d79ad94-708d-412c-89d4-dc8c0cadcc01,q_lt_q20,58.55,22.05,19.8
3db09b08-5c7e-4f20-9363-2691eba109f8,q_lt_q20,49.55,26.4,23.7
3df68add-46f9-42e7-8439-290f63e195cd,q_lt_q20,34.5,36.8,28.3
3df7a9c3-d40c-4781-a885-5f6b7abdb86a,q_lt_q20,52.4,27.9,19.8
3e6fbf1a-f3f3-4dcf-a6fb-84a70cb6d12d,q_lt_q20,44.5,37.2,18.3
3eb60c5b-875e-46e7-b8d9-b1208d023bc4,q_lt_q20,35.5,42.15,22.35
3ef2040c-0c9a-479a-9899-460304231ce2,q_lt_q20,37.1,39.25,23.75
3f391994-18fd-4dc1-8e0f-98b18a35512e,q_lt_q20,32.55,43.25,24.2
3f4f88f1-b79e-4d98-ad5e-adcec06d3f00,q_lt_q20,41.9,30.5,27.75
3f750cca-ba3a-470e-b320-ea12543343c1,q_lt_q20,50.5,28.95,20.5
3f823183-2275-444a-9896-981be95ff3bf,q_lt_q20,38.55,41.2,20.55
404429da-b05c-4c95-98ee-4941b2133cb6,q_lt_q20,39,36.5,24.4
404d5331-0547-4b32-ba64-68766a5cc6d4,q_lt_q20,47.55,35.1,17.35
406a65e7-477b-4964-ba9b-47e452eca166,q_lt_q20,59.15,20,20.85
419bbe86-e02d-4dd7-b266-c51e8eb584bd,q_lt_q20,31.25,42.8,26.35
41a2a5d6-935d-441e-a733-a0837839e344,q_lt_q20,54.55,24.15,21.6
41d13879-a145-4975-83bc-1aa9878d2fb5,q_lt_q20,45.05,32.35,22.6
41e8d62c-acc8-43a2-96ab-d9c90422df69,q_lt_q20,30.5,38.65,30.3
420be20b-d2fe-40a7-aebc-cb270956eca6,q_lt_q20,44.15,31.8,23.35
42968a1f-9f4e-4162-896d-39acbb55e58b,q_lt_q20,50,31.95,18.2
435a330f-ef10-48ce-babf-7b08ad9d45c5,q_lt_q20,38.4,32.35,29.25
437d2a8e-0946-4b22-9594-78ffbe4a104e,q_lt_q20,54.05,32.1,13.85
4389ee79-c789-4ad7-aa83-f79b28f51448,q_lt_q20,33.2,35.8,31.4
438e6059-f150-4dea-b17a-b21cae02ded7,q_lt_q20,55,31.2,13.8
439b85d9-21c4-4ae9-839f-5b31d1625aba,q_lt_q20,33.1,39.8,27.05
4485824a-191e-4504-b0e4-7fa2e2119fb6,q_lt_q20,26.6,46.2,27.4
44d1a036-0174-4c14-9edd-a49e123d1495,q_lt_q20,39.4,35.65,24.95
44dca848-5f5c-49d1-bfe3-35b1fbe13cff,q_lt_q20,34.65,34.55,30.8
4517b5e9-60a5-42fe-b3ca-41c1d82decc6,q_lt_q20,58.9,22.3,19.45
45d53742-1190-4e76-b9b8-5bb6ecf9bb55,q_lt_q20,34.4,40.55,24.65
4662701f-d016-44e9-8fe2-e50064e5e924,q_lt_q20,45.8,36.4,18
469d01ff-5fcb-4611-a640-812d59f68be6,q_lt_q20,43.25,37.05,19.7
46f322df-e4b4-454b-9437-d94bb2636739,q_lt_q20,34.25,41.6,23.95
4736e10e-0707-4e0d-89f2-a485a017a231,q_lt_q20,55.85,25.05,19.1
4747aea7-d2e7-41b4-b658-3242ae1c0eb8,q_lt_q20,43.65,31.35,25.4
47886d4e-a7cc-4a67-85b0-5bf685aec358,q_lt_q20,45.3,34.05,20.4
47c4f71d-7016-4adb-b0e6-e84178f82a43,q_lt_q20,38.4,33.4,28.2
47ed0d00-d4ab-4f3a-84c9-c9571d1a1cc1,q_lt_q20,49.1,31,20.05
4818c69b-9ed1-4ac5-9a8f-67f2757171ba,q_lt_q20,44.3,36.2,19.5
481f8042-997a-44cc-b425-51340d4cee9c,q_lt_q20,45.85,32.35,21.8
48513a18-e485-4317-ae92-93bf4f7f3e54,q_lt_q20,38.45,40.35,21.65
486b6f10-b986-43dc-b2e8-1a83c15d4051,q_lt_q20,38.95,37,24.1
4879595c-8a89-41e4-8b6a-00db4b4312ea,q_lt_q20,49.55,33.05,17.45
48a3cf15-34e1-4429-b1a6-64f12992c076,q_lt_q20,30.1,43.15,27.05
48f022f0-31d1-4e13-98f0-f70aacd05ca3,q_lt_q20,37.95,38.3,23.6
4938555f-b1ec-4d7c-8c40-211177987e14,q_lt_q20,42.7,39.7,18.25
494645cb-c766-4b71-bd70-dc69fe8e7778,q_lt_q20,40.7,36.15,22.95
497b4131-a273-4e6b-a0ad-27a8dd0b559e,q_lt_q20,33.75,39.55,27
49aac0d2-d8f1-464f-989c-2564e4891401,q_lt_q20,50.65,29.25,19.55
49ef0934-49fa-4150-b1d2-83b14f6e3724,q_lt_q20,38.1,33.5,28.45
4a5d6a89-7891-451d-8c2f-0eba9ff7b71b,q_lt_q20,25.95,47.65,26.85
4aa5c9c6-09d5-4bec-a939-caf6c12b978d,q_lt_q20,48.95,34,16.5
4b146acd-5118-4e14-b23a-13405168a010,q_lt_q20,33.75,43.8,22.75
4b6b5531-e867-43a1-ac24-ec8868795699,q_lt_q20,49.35,30.2,20.85
4b7037a6-a12f-4648-9923-cc7583262bae,q_lt_q20,49.15,28.25,22.35
4bdbb09a-1604-4280-95f7-a245f4fec445,q_lt_q20,29.7,40.05,29.95
4c0ab2d3-ff26-47a2-bdce-abfbb07c6e0a,q_lt_q20,51.8,27.35,20.45
4c69a7bf-1c64-4695-a127-513223ba81a1,q_lt_q20,35.6,40,24.4
4d26d073-72fd-433d-811c-c964779ac260,q_lt_q20,48.75,29.15,22.65
4d6127c2-e324-4177-b13a-068d150f3a5c,q_lt_q20,53.5,27.95,18.85
4d693468-3dc8-4013-9fe9-a8125199be8c,q_lt_q20,30.6,43.6,25.7
4d7543c9-7b18-404e-94bb-c6cceabfd5a2,q_lt_q20,44.1,36.5,19.4
4d9c0d31-89d2-4330-994c-1376cdcb56c6,q_lt_q20,52.5,28.65,18.9
4d9c9969-529b-4990-850c-3a3cb03eb110,q_lt_q20,58.5,27.7,13.8
4e7e6fd4-ee52-4b9d-aac7-626af67cc5ac,q_lt_q20,41.3,32.15,26.1
4e87c615-767d-4b34-94c1-ca47926f6a70,q_lt_q20,43.1,29.65,27.25
4fa30952-af41-49a4-bedc-6ca392f09bda,q_lt_q20,50.2,27.8,22
5073a5e4-da20-402d-85d2-904619b9d788,q_lt_q20,57.8,25.15,17.05
50ee96d1-bb64-4c3d-abe9-6bdcb08764f2,q_lt_q20,33.95,34.75,30.7
51190ba2-682a-493c-bf93-918c8221d81e,q_lt_q20,47.9,27.5,24.15
514b2430-a3cd-46f1-a2d8-e721f3206709,q_lt_q20,34.5,40.35,25.25
5174c02a-40ec-4d32-bab8-f2f83d8ec43e,q_lt_q20,41.4,35.4,22.65
52814202-3a6e-475d-a6ee-ee5050b9342d,q_lt_q20,38.45,33.55,28
5296b17d-6ed0-44f5-bf45-4d5fc5179ace,q_lt_q20,26.8,44.45,28.75
52b2cda2-737f-474b-b36b-42be186bdc2a,q_lt_q20,34.25,41.6,23.95
52cd7d3c-b978-4f25-bb06-6b0b2ddc8cd3,q_lt_q20,32,44.35,24.05
52cf243f-5610-421a-94d4-f3b715fcef81,q_lt_q20,42.45,28.7,29
532a2993-7275-4050-8df4-b2314bc4f8e0,q_lt_q20,45.5,37.15,17.25
53450672-fa32-414b-888a-fc5480aaf67d,q_lt_q20,33.2,39.5,27.3
535004f8-c455-40a5-8b19-f66c2d40831c,q_lt_q20,44.75,34.6,20.25
535584fb-878b-41fb-a940-b97bdbd1bd8d,q_lt_q20,39.4,35,25.5
54287cee-bbdf-4ae8-b5bb-e07858190af9,q_lt_q20,37.55,35.65,26.8
544f2ad9-d14f-403c-bb42-abd8d5acfc8d,q_lt_q20,49.6,29.4,21.3
54a2c462-fc61-49fb-affb-9d80607588c5,q_lt_q20,33.05,42,25.25
54b5af26-6f8f-46a9-8b6e-33d50b109e0c,q_lt_q20,51.4,28.75,19.45
54b8c99b-9301-4361-9edb-17abdf585144,q_lt_q20,50.25,25.9,23.45
54d2b82b-cd8a-4fae-bde4-c11d9fb80af7,q_lt_q20,31.5,38.8,29
553c2147-bb82-4d86-8f0a-00b892d3c314,q_lt_q20,44.9,35.5,19.5
56493f12-16e9-4748-8a3d-7046a1fc93ee,q_lt_q20,50.65,35.2,14.15
5741da2c-ee1d-4390-829e-30c414aa0989,q_lt_q20,53.2,24.95,21.85
57b5cc50-50e7-401c-9071-9c60fc84e727,q_lt_q20,45.85,27.1,27.65
57e4ead6-f356-458a-86a2-22901eccab1d_432613,q_lt_q20,45.35,32.9,21.7
57e4ead6-f356-458a-86a2-22901eccab1d_432620,q_lt_q20,45.35,32.9,21.7
57e8d163-310e-4d4c-a0f2-86055cc91da0,q_lt_q20,42.7,37.9,19.55
584639e2-90cb-493d-8edc-b66eda95d788,q_lt_q20,34.5,45.95,19.15
584695f9-3854-4ba7-b2c7-973bd9c110fd,q_lt_q20,45.2,27.4,27.45
585e49e0-7070-4d85-9c52-ccd18a5a1e65,q_lt_q20,34.8,40.4,24.35
5869ac48-cbf9-4c83-8617-807b406df954,q_lt_q20,36.6,39.65,24.1
588e6dc1-a77f-4961-9085-4b2617acb48e,q_lt_q20,39.95,37.3,22.4
58a99fce-51ea-4467-a5b3-5348997b920b,q_lt_q20,46.85,32.95,20.2
58bbe65d-7372-4494-b5fc-c23788787ae7,q_lt_q20,52.4,29,18.7
58c114c5-cc50-4bad-be18-27b2c6a42a67,q_lt_q20,52.1,28.85,19.45
58f572ff-9fd1-4ebd-a05d-faf9e5c68fb5,q_lt_q20,52.9,30.25,16.7
5933256d-4f27-44aa-b275-d8cc8927b7bb,q_lt_q20,41.65,35.65,22.7
59abc346-440f-4d10-8da5-53d254437b98,q_lt_q20,25.95,49.3,24.65
5a86361b-f14b-449d-a091-8b7fe36c78f1,q_lt_q20,36.7,39.75,23.45
5ab499ce-a1d3-4b84-822b-4da15bb79bf4,q_lt_q20,42.25,35.6,22.1
5b0b598c-6bec-4b5b-b5fe-39d95f837e9e,q_lt_q20,45.95,34.2,20.7
5b0b8aff-bc71-48c0-b290-0f9a244ddfa1,q_lt_q20,42.55,36.95,20.1
5b5cf85f-c7d5-4885-ba0f-9e6363ff8730,q_lt_q20,37.25,40.8,22
5b9e9503-32e2-46ea-a713-be0f283c23be,q_lt_q20,41.25,38.05,20.7
5e453c99-a8bc-4562-984d-e60882b43bb6,q_lt_q20,38.65,38.6,23.55
5e6d925f-3102-444c-a748-1dbec611e1dc,q_lt_q20,36.8,35.35,28.35
5e7a837d-d95a-4e0f-999a-402ef9b8afdd,q_lt_q20,49.25,28.3,22.15
5ea01221-9252-4e29-b92c-9b452255b5be,q_lt_q20,45.05,36.4,18.55
5ec01a0f-6e08-4589-8b88-b6bd3f6457b5,q_lt_q20,41.8,32.95,25.15
5ee84750-6fbc-4cb7-9695-b30806127095,q_lt_q20,39.7,37.9,22
5f1235ee-0b1a-440b-a49a-ee006039623d,q_lt_q20,43.5,37.85,18.65
5f23ee39-cca5-4cf3-a793-a3098db4b071,q_lt_q20,41.85,36.45,21.7
600d33ba-8994-4b3c-92fa-1c25fb3e263b,q_lt_q20,39,39.3,21.55
605097d0-d67a-4e16-969a-e5fe8bbd7fd8,q_lt_q20,50.85,26.75,22.1
6078ba41-0d4f-4053-aaea-25d628b1d97f,q_lt_q20,58.65,20.45,20.85
60914c18-1838-43e3-92c3-62765dfc7a99,q_lt_q20,29.45,40.4,30.25
60a090a3-f93b-4065-a56e-ff64e6eb5f5e,q_lt_q20,51.4,30.75,18.3
60ce0c60-fc75-4465-8170-938241cd4424,q_lt_q20,43.8,31.5,24.65
6152bfd2-a1e8-408c-abd4-076bee104444,q_lt_q20,47.55,34.3,18.15
617d7d56-051e-4357-bd12-5ed0a71fa78d,q_lt_q20,39.25,33.05,28.4
61e27217-2d9d-40b5-ba69-e033ad60f7fd,q_lt_q20,40.05,37,22.95
61ef523d-8df4-43db-b8ca-c9a399290cd8,q_lt_q20,38.2,36.7,24.7
624d4674-67a2-4537-874a-235e8958203a,q_lt_q20,37.3,39.8,22.65
62f76bbe-e070-4f9d-a6b4-b975e4fc5e2b,q_lt_q20,46,35.45,18.25
632f8a0c-8561-471e-96ef-d49e35c343a1,q_lt_q20,33.1,45.95,20.85
639afc2f-44bf-467a-a8f0-95a74c573f27,q_lt_q20,47.95,31.05,21
63b6ae06-60fc-4e92-8337-aa0e5fdd7e79,q_lt_q20,50.7,28.65,20.55
63b8893e-1cef-40bc-8755-c0c4fe3e69dd,q_lt_q20,50.4,28.05,21.55
64118c69-e564-40c3-9fec-0e6047e955b9,q_lt_q20,46.95,31.1,22.2
649eb398-029b-4ebc-bb4d-e36ee07c234e,q_lt_q20,38.25,39.8,22.5
64dc008e-79b9-4f5e-8c4c-033833c42b89,q_lt_q20,44.35,35.65,20
64e8e5a8-214d-403e-8e00-d788ab94947a,q_lt_q20,37.1,40.65,22.5
64ef32d2-8077-46a8-9217-9194fb18f8bd,q_lt_q20,32.65,42.05,25.35
655a16a0-8498-4b83-a8f6-6816952b2262,q_lt_q20,42.85,34.35,22.5
6582279b-c752-46a8-ae49-60ceec40a309,q_lt_q20,40.35,37.55,22.1
65b8dffb-ee80-4b9b-b2ba-4670d2ba06c2,q_lt_q20,50.05,28.35,21.15
65d8a904-f927-415c-b501-a4f8e3325e9e,q_lt_q20,34.65,42.4,22.95
65e90cf2-5420-4521-a180-4d8750786e04,q_lt_q20,40.25,39.95,20.15
6655e67c-b0ec-43b4-9ab0-15efa569578a,q_lt_q20,53.4,26.7,20.15
676110a1-e3c3-4965-a9da-82f6a1954ed4,q_lt_q20,38.95,36.2,24.85
676110a1-e3c3-4965-a9da-82f6a1954ed4_032207,q_lt_q20,37.35,37.5,25.85
676110a1-e3c3-4965-a9da-82f6a1954ed4_032807,q_lt_q20,39.95,34.9,24.8
678aa360-300c-4c54-a3b1-47604cb60971,q_lt_q20,39.5,36.8,24.1
67b89572-9b04-42a9-a629-fd8c7e302495,q_lt_q20,42.95,34.75,22.2
68903310-c62d-4434-a7d4-96e766335179,q_lt_q20,42.15,37.6,20.25
68db9881-47c2-4fd3-b08f-738aa59dcc3d,q_lt_q20,33.6,36.65,29.75
694320fe-4c8d-4aad-8d25-277cd44bf6de,q_lt_q20,46.5,36.35,16.4
6982424f-19ec-423e-b0b6-fd0158d666a3,q_lt_q20,34.65,35.85,29.2
69c693b6-12ef-43bc-a20e-74160a53350d,q_lt_q20,36.2,41.7,22.25
69f4b3e5-a487-4769-aded-0d72062428e7,q_lt_q20,36.5,37.95,25.95
6a856754-b3a5-45ef-b806-51f0392b17ba,q_lt_q20,32.9,44.05,23.3
6add4e80-29ba-4ff6-9e5a-233795d59b26,q_lt_q20,47.6,28.6,23.9
6afb7ae1-8e82-402d-ac57-d5f658c6d114,q_lt_q20,37.7,40.8,21.4
6aff06c9-d547-4ee4-b62e-eee5e5efa01b,q_lt_q20,38.1,33.9,28.25
6b07847d-4498-448d-b27e-2057bfca19bd,q_lt_q20,49.8,28.95,21
6b0cab32-b905-4f3c-a554-cd5176c5d2e4,q_lt_q20,39.75,32.75,27.5
6b145dc7-2400-45af-9e0e-acc59245a20a_030033,q_lt_q20,44.75,26.55,28.2
6b145dc7-2400-45af-9e0e-acc59245a20a_030233,q_lt_q20,44.75,26.55,28.2
6b62b651-1922-40b1-b2dc-b487a77c55b4,q_lt_q20,48.95,26.05,24.85
6b80bd1c-6c19-4c26-875d-108bf8ef1a84,q_lt_q20,42.7,32,25.65
6bf1cadc-3229-4c0d-afd9-5b1a73443ba6,q_lt_q20,42.2,36.9,20.95
6c1e8f82-a59e-42c0-ac91-c7e864e22448,q_lt_q20,55.4,29.8,14.8
6c67bb15-c4f3-4606-ad99-21295393de4a,q_lt_q20,54.8,30.15,14.85
6c6c174e-519f-4b02-9e3e-1737f2139417_445508,q_lt_q20,29.45,45.25,25.95
6c6c174e-519f-4b02-9e3e-1737f2139417_445509,q_lt_q20,29.45,45.25,25.95
6c6c174e-519f-4b02-9e3e-1737f2139417_445510,q_lt_q20,27.1,47.75,25
6c72f76a-b76c-4a28-8701-71cdca25c0f5,q_lt_q20,54.2,26.4,19.55
6ca98855-a69f-458b-b798-6283f7644857,q_lt_q20,34.15,37.9,27.95
6cb3004e-7ec5-4a98-91b5-b4d4c7ec17e5,q_lt_q20,48.85,27.8,23.65
6d071aa3-2eba-439e-9699-7735350f19cd,q_lt_q20,33.1,40.65,25.95
6dba8818-bd17-424e-8568-eb699874e76a,q_lt_q20,49.35,26.1,25.4
6dd5d77f-6994-40fe-be0e-815f7febde94,q_lt_q20,49.2,23.35,27.45
6e354c27-1342-485c-acad-79b15e41dcf0,q_lt_q20,39.7,38.5,21.65
6e4d9ef9-131a-4712-895e-52a05dc290e9,q_lt_q20,59.7,23.15,16.85
6e5781bb-8730-4bb0-a861-13480b399878,q_lt_q20,54.25,23.45,22.3
6e811b46-4cc5-4e55-a39c-b73f2a4f958e,q_lt_q20,47.35,32.8,20.3
6ef70833-cb0e-4853-81e2-c51459ed0034,q_lt_q20,41.2,28.6,29.85
6f286b61-6cec-4434-b00e-f1993059139a,q_lt_q20,37.65,41.05,21.35
6f727c14-422c-4b7f-922d-b430d9aa07a2,q_lt_q20,39,39.2,21.5
6ff82c44-bbf2-4593-8218-76569f550b47,q_lt_q20,43.2,34.35,22.3
7014b422-27a7-42b6-9619-5cd6fe16e5e7,q_lt_q20,26.7,46.8,26.95
706c7b23-1e8c-4d71-accf-77f1650c2d7f,q_lt_q20,40.8,38.85,20.8
708cd1a7-0d90-4511-95f2-51bf24c151f0,q_lt_q20,50.65,26.55,23
70a6e855-44fd-424f-b3e1-b9e46da57f1c,q_lt_q20,46.35,32.25,21.7
70e18a89-96dd-4a04-8163-fc685e92bb09,q_lt_q20,43.1,36.8,20.1
70f658a0-3d32-47db-a97c-ed5e25da46f2,q_lt_q20,37.8,39.85,21.8
710f623b-972f-40cc-8242-ae9bf21dea45,q_lt_q20,35.45,35.1,28.8
71702873-e90c-46c0-b897-c0558dbbf855,q_lt_q20,38.5,42.6,18.45
718c91fa-5dce-403c-b5c2-1b19763906c8_033061,q_lt_q20,38.55,34.5,26.75
718c91fa-5dce-403c-b5c2-1b19763906c8_033062,q_lt_q20,38.2,34.25,28.45
7195a80c-13e0-4d39-a39b-0495b789779d,q_lt_q20,52.55,24.15,22.85
71d40ef2-a19b-4bc5-99f7-28f3ddd0a637_2420TH,q_lt_q20,40.1,34.25,25.3
71d40ef2-a19b-4bc5-99f7-28f3ddd0a637_w1TH,q_lt_q20,40.1,34.25,25.3
71d40ef2-a19b-4bc5-99f7-28f3ddd0a637_w2TH,q_lt_q20,40.1,34.25,25.3
7237e282-1104-4e3a-bb60-795c90646313,q_lt_q20,42.25,36.6,21.25
723a8fc4-908b-4430-91c7-9990be86540a,q_lt_q20,47.4,37.8,14.65
72f71a49-eabf-4155-91da-3b4342731f42,q_lt_q20,47.65,28.25,24.1
731171e5-9ea1-497f-a462-82db2dcbb339,q_lt_q20,57.05,23.8,19.25
732d7a5d-7c75-4326-a488-b8169eec53e9,q_lt_q20,41.25,38.35,20.8
7337c648-a4bf-4f8b-80c2-2b17efdba8cd,q_lt_q20,57.75,25.35,16.9
736dd802-46b4-4864-ae7e-9c470d21ad46,q_lt_q20,35.7,41.55,22.7
7391ff74-74f1-4e29-927e-1a472e7925cc,q_lt_q20,40.05,37.2,22.85
73a477e1-f26a-41e0-904e-f8f39b65d7ff,q_lt_q20,50.5,31.35,18.45
73a68029-540a-4d62-9c2b-2a5ffba8c0eb,q_lt_q20,53.5,30.75,15.75
73ee60b4-ef40-4579-a060-db2312ea3ce1,q_lt_q20,34,40.7,25.3
7445ef55-5e25-43d9-9e85-83406670fc65,q_lt_q20,45.05,34.75,19.95
7453937b-088f-46d5-ad71-bdf9c9db0d48,q_lt_q20,34.35,36.25,29.55
74996a5c-4436-4480-ab2d-129515aecebb,q_lt_q20,27.7,44.95,27.25
74a2892f-8074-4d51-9a77-28de841606c2,q_lt_q20,29.45,41.9,29.35
7569bff4-df95-4bac-aec1-cc051cb0e77f,q_lt_q20,41.35,38,20.65
75dfeed5-d047-42f2-aac2-64574ed6d4e6,q_lt_q20,45.9,28.7,24.7
75ed9d12-9ca5-4607-8658-c80b979a1310,q_lt_q20,39.95,30.55,29.65
7663b8bf-5756-4c71-a6a2-727e4c7448a3,q_lt_q20,49.5,33.6,16.6
76722cf0-d87a-42cb-98a3-56f2893547d6,q_lt_q20,31.5,43.55,24.55
76769a31-93bc-4e10-bf2d-2ee642eb0f2c,q_lt_q20,43.85,39.75,15.7
767b8dda-849b-400d-9a0e-feeb101a74a7,q_lt_q20,33.6,40.1,26.7
7713b538-3915-4948-813a-c953c4162252,q_lt_q20,32.7,42.25,25.05
7720e91c-4b92-436a-91b0-6386e8792189,q_lt_q20,46.55,36.75,16.85
7765d509-e68b-4ede-8924-42b8bc5bf2a1,q_lt_q20,45.15,28.65,26.2
77b42c7f-1412-4ea1-8e85-7fc99b8ee3a3,q_lt_q20,37.6,39.05,23.45
77d381c3-f098-4b67-b0d5-0e08a548fe0e,q_lt_q20,51.9,30.8,17.65
78a37028-e8de-4835-825a-6957d26306cf,q_lt_q20,53.6,26.25,20.15
78d562f2-b455-4296-84b2-4e7f59471031,q_lt_q20,42.15,34.9,22.95
78df8fd0-4075-4296-8187-b25f3c53de52,q_lt_q20,29.45,41.5,29.2
79515906-3efd-424e-8e32-0db1873cb3a3,q_lt_q20,50.8,28.65,20.4
7963009e-7d60-45d9-9ab6-35c176111128,q_lt_q20,45.25,34.1,20.4
7998bf73-641d-4084-b00c-ca6989f2ba2b,q_lt_q20,41.05,35.35,23.6
7aec20ef-6d53-43e0-80dd-7431d5ce6495,q_lt_q20,37.2,38.65,24.3
7af24b77-0058-4a2e-bf8b-e058a09d3eb9,q_lt_q20,29.4,40.8,29.8
7b6deaae-91ea-46b8-970c-dcd4a0703391,q_lt_q20,44.9,33.8,21.2
7b8eea56-6cc1-42dc-8a18-c80bb003a37c,q_lt_q20,55.95,29.15,14.9
7bd95bb6-da33-4c5a-a80d-6951f423aeee,q_lt_q20,47.3,33.6,19.25
7bea321d-236c-4c21-a629-fe072db6056d,q_lt_q20,38.55,41.15,20.15
7c139149-6466-425a-a287-9f8fa1e049ae,q_lt_q20,46.05,36.15,17.8
7ca88e3b-d821-4093-951e-1ecd25e78ef5,q_lt_q20,45.75,34.7,19.55
7d7cd52e-eed7-46a9-800a-a4d05fe52b87,q_lt_q20,42.85,30.35,26.7
7e5119f6-fa25-41ec-bc7a-85dfab1ad3c4,q_lt_q20,42.1,33.55,23.95
7fec3a84-082c-45c3-a379-1949f2e5b15d,q_lt_q20,50.3,28.85,21.15
7ffdc72e-bc0c-4172-bfe5-342a11fe53e7,q_lt_q20,49.8,30.6,19.95
801b8458-b729-4f20-8b1d-32bd7db0dce6,q_lt_q20,36.9,36.95,26.3
80b9e7b3-f7a8-4411-8912-8098b1cde182,q_lt_q20,35.3,34.15,30.55
814e58ed-cec3-488b-9a99-cd0b3fa24a57,q_lt_q20,29.45,41.9,28.8
8179e32e-1239-4598-84da-c7db7ccff7cb,q_lt_q20,44.2,37.4,18.35
81d85b5e-36b9-4933-b6be-6c4d335ae556,q_lt_q20,52.85,27.45,19.55
8245803e-7926-4ff8-95fb-1f4b7be1d5cd,q_lt_q20,56.25,26.35,17.4
825e7c96-b693-4366-8e39-a7fc587d442a,q_lt_q20,45.25,32.6,22.15
8266a6c0-d144-4cc8-aa72-f53b6a0d7056,q_lt_q20,53,27.5,18.9
839866a2-80ca-42a8-a695-8e6d6b165fa6,q_lt_q20,48.8,31.8,19.8
848c236d-41d0-4222-bd32-21597635fdf3,q_lt_q20,35.55,41.9,22.55
848df754-3005-43aa-80ce-2dba4138e942,q_lt_q20,52.15,27.4,20.45
8496ce69-482c-406a-a2f0-ac418ef8f099,q_lt_q20,53.9,26.25,19.85
84998ce2-8f7c-451f-ab64-a79a1394e5b1,q_lt_q20,53.5,26.65,19.85
849b6df0-9cb0-4acc-b42e-59fc1071cb65,q_lt_q20,34,39.5,26.45
84c3ec95-a8f2-4fb6-8aa9-94f91f65b5a8,q_lt_q20,39.8,32.95,27.25
85aefe46-dde4-4338-9d3c-338754cbc0d6,q_lt_q20,43.95,33.95,22.1
8629fcab-66fc-4c77-aaad-7504dada9ff8,q_lt_q20,37.8,36.55,25.35
86993eff-b766-4bee-8ef3-e0a738008418,q_lt_q20,63.7,22.05,14.25
8722ba53-2c55-40e7-acdd-9b43a486d408,q_lt_q20,50.45,29.45,20.1
8736a5d8-133a-46cc-b277-b6a20b7fd88c,q_lt_q20,55.95,29.45,14.5
875ae38f-80e1-4377-bcfe-6c808dfabc90,q_lt_q20,40.7,38.05,21.7
87aeb75c-15d4-4cbf-a125-0bf053e46a07,q_lt_q20,35.5,36.5,27.8
8820d897-a09e-4857-8095-5834fee6962f,q_lt_q20,44.35,34.65,21.5
887950f8-6b72-48c3-8f25-b32c6a0e688b,q_lt_q20,37.3,37.95,24.6
888a1773-405f-4da4-a35a-60fac8a5c930,q_lt_q20,34.5,34.1,31.15
88bdbcaa-28c4-44db-97f7-0a60d22a4e08,q_lt_q20,35.15,45.1,19.8
88be649b-6ea9-4daa-b81b-7767cbc5b995,q_lt_q20,32.25,42.9,24.45
88ef1864-14bd-47e0-8bb3-bebc8e97e706,q_lt_q20,50.1,29.6,19.85
89111009-6453-44ca-a7e6-529df0d9904a,q_lt_q20,44.4,34.95,20.75
895e30b6-b92a-4ef1-8735-e7dbd2dd573f,q_lt_q20,56.65,24.6,18.6
89ccf565-fb71-43b7-8dba-d843e01363c3,q_lt_q20,45.1,31,23.9
89d6ea36-cd33-4c77-84a8-d5629f9c075b,q_lt_q20,51.55,29.05,19.8
8a02b242-5805-4750-b141-c8bfd6028c18,q_lt_q20,48.2,28.25,23.55
8a2ef48d-ddc5-4643-a1cf-2da54a045d8e,q_lt_q20,48.1,33.2,18.4
8a2f47f1-711e-4805-8536-a49bfda4d06c,q_lt_q20,41.4,37.4,21.7
8afc6e20-b0bd-4b79-bf65-345dac8cafee_1290TH,q_lt_q20,45.15,32,23.15
8b07239d-fb98-4f27-b182-def7799b6c34_2044,q_lt_q20,46.1,28.75,24.7
8b07239d-fb98-4f27-b182-def7799b6c34_2052,q_lt_q20,46.1,28.75,24.7
8b386e12-f3d1-4a0b-9e01-3d4367bc9bc1,q_lt_q20,46.85,33.9,18.85
8b58ed93-f08e-450f-9415-2b8cf912118c,q_lt_q20,33.8,36.25,30.8
8b660fe4-779a-401b-b077-651a85fa7750,q_lt_q20,28.35,46.25,25.25
8bbc9d9a-3124-434e-942b-264e805241de,q_lt_q20,59.8,24.7,15.2
8c0977fe-d8fe-4d98-83ab-7916cbd2eb83,q_lt_q20,33.85,37.8,27.8
8c15c0b7-41f7-45f4-a741-ae32b86ee49b,q_lt_q20,53.7,29.3,16.6
8c5ed87f-13b4-450d-957f-5df4e4b05018,q_lt_q20,48.55,29.9,21.35
8c7fe5ef-7885-481e-a426-f6442d7c5fa6,q_lt_q20,36.6,32.55,30.25
8d4e3c14-3eb9-473b-a98c-51a7e88f0a7f,q_lt_q20,50.65,30.65,18.7
8dfc9b31-d090-4988-acfc-562ee23bb9d7,q_lt_q20,49,31.45,19.6
8e44ea4b-a77a-40be-9551-88585b98bc2f,q_lt_q20,44.6,31.95,23.45
8e500e89-e47d-462a-bfbd-e55703c217a9,q_lt_q20,47.7,32.05,20.25
8e8296b1-6e4d-49e3-a197-cfcd0962e1b3,q_lt_q20,45.4,35.05,20.1
8eb010eb-3cce-4244-bde9-4c60bdd6c9b1,q_lt_q20,56.05,26.2,17.3
8ed7ac07-fd8c-42b2-a6d4-3f02480244ae,q_lt_q20,31.6,39.65,28.25
8eea6beb-7999-4976-9bbc-ebba4c334a83,q_lt_q20,30.8,42.15,27.3
8f2b54dc-b425-4a05-a100-0ea06f4ba248,q_lt_q20,44.5,35.5,19.55
8ff9f61b-d835-498e-895c-0e54293930b2,q_lt_q20,33.1,41.25,26.1
90734a50-bf66-44ae-8f4a-d180130ca850,q_lt_q20,41.45,33.25,25.65
907380f9-b0e8-4401-a5c9-669a66a192bc_034004,q_lt_q20,54.35,24.9,21.05
90db0ee9-354c-4c0d-8c41-59a1ed012e92,q_lt_q20,29.7,42.2,28.1
912a6d1f-035b-4d82-b83e-a09788190c61,q_lt_q20,39,33.75,27.25
91375047-e239-472d-93e4-96e1413b5567,q_lt_q20,31.65,41.35,27
9318c925-3c1f-4127-9308-7c2b205c2f04,q_lt_q20,54.85,23.35,21.7
93cd0262-1cf7-45ac-8491-c9815c7fe710,q_lt_q20,39.9,37.05,23.15
942995c5-95c2-413f-82e4-6b3b3b811b28,q_lt_q20,42.4,31.95,25.6
94374942-acad-4197-87d8-ab4315077b08,q_lt_q20,23.6,46.4,30.4
9468508c-aff1-4004-8e71-62ab2884a8fa,q_lt_q20,51,28.5,20
94bab207-6492-444c-b80d-0ff2c089432f,q_lt_q20,54.5,25.25,20.25
9510f840-34f7-41f2-997f-cdaf0ee57028,q_lt_q20,31.35,39.6,28.75
951e3a10-1d16-4526-b767-e5056724b5b6,q_lt_q20,40.1,36.05,23.25
951f7162-24d4-45f4-a03e-ee55d3c864c1,q_lt_q20,38.2,42.85,19.1
959f3e4f-bb6e-4f4a-8082-0157eea99482,q_lt_q20,43,36.15,20.85
962530ad-afe9-49e5-8fcd-33af504efdf6,q_lt_q20,27.95,45.75,26
971d4ec4-1147-40dd-b03d-a616a02b7817,q_lt_q20,52.7,27.95,18.95
975b896f-1d6a-4fb2-a888-794eb6045ee8,q_lt_q20,50.75,29.5,20.25
976c372b-8d8d-4dc7-8673-bbbc707423c5,q_lt_q20,53.25,27.05,19.2
977e3ab5-ec6e-4040-acf2-8a178818a5c8,q_lt_q20,33.85,38.95,27.2
9796dc02-6edf-4392-b727-0d861cbb1edd,q_lt_q20,42.05,34.85,23.1
98bad5bc-b99b-437c-ade6-13b576c9086b,q_lt_q20,31.65,39.4,28.95
98e517e4-c709-4d16-b334-251677af1750,q_lt_q20,49.6,31.8,18.35
9903a7d5-7a84-45de-b9cb-e801128f8883,q_lt_q20,36.75,33.45,29.75
990c9d7a-cc5b-4ad0-b1f1-7d87642398d9,q_lt_q20,47.8,28.85,22.95
996741ae-f5e6-441f-ab9f-82d774552320,q_lt_q20,48.65,31.65,19.7
99d4811b-5177-469a-b217-732a8f1bdd13,q_lt_q20,40.65,33.8,25.55
99ef9f3b-c468-4bd7-90b9-ff505be46b98,q_lt_q20,57.25,21.75,20.85
9aa20788-e7de-449a-8b6c-2b623ba4d528,q_lt_q20,28.65,39.1,32.25
9ad5d28c-7cfe-46db-b39d-58701689cd59,q_lt_q20,51.5,29.45,18.9
9af510f4-5629-465b-81a9-855274a8750a,q_lt_q20,51.55,30.55,18.25
9bc3045c-0781-41d2-9483-196620fd4b2d,q_lt_q20,34.3,41.35,24.35
9c05cd86-875d-44b7-96fe-d30954c52977,q_lt_q20,33.35,43.65,23
9c263b41-8984-424c-aa50-27647a0ee184,q_lt_q20,39.85,39.4,20.8
9c323633-3c7f-4e96-b93e-980109bf97e8,q_lt_q20,51.65,28.65,19.6
9c7f4e0b-e8e9-44a7-8f3e-d3005900c383,q_lt_q20,48.05,26,25.6
9cee5ed4-ddd7-4903-8f74-00f52a78c05c,q_lt_q20,50.6,28.2,21.3
9d5bb52d-b05b-4af1-9760-11709f004c5d,q_lt_q20,32,37.55,30.85
9e4f7156-b832-4882-86b6-7155d30ffced,q_lt_q20,35.35,39.9,24.65
9eb75798-aa46-40f5-b9c7-7fd7b919087d,q_lt_q20,52.95,27.9,19.15
9f09c746-4fd6-45ec-ad13-b7163dcd7f14,q_lt_q20,27.05,46.6,25.5
a1041edf-26a8-46d1-a066-91900f494f49,q_lt_q20,44.8,34.35,21.25
a1041edf-26a8-46d1-a066-91900f494f49_2536,q_lt_q20,44.8,34.35,21.25
a1136eb6-a447-4f77-89f6-5cb8d556898c,q_lt_q20,44.95,26.75,27.9
a185e5ce-932f-40ae-a90f-6e77f1341e8e,q_lt_q20,36.55,40.85,22.3
a18743e3-9809-4f93-b046-79977b9707d3,q_lt_q20,42.15,35.35,22.5
a19fe1fc-0e4d-4e1f-88dd-7667af4b3d9d,q_lt_q20,54.4,25.75,19.65
a2240676-e92d-4ba4-97dc-30056b152269,q_lt_q20,43,34.6,22.4
a2ecfd41-65d6-4eb5-883e-1254de07c675,q_lt_q20,53.75,24.65,21.2
a360ba77-5ae2-465f-9808-26fc197adde6,q_lt_q20,39,34.45,26.25
a3c4766d-b704-4819-913b-0be1d2ed7b3a,q_lt_q20,31.7,40.95,27.3
a3e609ce-8ecf-43e1-a1f3-c6c5cc2786b3,q_lt_q20,52,28.3,19.85
a3eacfbb-f70b-44f4-bca2-f508ac6d1c74,q_lt_q20,39.8,36,24.15
a473e348-c00a-46c6-a93b-921f9747f96f,q_lt_q20,35.65,37.25,27
a491d243-2347-4c2d-9258-097bdc6fe749,q_lt_q20,38.2,32.2,29.2
a49bd26a-9ea4-47ec-b7ab-3a5ceb369e70,q_lt_q20,43.8,35.9,20.3
a4d15eec-2466-43aa-af4c-84f59d291e30,q_lt_q20,39.35,32.35,28.85
a4d390e9-daa6-4e8f-b516-1b3a6632b02a,q_lt_q20,39.85,38.05,21.8
a555bb0f-cacb-40e8-8e26-f246615c1a77,q_lt_q20,46.3,37.35,16.8
a58e1321-be75-4721-90bb-09a9864cd381,q_lt_q20,47.15,30.55,22.35
a5bf03e9-e63a-4cd5-8bc9-ab64c03808b9,q_lt_q20,36.55,38.95,24.5
a5f8e95f-d24c-4a37-84e1-e346594a47b4,q_lt_q20,46.3,25.7,28.5
a63195bf-80d6-4cee-9fb3-788f49fc088f,q_lt_q20,36.95,42.95,20.85
a6f032a7-b194-4c43-93c4-de34af7ffde5,q_lt_q20,51.5,29.9,18.85
a7087da1-7efa-453f-a5fb-c6a6af99e4ff_F2802,q_lt_q20,45.9,31.65,22.55
a7575048-b310-43eb-9418-1f92704b9e21,q_lt_q20,55.45,23.3,21.25
a7709ed1-2912-4369-b70e-b9e78568408e,q_lt_q20,36.25,37.8,25.65
a9417599-e466-4b53-babe-0c81229c4328,q_lt_q20,52.1,32.6,15.3
a941c6ca-6b2e-45b3-a515-198c39d4ceaa,q_lt_q20,43.6,31.2,25.15
a97cc80d-f8dd-4fa9-a0db-482ab1b41f71,q_lt_q20,51.3,26.85,21.85
a99b0223-fd15-4a76-8c45-4958137fa2ed,q_lt_q20,47.25,35.55,17.4
a9b52c38-242c-4ab0-8121-1eae51c274d3,q_lt_q20,42.4,35.55,21.8
a9bb3fc0-2b28-4bdf-8f16-d372e9f7efcc,q_lt_q20,41.75,36.05,22.3
a9d74547-58ba-498f-9fe0-6d95901507ed,q_lt_q20,29.8,42.85,26.95
aa93f4a2-cd35-4429-830b-c7280795f621,q_lt_q20,47.05,26.5,26.2
aaac507d-5e62-474f-815d-c0b46aea04e8,q_lt_q20,52.1,27.35,20.25
aaf8fe03-f3db-43f4-8ce6-701ebfac9ca7,q_lt_q20,45,33.3,22.1
ab5db73f-059e-4d10-9b92-5a640db3c1ab,q_lt_q20,46.4,35.15,17.95
ab69860c-e228-4e08-9b8f-b7d1eca1ed11,q_lt_q20,32.55,38.9,28.55
ab787ffe-443f-470c-b815-57d1a1882a61,q_lt_q20,33.5,38.95,27.7
ac012bfc-452d-4cce-89b9-8eb86b1cd709,q_lt_q20,35.25,42.15,22.2
ac400e1e-eff8-4029-9f6f-c73eb649b4bf,q_lt_q20,39.65,38.45,21.55
ac5d441f-d997-4348-a8d1-9683503835e5,q_lt_q20,48.4,32.3,19.4
ac819d1a-0f60-414f-b155-4b6e095ecc8c,q_lt_q20,33.05,36.75,29.4
acf6c077-f35a-4af5-9191-f8aec1831c80,q_lt_q20,29.6,42.6,28.1
ad19b458-9e76-4c18-8ebc-d2a959156f82,q_lt_q20,37.65,39.15,23.2
ad7dfcd5-f079-4c1e-b08e-9b982593763d,q_lt_q20,40.5,32.2,27.2
addc9e63-49de-4451-9a7b-6afb822d835e,q_lt_q20,33.35,35.3,30.5
adec4dd7-9cdb-4c58-8fc3-2e509aecfbcd,q_lt_q20,66.1,18.35,15.55
aded6ffd-1b3c-4fce-ad90-ec995a90a2a7,q_lt_q20,42.25,35.6,22.55
adfc6cac-b7fd-4006-a2f1-db7bdda426dd,q_lt_q20,43.1,32,25.1
ae3ba171-5f03-41cb-a4bf-bb8c568b8c1b,q_lt_q20,50.8,27.2,22
aeb7fc23-8687-4548-9f2f-c21b4cc0e59b,q_lt_q20,39.25,37.9,22
aef77f8a-7da4-4dae-84ea-88f643d8e00d,q_lt_q20,37.6,35.85,27.15
af0da814-0f9f-4928-89fe-6ef112d381d6,q_lt_q20,43.25,31.15,25.2
af21bf6e-b55d-429b-a3b4-65e372f0cb58,q_lt_q20,48.1,29.05,23.1
af27ed26-9dc7-4837-8235-a788b39c70d4,q_lt_q20,51.5,29.3,19.6
af486db0-05c9-4707-b5fc-c039359d7a22,q_lt_q20,32.4,45.2,22.45
af5d4468-4d94-49ce-bca2-8b4f73648d71,q_lt_q20,46.2,31.1,22.7
afc9b823-2f50-42f1-ace0-4eb4228e4712,q_lt_q20,42.7,38,19.7
afdcd20e-1e52-47f4-8d04-71ef656fe801,q_lt_q20,46.85,30.75,22.4
aff6b7ae-ab2a-424d-8a9e-11e2d50cdc2b,q_lt_q20,36.9,35.95,27.55
b0166a7b-cf7c-4ada-8688-deaa14a01898,q_lt_q20,46.65,34.05,19.25
b0713e87-cab3-46e4-bfb3-f0bbb91cedf6,q_lt_q20,45.75,29.55,24.7
b0a28c3c-b5dc-4a94-a661-2ef0639049c7,q_lt_q20,40.8,38.5,21.2
b0d98d93-45de-40c1-a1cf-cd32484c3542_432110,q_lt_q20,29.35,44.8,26
b0d98d93-45de-40c1-a1cf-cd32484c3542_432120,q_lt_q20,29.35,44.8,26
b1697d0b-8974-4f1e-9a8c-94cae1c00a48,q_lt_q20,37.35,39.2,23.65
b1799d01-d80b-4358-9cde-2492358e5f60,q_lt_q20,34.8,38.4,26.4
b17f0895-5a5d-442c-bbad-fcf3280aae2f,q_lt_q20,49.2,31.3,19.8
b2023a27-1c95-4b64-98d2-90bdf4c224ce,q_lt_q20,43.05,38.9,18.75
b23821f8-f8e5-4b3d-a821-70913abe37cf,q_lt_q20,46.05,27.9,26.2
b260a0a3-aaeb-40cf-b8cf-b1024a2db5d7,q_lt_q20,32.05,41.95,26.55
b27ced8c-bf7d-4d8f-8148-f590ccc35f4c,q_lt_q20,49.9,31.8,18.7
b2b023d8-8377-4afb-acaa-e8ce3c66bbe7,q_lt_q20,46.8,29.95,22.85
b326bac6-9b5e-446c-bde5-2643a0eb5cac,q_lt_q20,40.35,37.4,22.55
b34cdf4e-8f74-45b6-b97a-edde6323f25f,q_lt_q20,39.15,38,22.85
b39a74f7-1286-48a6-a281-71520d4ccede,q_lt_q20,31.65,38,29.95
b3bb7f19-ab52-4236-8666-b2c32ca2f787,q_lt_q20,32.7,42.65,24.65
b3da16fa-2b4d-464a-a835-1028fce8b596,q_lt_q20,51,34.45,14.7
b3da4efe-3997-4799-8c1f-399c4ae293fc,q_lt_q20,41.5,37.2,20.6
b401b1e3-c946-4a3e-bca3-3427e64eebba,q_lt_q20,40.5,33.05,26.2
b435c357-5e89-429d-9e2e-f52e231d7a5f,q_lt_q20,44.7,31.35,23.95
b49af755-891b-490a-8a2b-0896237f1936,q_lt_q20,61,23.3,16.1
b589aebe-0b6a-4928-b85e-14f138d250ad,q_lt_q20,43.1,33.05,23.95
b5d958ce-f342-427a-a32d-199bc52b0ee2,q_lt_q20,54.9,24.85,19.7
b5ee078f-e06e-4d3d-8823-5faffa77db23,q_lt_q20,36.2,38.7,24.7
b69080d3-02f1-48d0-982c-0150b478a8f7,q_lt_q20,52.15,27.75,20.5
b697f85e-18a0-4758-b4c5-d49dd976890f,q_lt_q20,53.1,24.4,22.1
b6c4885c-cc83-4401-aeb2-5505de2cad43,q_lt_q20,47.7,34.75,17.25
b7d7ad0f-c16b-485d-9dcc-f4f845995a11,q_lt_q20,54.35,24.25,21
b7db631d-9aa8-49c1-9a61-b2824d0b42c8,q_lt_q20,34.55,44.8,21
b82b5bd7-4174-4bef-9d90-9080ebe77b8a,q_lt_q20,48.35,31.35,21
b855cfed-46a0-4261-9d48-9d43d21a6315,q_lt_q20,43.9,30.55,25.9
b86817d4-c71b-4bd4-ab64-4982bf812b12,q_lt_q20,30.75,39.25,30.85
b8969b34-a0cc-4974-8893-e869f7200726,q_lt_q20,45.8,32.6,21.6
b8ddf775-3ff9-4c27-89dc-a6a7dcd628ca,q_lt_q20,35.85,40.6,23.15
b8e0fbe8-8d4f-4bd7-bd4e-068972edf6ea,q_lt_q20,47.55,35.3,17.3
b8e7dfb4-b7ee-452e-976f-1e59a1a661a4,q_lt_q20,54.5,26.9,18.9
b92a2ca3-4eb9-4a8f-b82f-8bbc2a1dfbc9,q_lt_q20,58.1,24.6,17.3
b92fdc04-60cc-49fd-b109-2ea6da11208d,q_lt_q20,42.9,35.95,21.15
b990584a-6da0-414d-a165-df8f52eaa5e7,q_lt_q20,41.65,35.65,22.7
b9933a62-f326-4d77-9206-ebb335161831,q_lt_q20,50,28.35,21.7
b9a652c1-1645-4fd5-8a34-bb3aafc499db,q_lt_q20,37.95,35.6,26.75
b9f6ea7e-8e51-4647-ad81-a418ef6063ab,q_lt_q20,33.95,43.8,22.25
ba894894-8201-40e8-8fb8-33aa2c4878f9,q_lt_q20,31.55,43.85,24.2
bb02cfc2-0819-427b-bb42-80099ce25bc6,q_lt_q20,55.45,28.75,15.8
bb76f2e9-4a9d-4ffb-a78b-f457e5d0325d,q_lt_q20,48.35,29.95,21.5
bb7d0230-c1be-41f4-904d-aa67307fca67,q_lt_q20,33.55,38,28.15
bba59546-8f69-4a24-8cc1-f4cdaebd754e,q_lt_q20,50.65,30.4,19.3
bbaa85be-3a06-4d2b-b5ad-7f1f55b6554d,q_lt_q20,50.55,26.9,21.85
bc20e967-2251-471b-b636-ff517f9e3d39,q_lt_q20,47.5,29.75,22.6
bc461833-6006-4224-8820-31c35ec58822,q_lt_q20,24.35,48.8,26.85
bc7fac98-151e-4220-ab79-455a095ea290,q_lt_q20,47.35,32.5,20.15
bce8bf9b-9b67-4bee-9c90-3c7f65c3444e,q_lt_q20,41.9,29.35,27.95
bce9c8be-26c4-40b1-b852-715b016440e5,q_lt_q20,48.2,28.2,23.6
bd2496a3-6740-41be-b251-6d2b231a55ab,q_lt_q20,52.65,28.45,18.9
bd669418-92e4-48fd-baf1-617249b435d0,q_lt_q20,47.05,32.2,20.75
bda687ce-f308-4f70-b53f-c172c70b0e89,q_lt_q20,36.35,34.2,29.45
bdf4b017-b900-4dd5-b889-8990d9a2ee36,q_lt_q20,31.05,40.4,28.95
be0a7858-95c9-43aa-a054-0dc1989349f8,q_lt_q20,43.1,32.35,24.7
bed0ef93-6faa-4f98-af56-bfb3fed3ed61,q_lt_q20,27.5,44.3,27.9
bf06f547-e1ed-4473-b1e8-2581d8bfc70f,q_lt_q20,38.65,38,23.45
bf679fd0-8d8f-4815-a569-ec798d81f324,q_lt_q20,37.95,35.65,26.75
bf85754c-4e6e-481b-9f58-a4fe2bf249cd,q_lt_q20,41.3,33.6,24.65
bfdc1b44-5cc4-469c-886d-bcd500a32919,q_lt_q20,35.45,40.95,23.2
c001fee0-4166-478c-ba13-f7a38b325012,q_lt_q20,39.3,40.65,19.7
c011ca8b-b2b8-4303-85fe-27f81a17fcb9,q_lt_q20,32.65,39.5,27.85
c02ac46e-bfca-4209-8521-5e1b8f2a7459,q_lt_q20,52.65,27.6,19.9
c0744418-231d-4953-be28-bbef415aea01,q_lt_q20,60.8,25.85,13.2
c0b28d37-0ec8-4944-a45c-4287cc506a26,q_lt_q20,53.1,27.05,19.85
c0c0f44d-7ad5-4f0c-8076-a783003c1805,q_lt_q20,41.25,34.15,24.6
c0d741a3-b820-4da9-a2ba-7efd545c3dd6,q_lt_q20,35.2,33.75,31.7
c10d61a3-fc5d-4d96-bf9f-57a97b6256c0,q_lt_q20,50.1,30.8,19.4
c126ae2b-2a89-4867-ad78-2a0685b93678,q_lt_q20,39.65,33.3,27
c15cb7f2-77d1-4cc2-8742-5adead1be2b4,q_lt_q20,43.8,27.25,28.75
c1773369-9f5c-4cc6-a934-9b7d58625cbb,q_lt_q20,45.1,34.9,20.25
c18ebd8a-6bed-4687-8b80-0f20e9c2b22b,q_lt_q20,31.85,39.85,28
c19762f5-2d97-4f44-99fe-e54536bf018c,q_lt_q20,42.1,33,24.7
c1c64084-6c91-47b4-8c8c-ecedec9ee99d,q_lt_q20,44.4,35.8,19.85
c1de8290-0a62-480b-b4e4-4084ac640aa2,q_lt_q20,46.35,32.45,21.2
c1e5e157-2320-48a9-9bb7-18db98d85fcb,q_lt_q20,42.7,37,20.3
c2322212-f769-43af-83db-08d03c1e0f49,q_lt_q20,49.4,26.9,23.55
c257f8de-5cf1-4c1f-9b46-deea2006d745,q_lt_q20,42.2,32.6,24.85
c2ced941-2e52-41f7-a7d3-65d3a8064c03,q_lt_q20,27.35,48.55,24.1
c2edd464-b8c1-4e06-bbcd-2f2fdcd88501,q_lt_q20,46.4,34.45,19
c2f93251-15b1-4243-ab56-96c4af4cce11,q_lt_q20,38.15,34.1,27.95
c305da5e-a910-49d8-b07c-434b1d1ee109,q_lt_q20,44.05,29.8,25.85
c357b418-078d-4ac2-9cf3-27eee4c4ab78,q_lt_q20,31.4,42.4,25.95
c3599c4c-3209-4752-9165-542d2e9009b7,q_lt_q20,41.9,32.4,25.7
c387e53c-84f5-4533-b970-8c3ea7b7a0fc,q_lt_q20,41.2,36.6,22.15
c3b5b925-f539-4546-ab96-9ad257fa16d9,q_lt_q20,45.1,32.55,22.35
c46d1245-e34a-4ea9-8c4c-410357e80e15,q_lt_q20,51.5,30.05,18.15
c4914aa1-8d0d-4d70-9918-e760fa9aaf88,q_lt_q20,62.1,21.1,16.8
c4cbc20d-2913-47d5-8d62-a15e65403434,q_lt_q20,42.6,29.95,27.4
c570853f-a563-424f-aeb2-a926b1c30223,q_lt_q20,44.35,34.6,21
c5a79e93-7589-4030-b93f-9ca42a58392c,q_lt_q20,31.65,41.9,25.6
c5b13f08-cdf0-41ab-8bbf-7b8587744459,q_lt_q20,42.25,33.75,24
c5d22f06-385f-46f2-bbce-4501ab51871f,q_lt_q20,47.8,33.1,19.1
c5d27c71-07b5-4a2d-a1eb-cb858c1904d1,q_lt_q20,30.6,40.9,28.2
c6b8695d-5d3f-405c-b3c5-970e8d11e4d9,q_lt_q20,42.9,35.15,22
c7e13884-4a02-4df3-b184-09aea28cf8e8,q_lt_q20,30.55,36.95,32.7
c7e88659-7744-4aa0-b62e-93cb6c25ef2b,q_lt_q20,48.65,31.95,19.85
c89d57ed-e3aa-4931-820f-0ee58142ae44,q_lt_q20,37.25,36,26.95
c8c5399f-0a0e-4a83-bf3e-475a9de5cac7,q_lt_q20,43.2,31.1,25.6
c8d339ae-22a7-413e-90d5-ef4884026eba,q_lt_q20,46.95,32.6,19.75
c8dd48fe-9e31-4096-986a-bf4c67648c7a,q_lt_q20,42.4,35.2,22.65
c8f86ce2-0e87-441d-937b-17cce6b52e12,q_lt_q20,42.95,35.55,21.1
c95332b9-0da9-4681-8e56-ac4e64a30d63,q_lt_q20,53.4,26.2,20.1
ca41ca6f-ae17-4788-bcee-b32c1a918983,q_lt_q20,45.55,31.05,23.15
cab00cd1-b095-4ab5-9b8c-1b5089373562,q_lt_q20,46.15,34.55,19.55
cabb0f6a-7ebe-464a-b695-40fc6d08cd3c,q_lt_q20,44,30.2,25.95
cad502d9-12f9-4449-a1e5-568b9f7d32e6,q_lt_q20,52.8,34.05,13.55
cb5596d4-deb7-4784-ad4e-5c21279082ab,q_lt_q20,38.85,39.1,21.35
cba899d9-2eee-4a91-b0ef-91335aaca422,q_lt_q20,40.2,34.4,25.05
cbc3fc1b-88ef-4f46-b12e-6eb97e45059c,q_lt_q20,53.5,28.9,17.6
cc0cedad-23fc-4893-b83c-1f47871293bd,q_lt_q20,34.8,36.5,28.45
cc169352-30d8-4fc4-884e-b37cafbfad0f,q_lt_q20,45.9,30.5,23.85
cc169352-30d8-4fc4-884e-b37cafbfad0f_031004,q_lt_q20,45.9,30.5,23.85
ccd2dcd2-9439-41e6-9e0a-cf124e772a68,q_lt_q20,42,34.5,23.55
cd030991-ff87-43dc-8563-284195518ffa,q_lt_q20,31.4,41.3,27.3
cd8c5956-30bd-4242-9d18-ce24ce0a3f30,q_lt_q20,41.85,27.55,30.3
cd911250-e87c-45d0-8668-03981c6876e5,q_lt_q20,53.45,24.65,21.45
cdbecc7a-6bfa-41c2-8c38-222c43367fe2,q_lt_q20,37.7,36.65,25.5
cdeb0ab1-6c05-43f5-aa47-cb6248d8ffee,q_lt_q20,43.95,36.05,19.6
cdfa6633-f9c0-4bed-b0b0-098b85310b5c,q_lt_q20,48.4,31.5,20.1
ce15ea40-742a-4221-ab0c-166d42ef4fa6,q_lt_q20,44.8,34.05,21.1
ce975340-e8ff-4b3d-bfc5-7ba57026ac22,q_lt_q20,37.55,36.1,26.55
cea9b5f0-588a-4d9c-a43c-eceffa56b782,q_lt_q20,26.95,45.9,26.45
cf3b4439-a244-41c8-b3e6-089f5ba5cee2,q_lt_q20,40.05,31.3,29.1
cf4bcfd5-1059-4fd2-b742-0e9866ad4997,q_lt_q20,42.55,29.95,26.75
cf8c9032-6d1d-473d-b304-3837260188cb,q_lt_q20,33.65,41.35,25.15
cfb660d2-2aa9-4a18-9607-6dbeec51611a,q_lt_q20,50.95,27.1,21.9
d0133283-1904-4459-8ce5-88d7786ac802,q_lt_q20,49.65,30.35,20.25
d030d4a1-e9bf-4d16-9116-76966ec1d112,q_lt_q20,36.45,34.8,28.55
d031ef9f-4e50-4c68-aa43-9b5589c32874,q_lt_q20,47.5,28.8,23.95
d0bdcc52-363a-4c03-830f-656e7e1d35f9,q_lt_q20,42.7,35.75,21.55
d0bdea3c-41c2-4ad7-8b19-28f968b4ce61,q_lt_q20,53.75,26.9,19.3
d0d00ab4-bfa9-458c-96c3-33dd5a401559,q_lt_q20,49.1,33.65,16.55
d140f62b-b08a-4a64-be9d-f808f4e06140,q_lt_q20,42.5,33.75,24.25
d173a23d-0450-4ca0-8aae-0524490e9d75,q_lt_q20,38,36.35,25.8
d19726f9-e3db-455e-904e-b6c91934cd34,q_lt_q20,53.2,27.9,18.9
d1a229c2-1eec-43dd-8b89-1999568e293c,q_lt_q20,52.35,28.65,19
d1df8d19-d1f7-4e83-8aa6-75820613be72,q_lt_q20,43.8,29.55,25.95
d209d76b-f251-4972-99d8-3a0a02c1852d,q_lt_q20,47.1,29.3,23.6
d21c59dc-848c-4c13-97eb-edbb1e71b767,q_lt_q20,49.55,28.6,22.15
d21f1e9f-b6ba-4491-b6cf-faf227813d47,q_lt_q20,33.7,38.4,28.25
d2cd29dc-cf55-4a2e-9836-7c2ab0f8912c,q_lt_q20,36.9,41.2,21.55
d2d2a44c-25cb-4b0d-b4a5-4929e1d11975,q_lt_q20,40.3,39.45,19.95
d2dcdeb9-5c08-471b-8d86-e0e1bc1d4c9c,q_lt_q20,38.9,38.5,23.1
d2eec541-fc9b-495b-9fdb-f9bf3e039940,q_lt_q20,48.95,34.45,16.9
d30dd811-b003-4eab-ba7f-c17562766b04,q_lt_q20,41.9,35.25,22.85
d32a665b-92bd-450e-98fb-2dc9398ac805,q_lt_q20,34.1,35.3,30.35
d32a665b-92bd-450e-98fb-2dc9398ac805_5106_w1TH,q_lt_q20,34.1,35.3,30.35
d32a665b-92bd-450e-98fb-2dc9398ac805_5106_w2TH,q_lt_q20,34.1,35.3,30.35
d33ce11e-590d-4d44-af55-6a9b0c27e829,q_lt_q20,33.35,37.2,29.6
d3571177-b605-4823-a6c8-507504375df3,q_lt_q20,34.5,40.3,25.25
d40cdbf5-7aea-4789-8bb5-d590b2b89ae4,q_lt_q20,50.4,32.2,17.4
d42b68be-0da7-4519-ba9a-e24f789d9c10,q_lt_q20,55.4,24.45,20.1
d45605aa-9a74-44d7-a684-5c9f3ca763da,q_lt_q20,45.35,28.95,24.85
d4c7cdbf-5fea-4ed6-9d5c-cb527ff5fd23,q_lt_q20,34.2,40.7,25.1
d52a0bf4-3d55-4913-b0e7-8f1b3ca17e38,q_lt_q20,57.7,25.15,17.55
d52d0eab-1e64-4d76-a1f2-e81c7948d2c0,q_lt_q20,57.35,23.95,19
d54a74bc-7d2c-400e-abbd-e2ec37f9460f,q_lt_q20,56.1,30.35,13.55
d59509c9-a7c1-4cac-8f12-2e0287c59a63,q_lt_q20,41.25,39.65,18.85
d5d96cd8-8fe7-4dd3-8c57-b782a999f92b,q_lt_q20,46.9,30.9,21.9
d5e3c53b-bae6-4df5-9d14-c087e9fa2467,q_lt_q20,29.85,36.5,34.55
d5f9c660-4e50-47c9-bb58-190acf22cf6e,q_lt_q20,52.8,27.3,19.9
d65f7681-89ab-4aff-9c42-59da80eb5120,q_lt_q20,38.5,37.6,23.95
d69fc777-cc14-47e1-993f-283e08920328,q_lt_q20,47.25,33.2,19.75
d6af1698-3999-4a5d-a449-693dc8bd8f98,q_lt_q20,29.35,45.35,25.45
d7896c1f-b892-4272-b78a-9bb4d5a53c5b,q_lt_q20,44.2,33.45,22.35
d7af3b3d-cad2-464d-bf4a-7449d85152c1,q_lt_q20,46.45,35.9,17.65
d7ba84de-0fa2-4577-9ef4-978335a86360,q_lt_q20,35.35,41.35,23.8
d7ea5745-0ca5-40fa-b5c9-3f788256411b,q_lt_q20,48.5,32.65,18.85
d8247910-913d-471a-abb1-11ee26969d96,q_lt_q20,42.4,30.4,27.45
d8fd996a-b726-4415-a41c-3150f506441c,q_lt_q20,48.95,29.8,21.25
d939b5a0-012f-4082-ad1e-eba74d1f65d5,q_lt_q20,43.8,35.1,21.1
d96cf58d-21f6-49bd-85e1-8db63a693645,q_lt_q20,42.2,34.1,23.85
d96cf58d-21f6-49bd-85e1-8db63a693645_151805002,q_lt_q20,42.2,34.1,23.85
d977db74-52e3-46a6-91e8-42aa82d83e68,q_lt_q20,44.55,30.25,25.25
d9f8ae6e-a12e-4fbf-972e-21c89e521789,q_lt_q20,43.8,33.25,23.05
d9ff999c-0258-41fc-abae-b4f4bcf10fee,q_lt_q20,39.95,34.25,25.85
da031053-d267-49da-857a-b8e28a7205eb,q_lt_q20,34.4,39.5,26.1
da7b6a82-062b-4723-9d9e-8fb7ca9b52c3,q_lt_q20,30.55,37.8,32.2
da7eb1f2-d42a-4707-8f04-d414dfb2de8d,q_lt_q20,26.95,41.9,31.15
daa47a41-8f5a-4edb-9840-e0a13533cc64,q_lt_q20,49.85,26.35,24.05
daca0d8d-b3de-4945-81fb-b01f249210f6,q_lt_q20,34.7,40.4,24.45
db1d776d-2226-4979-8b90-733c0f352d32,q_lt_q20,65.5,18.5,16.3
db461ec1-3ea7-4ae3-bc19-916d7ee6358f,q_lt_q20,45.45,31.75,22.55
db55568d-bd13-4e3d-bea3-7d188796ecf7,q_lt_q20,50.65,33.95,15.25
db5a4b77-c057-48a5-a174-f99045ad9bf2,q_lt_q20,24.65,50.2,24.85
dba1953a-a80a-4e6c-a12f-3f7a8e2e12cd,q_lt_q20,42.4,34.8,22.5
dbc64462-fd71-4527-995e-7ba62c05b63c,q_lt_q20,36.45,39.05,24.2
dc053ba2-8d2d-47dd-8c61-6246607bda41,q_lt_q20,40.65,34.5,25.4
dc333991-0a0d-4184-a230-30457e374bed,q_lt_q20,45.35,33.2,21.55
dd3c856a-bb15-42d0-bbf4-d0a816f20946,q_lt_q20,47.3,28.5,24.8
ddd4ea67-eff3-47b8-972c-dc5239620add,q_lt_q20,28.3,37.25,34.45
ddedb4d9-b2be-47c1-998d-acbc0ffb124b,q_lt_q20,48.7,30.5,20.4
de59cc50-5443-4a4e-a560-352a4e1d9df0,q_lt_q20,34.55,38.5,27.65
de8912c4-f8c4-4c98-8a7a-7f0f5ef137f2,q_lt_q20,35.15,41.9,22.95
dea2b321-7f1c-4acc-8839-99cf945d61d5,q_lt_q20,42.45,37.9,19.7
df197117-d3ba-4706-b6f5-a7c773ebab31,q_lt_q20,39.35,31.1,29.55
dffdaf0f-e68b-465b-bc33-3b7aafbf6381_U33026,q_lt_q20,52.55,26.9,20.55
e022dc85-f244-4f07-8ca5-27441bbebc0e,q_lt_q20,37.7,37.8,25.25
e02a1b65-521b-4672-a336-14aae201ac78,q_lt_q20,50.15,33.75,16.1
e0cc2ab9-31be-4249-9568-65b76de876c2,q_lt_q20,38.3,36.15,25.15
e0d2a692-1121-4c41-9b53-d0537f2efc62,q_lt_q20,54.35,25.95,19.4
e0d7edb6-75f8-422a-b533-365a1d4c03b2,q_lt_q20,48.25,30.95,20.55
e110ae98-cc33-42ab-9d28-1b5d7104af3f,q_lt_q20,36.95,40.8,22.95
e1167305-106b-4cd6-adbb-83d90590079e,q_lt_q20,41.5,36.9,21.6
e18394ec-4cb0-4fd6-b078-f2686bdac694,q_lt_q20,34.55,41.9,23.55
e1d6ff27-89cd-43d1-bd23-699952662cb4,q_lt_q20,43.75,32.3,23.55
e268ebd4-97ae-4e44-857d-d01c4d838027,q_lt_q20,39.4,42.35,18.25
e2b68116-d475-407a-844f-346f2750486d,q_lt_q20,49.2,27.25,23.65
e2db454d-9cdd-43b0-b47c-6fb047bd6fb4,q_lt_q20,53.65,28.1,17.55
e30e2f0a-e9ca-415f-8fb9-0df9f0133591,q_lt_q20,42.1,36.6,21.3
e32552e7-61fc-46f0-b5eb-e89930abc712,q_lt_q20,36.3,42.9,20.95
e333da21-e6fd-421c-8c30-b56f1ec745c5,q_lt_q20,45.2,31.95,22.3
e3717cf6-37f9-4c3a-bfcc-6e87acbb049b,q_lt_q20,42.85,40.15,16.3
e37d3d7e-592c-4f88-baac-0e359a750c74,q_lt_q20,33.1,36,30.8
e3990cb0-3ae8-4cd4-b009-55290be90c92,q_lt_q20,38.4,39.65,21.95
e3a215cc-bf59-44e6-9c07-90122efea9e5,q_lt_q20,44.65,33.5,22.25
e3a3cd09-9117-4661-9ccb-4a36d5ada337,q_lt_q20,34.35,34.05,31.3
e3af9eda-897e-4d7c-9367-dd6cf7f89ebc,q_lt_q20,41.75,34.7,23.6
e3cbc7c6-f62f-4848-9b2c-75e0da09b9a3,q_lt_q20,39.1,39.4,21.55
e4122606-b2ba-4461-9e13-0af12f5da7f6,q_lt_q20,36.8,34.95,27.6
e425b61d-9bb5-4dc0-a4d7-0d31560f8a9a,q_lt_q20,31.05,45.2,23.75
e4ef0a1b-2cd2-4488-b8c1-cdd506ab9b08,q_lt_q20,38.85,35.55,25.95
e5a69868-4eda-4f41-bae9-772ea424752b,q_lt_q20,38.5,35.55,25.65
e5dac99a-1800-40a7-be02-f9b8ac335659,q_lt_q20,54.65,25.75,19.6
e61b060b-5b5b-4695-a2be-79e50c699c2d,q_lt_q20,38.7,36.25,25.35
e66fe85a-e60d-4111-8c53-ff52ee56517b,q_lt_q20,41.2,36.1,22.55
e6eae01c-0f7d-4748-b8f1-ee199284b543,q_lt_q20,47.45,31.4,21.65
e6f18d6b-f5ab-4e66-b9c6-4fe1172219c4,q_lt_q20,37,40.65,22.4
e748b4a1-bc3a-4023-b3e6-3abb27009f04,q_lt_q20,51.65,29.05,19.3
e75cd792-de7e-4644-b36a-37edd76a76a9,q_lt_q20,38.9,37.25,24.15
e786e60f-a0f1-4955-aa57-f22ba39c7427,q_lt_q20,53.4,28.5,18.25
e7bc8b2f-525b-4f1f-902d-6398a291f85f,q_lt_q20,52.3,31.35,16.35
e7d8bbb6-5bba-4057-9f49-a299482c3348,q_lt_q20,55.25,26.9,17.7
e81f2363-eca0-4b47-a851-349da6a849b6,q_lt_q20,35.8,43.95,20.25
e882d716-0531-48c0-969a-84ed85fccce6,q_lt_q20,47.55,34.05,18.4
e8cc21fc-0770-4aee-8ce3-a344c8d465d3,q_lt_q20,39.05,34.85,26.15
e8da76c5-b952-4142-ac96-4d16664b4494,q_lt_q20,45.9,30.55,23.55
e95f12d8-a67b-459d-a9ab-bb233c20799d_F2595,q_lt_q20,43.35,32.9,23.75
e95fa94f-f9e4-419a-aac4-c7bb11aadd58,q_lt_q20,39.1,33.25,27.95
e96f8156-84b5-49aa-b931-5698f421b729,q_lt_q20,43.45,37,19.55
e9c72be8-dea1-4a5d-8af7-05dce5f419ee,q_lt_q20,47.8,33.2,19
e9d3271d-1599-4751-b98a-e7c9e783e512,q_lt_q20,42.4,29.95,27.3
e9da9527-28c6-4cb1-8b70-6e5460afcae3,q_lt_q20,31.4,43,25.5
e9f95177-02be-41bb-8728-40fe217bb6e1,q_lt_q20,35.25,35.2,29.15
ea442d7a-f666-450a-a04f-449b7aec9edb,q_lt_q20,28.9,42.75,28.2
eb0f6b17-4bc0-409d-90be-a6db939a8513,q_lt_q20,61,22.05,16.8
eb97fa6f-d2c5-49db-8829-7b994b0a68be,q_lt_q20,31.05,36.4,32.55
eba748a3-ebd6-4141-a671-5ef94b896ffa,q_lt_q20,36.8,39.35,24.1
eba748a3-ebd6-4141-a671-5ef94b896ffa_453202901,q_lt_q20,44,33.1,22.9
ebb603ce-8fde-4de0-acad-481632c0566a,q_lt_q20,34.55,41.35,23.7
ebead23d-acc0-4a2a-89a5-8dcd327767fb,q_lt_q20,48.5,30.9,21
ec93787b-03e6-445b-b17d-d4481b7d7e9c,q_lt_q20,57,26.15,17.55
ecf7d51a-1308-44fd-aaf6-7d2292332eac,q_lt_q20,34.4,33.9,31.25
ed2ab3fa-21c0-40db-970f-267924240421,q_lt_q20,46.55,35.25,18.35
ed2d0622-1e92-4886-a748-df6b7586d52c,q_lt_q20,57.25,24.95,17.75
ed9676ff-3b2e-4282-8a67-6882b2222e02,q_lt_q20,44.8,37.2,17.95
edbe7bd4-b3a4-4f9f-9d33-e932017531d7,q_lt_q20,33.95,39.55,26.5
ee1fdcfd-15f4-4a19-8356-acee538ae78d,q_lt_q20,42.35,37.1,20.5
ee2f12c8-bf0a-470c-9a21-c0ad1ccc53f6,q_lt_q20,41.4,32.5,26.1
eeeac5e4-672d-4472-893d-6ce4c6bab120,q_lt_q20,34.25,41.9,23.85
ef6614a2-669d-4bc9-95e1-bb5acfb9a7d0,q_lt_q20,46,31.8,22.5
ef76b105-7412-45fc-976d-972c1f7e185a,q_lt_q20,42.2,30.95,26.95
efc7f52a-ca89-4d56-bea1-7758811ee22d,q_lt_q20,56.4,24.2,19.55
efe2509e-d4c4-42a8-ae09-dcc1ffcbfe67,q_lt_q20,40.8,37.8,21.5
efe53bb2-d752-4aa6-af43-e2240eae3675,q_lt_q20,54.5,28.95,16.95
f02dce57-8c7c-4741-941e-9638164be462,q_lt_q20,30.35,41.65,28.5
f04861d7-1fea-4282-ba7a-610c44cd039c,q_lt_q20,31.5,46.55,21.95
f04ca4c9-40b2-431c-a944-863443457ac0,q_lt_q20,39.85,35.8,24.35
f053c518-139a-4210-b305-ac3f7ac95075,q_lt_q20,39.65,34.9,25.15
f06167e7-dd9e-4ce6-81c8-176d2d8b706d,q_lt_q20,42.25,36.35,21.1
f06fd5b9-7da7-41db-a784-bd785ad3264e,q_lt_q20,34.85,38.95,25.8
f06fd5b9-7da7-41db-a784-bd785ad3264e_151806011,q_lt_q20,34.85,38.95,25.8
f0718c85-fbe6-4bb5-9a00-91ef53c38567,q_lt_q20,44.85,33.5,21.95
f0719364-e4e5-4607-afce-a6f475d182e1,q_lt_q20,34.7,43.5,21.8
f0b04c16-532d-43d4-b497-d52a57b45eb2,q_lt_q20,40.35,34.35,24.6
f0ce59f5-6075-4861-8976-be2f44424535,q_lt_q20,44.4,35.65,19.85
f120647f-1a02-4597-8ba7-3cd7a1c90635,q_lt_q20,50.9,25.45,23.8
f1914b03-f60b-4174-9966-743e4fae2f61,q_lt_q20,50,35.85,14.2
f22f80f8-1bb0-4e77-b225-291487060c6f,q_lt_q20,46.35,29.8,23.85
f25278f2-f4b5-4d32-86b1-e00e6cd33a6f,q_lt_q20,46.6,32.55,21.15
f311890e-f160-4533-9cfe-39271fc164e6,q_lt_q20,61.95,21.25,16.8
f31fc8d7-3883-493b-be85-80fefa7068c5,q_lt_q20,36.35,32.35,32
f3536ad3-46f4-4882-a605-260958220d85,q_lt_q20,49.55,28.55,21.95
f357a614-cd56-4425-a685-133aa736e0c8,q_lt_q20,57.55,22.55,19.25
f35edef4-7f87-4020-8088-95ea60da2b79,q_lt_q20,60.2,23.2,17.15
f383556c-5233-45b1-aaa0-50959327d3d2,q_lt_q20,42.5,38,19.6
f387d5f1-d06d-48fd-92a1-ede9bdebdc10,q_lt_q20,38.1,37.9,24.35
f3904234-3063-44ac-b93a-0f52861ddbb4,q_lt_q20,44.8,32.75,22.35
f409c5a2-5d4f-41d2-a734-b0707c778dd5,q_lt_q20,43.5,36.05,20.45
f40d1dc8-2f89-441f-963c-2b15f4cfd7ff,q_lt_q20,31.35,39.7,29
f44bf96d-3953-4fec-88bd-30ef4e12e523,q_lt_q20,44.45,32.65,23.2
f45e1714-c4b4-44cc-9687-79d736a3a061,q_lt_q20,58.55,22.05,19.8
f463f458-8115-42d8-834a-c6872116737d,q_lt_q20,47.35,30.8,21.85
f47d3873-02f3-42e2-a96f-770c47772d6b,q_lt_q20,46.3,31.6,21.9
f48b6a3b-96f0-40cf-9f97-22d0ba05652b,q_lt_q20,45.8,33.1,21.1
f4a37857-9d23-4ab2-af0d-81171ad0d52a,q_lt_q20,58.15,25.55,16.3
f4b5a4cd-85af-4782-9be0-97782029e7ab,q_lt_q20,40.8,37.45,21.35
f4c0be26-7222-4c60-a6a1-bba413c33ca0,q_lt_q20,40.9,31.8,27.3
f4e33ecf-176b-44e9-b45f-8f2990d18547,q_lt_q20,50.05,31.1,18.75
f516b38c-16cc-4cda-94e7-6a85ee01b7b3,q_lt_q20,39.8,41.45,18.35
f54d561e-dae2-4cab-94f1-215a02dfc308,q_lt_q20,45.9,34.75,19.65
f5a87f88-4a45-494d-84e3-19ea46205316,q_lt_q20,31.65,38,29.95
f5b37267-c78d-4e3e-9fca-0a380d46ffc8,q_lt_q20,42.6,36.7,20.4
f5fecb83-cfac-4e5d-8b4c-1f8e2ca0ebb2,q_lt_q20,49.25,31.65,19.1
f62ffa59-4994-4d08-a962-69378aa1b2e6,q_lt_q20,41.85,33.6,24.5
f6570b4e-8721-4397-885a-7ecfeab86cd8,q_lt_q20,34.05,36.8,29.55
f74e22c2-ba83-4a05-9303-d1e2b93c54bf,q_lt_q20,42.35,38.35,19.15
f7897367-bb3b-4599-8184-b8941e889c9c,q_lt_q20,30.95,38.9,30.55
f7f3bf26-071c-4119-8702-d0d410b7fc07,q_lt_q20,44,33.1,22.9
f7fe310d-d263-486b-ab70-a4663975f7bd,q_lt_q20,29.15,42.5,28.75
f8531ce2-c39e-4eaa-89a9-67302cacc66f,q_lt_q20,33.4,37.3,29
f865f658-a32e-4601-b61e-e5c2f02c578a,q_lt_q20,45.3,29,25.75
f868632b-012e-4605-996e-3e3becadafc2,q_lt_q20,52.95,26.2,21
f8701e94-8375-4a79-865d-69acdea0853d,q_lt_q20,31.55,40.2,28.65
f8745051-b1d4-47f0-96b5-76b67c6ebaf4,q_lt_q20,33.05,45.15,22.2
f8ae6b4c-56c4-45a1-b83f-4697843b937f,q_lt_q20,34.2,39.6,26.25
f8b80146-bdfd-419b-9d09-1bd05c274034,q_lt_q20,44.8,31,24.2
f926adb6-6408-4d86-98b1-7c76f4bdbc37,q_lt_q20,46.3,25.7,28.5
f9fcfbc0-af1b-46f6-bf20-6d8aedc1c72f,q_lt_q20,34.15,42.7,22.75
fa1df2df-6c46-45ec-9aad-331c095431cb,q_lt_q20,51.7,27.55,21.15
fa40b47d-6153-472f-9b91-f7ac3444071a,q_lt_q20,31.7,39.95,27.8
faba42fb-8de9-4e60-a4f8-47c8271320e3,q_lt_q20,42.95,33.35,23.7
fad760ef-0c6e-48df-a1c5-01d3f471cbb0,q_lt_q20,50.65,30.45,18.9
fafd42b9-ed79-459c-98a6-83b7692eab78,q_lt_q20,41.25,35.5,23.25
fb8bcdf9-89d2-419c-bdca-d1d1a8c97586,q_lt_q20,34.5,40.35,25.25
fb9489af-81db-46cc-890e-1567c1f386a6,q_lt_q20,31.45,42.7,26.15
fc053c40-2354-4f94-add2-1aa71fb0afc6,q_lt_q20,49.95,27.2,22.75
fc26adc8-491a-4f56-a5a0-20d775dc0c7a,q_lt_q20,46.85,29.1,23.35
fc5e2495-e6bf-4b91-bf05-547b8ce5fa8c,q_lt_q20,45.4,34.95,19.65
fc82d49c-8b70-4e21-b1e3-0b648bf5b835,q_lt_q20,24.95,44.35,30.8
fc8999c2-d9ad-4a1a-887b-2f9c10f11689,q_lt_q20,30.2,40.95,29
fcb795f4-07bc-4ae0-8372-041644e7f275,q_lt_q20,42.8,29.6,27.7
fcdd7420-c000-4db7-99fa-3835a65372fe,q_lt_q20,40.85,35.35,23.8
fce4a0d2-2406-4c67-8bf4-35cd091e6545,q_lt_q20,44.55,35.65,19.9
fd0f850f-2f54-46c0-ad53-1c56361d930c,q_lt_q20,53.5,31.2,15.3
fd43ce67-61f8-481b-8547-0d899aa63c0b,q_lt_q20,29.9,44.25,25.85
fd8ea26c-8052-48c5-a1bb-bbd5ebbbb3d3,q_lt_q20,35.25,41.6,23.15
fdc0c6cb-c938-4b40-9b8d-6bc0f81dbbec,q_lt_q20,29.8,43.25,27.05
fdfac74b-f168-40d6-9f97-2efc9ac6a964,q_lt_q20,31.2,39.25,30.05
fe43947f-a0e9-49fe-9a11-5ef97f102fbd,q_lt_q20,40.25,36.25,23.1
fe57175f-cfc7-4fcb-bed7-6a146ef67336,q_lt_q20,36.3,41.1,22.6
fe6e0031-6278-4cf6-8097-8939a90a141d,q_lt_q20,51.1,29.95,18.65
fe864cfb-0782-4369-8343-951e2ad01992,q_lt_q20,44.7,34.35,20.95
fee4928e-59c8-4f42-b1b1-9299ae2d71f1,q_lt_q20,42.9,33.95,23.15
ff467050-5094-4775-be40-2da994ad8650,q_lt_q20,44.7,36.05,19.7
ff6ae1df-8fa7-4f88-9710-cb3b4fcde8a1,q_lt_q20,41.4,36.9,21.95
ffe31960-febf-4c98-963d-6f23354add54,q_lt_q20,47.8,37.35,15.15
fff0c2da-54e5-40af-9618-a97848d71c2e,q_lt_q20,35.65,39.25,25.15
223202,q_lt_q20,54.4,18.45,27.05
224201,q_lt_q20,59.3,15.6,24.9
224206,q_lt_q20,54.15,18.05,27.9
224213,q_lt_q20,55.4,16.9,27.7
224214,q_lt_q20,56.1,18.2,25.7
225213,q_lt_q20,57.2,15.2,27.4
225218,q_lt_q20,56.65,16.75,26.45
225219,q_lt_q20,55.25,16.9,28
226204,q_lt_q20,49.65,17.65,32.6
226209,q_lt_q20,46.55,18.9,34.9
226220,q_lt_q20,54.7,18.1,27.35
226226,q_lt_q20,53.05,20.05,26.75
226402,q_lt_q20,50.35,17.05,33.05
226410,q_lt_q20,57.1,13.5,29.25
227200,q_lt_q20,56.4,15.3,28.3
227202,q_lt_q20,57.4,13.5,29
227211,q_lt_q20,45,20.95,34.05
227219,q_lt_q20,49.4,17.9,32.3
227225,q_lt_q20,55.5,16.8,27.85
227226,q_lt_q20,50.35,18.05,31.75
227227,q_lt_q20,55.9,15.75,28.6
227231,q_lt_q20,58.3,13.2,28.1
227236,q_lt_q20,50.9,20.35,28.6
227237,q_lt_q20,53.5,17.65,28.75
230205,q_lt_q20,53.8,15.6,30.9
230210,q_lt_q20,49.85,16.5,33.55
231211,q_lt_q20,52,17.2,31.2
231213,q_lt_q20,56.95,14.35,28.7
231225,q_lt_q20,48.1,14.95,36.65
234200,q_lt_q20,50.15,13.8,35.75
234201,q_lt_q20,45.25,15.1,39.55
234203,q_lt_q20,54.9,12.85,31.85
235202,q_lt_q20,58.95,13.65,27.65
235203,q_lt_q20,58.25,13.05,28.6
235210,q_lt_q20,58.3,11.85,29.1
235211,q_lt_q20,59.3,14.65,26.2
235234,q_lt_q20,52.1,14.85,32.9
235237,q_lt_q20,57.65,14.25,27.95
236205,q_lt_q20,56.35,12.8,31.4
236212,q_lt_q20,55.9,15.5,28.6
236213,q_lt_q20,49,16.15,35.15
238204,q_lt_q20,55.1,13.5,31.8
238208,q_lt_q20,57.2,14.5,28.55
238223,q_lt_q20,53.35,10.9,35.75
238229,q_lt_q20,56.75,10.75,32.8
238230,q_lt_q20,62,11.65,26.5
238231,q_lt_q20,62.1,12.5,25.85
238235,q_lt_q20,55.35,13.25,31.6
402204,q_lt_q20,56,18.6,25.8
402206,q_lt_q20,54.3,19.2,26.1
402213,q_lt_q20,55.15,18.9,25.85
402217,q_lt_q20,52.45,17.5,30.15
403213,q_lt_q20,55.05,17.6,27.2
403214,q_lt_q20,54.25,17.75,28
403217,q_lt_q20,53.35,19.8,27
403221,q_lt_q20,62.75,15.05,22.25
403222,q_lt_q20,51.75,20.15,28
403224,q_lt_q20,49.45,18.75,31.95
403226,q_lt_q20,47.3,19.95,32.9
403232,q_lt_q20,51.9,20.35,28.25
404207,q_lt_q20,50,17.75,32.8
405205,q_lt_q20,47.75,20.35,32.15
405209,q_lt_q20,48.95,20.75,30.2
405214,q_lt_q20,51.55,19.5,28.9
405215,q_lt_q20,51.65,16.8,31.15
405218,q_lt_q20,48.05,22.55,29.3
405219,q_lt_q20,52.1,20.15,27.35
405226,q_lt_q20,46.8,18.5,34.55
405227,q_lt_q20,53.05,20.5,26.45
405228,q_lt_q20,53.7,15.8,30.6
405231,q_lt_q20,55.25,15.95,28.25
405234,q_lt_q20,54.95,16.7,28.35
405238,q_lt_q20,54.85,15.35,29.75
405241,q_lt_q20,46.45,19.25,34.35
405245,q_lt_q20,52.65,19.5,27.95
405248,q_lt_q20,52.35,15.5,31.9
405251,q_lt_q20,52.55,18.5,28.95
405263,q_lt_q20,53.85,16.55,29.35
405264,q_lt_q20,51.65,18.8,29.95
405274,q_lt_q20,51.15,19.6,29.05
406208,q_lt_q20,50.25,18.1,31.6
406213,q_lt_q20,52.3,16.2,31.5
406214,q_lt_q20,53.35,15.65,30.9
406226,q_lt_q20,55.35,14.05,30.6
406235,q_lt_q20,52.1,14.9,33
406250,q_lt_q20,51.9,16.55,31.65
407253,q_lt_q20,47.85,17.45,35.1
408200,q_lt_q20,51.7,12.4,35.6
408202,q_lt_q20,55.45,13.2,31.5
408206,q_lt_q20,51.4,13.6,34.55
415201,q_lt_q20,52.25,10.35,37.8
415207,q_lt_q20,53.8,12.45,33.05
415237,q_lt_q20,56.3,12.9,30.85
415245,q_lt_q20,53.65,13.45,32.6
602004,q_lt_q20,63.95,12.95,23.3
603003,q_lt_q20,67.3,7.9,25.2
603004,q_lt_q20,68.95,9.45,21.95
603005,q_lt_q20,67.75,9.6,22.35
603007,q_lt_q20,61,10.75,28.25
603136,q_lt_q20,62,9.6,28.35
603190,q_lt_q20,65.2,9.6,25.2
604001,q_lt_q20,67.85,8.6,23.6
604053,q_lt_q20,67.6,9.6,23.5
606001,q_lt_q20,68.65,7.65,23.45
606002,q_lt_q20,68.45,7.45,24.2
606195,q_lt_q20,66.75,9.4,23.55
607003,q_lt_q20,65.05,10.6,24.05
607004,q_lt_q20,61.95,11.05,26.95
607007,q_lt_q20,63.75,8.75,27.85
607013,q_lt_q20,63.25,10.85,25.9
607144,q_lt_q20,66.55,10.5,22.75
607220,q_lt_q20,64.05,11.05,24.65
608002,q_lt_q20,64.2,11.2,24.6
608151,q_lt_q20,64.35,11.95,23.7
609002,q_lt_q20,67.75,9.15,22.85
609005,q_lt_q20,58.4,9.35,32.2
609018,q_lt_q20,67.35,9.9,22.75
611004,q_lt_q20,64.9,9.55,25.6
611111,q_lt_q20,58.5,12.05,29.45
612001,q_lt_q20,61.6,11.75,26.8
612014,q_lt_q20,69.75,7.95,22.05
612025,q_lt_q20,67.15,9.15,23.45
612034,q_lt_q20,65.05,11.6,23.35
612230,q_lt_q20,65.95,8.15,26.05
613002,q_lt_q20,67.55,9.2,23.15
613146,q_lt_q20,57.15,11.5,31.55
614006,q_lt_q20,64.05,14.15,21.7
614037,q_lt_q20,69.9,11.3,18.55
614044,q_lt_q20,67.15,12.45,20.1
614196,q_lt_q20,59.9,12.15,27.9
614224,q_lt_q20,63.9,9,26.5
616001,q_lt_q20,63.4,12.6,24.35
616002,q_lt_q20,71.45,9.6,19.1
616006,q_lt_q20,69.25,10.6,20.3
616013,q_lt_q20,70.95,10.55,19.4
616019,q_lt_q20,64.1,12.15,23.75
616041,q_lt_q20,69.4,9.45,21.1
616178,q_lt_q20,70.1,9.3,20.65
616216,q_lt_q20,73.4,8.6,18
617002,q_lt_q20,65.4,9.75,24.8
617003,q_lt_q20,66.1,9.45,24.5
701009,q_lt_q20,71.75,10.15,18
704139,q_lt_q20,72.45,11.05,16.1
707005,q_lt_q20,66.45,14.3,19.75
708011,q_lt_q20,62.9,12.75,24
710003,q_lt_q20,62.6,12.05,25.75
802055,q_lt_q20,56,16.15,27.85
803003,q_lt_q20,65.85,11.05,23
